media_asset_id,video_id,candidate_id,answer,domain,file_path,source_file_path,original_local_media,source_url,license_or_usage_note,review_status,review_notes,release_processing_status,release_ready,sha256,bytes,status,error
vdcr_v1_000001,vdcr_000001,,Endocytosis,biology_living_systems,release/media/videos_mp4/vdcr_v1_000001.mp4,release/media/videos_mp4/vdcr_v1_000001.mp4,media/vdcr_raw_pilot_v1/vdcr_archive_b03_000032.mp4,,,v2_seed,,reused_v1_final_mp4,true,f825b7a330eac233094cde371863238a5be4fbf7af0a95ac3b900487edbbb201,680598,reused_v1_mp4,
vdcr_v1_000002,vdcr_000002,,Exocytosis,biology_living_systems,release/media/videos_mp4/vdcr_v1_000002.mp4,release/media/videos_mp4/vdcr_v1_000002.mp4,media/vdcr_raw_pilot_v1/vdcr_archive_b03_000035.mp4,,,v2_seed,,reused_v1_final_mp4,true,87d2a0af4ddfdf240d61af8c7a6eabd22e161df99a3866f70708e8092af44c77,222085,reused_v1_mp4,
vdcr_v1_000003,vdcr_000003,,Dzhanibekov Effect / Tennis Racket Theorem,physics_physical_systems,release/media/videos_mp4/vdcr_v1_000003.mp4,release/media/videos_mp4/vdcr_v1_000003.mp4,media/vdcr_segments_pilot_v1/vdcr_archive_only_000025_seg_005000_034000.mp4,,,v2_seed,,reused_v1_final_mp4,true,27601d270d1b6c02d7a3436f22b0a39710924e6b0336c0d4cd43ad4ee524fc7d,1458260,reused_v1_mp4,
vdcr_v1_000004,vdcr_000004,,Briggs-Rauscher Reaction,chemistry_materials_change,release/media/videos_mp4/vdcr_v1_000004.mp4,release/media/videos_mp4/vdcr_v1_000004.mp4,media/vdcr_segments_pilot_v1/vdcr_archive_b02_000010_seg_030000_060000.mp4,,,v2_seed,,reused_v1_final_mp4,true,e033b79bc1ef8c604a62523e3020f98f7a8f48470c7b5b9ef643d3b97c2250a2,533888,reused_v1_mp4,
vdcr_v1_000005,vdcr_000005,,Double Pendulum Chaos,physics_physical_systems,release/media/videos_mp4/vdcr_v1_000005.mp4,release/media/videos_mp4/vdcr_v1_000005.mp4,media/vdcr_segments_pilot_v1/vdcr_archive_b04_000014_seg_003000_145000.mp4,,,v2_seed,,reused_v1_final_mp4,true,af99f8e7d787002de62b27440472a5d811a7a5120656802feedec6167876a09b,3947570,reused_v1_mp4,
vdcr_v1_000006,vdcr_000006,,Murmuration,biology_living_systems,release/media/videos_mp4/vdcr_v1_000006.mp4,release/media/videos_mp4/vdcr_v1_000006.mp4,media/vdcr_raw_pilot_v1/vdcr_archive_b02_000045.ogv,,,v2_seed,,reused_v1_final_mp4,true,9494190de9cf12ef65587d1bbfa5380fa14324da922c451e845265bfe5bdeb97,5637843,reused_v1_mp4,
vdcr_v1_000007,vdcr_000007,,Diffusion Flame,chemistry_materials_change,release/media/videos_mp4/vdcr_v1_000007.mp4,release/media/videos_mp4/vdcr_v1_000007.mp4,media/vdcr_raw_pilot_v1/vdcr_archive_b05_000008.ogv,,,v2_seed,,reused_v1_final_mp4,true,1116ef58ecd09b79b59c348aec9b75e3a9456abb9c418ecaafcf4013903573f1,235974,reused_v1_mp4,
vdcr_v1_000008,vdcr_000008,,Slab Avalanche Release,earth_environmental_systems,release/media/videos_mp4/vdcr_v1_000008.mp4,release/media/videos_mp4/vdcr_v1_000008.mp4,media/vdcr_segments_pilot_v1/vdcr_archive_b03_000054_seg_300000_390000.ogv,,,v2_seed,,reused_v1_final_mp4,true,ce014bf66dcbd1dd6ef7d719a1eaa46c89072ba804fa4492cc63a97b41871e30,4551397,reused_v1_mp4,
vdcr_v1_000009,vdcr_000009,,Belousov-Zhabotinsky Reaction,chemistry_materials_change,release/media/videos_mp4/vdcr_v1_000009.mp4,release/media/videos_mp4/vdcr_v1_000009.mp4,media/vdcr_segments_pilot_v1/vdcr_archive_b02_000007_seg_000000_090000.webm,,,v2_seed,,reused_v1_final_mp4,true,95c9159a53415a068a336280f496fb60bcf2a31cbe2c994ca5c179bf356d9d68,22945176,reused_v1_mp4,
vdcr_v1_000010,vdcr_000010,,Pahoehoe Lava Roping,earth_environmental_systems,release/media/videos_mp4/vdcr_v1_000010.mp4,release/media/videos_mp4/vdcr_v1_000010.mp4,media/vdcr_segments_pilot_v1/vdcr_archive_earth_000008_seg_1825000_1860000.mp4,,,v2_seed,,reused_v1_final_mp4,true,2486f4b2420e06cec307829b37c4b06410a14a673d0aa64319b56a13edeff36a,5171250,reused_v1_mp4,
vdcr_v1_000011,vdcr_000011,,Ice Cliff Calving,earth_environmental_systems,release/media/videos_mp4/vdcr_v1_000011.mp4,release/media/videos_mp4/vdcr_v1_000011.mp4,media/vdcr_segments_pilot_v1/vdcr_archive_earth_000014_seg_042000_055000.mp4,,,v2_seed,,reused_v1_final_mp4,true,f8c16375ad28bcde8c5784ece7f7d8221890284b938fddf13b6eb354bbb97391,23510410,reused_v1_mp4,
vdcr_v1_000012,vdcr_000012,,Iodine Clock Reaction,chemistry_materials_change,release/media/videos_mp4/vdcr_v1_000012.mp4,release/media/videos_mp4/vdcr_v1_000012.mp4,media/vdcr_segments_pilot_v1/vdcr_archive_b02_000006_seg_270000_280000_crop.mp4,,,v2_seed,,reused_v1_final_mp4,true,8d0eae23e3a3912082f6f31a53a88933e20be8405887c8afa33fb1516071e27c,1715966,reused_v1_mp4,
vdcr_v1_000013,vdcr_000013,,Cytoplasmic Streaming,biology_living_systems,release/media/videos_mp4/vdcr_v1_000013.mp4,release/media/videos_mp4/vdcr_v1_000013.mp4,media/vdcr_segments_pilot_v1/vdcr_archive_b03_000028_seg_075000_115000.mp4,,,v2_seed,,reused_v1_final_mp4,true,64457accb98c01a3bf6dc73da79f9937cc1e99cc79d0a4559e4eae5191b6006b,2056882,reused_v1_mp4,
vdcr_v1_000014,vdcr_000014,,Thigmonasty,biology_living_systems,release/media/videos_mp4/vdcr_v1_000014.mp4,release/media/videos_mp4/vdcr_v1_000014.mp4,media/vdcr_raw_pilot_v1/vdcr_archive_b03_000027.mp4,,,v2_seed,,reused_v1_final_mp4,true,f3c228a81f4fc77a242c2eb2f62d73501cc883c6b5935b773a7efc38f2c6a29a,1508803,reused_v1_mp4,
vdcr_v1_000015,vdcr_000015,,Shear Thickening,chemistry_materials_change,release/media/videos_mp4/vdcr_v1_000015.mp4,release/media/videos_mp4/vdcr_v1_000015.mp4,media/vdcr_segments_pilot_v1/vdcr_archive_b02_000004_seg_178000_196000.mp4,,,v2_seed,,reused_v1_final_mp4,true,1d518af187ebd1d150ba175ca17d5a505e203e3c6f39bc8bf094f516c64fd5e8,1339236,reused_v1_mp4,
vdcr_v1_000016,vdcr_000016,,Aa Lava Front Advance,earth_environmental_systems,release/media/videos_mp4/vdcr_v1_000016.mp4,release/media/videos_mp4/vdcr_v1_000016.mp4,media/vdcr_segments_pilot_v1/vdcr_archive_earth_000010_seg_120000_145000.ogv,,,v2_seed,,reused_v1_final_mp4,true,d0657dd3a38fd8a06e6439b067e4f362937174cf06ea876b1fcae50b82dbae80,2951255,reused_v1_mp4,
vdcr_v1_000017,vdcr_000017,,Fire-Whirl Vortex Formation,earth_environmental_systems,release/media/videos_mp4/vdcr_v1_000017.mp4,release/media/videos_mp4/vdcr_v1_000017.mp4,media/vdcr_segments_pilot_v1/vdcr_archive_b03_000057_seg_034000_050000_crop.ogv,,,v2_seed,,reused_v1_final_mp4,true,7cb57a27d51e9203c9babd90ecb67f50f433a4c246b04291f8fac35b2063ce64,468397,reused_v1_mp4,
vdcr_v1_000018,vdcr_000018,,Chemical Garden Growth,chemistry_materials_change,release/media/videos_mp4/vdcr_v1_000018.mp4,release/media/videos_mp4/vdcr_v1_000018.mp4,media/vdcr_commons_manual_segments_round1_v1/vdcr_commons_mr1_000001_seg_008000_020000.mp4,,,v2_seed,,reused_v1_final_mp4,true,2c03b118409a92599def17806b31b80793edc162b7b98eefc40339e4f4296c69,323558,reused_v1_mp4,
vdcr_v1_000019,vdcr_000019,,Blue Bottle Reaction,chemistry_materials_change,release/media/videos_mp4/vdcr_v1_000019.mp4,release/media/videos_mp4/vdcr_v1_000019.mp4,media/vdcr_commons_manual_segments_round1_v1/vdcr_commons_mr1_000002_seg_020000_150000.mp4,,,v2_seed,,reused_v1_final_mp4,true,213ba81a415de76f70ae705adf95701622fe713dfa97295cb8d50e68d046910e,4754541,reused_v1_mp4,
vdcr_v1_000020,vdcr_000020,,Phototropism,biology_living_systems,release/media/videos_mp4/vdcr_v1_000020.mp4,release/media/videos_mp4/vdcr_v1_000020.mp4,media/vdcr_commons_manual_round1_v1/vdcr_commons_mr1_000003.webm,,,v2_seed,,reused_v1_final_mp4,true,9b9804bb431eb0305857c47da27689b29576ee754b9d359eadf55c35c7c36e43,1500738,reused_v1_mp4,
vdcr_v1_000021,vdcr_000021,,Tidal Bore,earth_environmental_systems,release/media/videos_mp4/vdcr_v1_000021.mp4,release/media/videos_mp4/vdcr_v1_000021.mp4,media/vdcr_commons_manual_segments_round1_v1/vdcr_commons_mr1_000004_seg_020000_100000.mp4,,,v2_seed,,reused_v1_final_mp4,true,9c61a93a8b8f70111e9403ea5a5d4203875013104327282718f5b13e7ae56150,7255058,reused_v1_mp4,
vdcr_v1_000022,vdcr_000022,,Hydraulic Jump,physics_physical_systems,release/media/videos_mp4/vdcr_v1_000022.mp4,release/media/videos_mp4/vdcr_v1_000022.mp4,media/vdcr_commons_manual_segments_round1_v1/vdcr_commons_mr1_000006_seg_020000_055000.mp4,,,v2_seed,,reused_v1_final_mp4,true,99e4f6fc1ce104ee74e0ce79fbb4f4b1e19ba113526f47f7fe8010c4489bdd8d,6155868,reused_v1_mp4,
vdcr_v1_000023,vdcr_000023,,Vortex Shedding / Karman Vortex Street,physics_physical_systems,release/media/videos_mp4/vdcr_v1_000023.mp4,release/media/videos_mp4/vdcr_v1_000023.mp4,media/vdcr_commons_manual_round2_v1/vdcr_commons_mr2_000001.ogv,,,v2_seed,,reused_v1_final_mp4,true,12cfc34b048890a89514512160190817d5a866a0c8e28c1dd9e52f83597285d3,85012,reused_v1_mp4,
vdcr_v1_000024,vdcr_000024,,Leidenfrost Droplet Motion,physics_physical_systems,release/media/videos_mp4/vdcr_v1_000024.mp4,release/media/videos_mp4/vdcr_v1_000024.mp4,media/vdcr_commons_manual_round2_v1/vdcr_commons_mr2_000002.webm,,,v2_seed,,reused_v1_final_mp4,true,be7ac69a8599c96776720769dc9095ab00ae0d15bd0a85c09b658c892fae742e,27007515,reused_v1_mp4,
vdcr_v1_000025,vdcr_000025,,Capillary-Driven Jet/Thread Breakup,physics_physical_systems,release/media/videos_mp4/vdcr_v1_000025.mp4,release/media/videos_mp4/vdcr_v1_000025.mp4,media/vdcr_commons_manual_round2_v1/vdcr_commons_mr2_000003.webm,,,v2_seed,,reused_v1_final_mp4,true,47922a243b1cd81627dfc9486a39513413c0a0da744315db799cd831905e813e,699996,reused_v1_mp4,
vdcr_v1_000026,vdcr_000026,,Supercell Mesocyclone Rotation,earth_environmental_systems,release/media/videos_mp4/vdcr_v1_000026.mp4,release/media/videos_mp4/vdcr_v1_000026.mp4,media/vdcr_commons_manual_round2_v1/vdcr_commons_mr2_000004.webm,,,v2_seed,,reused_v1_final_mp4,true,11eeae10a5baf9fe2c3f74b45dbbf286a032553c5d434b57fe2fdb452490b67b,5986648,reused_v1_mp4,
vdcr_v1_000027,vdcr_000027,,Supercooled Liquid Rapid Crystallization,chemistry_materials_change,release/media/videos_mp4/vdcr_v1_000027.mp4,release/media/videos_mp4/vdcr_v1_000027.mp4,media/vdcr_commons_manual_round3_v1/vdcr_commons_mr3_000001.ogv,,,v2_seed,,reused_v1_final_mp4,true,14aa3634096d73211a43ea757ce7b3f892fd36a07a3649c4c81b0fbdad945d91,706740,reused_v1_mp4,
vdcr_v1_000028,vdcr_000028,,Liesegang Ring Formation,chemistry_materials_change,release/media/videos_mp4/vdcr_v1_000028.mp4,release/media/videos_mp4/vdcr_v1_000028.mp4,media/vdcr_commons_manual_round3_v1/vdcr_commons_mr3_000002.webm,,,v2_seed,,reused_v1_final_mp4,true,60cfddc7b46cadaae6d8c9117977d3a9f894363c425bb116e755718e840452a0,113784,reused_v1_mp4,
vdcr_v1_000029,vdcr_000029,,Thin-Film Dewetting,chemistry_materials_change,release/media/videos_mp4/vdcr_v1_000029.mp4,release/media/videos_mp4/vdcr_v1_000029.mp4,media/vdcr_commons_manual_round3_v1/vdcr_commons_mr3_000004.ogv,,,v2_seed,,reused_v1_final_mp4,true,7bab2e7e960fcf201d82ef517726e35d32830ba6c50c8f633fd5f5ae3464bd51,262175,reused_v1_mp4,
vdcr_v1_000030,vdcr_000030,,Bistable Snap-Trap Closure,biology_living_systems,release/media/videos_mp4/vdcr_v1_000030.mp4,release/media/videos_mp4/vdcr_v1_000030.mp4,media/vdcr_commons_manual_round3_v1/vdcr_commons_mr3_000005.webm,,,v2_seed,,reused_v1_final_mp4,true,45002fbba41ba6f7fe74e63f97f852a45dc75239da7025939862ed9680eae435,1895338,reused_v1_mp4,
vdcr_v1_000031,vdcr_000031,,Gust Front Propagation,earth_environmental_systems,release/media/videos_mp4/vdcr_v1_000031.mp4,release/media/videos_mp4/vdcr_v1_000031.mp4,media/vdcr_commons_manual_round3_v1/vdcr_commons_mr3_000007.webm,,,v2_seed,,reused_v1_final_mp4,true,bbae88f1b7af444d877da2028eb670d9412918419ad97dfcb90acc7eac6a9967,4745744,reused_v1_mp4,
vdcr_v1_000032,vdcr_000032,,Microtubule Dynamic Instability,biology_living_systems,release/media/videos_mp4/vdcr_v1_000032.mp4,release/media/videos_mp4/vdcr_v1_000032.mp4,media/vdcr_commons_manual_round4_v1/vdcr_commons_mr4_000002.ogv,,,v2_seed,,reused_v1_final_mp4,true,ca5bbea0ae3993f3a17c94e76a2d2be4159dba5f6994c8b73ab6ff4c27aa274f,583984,reused_v1_mp4,
vdcr_v1_000033,vdcr_000033,,Calcium Wave Propagation,biology_living_systems,release/media/videos_mp4/vdcr_v1_000033.mp4,release/media/videos_mp4/vdcr_v1_000033.mp4,media/vdcr_commons_manual_round4_v1/vdcr_commons_mr4_000003.ogv,,,v2_seed,,reused_v1_final_mp4,true,b55b26053917a3baa8c147f5e6f3c3fd9905a4fc631e59cf890a1f058a94f4d0,155247,reused_v1_mp4,
vdcr_v1_000034,vdcr_000034,,Dust Storm Front Propagation,earth_environmental_systems,release/media/videos_mp4/vdcr_v1_000034.mp4,release/media/videos_mp4/vdcr_v1_000034.mp4,media/vdcr_commons_manual_round4_v1/vdcr_commons_mr4_000007.webm,,,v2_seed,,reused_v1_final_mp4,true,305d147770b4836d5626c4e46ad2b18299a10c8e0e922dd1bd52fc63502ce942,574321,reused_v1_mp4,
vdcr_v1_000035,vdcr_000035,,Buoyancy-Driven Smoke Plume Rise,earth_environmental_systems,release/media/videos_mp4/vdcr_v1_000035.mp4,release/media/videos_mp4/vdcr_v1_000035.mp4,media/vdcr_commons_manual_round4_v1/vdcr_commons_mr4_000010.webm,,,v2_seed,,reused_v1_final_mp4,true,6fdf21e2d4a272d30bdb8b4f0b841b8a0bef08e3800f5b9e690dc2eda44f9471,303167,reused_v1_mp4,
vdcr_v1_000036,vdcr_000036,,Brazil Nut Effect,physics_physical_systems,release/media/videos_mp4/vdcr_v1_000036.mp4,release/media/videos_mp4/vdcr_v1_000036.mp4,media/vdcr_commons_manual_round5_v1/vdcr_commons_mr5_000001.webm,,,v2_seed,,reused_v1_final_mp4,true,d51a490183b5ed00d90b37bfc549fe5880ec717ac518cd64a6bebab72cf5aac2,1884009,reused_v1_mp4,
vdcr_v1_000037,vdcr_000037,,Liquid Bridge Pinch-Off,physics_physical_systems,release/media/videos_mp4/vdcr_v1_000037.mp4,release/media/videos_mp4/vdcr_v1_000037.mp4,media/vdcr_commons_manual_round5_v1/vdcr_commons_mr5_000003.webm,,,v2_seed,,reused_v1_final_mp4,true,c7ec0fd2326aac03a05089ed77125e9909406c80feb077c76a15f91f29cb2146,181110,reused_v1_mp4,
vdcr_v1_000038,vdcr_000038,,Spinodal Decomposition,chemistry_materials_change,release/media/videos_mp4/vdcr_v1_000038.mp4,release/media/videos_mp4/vdcr_v1_000038.mp4,media/vdcr_commons_manual_round6_v1/vdcr_commons_mr6_000001.ogv,,,v2_seed,,reused_v1_final_mp4,true,24f78da3d9a12964706d9d3a31b809b337106fd9a3743d2c9c0f52e39da1d645,3751109,reused_v1_mp4,
vdcr_v1_000039,vdcr_000039,,Metachronal Wave Locomotion,biology_living_systems,release/media/videos_mp4/vdcr_v1_000039.mp4,release/media/videos_mp4/vdcr_v1_000039.mp4,media/vdcr_commons_manual_round7_v1/vdcr_commons_mr7_000002.webm,,,v2_seed,,reused_v1_final_mp4,true,62d35054623d1b3529569924310be88829885aa4571e50a483941da9ee37b38c,834947,reused_v1_mp4,
vdcr_v1_000040,vdcr_000040,,Pyroclastic Density Current,earth_environmental_systems,release/media/videos_mp4/vdcr_v1_000040.mp4,release/media/videos_mp4/vdcr_v1_000040.mp4,media/vdcr_commons_manual_segments_round8_v1/vdcr_commons_mr8_000001_noaudio.webm,,,v2_seed,,reused_v1_final_mp4,true,41eca485cb17dd74e98c29afda11e2a92fb05b681c076ec9cbb1e7be61e747a3,1837666,reused_v1_mp4,
vdcr_v1_000041,vdcr_000041,,Meander Neck Cutoff,earth_environmental_systems,release/media/videos_mp4/vdcr_v1_000041.mp4,release/media/videos_mp4/vdcr_v1_000041.mp4,media/vdcr_commons_manual_round8_v1/vdcr_commons_mr8_000003.gif,,,v2_seed,,reused_v1_final_mp4,true,0feb2955cf839cf111464c5e3a83a66578f1ca62d4fe1198df4b1e2a51fab7bb,1900852,reused_v1_mp4,
vdcr_v1_000042,vdcr_000042,,Kelvin-Helmholtz Instability,physics_physical_systems,release/media/videos_mp4/vdcr_v1_000042.mp4,release/media/videos_mp4/vdcr_v1_000042.mp4,media/vdcr_commons_manual_round9_v1/vdcr_commons_mr9_000001.ogv,,,v2_seed,,reused_v1_final_mp4,true,11a45f2c638503f45d22fdd2e439c75bf2a6bfa480a557ac186e2b403721d6a0,541474,reused_v1_mp4,
vdcr_v1_000043,vdcr_000043,,Vortex Ring Formation,physics_physical_systems,release/media/videos_mp4/vdcr_v1_000043.mp4,release/media/videos_mp4/vdcr_v1_000043.mp4,media/vdcr_commons_manual_segments_round9_v1/vdcr_commons_mr9_000002_seg_003000_355000_noaudio.mp4,,,v2_seed,,reused_v1_final_mp4,true,30bff6b5711efbfba4c20f4d59bd283b09cbb9dbf61398ad9d7970bc27961071,1520489,reused_v1_mp4,
vdcr_v1_000044,vdcr_000044,,Bubble-Net Feeding,biology_living_systems,release/media/videos_mp4/vdcr_v1_000044.mp4,release/media/videos_mp4/vdcr_v1_000044.mp4,media/vdcr_commons_manual_segments_round9_v1/vdcr_commons_mr9_000004_noaudio.webm,,,v2_seed,,reused_v1_final_mp4,true,690e8bf293a65946440079bfea9f9b76d85555a89c0ba1e5efbe852e001d7612,1407552,reused_v1_mp4,
vdcr_v1_000045,vdcr_000045,,Dendritic Crystal Growth,chemistry_materials_change,release/media/videos_mp4/vdcr_v1_000045.mp4,release/media/videos_mp4/vdcr_v1_000045.mp4,media/vdcr_commons_manual_round10_v1/vdcr_commons_mr10_000002.gif,,,v2_seed,,reused_v1_final_mp4,true,dc137614f17c60f9d1b39cba5b459cf40ed77ffa4089f8466833bc99923251b2,26438,reused_v1_mp4,
vdcr_v1_000046,vdcr_000046,,Ostwald Ripening,chemistry_materials_change,release/media/videos_mp4/vdcr_v1_000046.mp4,release/media/videos_mp4/vdcr_v1_000046.mp4,media/vdcr_commons_manual_segments_round10_v1/vdcr_commons_mr10_000004_seg_012000_460000_lowerfoam_noaudio.mp4,,,v2_seed,,reused_v1_final_mp4,true,308e4410aff84292ff0f12ac47523849a692faed50135fd6624c97dd078dd7a5,1176914,reused_v1_mp4,
vdcr_v1_000047,vdcr_000047,,Axonal Transport,biology_living_systems,release/media/videos_mp4/vdcr_v1_000047.mp4,release/media/videos_mp4/vdcr_v1_000047.mp4,media/vdcr_commons_manual_round11_v1/vdcr_commons_mr11_000003.ogv,,,v2_seed,,reused_v1_final_mp4,true,ff33b96db10e0fd2fa2d87c75c39d6412f93aebe24aa10f12a50aca8f37dacc5,140278,reused_v1_mp4,
vdcr_v1_000048,vdcr_000048,,Phagocytosis,biology_living_systems,release/media/videos_mp4/vdcr_v1_000048.mp4,release/media/videos_mp4/vdcr_v1_000048.mp4,media/vdcr_commons_manual_round11_v1/vdcr_commons_mr11_000004.webm,,,v2_seed,,reused_v1_final_mp4,true,9595919cd77c123833ba541e9395060ed2e28613a2db3e7f21199149f885d7d9,1260758,reused_v1_mp4,
vdcr_v1_000049,vdcr_000049,,Debris-Flow Surge Propagation,earth_environmental_systems,release/media/videos_mp4/vdcr_v1_000049.mp4,release/media/videos_mp4/vdcr_v1_000049.mp4,media/vdcr_commons_manual_segments_round12_v1/vdcr_commons_mr12_000002_seg_000000_040000_noaudio.webm,,,v2_seed,,reused_v1_final_mp4,true,21c76bcaacdaa34482c477b01eec92f08bc492fd9a5418cfecc0802f15b953ae,818319,reused_v1_mp4,
vdcr_v1_000050,vdcr_000050,,Plunging Breaker,earth_environmental_systems,release/media/videos_mp4/vdcr_v1_000050.mp4,release/media/videos_mp4/vdcr_v1_000050.mp4,media/vdcr_commons_manual_round12_v1/vdcr_commons_mr12_000003.gif,,,v2_seed,,reused_v1_final_mp4,true,d4ac7bfa0c9746af928aadfeeecc9ecada8b6fc03a2d7b04fbb51142d26bddb8,21803,reused_v1_mp4,
vdcr_v1_000051,vdcr_000051,,Pyrocumulus Development,earth_environmental_systems,release/media/videos_mp4/vdcr_v1_000051.mp4,release/media/videos_mp4/vdcr_v1_000051.mp4,media/vdcr_commons_manual_round12_v1/vdcr_commons_mr12_000005.webm,,,v2_seed,,reused_v1_final_mp4,true,533db2c2e545ce397358c904e37ece89b97087e38996f32216c8ba78de80c015,563908,reused_v1_mp4,
vdcr_v1_000052,vdcr_000052,,Cavitation Bubble Growth and Collapse,physics_physical_systems,release/media/videos_mp4/vdcr_v1_000052.mp4,release/media/videos_mp4/vdcr_v1_000052.mp4,media/vdcr_commons_manual_round13_v1/vdcr_commons_mr13_000001.ogv,,,v2_seed,,reused_v1_final_mp4,true,f3c3f95f820de391e094d8625e2737c641d30aa32eabcb68a773bbe71ffcb3c9,3846426,reused_v1_mp4,
vdcr_v1_000053,vdcr_000053,,Chemical Traffic Light Reaction,chemistry_materials_change,release/media/videos_mp4/vdcr_v1_000053.mp4,release/media/videos_mp4/vdcr_v1_000053.mp4,media/vdcr_commons_manual_round13_v1/vdcr_commons_mr13_000003.webm,,,v2_seed,,reused_v1_final_mp4,true,966a4fad020b0f48104c64f09500dda74f09183a117a9de2c51f63220acac419,1137432,reused_v1_mp4,
vdcr_v1_000055,vdcr_000055,,Electrolysis Bubble Nucleation and Detachment,chemistry_materials_change,release/media/videos_mp4/vdcr_v1_000055.mp4,release/media/videos_mp4/vdcr_v1_000055.mp4,media/vdcr_segments_pilot_v1/vdcr_commons_mr14_000001_seg_000000_031270_noaudio.webm,,,v2_seed,,reused_v1_final_mp4,true,229ea02dd1dac97f7310490ffc554971dd1fd12054fb6a809ef995cbc87e36e5,1162657,reused_v1_mp4,
vdcr_v1_000056,vdcr_000056,,Coordinated Ciliary Beating Dynamics,biology_living_systems,release/media/videos_mp4/vdcr_v1_000056.mp4,release/media/videos_mp4/vdcr_v1_000056.mp4,media/vdcr_segments_pilot_v1/vdcr_commons_mr14_000004_seg_000000_016667_clean.webm,,,v2_seed,,reused_v1_final_mp4,true,5e432a64594c3a2670a22d81e4608fae63c1f4006c84abbf854e53842765dbcc,85241,reused_v1_mp4,
vdcr_v1_000057,vdcr_000057,,Gyroscopic Precession,physics_physical_systems,release/media/videos_mp4/vdcr_v1_000057.mp4,release/media/videos_mp4/vdcr_v1_000057.mp4,media/vdcr_commons_manual_round15_v1/vdcr_commons_mr15_000001.gif,,,v2_seed,,reused_v1_final_mp4,true,4f4ca25c0b26d7ca898731d3929dbc6407571c225daa4139bb9f2f924b1a5791,48976,reused_v1_mp4,
vdcr_v1_000058,vdcr_000058,,Turbidity Current Propagation,earth_environmental_systems,release/media/videos_mp4/vdcr_v1_000058.mp4,release/media/videos_mp4/vdcr_v1_000058.mp4,media/vdcr_segments_pilot_v1/vdcr_commons_mr15_000004_seg_036000_079000_clean.webm,,,v2_seed,,reused_v1_final_mp4,true,cea27c4e759de09848ceceb3e654ffee060353b4f388a8ccfad17e87b9519950,1851279,reused_v1_mp4,
vdcr_v1_000059,vdcr_000059,,Nyctinasty,biology_living_systems,release/media/videos_mp4/vdcr_v1_000059.mp4,release/media/videos_mp4/vdcr_v1_000059.mp4,media/vdcr_segments_pilot_v1/vdcr_commons_mr15_000005_seg_000000_051000_crop_clean.webm,,,v2_seed,,reused_v1_final_mp4,true,43ecaeabe9e8e49bab00ff6417452a7300da538cb885f2cc223ebcbbcc5cef5a,634819,reused_v1_mp4,
vdcr_v1_000060,vdcr_000060,,Reactive Flame-Front Propagation,chemistry_materials_change,release/media/videos_mp4/vdcr_v1_000060.mp4,release/media/videos_mp4/vdcr_v1_000060.mp4,media/vdcr_segments_pilot_v1/vdcr_commons_mr16_000001_seg_000000_015206_clean.webm,,,v2_seed,,reused_v1_final_mp4,true,751c4264ddc17779510d85dfba01077f25a9c712dbbdb6da95f65a15c565ef97,422901,reused_v1_mp4,
vdcr_v1_000061,vdcr_000061,,Metal Displacement Dendrite Growth,chemistry_materials_change,release/media/videos_mp4/vdcr_v1_000061.mp4,release/media/videos_mp4/vdcr_v1_000061.mp4,media/vdcr_segments_pilot_v1/vdcr_commons_mr17_000002_seg_000000_031371_clean.webm,,,v2_seed,,reused_v1_final_mp4,true,1f0db561fac6b5b7cbaf5b314238b9e710e7633948206879ade55e886ee32ada,2613218,reused_v1_mp4,
vdcr_v1_000062,vdcr_000062,,Gravitropism,biology_living_systems,release/media/videos_mp4/vdcr_v1_000062.mp4,release/media/videos_mp4/vdcr_v1_000062.mp4,media/vdcr_commons_manual_round17_v1/vdcr_commons_mr17_000004.gif,,,v2_seed,,reused_v1_final_mp4,true,a0205741ef3e4de136e0278f275434386d6364467656ec221ddf933aca7075a4,141047,reused_v1_mp4,
vdcr_v1_000063,vdcr_000063,,Tornadogenesis,earth_environmental_systems,release/media/videos_mp4/vdcr_v1_000063.mp4,release/media/videos_mp4/vdcr_v1_000063.mp4,media/vdcr_segments_pilot_v1/vdcr_commons_mr17_000006_seg_000000_036218_clean.webm,,,v2_seed,,reused_v1_final_mp4,true,07f806383ebcef5169e922709d5362d938ef645012c6af5a161df00fa606b403,1081849,reused_v1_mp4,
vdcr_v1_000064,vdcr_000064,,Rayleigh-Plateau Breakup,physics_physical_systems,release/media/videos_mp4/vdcr_v1_000064.mp4,release/media/videos_mp4/vdcr_v1_000064.mp4,media/vdcr_commons_manual_round17_v1/vdcr_commons_mr17_000007.ogv,,,v2_seed,,reused_v1_final_mp4,true,312f8d8cab52595aa5a2cdb0c83579468dde09239cb45f6c6e096492f2ad35d0,16219,reused_v1_mp4,
vdcr_v1_000065,vdcr_000065,,Marangoni-Driven Flow,physics_physical_systems,release/media/videos_mp4/vdcr_v1_000065.mp4,release/media/videos_mp4/vdcr_v1_000065.mp4,media/vdcr_commons_manual_round18_v1/vdcr_commons_mr18_000001.ogv,,,v2_seed,,reused_v1_final_mp4,true,bf1326f94d0ae56501d92e5b559d94c29fd2faf7a26a1a69184175f5a92daaac,166436,reused_v1_mp4,
vdcr_v1_000066,vdcr_000066,,Weissenberg Rod-Climbing Effect,chemistry_materials_change,release/media/videos_mp4/vdcr_v1_000066.mp4,release/media/videos_mp4/vdcr_v1_000066.mp4,media/vdcr_segments_pilot_v1/vdcr_commons_mr18_000003_seg_000000_024000_crop_clean.webm,,,v2_seed,,reused_v1_final_mp4,true,5514f7f69775a117c4d99fdfc4fefd3b96d7bccc8b08bb1f64eb797370debfa9,216040,reused_v1_mp4,
vdcr_v1_000067,vdcr_000067,,Plasmolysis and Deplasmolysis,biology_living_systems,release/media/videos_mp4/vdcr_v1_000067.mp4,release/media/videos_mp4/vdcr_v1_000067.mp4,media/vdcr_commons_manual_round18_v1/vdcr_commons_mr18_000004.ogv,,,v2_seed,,reused_v1_final_mp4,true,b5b362f1d70937d5bdef86d17a6bb0ac5ff257b421970e0de1e8f4ef807d6881,442168,reused_v1_mp4,
vdcr_v1_000068,vdcr_000068,,River Avulsion,earth_environmental_systems,release/media/videos_mp4/vdcr_v1_000068.mp4,release/media/videos_mp4/vdcr_v1_000068.mp4,media/vdcr_commons_manual_round18_v1/vdcr_commons_mr18_000005.mp4,,,v2_seed,,reused_v1_final_mp4,true,bca7f497949f8a3227ff6bdd56b1453d4b1628ea5eac5d934b08da09ec1b54ab,31027678,reused_v1_mp4,
vdcr_v1_000069,vdcr_000069,,Taylor-Couette Vortices,physics_physical_systems,release/media/videos_mp4/vdcr_v1_000069.mp4,release/media/videos_mp4/vdcr_v1_000069.mp4,media/vdcr_segments_pilot_v1/vdcr_commons_mr19_000005_seg_000000_003333_crop_clean.webm,,,v2_seed,,reused_v1_final_mp4,true,9eeacda66e88915d5f63887838799fe8be23787d02729904e4042559f028d9b8,306791,reused_v1_mp4,
vdcr_v1_000070,vdcr_000070,,Crystallization Front Propagation,chemistry_materials_change,release/media/videos_mp4/vdcr_v1_000070.mp4,release/media/videos_mp4/vdcr_v1_000070.mp4,media/vdcr_commons_manual_round19_v1/vdcr_commons_mr19_000006.webm,,,v2_seed,,reused_v1_final_mp4,true,f0b83abf93b8c7722dbf9f44336a6609a138529b10811f31a19483c3ad55abe3,778082,reused_v1_mp4,
vdcr_v1_000071,vdcr_000071,,Cytokinetic Furrow Ingression,biology_living_systems,release/media/videos_mp4/vdcr_v1_000071.mp4,release/media/videos_mp4/vdcr_v1_000071.mp4,media/vdcr_segments_pilot_v1/vdcr_commons_mr19_000007_seg_000000_036143_crop_clean.webm,,,v2_seed,,reused_v1_final_mp4,true,d21280bd270457d20517339232111086ba01f0235fd598b52deb5d9ce50147b6,1324042,reused_v1_mp4,
vdcr_v1_000072,vdcr_000072,,Magnus Effect,physics_physical_systems,release/media/videos_mp4/vdcr_v1_000072.mp4,release/media/videos_mp4/vdcr_v1_000072.mp4,media/vdcr_commons_manual_round20_v1/vdcr_commons_mr20_000001.gif,,,v2_seed,,reused_v1_final_mp4,true,afdc2820a70e10d4ed7fddf2b15f2c504a2cc3525deb077405ab6f1beaf71269,1498312,reused_v1_mp4,
vdcr_v1_000073,vdcr_000073,,Osmotic Gel Swelling Dynamics,chemistry_materials_change,release/media/videos_mp4/vdcr_v1_000073.mp4,release/media/videos_mp4/vdcr_v1_000073.mp4,media/vdcr_segments_pilot_v1/vdcr_commons_mr20_000008_seg_000000_018133_crop_clean.webm,,,v2_seed,,reused_v1_final_mp4,true,4e1493cdff854d7aca5914e8f1334d85ec3ccd7b92e4a9d609bb908423559f03,192739,reused_v1_mp4,
vdcr_v1_000074,vdcr_000074,,Membrane Blebbing,biology_living_systems,release/media/videos_mp4/vdcr_v1_000074.mp4,release/media/videos_mp4/vdcr_v1_000074.mp4,media/vdcr_commons_manual_round20_v1/vdcr_commons_mr20_000009.ogv,,,v2_seed,,reused_v1_final_mp4,true,3f6732baf00e570db827773c764b0e8a89a1d5169ca075fe26f82afbb4cb2344,364768,reused_v1_mp4,
vdcr_v1_000075,vdcr_000075,,Headward Erosion,earth_environmental_systems,release/media/videos_mp4/vdcr_v1_000075.mp4,release/media/videos_mp4/vdcr_v1_000075.mp4,media/vdcr_commons_manual_round20_v1/vdcr_commons_mr20_000010.ogv,,,v2_seed,,reused_v1_final_mp4,true,126cc5613938f01247d62cfe5eeada8e73193fcf6338e07d886cdc8b4e610967,289025,reused_v1_mp4,
vdcr_v1_000076,vdcr_000076,,Thermocapillary Convection,physics_physical_systems,release/media/videos_mp4/vdcr_v1_000076.mp4,release/media/videos_mp4/vdcr_v1_000076.mp4,media/vdcr_segments_pilot_v1/vdcr_commons_mr21_000001_crop_clean.mp4,,,v2_seed,,reused_v1_final_mp4,true,5b9be693b2967928c27dc5706b6665e1dbb369f7f3c122ab1533c445430c68fb,817297,reused_v1_mp4,
vdcr_v1_000077,vdcr_000077,,Evaporation-Induced Deposition Front,chemistry_materials_change,release/media/videos_mp4/vdcr_v1_000077.mp4,release/media/videos_mp4/vdcr_v1_000077.mp4,media/vdcr_segments_pilot_v1/vdcr_commons_mr21_000003_metadata_clean.mp4,,,v2_seed,,reused_v1_final_mp4,true,121cf137bab11bb96dc47ed0cd4aeb70aa639577b76caafbdcb9b984e7042c6b,468702,reused_v1_mp4,
vdcr_v1_000078,vdcr_000078,,Actin Wave,biology_living_systems,release/media/videos_mp4/vdcr_v1_000078.mp4,release/media/videos_mp4/vdcr_v1_000078.mp4,media/vdcr_segments_pilot_v1/vdcr_commons_mr21_000005_metadata_clean.mp4,,,v2_seed,,reused_v1_final_mp4,true,bf2e329b4bcfc63ba9561c2d59c3c41bb84124296a366dcdabe6033e0bbecdb6,143633,reused_v1_mp4,
vdcr_v1_000079,vdcr_000079,,Braided Channel Migration,earth_environmental_systems,release/media/videos_mp4/vdcr_v1_000079.mp4,release/media/videos_mp4/vdcr_v1_000079.mp4,media/vdcr_segments_pilot_v1/vdcr_commons_mr21_000008_metadata_clean.mp4,,,v2_seed,,reused_v1_final_mp4,true,0bc620baea88325fe041ba5854edb080615181d433383e731fc422967cc8fcde,5424070,reused_v1_mp4,
vdcr_v1_000080,vdcr_000080,,Faraday Waves,physics_physical_systems,release/media/videos_mp4/vdcr_v1_000080.mp4,release/media/videos_mp4/vdcr_v1_000080.mp4,media/vdcr_segments_pilot_v1/vdcr_commons_mr22_000001_metadata_clean.mp4,,,v2_seed,,reused_v1_final_mp4,true,4508072471eacf947e6f6d6c4f3721bbd0d6c4291367ae22cb264ef0b188cfdb,2030054,reused_v1_mp4,
vdcr_v1_000081,vdcr_000081,,C-Start Escape Response,biology_living_systems,release/media/videos_mp4/vdcr_v1_000081.mp4,release/media/videos_mp4/vdcr_v1_000081.mp4,media/vdcr_segments_pilot_v1/vdcr_commons_mr22_000006_seg_015000_020000_clean.mp4,,,v2_seed,,reused_v1_final_mp4,true,c5d9a30f9e585fa35fbac826d7d0fd29c866e105c4dbf248a9ec25f4606464e4,64506,reused_v1_mp4,
vdcr_v1_000082,vdcr_000082,,Crystal Nucleation-and-Growth Dynamics,chemistry_materials_change,release/media/videos_mp4/vdcr_v1_000082.mp4,release/media/videos_mp4/vdcr_v1_000082.mp4,media/vdcr_segments_pilot_v1/vdcr_commons_mr23_000001_seg_002000_016000_crop_clean.mp4,,,v2_seed,,reused_v1_final_mp4,true,6fb293ba876808fe3d62a369391fc30cc0bb196190fb9248e403aacd226c1757,657767,reused_v1_mp4,
vdcr_v1_000083,vdcr_000083,,Internal Wave Propagation,earth_environmental_systems,release/media/videos_mp4/vdcr_v1_000083.mp4,release/media/videos_mp4/vdcr_v1_000083.mp4,media/vdcr_segments_pilot_v1/vdcr_commons_mr23_000004_metadata_clean.mp4,,,v2_seed,,reused_v1_final_mp4,true,3995bf2645020f7e64a713bf69f9e0e5ac2bf113d9893ecc804e364cc461dcc4,636631,reused_v1_mp4,
vdcr_v1_000084,vdcr_000084,,Euler's Disk Motion,physics_physical_systems,release/media/videos_mp4/vdcr_v1_000084.mp4,release/media/videos_mp4/vdcr_v1_000084.mp4,media/vdcr_segments_pilot_v1/vdcr_commons_mr24_000001_crop_clean.mp4,,,v2_seed,,reused_v1_final_mp4,true,e864057385e5673bc94ad6220d15cbab56f48f363b7391b9a7835cea711ea94c,6693817,reused_v1_mp4,
vdcr_v1_000085,vdcr_000085,,Reaction-Precipitation Front Propagation,chemistry_materials_change,release/media/videos_mp4/vdcr_v1_000085.mp4,release/media/videos_mp4/vdcr_v1_000085.mp4,media/vdcr_segments_pilot_v1/vdcr_commons_mr24_000002_crop_clean.mp4,,,v2_seed,,reused_v1_final_mp4,true,fe1d6bef8e0441c59a88687a6f72a8773051f302309aaa527bde71c4edf9ff50,750632,reused_v1_mp4,
vdcr_v1_000086,vdcr_000086,,Medusan Jet Propulsion by Bell Contraction,biology_living_systems,release/media/videos_mp4/vdcr_v1_000086.mp4,release/media/videos_mp4/vdcr_v1_000086.mp4,media/vdcr_segments_pilot_v1/vdcr_commons_mr25_000001_metadata_clean.mp4,,,v2_seed,,reused_v1_final_mp4,true,7cf0fae30c328b6b7d3049228c6f60a32a20715a7aa345312eac626efc13f1b1,3385847,reused_v1_mp4,
vdcr_v1_000087,vdcr_000087,,Rip Current Formation,earth_environmental_systems,release/media/videos_mp4/vdcr_v1_000087.mp4,release/media/videos_mp4/vdcr_v1_000087.mp4,media/vdcr_segments_pilot_v1/vdcr_commons_mr26_000004_seg_066000_078000_clean.mp4,,,v2_seed,,reused_v1_final_mp4,true,52afbf8637630e142a05acb17174cc0f3c816b576c66aa606743804dba75ef6f,897253,reused_v1_mp4,
vdcr_v1_000088,vdcr_000088,,Rayleigh-Benard Convection,physics_physical_systems,release/media/videos_mp4/vdcr_v1_000088.mp4,release/media/videos_mp4/vdcr_v1_000088.mp4,media/vdcr_segments_pilot_v1/vdcr_commons_mr27_000002_metadata_clean.mp4,,,v2_seed,,reused_v1_final_mp4,true,cc09fb96550eb5ba70bc422533c33cf25db2e9a844b2704d256da4fd31317257,1191466,reused_v1_mp4,
vdcr_v1_000089,vdcr_000089,,Reaction-Diffusion Wave,chemistry_materials_change,release/media/videos_mp4/vdcr_v1_000089.mp4,release/media/videos_mp4/vdcr_v1_000089.mp4,media/vdcr_segments_pilot_v1/vdcr_commons_mr27_000004_metadata_clean.mp4,,,v2_seed,,reused_v1_final_mp4,true,ac0d9f2356d5062e54a184ccb52bcf16fac4b12eca965baee89e609ac8ec037f,671142,reused_v1_mp4,
vdcr_v1_000090,vdcr_000090,,Neutrophil Chemotaxis,biology_living_systems,release/media/videos_mp4/vdcr_v1_000090.mp4,release/media/videos_mp4/vdcr_v1_000090.mp4,media/vdcr_segments_pilot_v1/vdcr_commons_mr28_000002_metadata_clean.mp4,,,v2_seed,,reused_v1_final_mp4,true,1e78b4c8776d9874ab21bcae81131437dd838b1aa4e49741b797603cc3bef7ef,349131,reused_v1_mp4,
vdcr_v1_000091,vdcr_000091,,Downburst / Microburst Outflow,earth_environmental_systems,release/media/videos_mp4/vdcr_v1_000091.mp4,release/media/videos_mp4/vdcr_v1_000091.mp4,media/vdcr_segments_pilot_v1/vdcr_commons_mr29_000001_metadata_clean.mp4,,,v2_seed,,reused_v1_final_mp4,true,2ea524b87eb75c9e020caea6a5ea74de9ba1969a2b11b4f7dcd4fbd0f02d8465,1937811,reused_v1_mp4,
vdcr_v1_000092,vdcr_000092,,Saffman-Taylor Viscous Fingering,physics_physical_systems,release/media/videos_mp4/vdcr_v1_000092.mp4,release/media/videos_mp4/vdcr_v1_000092.mp4,media/vdcr_segments_pilot_v1/vdcr_commons_mr30_000001_metadata_clean.mp4,,,v2_seed,,reused_v1_final_mp4,true,8e435ea6e21d38f946457037bccfe75b6db68ec0615d292a23bafbfddc9fe835,833625,reused_v1_mp4,
vdcr_v1_000093,vdcr_000093,,Gully Headcut Retreat,earth_environmental_systems,release/media/videos_mp4/vdcr_v1_000093.mp4,release/media/videos_mp4/vdcr_v1_000093.mp4,media/vdcr_segments_pilot_v1/vdcr_commons_mr31_000003_metadata_clean.mp4,,,v2_seed,,reused_v1_final_mp4,true,126cc5613938f01247d62cfe5eeada8e73193fcf6338e07d886cdc8b4e610967,289025,reused_v1_mp4,
vdcr_v1_000094,vdcr_000094,,Freeze-Induced Phase Separation,chemistry_materials_change,release/media/videos_mp4/vdcr_v1_000094.mp4,release/media/videos_mp4/vdcr_v1_000094.mp4,media/vdcr_segments_pilot_v1/vdcr_commons_mr31_000005_seg_002000_21143_clean.mp4,,,v2_seed,,reused_v1_final_mp4,true,5dae3181f663e133c544613be629835017a1f9fa11891e9e613ee0e1ff477766,392788,reused_v1_mp4,
vdcr_v1_000095,vdcr_000095,,Boiling Bubble Nucleation and Departure,physics_physical_systems,release/media/videos_mp4/vdcr_v1_000095.mp4,release/media/videos_mp4/vdcr_v1_000095.mp4,media/vdcr_segments_pilot_v1/vdcr_commons_mr32_000001_metadata_clean.mp4,,,v2_seed,,reused_v1_final_mp4,true,dcc55ff3049ee867a1b61bea471fe9ce3fb7ddfae04a155e435ae7086c6f5ad3,727289,reused_v1_mp4,
vdcr_v1_000096,vdcr_000096,,Early Embryonic Cleavage Sequence,biology_living_systems,release/media/videos_mp4/vdcr_v1_000096.mp4,release/media/videos_mp4/vdcr_v1_000096.mp4,media/vdcr_segments_pilot_v1/vdcr_commons_mr32_000004_metadata_clean.mp4,,,v2_seed,,reused_v1_final_mp4,true,f2db378808e2691baa92c6ff40318a4ce0068ce3138e90c635a0b58ebc9a10e2,325634,reused_v1_mp4,
vdcr_v1_000097,vdcr_000097,,Coalescence-Driven Coarsening,chemistry_materials_change,release/media/videos_mp4/vdcr_v1_000097.mp4,release/media/videos_mp4/vdcr_v1_000097.mp4,media/vdcr_segments_pilot_v1/vdcr_commons_mr33_000001_seg_007000_76732_clean.mp4,,,v2_seed,,reused_v1_final_mp4,true,709d21775035c9c5a7da5958e55c2b31e37ed53cbfe137f3fe6d21ccf1ab5907,1631074,reused_v1_mp4,
vdcr_v1_000098,vdcr_000098,,Coupled Pendulum Synchronization,physics_physical_systems,release/media/videos_mp4/vdcr_v1_000098.mp4,release/media/videos_mp4/vdcr_v1_000098.mp4,media/vdcr_segments_pilot_v1/vdcr_commons_mr34_000001_seg_055000_126041_clean.mp4,,,v2_seed,,reused_v1_final_mp4,true,cfaa6336f95d294de4c155b02a61986ec521375f1747dac4f3e146bb8445e53b,1996892,reused_v1_mp4,
vdcr_v1_000099,vdcr_000099,,Bacterial Swarming Motility,biology_living_systems,release/media/videos_mp4/vdcr_v1_000099.mp4,release/media/videos_mp4/vdcr_v1_000099.mp4,media/vdcr_segments_pilot_v1/vdcr_commons_mr34_000005_metadata_clean.mp4,,,v2_seed,,reused_v1_final_mp4,true,ac66e05887958273a83d4782f6d7760275b120fa9b856327cec0f7f44ed4ec06,629956,reused_v1_mp4,
vdcr_v1_000100,vdcr_000100,,Wind-Driven Fire-Front Propagation,earth_environmental_systems,release/media/videos_mp4/vdcr_v1_000100.mp4,release/media/videos_mp4/vdcr_v1_000100.mp4,media/vdcr_segments_pilot_v1/vdcr_commons_mr35_000001_crop_metadata_clean.mp4,,,v2_seed,,reused_v1_final_mp4,true,ece8c5a35f5f0b596c3696e52232fbfe471a50b972ff7b8e8379bffc9ff782d1,1208962,reused_v1_mp4,
vdcr_v1_000101,vdcr_000101,,Inertia-Capillarity Droplet Rebound,physics_physical_systems,release/media/videos_mp4/vdcr_v1_000101.mp4,release/media/videos_mp4/vdcr_v1_000101.mp4,media/vdcr_segments_pilot_v1/vdcr_commons_mr36_000001_crop_metadata_clean.mp4,,,v2_seed,,reused_v1_final_mp4,true,20d4e6e3a51447fcefe14a2f91a402968137a2a38050972d06290edc6f822d18,39119,reused_v1_mp4,
vdcr_v1_000102,vdcr_000102,,Pollen Tube Chemotropic Growth,biology_living_systems,release/media/videos_mp4/vdcr_v1_000102.mp4,release/media/videos_mp4/vdcr_v1_000102.mp4,media/vdcr_segments_pilot_v1/vdcr_commons_mr36_000002_crop_metadata_clean.mp4,,,v2_seed,,reused_v1_final_mp4,true,94d6a2ff5f1b54743ff05300c6cbbc271119d8dfd09f478c92889ff83c5673e6,84561,reused_v1_mp4,
vdcr_v1_000103,vdcr_000103,,Root Hair Tip Growth,biology_living_systems,release/media/videos_mp4/vdcr_v1_000103.mp4,release/media/videos_mp4/vdcr_v1_000103.mp4,media/vdcr_segments_pilot_v1/vdcr_commons_mr36_000003_crop_metadata_clean.mp4,,,v2_seed,,reused_v1_final_mp4,true,0b3abfca22bfe9c0f8b2d94c09c2c56deaac1d334e9c172f08d2e67a4f7e381e,69035,reused_v1_mp4,
vdcr_v1_000104,vdcr_000104,,Seismic Wave Propagation,earth_environmental_systems,release/media/videos_mp4/vdcr_v1_000104.mp4,release/media/videos_mp4/vdcr_v1_000104.mp4,media/vdcr_segments_pilot_v1/vdcr_commons_mr37_000001_crop_metadata_clean.mp4,,,v2_seed,,reused_v1_final_mp4,true,338dd7070935e8d0ea64d98b24350ecc3a28784c5107ff5b23c92d7d201e8e25,1451047,reused_v1_mp4,
vdcr_v1_000105,vdcr_000105,,Stokes Flow Kinematic Reversibility,physics_physical_systems,release/media/videos_mp4/vdcr_v1_000105.mp4,release/media/videos_mp4/vdcr_v1_000105.mp4,media/vdcr_segments_pilot_v1/vdcr_commons_mr38_000001_crop_metadata_clean.mp4,,,v2_seed,,reused_v1_final_mp4,true,071bc5b5123629178fe89e1ef1922c1b77ae7d9360437c96eb31239e00093906,1604144,reused_v1_mp4,
vdcr_v1_000106,vdcr_000106,,Benedict Positive Reducing-Sugar Reaction,chemistry_materials_change,release/media/videos_mp4/vdcr_v1_000106.mp4,release/media/videos_mp4/vdcr_v1_000106.mp4,media/vdcr_segments_pilot_v1/vdcr_commons_mr40_000001_crop_metadata_clean.mp4,,,v2_seed,,reused_v1_final_mp4,true,49368a40417897614f352fa1a224c5103543bcf0f86893a6f208b765eb7062a1,2296565,reused_v1_mp4,
vdcr_v1_000107,vdcr_000107,,Cutbank Erosion / Point-Bar Deposition,earth_environmental_systems,release/media/videos_mp4/vdcr_v1_000107.mp4,release/media/videos_mp4/vdcr_v1_000107.mp4,media/vdcr_segments_pilot_v1/vdcr_commons_mr41_000001_crop_metadata_clean.mp4,,,v2_seed,,reused_v1_final_mp4,true,2f8d2cacf28c7e07f747f261620f440b54d48ceceb682048cb94c617c515cef7,7213857,reused_v1_mp4,
vdcr_v1_000108,vdcr_000108,,Worthington Jet,physics_physical_systems,release/media/videos_mp4/vdcr_v1_000108.mp4,release/media/videos_mp4/vdcr_v1_000108.mp4,media/vdcr_segments_pilot_v1/vdcr_commons_mr42_000001_worthington_jet_clean.mp4,,,v2_seed,,reused_v1_final_mp4,true,2ce10441430b229baa1d5f215ac57308cc87ff3ac334630396c8946cd325a0bd,465147,reused_v1_mp4,
vdcr_v1_000109,vdcr_000109,,Biofilm Colony Expansion Dynamics,biology_living_systems,release/media/videos_mp4/vdcr_v1_000109.mp4,release/media/videos_mp4/vdcr_v1_000109.mp4,media/vdcr_segments_pilot_v1/vdcr_public_mr43_000002_biofilm_expansion_clean.mp4,,,v2_seed,,reused_v1_final_mp4,true,bbb2117c128fdfdbe823c0e0c323af81d407458fec5696460a8c5ca7ad491b4d,140574,reused_v1_mp4,
vdcr_v1_000110,vdcr_000110,,Electrodeposition Dendrite Growth,chemistry_materials_change,release/media/videos_mp4/vdcr_v1_000110.mp4,release/media/videos_mp4/vdcr_v1_000110.mp4,media/vdcr_segments_pilot_v1/vdcr_public_mr44_000003_electrodeposition_dendrite_01_clean.mp4,,,v2_seed,,reused_v1_final_mp4,true,ab11caa60ddf4cab857aa04668cc3bce0dd3a596a89f694c528305e6326c656e,1357231,reused_v1_mp4,
vdcr_v1_000111,vdcr_000111,,Dune Slip-Face Grain Avalanche,earth_environmental_systems,release/media/videos_mp4/vdcr_v1_000111.mp4,release/media/videos_mp4/vdcr_v1_000111.mp4,media/vdcr_segments_pilot_v1/vdcr_public_mr45_000001_dune_slip_face_grain_avalanche_trim_crop_clean.mp4,,,v2_seed,,reused_v1_final_mp4,true,70d740e2788d0ab817f4492d0a235455686ace9e37500b4de3ef6306ff3b1f7d,2785725,reused_v1_mp4,
vdcr_v1_000112,vdcr_000112,,Capillary Rise / Wicking,physics_physical_systems,release/media/videos_mp4/vdcr_v1_000112.mp4,release/media/videos_mp4/vdcr_v1_000112.mp4,media/vdcr_segments_pilot_v1/vdcr_public_mr46_000001_capillary_rise_wicking_crop_clean.mp4,,,v2_seed,,reused_v1_final_mp4,true,93b7a816a8a4ddd44d91e384d2b6a2836e502db38a5ed1bf6842604bb28f0f84,11665244,reused_v1_mp4,
vdcr_v1_000113,vdcr_000113,,Mitotic Chromosome Segregation,biology_living_systems,release/media/videos_mp4/vdcr_v1_000113.mp4,release/media/videos_mp4/vdcr_v1_000113.mp4,media/vdcr_segments_pilot_v1/vdcr_public_mr47_000001_mitotic_chromosome_segregation_crop_clean.mp4,,,v2_seed,,reused_v1_final_mp4,true,29e6bdb416cba68ff1e49cd18cadfdd7f5e62be5f38d0e61cd9c6699ca6dea0d,1095205,reused_v1_mp4,
vdcr_v1_000114,vdcr_000114,,Droplet Spreading and Retraction,physics_physical_systems,release/media/videos_mp4/vdcr_v1_000114.mp4,release/media/videos_mp4/vdcr_v1_000114.mp4,media/vdcr_segments_pilot_v1/vdcr_public_mr48_000001_droplet_spreading_retraction_clean.mp4,,,v2_seed,,reused_v1_final_mp4,true,a9c7cb9901d980a0d425f7a6f6ed5058aa3ac82b3255b657b12201a1f04a622a,61828,reused_v1_mp4,
vdcr_v1_000115,vdcr_000115,,Flame Blowoff,chemistry_materials_change,release/media/videos_mp4/vdcr_v1_000115.mp4,release/media/videos_mp4/vdcr_v1_000115.mp4,media/vdcr_segments_pilot_v1/vdcr_public_mr49_000001_flame_blowoff_clean.mp4,,,v2_seed,,reused_v1_final_mp4,true,c4728eb8d6710d42dfaccd2a4537ade99f0a39db0932ad18a49947114eb70b5d,735406,reused_v1_mp4,
vdcr_v2_000115,vdcr_v2_000001,curated_003003,Standing-Wave Mode Formation,physics_physical_systems,release/media/videos_v2_mp4/vdcr_v2_000115.mp4,media/vdcr_curated_expansion_v2/curated_003003.webm,media/vdcr_curated_expansion_v2/curated_003003.webm,https://commons.wikimedia.org/wiki/File:Dipole_xmting_antenna_animation_2_pulses_HD_1080_12_fps.webm,wikimedia_commons_license_verify_on_page,pass_candidate,"Candidate should show oscillatory standing-wave current or field mode structure forming over time, not merely a static wave diagram. | triage_decision=pass_candidate; triage_notes=Animation shows oscillatory standing-wave field/current mode structure expanding and contracting over time; no answer-bearing text or audio is present.",normalized_v2_mp4_noaudio,true,29c5b03db9fc8a39d4bfd19597c60b321fd937d78ac1e93f515e90de4d25f5b5,1276581,normalized_noaudio_mp4,
vdcr_v2_000116,vdcr_v2_000002,curated_004001,Hydraulic Jump,physics_physical_systems,release/media/videos_v2_mp4/vdcr_v2_000116.mp4,media/vdcr_v2_curated_physics/curated_004001.webm,media/vdcr_v2_curated_physics/curated_004001.webm,https://commons.wikimedia.org/wiki/File:Hydraulic_jump.webm,CC BY-SA 4.0 verify_on_page,pass_candidate,"Candidate should show a transition from fast shallow flow to slower turbulent deeper flow, not merely a static water surface. | triage_decision=pass_candidate; triage_notes=sparse frames show persistent hydraulic-jump transition from fast incoming flow to turbulent deeper downstream flow; no obvious text leakage",normalized_v2_mp4_noaudio,true,2336362ae03f42b8840c232190c46d3fde317112d4b2b048a1c30e35517a7adf,543272,normalized_noaudio_mp4,
vdcr_v2_000117,vdcr_v2_000003,curated_004002,Viscous Fluid Buckling and Coiling,physics_physical_systems,release/media/videos_v2_mp4/vdcr_v2_000117.mp4,media/vdcr_v2_curated_physics/curated_004002.webm,media/vdcr_v2_curated_physics/curated_004002.webm,https://commons.wikimedia.org/wiki/File:Liquid_Rope_Coil_Effect_-_Polyhydroxybutyrate_(PHB)_solution.webm,CC BY 3.0 verify_on_page,pass_candidate,"Candidate should show a falling viscous thread buckling and coiling over time, not only a final pile of fluid. | triage_decision=pass_candidate; triage_notes=Clear falling viscous thread buckles and coils over time; no answer-bearing text visible in sparse frames.",normalized_v2_mp4_noaudio,true,eba810c098ff06f65ea22c89ed120fcb4d46053e48af8d1ef41a7517ae3cd4c6,2471907,normalized_noaudio_mp4,
vdcr_v2_000118,vdcr_v2_000004,curated_004003,Soliton Propagation,physics_physical_systems,release/media/videos_v2_mp4/vdcr_v2_000118.mp4,media/vdcr_v2_curated_physics/curated_004003.webm,media/vdcr_v2_curated_physics/curated_004003.webm,https://commons.wikimedia.org/wiki/File:Soliton_collision_2.webm,CC BY 4.0 verify_on_page,pass_candidate,"Candidate should show localized solitary waves propagating and interacting while retaining identity, not merely a static water-tank wave pattern. | triage_decision=pass_candidate; triage_notes=Wave-tank sequence shows localized solitary waves propagating and colliding; bottom/source text does not contain the answer but should be checked for cropping before formal release.",normalized_v2_mp4_noaudio,true,e1547238833bf2018a6170ee96ae0f7c8101e495a00a2f2b17c3a063ab75fcab,3970724,normalized_noaudio_mp4,
vdcr_v2_000119,vdcr_v2_000005,curated_005004,Dust Devil Formation,earth_environmental_systems,release/media/videos_v2_mp4/vdcr_v2_000119.mp4,media/vdcr_v2_curated_earth/curated_005004.webm,media/vdcr_v2_curated_earth/curated_005004.webm,https://commons.wikimedia.org/wiki/File:Destroying_a_dust_devil.webm,CC BY 2.0 verify_on_page,pass_candidate,"Candidate should show a rotating dust column evolving over time; reviewer must reject if it only shows a pre-existing vortex being destroyed without formation or intensification evidence. | triage_decision=pass_candidate; triage_notes=Visible rotating dust column evolves and weakens over time; acceptable for dust-devil dynamic process, but should be rechecked for formation-vs-dissipation wording before formal release.",normalized_v2_mp4_noaudio,true,1c727911e4d8744d78f92d2af332e02229118a78cbd29866ef6b6089b4bdca0a,5781773,normalized_noaudio_mp4,
vdcr_v2_000120,vdcr_v2_000006,curated_005006,Tidal Bore,earth_environmental_systems,release/media/videos_v2_mp4/vdcr_v2_000120.mp4,media/vdcr_v2_curated_earth/curated_005006.ogv,media/vdcr_v2_curated_earth/curated_005006.ogv,https://commons.wikimedia.org/wiki/File:Tidalbore_Mascaret_Hangzhou_china.ogv,CC BY-SA 3.0 verify_on_page,pass_candidate,"Candidate should show a tide-driven bore wave propagating through a river/estuary, not merely ordinary surf or static high water. | triage_decision=pass_candidate; triage_notes=Distinct bore front propagates along the channel under a bridge; no answer-bearing in-frame text visible in sparse frames.",normalized_v2_mp4_noaudio,true,bef3bfabff1b352969c267a7f50bc4ae159db683cf57e913e983c1138f46539d,5028453,normalized_noaudio_mp4,
vdcr_v2_000121,vdcr_v2_000007,curated_005007_avalanche_seg_000000_060000_noaudio,Slab Avalanche Release,earth_environmental_systems,release/media/videos_v2_mp4/vdcr_v2_000121.mp4,media/vdcr_v2_clean_derivatives/curated_005007_avalanche_seg_000000_060000_noaudio.mp4,media/vdcr_v2_clean_derivatives/curated_005007_avalanche_seg_000000_060000_noaudio.mp4,"https://commons.wikimedia.org/wiki/File:Avalanche_on_Mount_Rainier.webm#t=0,60-noaudio",public_domain_nps_verify_on_page,pass_candidate,"Clean derivative should show snow slab release and avalanche propagation over time rather than a generic static snowy slope. | triage_decision=pass_candidate; triage_notes=Clean no-audio segment shows snow releasing from a slope, propagating downslope, and forming a moving powder cloud; no readable answer/source text remains, and a single frame would not capture the release-to-propagation sequence.",normalized_v2_mp4_noaudio,true,7feb48b06bd47446b1b28697e407518aa9389657e7795ec4e939c6972a624e91,15991002,copied_noaudio_mp4,
vdcr_v2_000122,vdcr_v2_000008,curated_006001,Rayleigh-Taylor Instability,physics_physical_systems,release/media/videos_v2_mp4/vdcr_v2_000122.mp4,media/vdcr_curated_physics_rt_v2/curated_006001.ogv,media/vdcr_curated_physics_rt_v2/curated_006001.ogv,https://commons.wikimedia.org/wiki/File:The-Inhibition-of-the-Rayleigh-Taylor-Instability-by-Rotation-srep11706-s1.ogv,CC BY 4.0 verify_on_page,pass_candidate,"Candidate should show a density interface evolving into Rayleigh-Taylor fingers/plumes over time, not a static instability diagram or a single composite frame. | triage_decision=pass_candidate; triage_notes=sparse frames show a real-time density interface evolving into descending fingers/plumes; no visible answer text leakage",normalized_v2_mp4_noaudio,true,0fea5fb71b548852731643b332ed8fbf8889fe4511e60785fac8749f97cce9ae,1493888,normalized_noaudio_mp4,
vdcr_v2_000123,vdcr_v2_000009,vdcr_archive_only_000002_crop_bottom_tight_noaudio,Rayleigh-Taylor Instability,physics_physical_systems,release/media/videos_v2_mp4/vdcr_v2_000123.mp4,media/vdcr_v2_clean_derivatives/vdcr_archive_only_000002_crop_bottom_tight_noaudio.mp4,media/vdcr_v2_clean_derivatives/vdcr_archive_only_000002_crop_bottom_tight_noaudio.mp4,https://archive.org/details/SVS-44#crop-bottom-tight-clean,archive_license_verify_on_page,pass_candidate,Clean derivative must show a density interface evolving into Rayleigh-Taylor fingers/plumes over time without relying on source title text. | triage_decision=pass_candidate; triage_notes=Tight crop removes answer-bearing bottom label while preserving Rayleigh-Taylor plume/finger evolution; no audio.,normalized_v2_mp4_noaudio,true,1f71fa5dd9b1aef20ca5e27ee63b173755fc02622f1b3465c415e6608501777f,319556,copied_noaudio_mp4,
vdcr_v2_000124,vdcr_v2_000010,vdcr_archive_only_000003_crop_bottom_clean,Rayleigh-Taylor Instability,physics_physical_systems,release/media/videos_v2_mp4/vdcr_v2_000124.mp4,media/vdcr_v2_clean_derivatives/vdcr_archive_only_000003_crop_bottom_clean.mp4,media/vdcr_v2_clean_derivatives/vdcr_archive_only_000003_crop_bottom_clean.mp4,https://archive.org/details/SVS-39#crop-bottom-clean,archive_license_verify_on_page,pass_candidate,Clean derivative must show a density interface evolving into Rayleigh-Taylor fingers/plumes over time without relying on source title text. | triage_decision=pass_candidate; triage_notes=cropped clean derivative removes bottom answer/source text while preserving the Rayleigh-Taylor plume/finger evolution; no audio,normalized_v2_mp4_noaudio,true,c96a0825598bc4672632e7068f17c389bd65f810159212258a84b01a8d87c76f,413779,copied_noaudio_mp4,
vdcr_v2_000125,vdcr_v2_000011,vdcr_commons_mr10_000003_seg_004000_025000_noaudio,Marangoni-Driven Flow,physics_physical_systems,release/media/videos_v2_mp4/vdcr_v2_000125.mp4,media/vdcr_v2_segments_from_revise/vdcr_commons_mr10_000003_seg_004000_025000_noaudio.mp4,media/vdcr_v2_segments_from_revise/vdcr_commons_mr10_000003_seg_004000_025000_noaudio.mp4,"https://commons.wikimedia.org/wiki/File:Marangoni_effect_experimental_demonstration.ogv#t=4,25",CC-BY-3.0 Commons own work,pass_candidate,"Segment removes the opening answer title and closing source card while preserving surface-tension-gradient-driven particle clearing/spreading. | triage_decision=pass_candidate; triage_notes=Clean 4-25s no-audio segment removes answer/source cards; visible pepper particles clear and spread after surfactant perturbation, grounding surface-tension-gradient-driven flow. Material labels remain but are not answer-bearing.",normalized_v2_mp4_noaudio,true,df34b2d44dad9c38266693727fff18287f38384b50de529b8898072279ebff65,5181387,copied_noaudio_mp4,
vdcr_v2_000126,vdcr_v2_000012,vdcr_commons_mr7_000003,Meander Neck Cutoff,earth_environmental_systems,release/media/videos_v2_mp4/vdcr_v2_000126.mp4,media/vdcr_v2_existing_earth/vdcr_commons_mr7_000003.gif,media/vdcr_v2_existing_earth/vdcr_commons_mr7_000003.gif,https://commons.wikimedia.org/wiki/File:OxbowAnimation.gif,CC-BY-SA-3.0/GFDL Commons animated GIF,pass_candidate,"Candidate must show a meander neck narrowing, cutoff formation, and abandoned loop/oxbow development over time, not a static river shape. | triage_decision=pass_candidate; triage_notes=Schematic animation shows meander neck narrowing, flood cutoff, and abandoned loop/oxbow formation over time. In-frame labels are generic process labels, not the canonical answer; final release should decide whether labeled schematic animations remain in main set.",normalized_v2_mp4_noaudio,true,36dc30e3d65ae63a5014ef8771196db12c52e1cc7a0a9d75e81b9584df930aa9,239069,normalized_noaudio_mp4,
vdcr_v2_000127,vdcr_v2_000013,vdcr_v2_commons_debris_000001,Debris Flow Surge,earth_environmental_systems,release/media/videos_v2_mp4/vdcr_v2_000127.mp4,media/vdcr_v2_next_commons_debris/vdcr_v2_commons_debris_000001.webm,media/vdcr_v2_next_commons_debris/vdcr_v2_commons_debris_000001.webm,https://commons.wikimedia.org/wiki/File:Bondo_Aug_2017.webm#t=0,CC0-1.0,pass_candidate,Candidate should show a sediment-laden debris-flow surge front and following flow moving through a channel rather than static deposits. | triage_decision=pass_candidate; triage_notes=Bondo village clip shows sediment-rich debris-flow material and dust plume moving through a channel with no answer-bearing text in sparse frames.,normalized_v2_mp4_noaudio,true,7ea27e749ca14c8228f0440066a88d460337cb4c2a933649c3120d76929a5cd4,1693826,normalized_noaudio_mp4,
vdcr_v2_000128,vdcr_v2_000014,vdcr_v2_commons_granular_000001_noaudio,Granular Size Segregation,physics_physical_systems,release/media/videos_v2_mp4/vdcr_v2_000128.mp4,media/vdcr_v2_clean_derivatives/vdcr_v2_commons_granular_000001_noaudio.mp4,media/vdcr_v2_clean_derivatives/vdcr_v2_commons_granular_000001_noaudio.mp4,https://commons.wikimedia.org/wiki/File:Paranuss-Effekt_Brazil_Nut_Effect_Granular_Convection.webm#noaudio,CC-BY-SA-4.0,pass_candidate,Clean derivative must show large particles rising through a shaken granular mixture over time without relying on source title text or audio. | triage_decision=pass_candidate; triage_notes=Clean no-audio derivative shows larger pieces rising to the surface of a shaken granular mixture in a transparent bag; no readable answer/source text.,normalized_v2_mp4_noaudio,true,bf2742b3d336e3fcbf7dba46a82189f1e38dff54945c738e739d40b22e5d249e,23696952,copied_noaudio_mp4,
vdcr_v2_000129,vdcr_v2_000015,vdcr_v2_round102_dust_devil_untreusee_noaudio,Dust Devil Formation,earth_environmental_systems,release/media/videos_v2_mp4/vdcr_v2_000129.mp4,media/vdcr_v2_clean_derivatives/vdcr_v2_round102_dust_devil_untreusee_noaudio.mp4,media/vdcr_v2_clean_derivatives/vdcr_v2_round102_dust_devil_untreusee_noaudio.mp4,https://commons.wikimedia.org/wiki/File:Anim_Eine_Windhose_auf_einem_Feld_am_Untreusee.gif#v2-round102-clean-noaudio,CC BY-SA 4.0,pass_candidate,Clean derivative shows a dust column rotating and translating across a field with no in-frame answer text. | triage_decision=pass_candidate; triage_notes=Pass: clean derivative shows a dust column rotating and translating across a field. It is a distinct source from the already accepted Destroying a dust devil clip and adds a second video for Dust Devil Formation.,normalized_v2_mp4_noaudio,true,3f93c92e305906c4241c6c576146d26a5789b756195e7e6705081bc6d0f2ee6c,753139,copied_noaudio_mp4,
vdcr_v2_000130,vdcr_v2_000016,vdcr_v2_round102_kelvin_helmholtz_noaudio,Kelvin-Helmholtz Instability,physics_physical_systems,release/media/videos_v2_mp4/vdcr_v2_000130.mp4,media/vdcr_v2_clean_derivatives/vdcr_v2_round102_kelvin_helmholtz_noaudio.mp4,media/vdcr_v2_clean_derivatives/vdcr_v2_round102_kelvin_helmholtz_noaudio.mp4,https://commons.wikimedia.org/wiki/File:Kelvin-Helmholtz_Instability.ogv#v2-round102-clean-noaudio,PD-self,pass_candidate,"Clean derivative shows shear-layer billows rolling up and mixing over time in a Kelvin-Helmholtz instability simulation. | triage_decision=pass_candidate; triage_notes=Pass: clean derivative shows shear-layer billows rolling up and mixing over time in a Kelvin-Helmholtz instability sequence, with no in-frame answer text.",normalized_v2_mp4_noaudio,true,5db1249ce51d0eef2cfd4cea427a12996e9a1339a99bdcdfbeaf2e770dbcc0a9,711976,copied_noaudio_mp4,
vdcr_v2_000131,vdcr_v2_000017,vdcr_v2_round102_marangoni_bubbles_s4_noaudio,Marangoni-Driven Flow,physics_physical_systems,release/media/videos_v2_mp4/vdcr_v2_000131.mp4,media/vdcr_v2_clean_derivatives/vdcr_v2_round102_marangoni_bubbles_s4_noaudio.mp4,media/vdcr_v2_clean_derivatives/vdcr_v2_round102_marangoni_bubbles_s4_noaudio.mp4,https://commons.wikimedia.org/wiki/File:Marangoni-effect-visualized-in-two-dimensions-Optical-tweezers-for-gas-bubbles-srep34787-s4.ogv#v2-round102-clean-noaudio,CC BY 4.0 Scientific Reports supplementary movie,pass_candidate,"Clean derivative shows bubbles and interface boundaries moving under surface-tension-gradient-driven flow. | triage_decision=pass_candidate; triage_notes=Pass: clean derivative shows gas bubbles and interface boundaries advecting/deforming in a way that requires temporal evidence for Marangoni-Driven Flow, with no title text or audio dependence.",normalized_v2_mp4_noaudio,true,537d6e3dfef25798dcb2c6ae0d26069ae1d603e64646cb94341b14f3e7746e95,1064454,copied_noaudio_mp4,
vdcr_v2_000132,vdcr_v2_000018,vdcr_v2_round102_rayleigh_benard_antigng_crop_noaudio,Rayleigh-Benard Convection,physics_physical_systems,release/media/videos_v2_mp4/vdcr_v2_000132.mp4,media/vdcr_v2_clean_derivatives/vdcr_v2_round102_rayleigh_benard_antigng_crop_noaudio.mp4,media/vdcr_v2_clean_derivatives/vdcr_v2_round102_rayleigh_benard_antigng_crop_noaudio.mp4,https://commons.wikimedia.org/wiki/File:Rayleigh%E2%80%93B%C3%A9nard_convection.webm#v2-round102-clean-crop-noaudio,CC BY-SA 3.0,pass_candidate,Clean cropped derivative shows convection-cell texture evolving in a heated fluid layer without the source screen border or audio. | triage_decision=pass_candidate; triage_notes=Pass with moderate cleanliness: clean derivative removes audio and metadata while preserving the evolving Rayleigh-Benard convection-cell texture. Some non-answer-bearing screen border remains because tighter cropping loses the physical pattern; there is no readable answer text.,normalized_v2_mp4_noaudio,true,fcb40ababe4fb228ddb4da10f9f11e505bc709f03efe3a7bf565f20dd5fa962f,10243116,copied_noaudio_mp4,
vdcr_v2_000133,vdcr_v2_000019,vdcr_v2_round102_rayleigh_benard_xkmciq_trim_noaudio,Rayleigh-Benard Convection,physics_physical_systems,release/media/videos_v2_mp4/vdcr_v2_000133.mp4,media/vdcr_v2_clean_derivatives/vdcr_v2_round102_rayleigh_benard_xkmciq_trim_noaudio.mp4,media/vdcr_v2_clean_derivatives/vdcr_v2_round102_rayleigh_benard_xkmciq_trim_noaudio.mp4,https://commons.wikimedia.org/wiki/File:XKMcIqtw7dw-Rayleigh%E2%80%93B%C3%A9nard_convection_-_4x_speed_up_II.webm#v2-round102-clean-trim-noaudio,CC BY 3.0 YouTube import on Commons,pass_candidate,"Clean trimmed derivative shows a distinct pan-scale convection-cell pattern forming and reorganizing over time. | triage_decision=pass_candidate; triage_notes=Pass: clean derivative shows a distinct large-scale convection-cell pattern developing and reorganizing over time, with no in-frame answer text or audio dependence.",normalized_v2_mp4_noaudio,true,9dc2f1e00122dfb0019476f46375d8a46b4ef20f6dc41aa867a4d6223eb2eea9,18681704,copied_noaudio_mp4,
vdcr_v2_000134,vdcr_v2_000020,vdcr_v2_round16_vortex_ring_s1_clean_noaudio,Vortex Ring Formation,physics_physical_systems,release/media/videos_v2_mp4/vdcr_v2_000134.mp4,media/vdcr_v2_clean_derivatives/vdcr_v2_round16_vortex_ring_s1_clean_noaudio.mp4,media/vdcr_v2_clean_derivatives/vdcr_v2_round16_vortex_ring_s1_clean_noaudio.mp4,https://commons.wikimedia.org/wiki/File:Origin-and-dynamics-of-vortex-rings-in-drop-splashing-ncomms9187-s1.ogv#wikimedia-clean-segment,CC BY 4.0,pass_candidate,"Clean derivative must show toroidal vortex ring generation and propagation during the drop-impact sequence, not merely a splash frame. | triage_decision=pass_candidate; triage_notes=Clean no-audio segment removes source metadata and visible timing/material labels while preserving the X-ray sequence of a toroidal vortex ring forming and propagating after drop impact.",normalized_v2_mp4_noaudio,true,300e751fc073d426e3169b3e3978219826c34e34a10d8e7a30d907025adabb3c,658958,copied_noaudio_mp4,
vdcr_v2_000135,vdcr_v2_000021,vdcr_v2_round16_vortex_ring_s2_clean_noaudio,Vortex Ring Formation,physics_physical_systems,release/media/videos_v2_mp4/vdcr_v2_000135.mp4,media/vdcr_v2_clean_derivatives/vdcr_v2_round16_vortex_ring_s2_clean_noaudio.mp4,media/vdcr_v2_clean_derivatives/vdcr_v2_round16_vortex_ring_s2_clean_noaudio.mp4,https://commons.wikimedia.org/wiki/File:Origin-and-dynamics-of-vortex-rings-in-drop-splashing-ncomms9187-s2.ogv#wikimedia-clean-segment,CC BY 4.0,pass_candidate,"Clean derivative must show toroidal vortex ring generation and propagation during the drop-impact sequence, not merely a splash frame. | triage_decision=pass_candidate; triage_notes=Clean no-audio segment removes source metadata and schematic/text overlays while preserving the actual X-ray sequence of vortex-ring formation and penetration after drop impact.",normalized_v2_mp4_noaudio,true,78c7974f8480d4287dd723c0b24108ba07e7e258c284c4cadb7669c23d6787d4,840620,copied_noaudio_mp4,
vdcr_v2_000136,vdcr_v2_000022,vdcr_v2_round29_standing_waves_resonance_clean_noaudio,Standing-Wave Mode Formation,physics_physical_systems,release/media/videos_v2_mp4/vdcr_v2_000136.mp4,media/vdcr_v2_clean_derivatives/vdcr_v2_round29_standing_waves_resonance_clean_noaudio.mp4,media/vdcr_v2_clean_derivatives/vdcr_v2_round29_standing_waves_resonance_clean_noaudio.mp4,https://commons.wikimedia.org/wiki/File:Standing_Waves_and_Resonance.webm#clean-noaudio,CC BY 3.0 verify_on_page,pass_candidate,Clean derivative must show standing-wave mode formation or switching over time without relying on source title text or audio. | triage_decision=pass_candidate; triage_notes=Clean no-audio derivative shows standing-wave mode formation/switching in the tube animation as the drive condition changes; no source title or answer-bearing text is visible.,normalized_v2_mp4_noaudio,true,7b89289d8a005ccfb41f5cee618d75da93637ff108d4187eee984e621a3fb95d,622467,copied_noaudio_mp4,
vdcr_v2_000137,vdcr_v2_000023,vdcr_v2_round35_hangzhou_tidal_bore_clean_noaudio,Hydraulic Bore Propagation,physics_physical_systems,release/media/videos_v2_mp4/vdcr_v2_000137.mp4,media/vdcr_v2_clean_derivatives/vdcr_v2_round35_hangzhou_tidal_bore_clean_noaudio.mp4,media/vdcr_v2_clean_derivatives/vdcr_v2_round35_hangzhou_tidal_bore_clean_noaudio.mp4,https://commons.wikimedia.org/wiki/File:Tidalbore_Mascaret_Hangzhou_china.ogv#clean-noaudio,CC BY-SA 3.0 verify_on_page,pass_candidate,"Clean derivative must show an abrupt turbulent bore/wave front propagating along the river channel without relying on source title text, location metadata, or audio. | triage_decision=pass_candidate; triage_notes=Clean MP4 shows a turbulent bore/wave front propagating along the river channel from distance to foreground, with water-depth and foam-front changes visible across time; no audio or answer-bearing in-frame text remains.",normalized_v2_mp4_noaudio,true,aef9583236f4bdd014457d2f77a1f303ff2c7b09e8886f1654b847b0cec82485,2976824,copied_noaudio_mp4,
vdcr_v2_000138,vdcr_v2_000024,vdcr_v2_round3_commons_000001,Soliton Propagation,physics_physical_systems,release/media/videos_v2_mp4/vdcr_v2_000138.mp4,media/vdcr_v2_targeted_round3_manual/vdcr_v2_round3_commons_000001.webm,media/vdcr_v2_targeted_round3_manual/vdcr_v2_round3_commons_000001.webm,https://commons.wikimedia.org/wiki/File:Two_soliton_overtake_collision.webm,wikimedia_commons_license_verify_on_page,pass_candidate,"Candidate must show localized solitary waves propagating and overtaking while retaining coherent identity, not only a static wave pattern. | triage_decision=pass_candidate; triage_notes=Simulation-style repeat candidate: the plotted localized pulse overtakes another pulse while retaining coherent soliton-like identity; no audio or answer-bearing in-frame text is present.",normalized_v2_mp4_noaudio,true,6ee29c5fb9c4d05379de57fdcf05f0e0e3046c75105ab5af3fbb707ccbb6954e,330636,normalized_noaudio_mp4,
vdcr_v2_000139,vdcr_v2_000025,vdcr_v2_round54_usgs_pahoehoe_breakout_roping_clean_noaudio,Pahoehoe Lava Roping,earth_environmental_systems,release/media/videos_v2_mp4/vdcr_v2_000139.mp4,media/vdcr_v2_clean_derivatives/vdcr_v2_round54_usgs_pahoehoe_breakout_roping_clean_noaudio.mp4,media/vdcr_v2_clean_derivatives/vdcr_v2_round54_usgs_pahoehoe_breakout_roping_clean_noaudio.mp4,https://www.usgs.gov/media/videos/pahoehoe-breakout-0#clean-segment-noaudio,Public Domain,pass_candidate,"Clean derivative must show pāhoehoe lava lobes advancing and surface folds or crustal inflation developing over time, without relying on source title cards, logos, audio, or metadata. | triage_decision=pass_candidate; triage_notes=Clean derivative removes the USGS title card, bottom logo, audio, and metadata. The video shows pāhoehoe lava lobes advancing through the frame with visible crustal inflation and rope-like surface folds developing over time; no in-frame answer text remains. This is a second, independent video binding for Pahoehoe Lava Roping rather than a duplicate of the V1 archive segment.",normalized_v2_mp4_noaudio,true,575d8232a0f2072f2b3a0e0ffa47be72f64cf3bdac5ad56036b63b7ad5377cab,5086256,copied_noaudio_mp4,
vdcr_v2_000140,vdcr_v2_000026,vdcr_v2_round57_spherical_harmonic_water_drop_clean_noaudio,Standing-Wave Mode Formation,physics_physical_systems,release/media/videos_v2_mp4/vdcr_v2_000140.mp4,media/vdcr_v2_clean_derivatives/vdcr_v2_round57_spherical_harmonic_water_drop_clean_noaudio.mp4,media/vdcr_v2_clean_derivatives/vdcr_v2_round57_spherical_harmonic_water_drop_clean_noaudio.mp4,https://commons.wikimedia.org/wiki/File:Spherical_harmonic_in_water_drop.ogv#clean-noaudio,CC BY-SA 3.0; clean derivative from own-work Wikimedia Commons source by Renan Cabrera and Denys Bondar,pass_candidate,"Clean derivative must show a levitated water drop's surface oscillating into visible normal/standing-wave modes over time without source-title, audio, or metadata leakage. | triage_decision=pass_candidate; triage_notes=Clean derivative removes audio and source metadata, trims the source to the first 35 seconds, and preserves a clear top-down view of a levitated water drop whose surface boundary and central protrusion change through visible normal/standing-wave modes. No in-frame title, source label, or answer-bearing text is visible. This is an independent third video binding for Standing-Wave Mode Formation, distinct from the existing antenna-field animation and tube-resonance derivative.",normalized_v2_mp4_noaudio,true,3bf4550f71c9071d56b08efc72069de921e42d935c427c8990830bb1b32dccca,1511935,copied_noaudio_mp4,
vdcr_v2_000141,vdcr_v2_000027,vdcr_v2_round65_karman_vortex_off_cylinder_clean_noaudio,Vortex Shedding / Karman Vortex Street,physics_physical_systems,release/media/videos_v2_mp4/vdcr_v2_000141.mp4,media/vdcr_v2_clean_derivatives/vdcr_v2_round65_karman_vortex_off_cylinder_clean_noaudio.mp4,media/vdcr_v2_clean_derivatives/vdcr_v2_round65_karman_vortex_off_cylinder_clean_noaudio.mp4,https://commons.wikimedia.org/wiki/File:Karman_Vortex_Street_Off_Cylinder.ogv#clean-noaudio,CC BY-SA 3.0; own work by KTover2; clean derivative keeps original license terms,pass_candidate,"Candidate must show alternating vortices forming and shedding downstream of an obstacle, not a static wake pattern. | triage_decision=pass_candidate; triage_notes=Clean derivative strips metadata while preserving alternating vortex formation and shedding downstream of the cylinder.",normalized_v2_mp4_noaudio,true,2dff2093f6f65e18d4909cf988d02840dbfbec408fa23920d36893086343e5bc,4570768,copied_noaudio_mp4,
vdcr_v2_000142,vdcr_v2_000028,vdcr_v2_round6_hydraulic_jump_naramata_noaudio,Hydraulic Jump,physics_physical_systems,release/media/videos_v2_mp4/vdcr_v2_000142.mp4,media/vdcr_v2_clean_derivatives/vdcr_v2_round6_hydraulic_jump_naramata_noaudio.mp4,media/vdcr_v2_clean_derivatives/vdcr_v2_round6_hydraulic_jump_naramata_noaudio.mp4,https://commons.wikimedia.org/wiki/File:Hydraulic_jump_on_Naramatagawa_River%27s_stream.ogv#noaudio-clean,wikimedia_commons_license_verify_on_page,pass_candidate,"Clean derivative should show a natural stream hydraulic-jump transition from fast shallow flow to a turbulent deeper downstream zone without audio or metadata streams. | triage_decision=pass_candidate; triage_notes=Clean derivative shows a natural stream hydraulic-jump zone where fast shallow flow transitions into a turbulent aerated downstream region, with no audio, data stream, or visible answer/source text.",normalized_v2_mp4_noaudio,true,3c6f21a9839e3d071c8644e89dcdd5b2b86b694728858b8c827bff97121f6926,9406766,copied_noaudio_mp4,
vdcr_v2_000143,vdcr_v2_000029,vdcr_v2_round88_leidenfrost_webm_1080p_noaudio,Leidenfrost Droplet Motion,physics_physical_systems,release/media/videos_v2_mp4/vdcr_v2_000143.mp4,media/vdcr_v2_clean_derivatives/vdcr_v2_round88_leidenfrost_webm_1080p_noaudio.mp4,media/vdcr_v2_clean_derivatives/vdcr_v2_round88_leidenfrost_webm_1080p_noaudio.mp4,https://commons.wikimedia.org/wiki/File:Effet_Leidenfrost.webm#v2-round88-clean-1080p-noaudio,CC BY-SA 4.0,pass_candidate,"Clean 1080p no-audio derivative shows water droplets moving and persisting on a hot pan instead of wetting/boiling away immediately. | triage_decision=pass_candidate; triage_notes=Pass: clean 1080p no-audio derivative removes audio/location metadata while preserving water droplets skittering, merging, and persisting on a hot pan rather than wetting or boiling away immediately. The temporal droplet motion is necessary evidence for Leidenfrost Droplet Motion.",normalized_v2_mp4_noaudio,true,a308c6a28f09897520256b18b88800f7ce76cad731133b9c7940c8f140ddb247,10000704,copied_noaudio_mp4,
vdcr_v2_000144,vdcr_v2_000030,vdcr_v2_round91_kv_street_video2_crop_noaudio,Vortex Shedding / Karman Vortex Street,physics_physical_systems,release/media/videos_v2_mp4/vdcr_v2_000144.mp4,media/vdcr_v2_clean_derivatives/vdcr_v2_round91_kv_street_video2_crop_noaudio.mp4,media/vdcr_v2_clean_derivatives/vdcr_v2_round91_kv_street_video2_crop_noaudio.mp4,https://commons.wikimedia.org/wiki/File:K-V_Street_Video_2.ogv#v2-round91-crop-noaudio,Public domain on Commons,pass_candidate,"Clean cropped derivative shows green dye forming an alternating downstream wake pattern over time; the temporal alternation is required to identify vortex shedding rather than a static wake. | triage_decision=pass_candidate; triage_notes=Pass: clean derivative removes the raw audio stream and crops away in-frame experiment text while preserving the green dye wake. The clip shows a temporally alternating downstream wake pattern, providing a third distinct video for Vortex Shedding / Karman Vortex Street.",normalized_v2_mp4_noaudio,true,bcc833376d019ea54277ff29547e948fcfb86a304cd887632475faad8f6a457e,668785,copied_noaudio_mp4,
vdcr_v2_000145,vdcr_v2_000031,vdcr_v2_round99_tibetan_bowl_faraday_noaudio,Faraday Waves,physics_physical_systems,release/media/videos_v2_mp4/vdcr_v2_000145.mp4,media/vdcr_v2_clean_derivatives/vdcr_v2_round99_tibetan_bowl_faraday_noaudio.mp4,media/vdcr_v2_clean_derivatives/vdcr_v2_round99_tibetan_bowl_faraday_noaudio.mp4,https://commons.wikimedia.org/wiki/File:Watching_Tibetan_bowls_sing.webm#v2-round99-clean-noaudio,CC BY 3.0 Commons video,pass_candidate,Clean derivative shows vibration-driven liquid surface ripples/wave patterns in a singing bowl with audio and metadata removed. | triage_decision=pass_candidate; triage_notes=Pass: clean derivative shows vibration-induced liquid surface ripples/wave patterns in the bowl. The concept is supported by temporal liquid-surface motion rather than audio or title metadata.,normalized_v2_mp4_noaudio,true,ab824347d8672ca9a45600be15ca6312da10504bf330453fcc0b0498218e0a7d,5155058,copied_noaudio_mp4,
vdcr_v2_000146,vdcr_v2_000032,curated_005008,Slab Avalanche Release,earth_environmental_systems,release/media/videos_v2_mp4/vdcr_v2_000146.mp4,media/vdcr_v2_curated_earth/curated_005008.ogv,media/vdcr_v2_curated_earth/curated_005008.ogv,https://commons.wikimedia.org/wiki/File:AvalancheColDesDroites.ogv,wikimedia_commons_license_verify_on_page,pass_candidate,Candidate should show snow/ice avalanche release or propagation over time; reject if it is only a distant moving plume without release evidence. | triage_decision=pass_candidate; triage_notes=Sparse frames show a distinct snow/ice avalanche plume propagating downslope from a steep face; no audio stream and no readable answer/source text.,normalized_v2_mp4_noaudio,true,55130fe16c1af72ad5809ced668042ffdc10e968c134537c5489f486bb2f3f44,8247266,normalized_noaudio_mp4,
vdcr_v2_000147,vdcr_v2_000033,vdcr_v2_round81_supercell_nebraska_portrait,Supercell Mesocyclone Rotation,earth_environmental_systems,release/media/videos_v2_mp4/vdcr_v2_000147.mp4,media/vdcr_v2_targeted_round81_manual/vdcr_v2_round81_supercell_nebraska_portrait.webm,media/vdcr_v2_targeted_round81_manual/vdcr_v2_round81_supercell_nebraska_portrait.webm,https://commons.wikimedia.org/wiki/File:Tornadic_Supercell_Erupts_in_Nebraska_(CIRA_2025-04-28_-_portrait).webm,Public Domain NOAA/CIRA,pass_candidate,"Candidate must show a rotating supercell/mesocyclone structure over time, not merely an expanding convective cloud or generic satellite storm growth. | triage_decision=pass_candidate; triage_notes=Pass: CIRA/NOAA no-label satellite video has no audio stream and no answer-bearing text. The sequence shows convective growth into a rotating supercell with hook-like spiral cloud structure and evolving overshooting-top/mesocyclone texture, distinct from the Oklahoma source and suitable as the third capped video for Supercell Mesocyclone Rotation.",normalized_v2_mp4_noaudio,true,73154814da76da472d10663bd51f34e93df321fcb0ba2391bc69881f36b37426,8277233,normalized_noaudio_mp4,
vdcr_v2_000148,vdcr_v2_000034,vdcr_v2_round81_supercell_oklahoma_portrait,Supercell Mesocyclone Rotation,earth_environmental_systems,release/media/videos_v2_mp4/vdcr_v2_000148.mp4,media/vdcr_v2_targeted_round81_manual/vdcr_v2_round81_supercell_oklahoma_portrait.webm,media/vdcr_v2_targeted_round81_manual/vdcr_v2_round81_supercell_oklahoma_portrait.webm,https://commons.wikimedia.org/wiki/File:Powerful_Supercell_Marches_Across_Oklahoma_(CIRA_2024-05-20_-_portrait).webm,Public Domain NOAA/CIRA,pass_candidate,"Candidate must show a rotating supercell/mesocyclone structure over time, not merely an expanding convective cloud or generic satellite storm growth. | triage_decision=pass_candidate; triage_notes=Pass: CIRA/NOAA no-label satellite video has no audio stream and no answer-bearing text. The temporally ordered frames show a supercell translating while a compact spiral/mesocyclone-like structure and flanking cloud bands rotate and evolve, providing a strong second visual binding for Supercell Mesocyclone Rotation.",normalized_v2_mp4_noaudio,true,05eeadeb369ae287ed59bfe35da5c567bae414fe53303d5a92520e62293888df,5651841,normalized_noaudio_mp4,
vdcr_v2_000149,vdcr_v2_000035,curated_004004_seg_008000_055000_noaudio,Chladni Pattern Formation,physics_physical_systems,release/media/videos_v2_mp4/vdcr_v2_000149.mp4,media/vdcr_v2_segments_from_revise/curated_004004_seg_008000_055000_noaudio.mp4,media/vdcr_v2_segments_from_revise/curated_004004_seg_008000_055000_noaudio.mp4,"https://commons.wikimedia.org/wiki/File:Controlling-the-motion-of-multiple-objects-on-a-Chladni-plate-ncomms12764-s7.ogv#t=8,55",CC BY 4.0 verify_on_page,pass_candidate,Segment removes the opening answer-bearing title card and preserves particle migration/reorganization on the vibrating plate. | triage_decision=pass_candidate; triage_notes=Clean no-audio segment removes the answer-bearing opening title card and retains visible particle migration/trail reorganization without concept text leakage.,normalized_v2_mp4_noaudio,true,77fa3588d8474980bb83771f5e0403ee3fde7fb0d0408652c9d198f26d1f2137,524446,copied_noaudio_mp4,
vdcr_v2_000150,vdcr_v2_000036,curated_005001,Ice Cliff Calving,earth_environmental_systems,release/media/videos_v2_mp4/vdcr_v2_000150.mp4,media/vdcr_v2_curated_earth/curated_005001.webm,media/vdcr_v2_curated_earth/curated_005001.webm,https://commons.wikimedia.org/wiki/File:040_Eqi_glacier_calving_filmed_in_slow_motion_(Greenland)_Video_by_Giles_Laurent.webm,CC BY-SA 4.0 verify_on_page,pass_candidate,"Candidate should show an ice cliff destabilizing and detaching into the water, not merely a static glacier face. | triage_decision=pass_candidate; triage_notes=sparse frames show glacier/ice cliff detachment and collapse into water with splash plume; no obvious text leakage",normalized_v2_mp4_noaudio,true,d5dfd370efb28870ceae06810a37205d6f3c27b7b78300a42e01180b38254760,43010605,normalized_noaudio_mp4,
vdcr_v2_000151,vdcr_v2_000037,curated_005003_seg_002000_011000_noaudio,Rockfall Fragmentation Cascade,earth_environmental_systems,release/media/videos_v2_mp4/vdcr_v2_000151.mp4,media/vdcr_v2_earth_segments/curated_005003_seg_002000_011000_noaudio.webm,media/vdcr_v2_earth_segments/curated_005003_seg_002000_011000_noaudio.webm,"https://commons.wikimedia.org/wiki/File:Horizontal_Video_of_Rockfall_at_Lower_Calf_Creek_Falls_(54611886078).webm#t=2,11",public_domain_blm_verify_on_page,pass_candidate,Segment removes safety-title cards and preserves boulder detachment/fall/impact dust from the rockfall sequence. | triage_decision=pass_candidate; triage_notes=Clean no-audio segment shows rock detachment/fall/impact dust without answer-bearing text; use this segment rather than the original file.,normalized_v2_mp4_noaudio,true,586d654aee50ed92c2e94d33852a85a319a35436a7e2ad099016f78bb66bdddf,4599709,normalized_noaudio_mp4,
vdcr_v2_000152,vdcr_v2_000038,vdcr_v2_chladni_repeat_000001_noaudio,Chladni Pattern Formation,physics_physical_systems,release/media/videos_v2_mp4/vdcr_v2_000152.mp4,media/vdcr_v2_clean_derivatives/vdcr_v2_chladni_repeat_000001_noaudio.mp4,media/vdcr_v2_clean_derivatives/vdcr_v2_chladni_repeat_000001_noaudio.mp4,https://commons.wikimedia.org/wiki/File:Prato_de_Chladni_01.webm#noaudio,wikimedia_commons_license_verify_on_page,pass_candidate,Clean derivative must show loose particles migrating and concentrating into Chladni nodal-line patterns over time. | triage_decision=pass_candidate; triage_notes=Clean no-audio derivative shows loose particles reorganizing into nodal-line patterns on a vibrating plate; this is a visually distinct second realization for the Chladni Pattern Formation concept.,normalized_v2_mp4_noaudio,true,b4d153e416b064f0a826dda1390ae3f5bcdb7628a1eac31dbfbdfb8ff9c9b2f3,8163540,copied_noaudio_mp4,
vdcr_v2_000153,vdcr_v2_000039,vdcr_v2_commons_acoustic_000001,Acoustic Levitation Node Trapping,physics_physical_systems,release/media/videos_v2_mp4/vdcr_v2_000153.mp4,media/vdcr_v2_next_commons_acoustic/vdcr_v2_commons_acoustic_000001.webm,media/vdcr_v2_next_commons_acoustic/vdcr_v2_commons_acoustic_000001.webm,https://commons.wikimedia.org/wiki/File:Acoustic_Levitation.ogv,PD-US-DOE,pass_candidate,Candidate should show droplets or small objects becoming trapped at acoustic nodes rather than a static floating object or explanatory diagram. | triage_decision=pass_candidate; triage_notes=Segment from 4-45s shows droplets held and positioned at acoustic nodes with no answer-bearing text; use mid-section rather than intro/outro.,normalized_v2_mp4_noaudio,true,dad4c4636be1cafd446c130ee371f9fae04ae7d788f5581f7e4caa41aa213956,1620557,normalized_noaudio_mp4,
vdcr_v2_000154,vdcr_v2_000040,vdcr_v2_commons_beach_000001,Beach Swash-Backwash Cycle,earth_environmental_systems,release/media/videos_v2_mp4/vdcr_v2_000154.mp4,media/vdcr_v2_next_commons_beach/vdcr_v2_commons_beach_000001.webm,media/vdcr_v2_next_commons_beach/vdcr_v2_commons_beach_000001.webm,https://commons.wikimedia.org/wiki/File:P%C3%A1jara_-_Morro_Jable_-_Playa_del_Matorral_(0)_05.ogv,CC-BY-SA-3.0,pass_candidate,Candidate should show wave runup followed by return backwash flow over the beach face rather than only offshore breaking surf. | triage_decision=pass_candidate; triage_notes=Beach clip shows repeated breaker runup thin swash sheet and retreat over the beach face with no answer-bearing text.,normalized_v2_mp4_noaudio,true,bb1a0517bb47e7cfa688720ff12ab3951da6261dd25c7f255fc838a020d84c94,1047567,normalized_noaudio_mp4,
vdcr_v2_000155,vdcr_v2_000041,vdcr_v2_commons_convection_000001_seg_040000_110000_noaudio,Natural Convection Plume,physics_physical_systems,release/media/videos_v2_mp4/vdcr_v2_000155.mp4,media/vdcr_v2_clean_derivatives/vdcr_v2_commons_convection_000001_seg_040000_110000_noaudio.mp4,media/vdcr_v2_clean_derivatives/vdcr_v2_commons_convection_000001_seg_040000_110000_noaudio.mp4,https://commons.wikimedia.org/wiki/File:Convection_currents_in_a_beaker_of_water.webm#t=40.0,CC-BY-3.0 reviewed,pass_candidate,Clean derivative must show dyed fluid rising and circulating as a thermally driven natural convection plume without relying on subtitle text or audio. | triage_decision=pass_candidate; triage_notes=Clean no-audio segment removes the early subtitle and shows pink dye rising and circulating from the heated region as a natural convection plume; no readable answer/source text.,normalized_v2_mp4_noaudio,true,06e0b0eaf01e3b972a7e8f5d6f1ed50b31822763e6d79b43edde5380f54b2577,2469240,copied_noaudio_mp4,
vdcr_v2_000156,vdcr_v2_000042,vdcr_v2_commons_convection_000002_crop_tube_noaudio,Natural Convection Plume,physics_physical_systems,release/media/videos_v2_mp4/vdcr_v2_000156.mp4,media/vdcr_v2_clean_derivatives/vdcr_v2_commons_convection_000002_crop_tube_noaudio.mp4,media/vdcr_v2_clean_derivatives/vdcr_v2_commons_convection_000002_crop_tube_noaudio.mp4,https://commons.wikimedia.org/wiki/File:Convection_currents_in_a_glass_tube.webm#crop-clean,CC-BY-3.0 reviewed,pass_candidate,Clean derivative should show purple tracer rising and circulating through the heated glass tube as a natural convection plume rather than static colored water. | triage_decision=pass_candidate; triage_notes=Clean no-audio crop keeps the glass tube and heat source while showing purple tracer rising on one side and completing a circulation path; no readable answer/source text remains. This is an independent tube-apparatus video distinct from the existing beaker-convection sample.,normalized_v2_mp4_noaudio,true,2b806bd013e3211612524c842dd4868e8a1ddd2e6491e0c9206b0d1bbf597da3,2838155,copied_noaudio_mp4,
vdcr_v2_000157,vdcr_v2_000043,vdcr_v2_commons_lenticular_cloud_000001_noaudio,Lenticular Cloud Formation,earth_environmental_systems,release/media/videos_v2_mp4/vdcr_v2_000157.mp4,media/vdcr_v2_clean_derivatives/vdcr_v2_commons_lenticular_cloud_000001_noaudio.mp4,media/vdcr_v2_clean_derivatives/vdcr_v2_commons_lenticular_cloud_000001_noaudio.mp4,"https://commons.wikimedia.org/wiki/File:Lenticular_cloud_over_Longs_Peak,_Colorado_(time_lapse).ogv#clean-noaudio",CC0-1.0,pass_candidate,"Clean derivative must show a stationary lens cloud growing, decaying, or visibly flowing through a mountain-wave setting without relying on source title or metadata. | triage_decision=pass_candidate; triage_notes=Clean no-audio metadata-stripped MP4 shows a lens-shaped cloud anchored over mountainous terrain while its boundary and thickness evolve across the time lapse; no in-frame answer/source text, and a single frame would not establish the formation/flow-through dynamics.",normalized_v2_mp4_noaudio,true,04ae9a16c2cf23ede01a7f6868474db09bc49495cd610127c2ada01e95907476,1634461,copied_noaudio_mp4,
vdcr_v2_000158,vdcr_v2_000044,vdcr_v2_commons_lenticular_cloud_000002_noaudio,Lenticular Cloud Formation,earth_environmental_systems,release/media/videos_v2_mp4/vdcr_v2_000158.mp4,media/vdcr_v2_clean_derivatives/vdcr_v2_commons_lenticular_cloud_000002_noaudio.mp4,media/vdcr_v2_clean_derivatives/vdcr_v2_commons_lenticular_cloud_000002_noaudio.mp4,https://commons.wikimedia.org/wiki/File:Time-lapse_recording_of_a_lenticular_cloud.webm#clean-noaudio,CC-BY-4.0,pass_candidate,"Clean derivative must show a second, visually distinct lenticular cloud sequence with cloud-edge reshaping or flow-through over terrain; it must not duplicate the first Longs Peak view. | triage_decision=pass_candidate; triage_notes=Clean no-audio MP4 shows a second visually distinct lenticular cloud sequence above terrain, with the cloud edge and thickness reshaping across time; no in-frame answer/source text, and the tree-line valley view is not a near-duplicate of the Longs Peak sample.",normalized_v2_mp4_noaudio,true,f07f6b48e595a3387744077acc5696b3a5c55a758907bdcdd2bc04aba60ee526,5994225,copied_noaudio_mp4,
vdcr_v2_000159,vdcr_v2_000045,vdcr_v2_dvids_overwash_000001_seg_215000_221000_noaudio,Wave Overtopping,earth_environmental_systems,release/media/videos_v2_mp4/vdcr_v2_000159.mp4,media/vdcr_v2_clean_derivatives/vdcr_v2_dvids_overwash_000001_seg_215000_221000_noaudio.mp4,media/vdcr_v2_clean_derivatives/vdcr_v2_dvids_overwash_000001_seg_215000_221000_noaudio.mp4,https://www.dvidshub.net/video/300519/overwash-testing#t=215.0,Public Domain,pass_candidate,"Clean derivative must show wave runup crossing a dune, barrier, or structure with overwash sequence over time, not static spray or interview B-roll. | triage_decision=pass_candidate; triage_notes=Clean no-audio flume segment shows wave runup overtopping/overwashing a model barrier and green terrain; no visible answer/source text.",normalized_v2_mp4_noaudio,true,d91b9a5ad2d7eac334c9181e8604048f36cb967fca145c95fe3eb9d3140808be,217806,copied_noaudio_mp4,
vdcr_v2_000160,vdcr_v2_000046,vdcr_v2_dvids_overwash_000001_seg_226000_232000_noaudio,Wave Overtopping,earth_environmental_systems,release/media/videos_v2_mp4/vdcr_v2_000160.mp4,media/vdcr_v2_clean_derivatives/vdcr_v2_dvids_overwash_000001_seg_226000_232000_noaudio.mp4,media/vdcr_v2_clean_derivatives/vdcr_v2_dvids_overwash_000001_seg_226000_232000_noaudio.mp4,https://www.dvidshub.net/video/300519/overwash-testing#t=226.0,Public Domain,pass_candidate,"Clean derivative must show wave runup crossing a dune, barrier, or structure with overwash sequence over time, not static spray or interview B-roll. | triage_decision=pass_candidate; triage_notes=Clean no-audio side-view segment shows water overtopping a model barrier and spilling down the landward side over time; no visible answer/source text.",normalized_v2_mp4_noaudio,true,25cd815a33fbadf80c417fbaa451ca392268472f685042711e0136a5780d017f,437966,copied_noaudio_mp4,
vdcr_v2_000161,vdcr_v2_000047,vdcr_v2_round14_double_pendulum_animation_noaudio,Double Pendulum Chaos,physics_physical_systems,release/media/videos_v2_mp4/vdcr_v2_000161.mp4,media/vdcr_v2_clean_derivatives/vdcr_v2_round14_double_pendulum_animation_noaudio.mp4,media/vdcr_v2_clean_derivatives/vdcr_v2_round14_double_pendulum_animation_noaudio.mp4,https://commons.wikimedia.org/wiki/File:Double_Pendulum_Animation.webm#metadata-clean,CC BY-SA 4.0; audio and metadata stripped locally,pass_candidate,Clean derivative shows three nearby-initial-condition double pendulum trajectories separating into non-repeating paths; the changing paths are necessary to identify the concept. | triage_decision=pass_candidate; triage_notes=Clean derivative shows three simulated double pendula with nearby initial conditions diverging into non-repeating paths; no audio or source/title metadata remains.,normalized_v2_mp4_noaudio,true,0027f5121dce89d7675f37e9fedd217785fdcfe10919ce1d5a588c6f7008bdbe,3062411,copied_noaudio_mp4,
vdcr_v2_000162,vdcr_v2_000048,vdcr_v2_round17_orographic_andes_clean_noaudio,Orographic Cloud Formation,earth_environmental_systems,release/media/videos_v2_mp4/vdcr_v2_000162.mp4,media/vdcr_v2_clean_derivatives/vdcr_v2_round17_orographic_andes_clean_noaudio.mp4,media/vdcr_v2_clean_derivatives/vdcr_v2_round17_orographic_andes_clean_noaudio.mp4,https://commons.wikimedia.org/wiki/File:Orographic_cirrus_forced_by_the_Andes_(CIRA_2019-08-15).webm#clean-noaudio,Public domain NOAA,pass_candidate,"Clean derivative must show airflow-forced cloud forming or streaming over mountainous terrain, not merely a static cloud cap. | triage_decision=pass_candidate; triage_notes=Clean no-audio cropped MP4 removes the timestamp strip while preserving the satellite sequence of clouds forming and streaming along the Andes terrain; no answer-bearing title or source text is visible.",normalized_v2_mp4_noaudio,true,42dda59e362312d2a1492cd52d0a1803b2cbe63d4e76c1bab9b7a83bb4f0a63b,2812327,copied_noaudio_mp4,
vdcr_v2_000163,vdcr_v2_000049,vdcr_v2_round19_gust_front_gulf_nolabels_clean_noaudio,Gust Front Propagation,earth_environmental_systems,release/media/videos_v2_mp4/vdcr_v2_000163.mp4,media/vdcr_v2_clean_derivatives/vdcr_v2_round19_gust_front_gulf_nolabels_clean_noaudio.mp4,media/vdcr_v2_clean_derivatives/vdcr_v2_round19_gust_front_gulf_nolabels_clean_noaudio.mp4,https://commons.wikimedia.org/wiki/File:Gust_Front_Expands_From_Storms_Over_the_Gulf_of_Mexico_(CIRA_2024-04-29_-_nolabels).webm#clean-cropped,Public domain NOAA,pass_candidate,"Clean derivative must show an outflow/gust-front boundary spreading outward from storms over time, not merely a static storm cloud field. | triage_decision=pass_candidate; triage_notes=Clean cropped MP4 removes the source watermark while preserving the satellite sequence of a gust-front/outflow boundary spreading outward from Gulf thunderstorms; no answer-bearing title/source text is visible.",normalized_v2_mp4_noaudio,true,a54e1dbfe9e50bcaeece70ffc50c1a1dbdf6633f9792693904d499582edcd9e7,9281193,copied_noaudio_mp4,
vdcr_v2_000164,vdcr_v2_000050,vdcr_v2_round23_sandpile_4_clean_noaudio,Granular Surface Avalanche,physics_physical_systems,release/media/videos_v2_mp4/vdcr_v2_000164.mp4,media/vdcr_v2_clean_derivatives/vdcr_v2_round23_sandpile_4_clean_noaudio.mp4,media/vdcr_v2_clean_derivatives/vdcr_v2_round23_sandpile_4_clean_noaudio.mp4,https://commons.wikimedia.org/wiki/File:Sandpile_Matemateca_(4).webm#clean-noaudio,CC BY-SA 4.0 verify_on_page,pass_candidate,"Clean derivative must show a visually distinct granular surface avalanche sequence without source text, title metadata, or audio. | triage_decision=pass_candidate; triage_notes=Clean no-audio MP4 shows a second sandpile geometry with continuing pour-driven surface avalanching and slope readjustment; no readable source, title, or answer-bearing text is visible.",normalized_v2_mp4_noaudio,true,b4f18dd130ef17e0a9d68272832425f03c033de39045fd2883e6b41ff0d4c2cf,2469807,copied_noaudio_mp4,
vdcr_v2_000165,vdcr_v2_000051,vdcr_v2_round23_sandpile_5_clean_noaudio,Granular Surface Avalanche,physics_physical_systems,release/media/videos_v2_mp4/vdcr_v2_000165.mp4,media/vdcr_v2_clean_derivatives/vdcr_v2_round23_sandpile_5_clean_noaudio.mp4,media/vdcr_v2_clean_derivatives/vdcr_v2_round23_sandpile_5_clean_noaudio.mp4,https://commons.wikimedia.org/wiki/File:Sandpile_Matemateca_(5).webm#clean-noaudio,CC BY-SA 4.0 verify_on_page,pass_candidate,"Clean derivative must show granular material building to a critical slope and avalanching down the pile surface over time without source text, title metadata, or audio. | triage_decision=pass_candidate; triage_notes=Clean no-audio MP4 shows sand accumulating on a rectangular pile and repeatedly sliding down the surface after local oversteepening; no readable source, title, or answer-bearing text is visible.",normalized_v2_mp4_noaudio,true,0277b713417d5c8e9d87df03e680718d8504ceb1bfb0fbac22752ac9a5353072,2544334,copied_noaudio_mp4,
vdcr_v2_000166,vdcr_v2_000052,vdcr_v2_round25_rockfall_doldenhorn_clean_noaudio,Rockfall Fragmentation Cascade,earth_environmental_systems,release/media/videos_v2_mp4/vdcr_v2_000166.mp4,media/vdcr_v2_clean_derivatives/vdcr_v2_round25_rockfall_doldenhorn_clean_noaudio.mp4,media/vdcr_v2_clean_derivatives/vdcr_v2_round25_rockfall_doldenhorn_clean_noaudio.mp4,https://commons.wikimedia.org/wiki/File:Steinschlag_am_Doldenhorn%2C_%C3%96schinensee.webm#clean-noaudio,CC BY-SA 4.0 verify_on_page,pass_candidate,"Clean derivative must show rockfall material descending and generating a dust/debris cascade over time without source text, title metadata, or audio. | triage_decision=pass_candidate; triage_notes=Clean no-audio MP4 shows a distant rockfall/landslide dust-and-debris cascade descending along a cliff face over time; individual blocks are not resolved, so this is a weaker repeat-video sample than the existing close rockfall sample but remains visually self-contained.",normalized_v2_mp4_noaudio,true,0da51d01ae32bc76cc8d9f981d0a9cd47caf88e3ad58dbe3b8ea730e8dcef2d0,1042240,copied_noaudio_mp4,
vdcr_v2_000167,vdcr_v2_000053,vdcr_v2_round32_fbi_tsunami_pagogago_end_clean_noaudio,Tsunami Bore Inundation,earth_environmental_systems,release/media/videos_v2_mp4/vdcr_v2_000167.mp4,media/vdcr_v2_clean_derivatives/vdcr_v2_round32_fbi_tsunami_pagogago_end_clean_noaudio.mp4,media/vdcr_v2_clean_derivatives/vdcr_v2_round32_fbi_tsunami_pagogago_end_clean_noaudio.mp4,https://commons.wikimedia.org/wiki/File:FBI_tsunami_video_-_Pago_Pago_parking_lot_-_end.ogv#clean-noaudio,PD-ineligible verify_on_page,pass_candidate,Clean derivative must show a bore-like inundation front advancing into a built environment without relying on source title text or audio. | triage_decision=pass_candidate; triage_notes=Clean derivative shows a bore-like inundation front entering the parking lot and rapidly surrounding vehicles; surveillance camera/time text does not reveal the answer.,normalized_v2_mp4_noaudio,true,146024eb69a7926064ae66c57790bfe777347bbdeb3fabe64ca7f5b2da81a365,443777,copied_noaudio_mp4,
vdcr_v2_000168,vdcr_v2_000054,vdcr_v2_round32_gallium_droplet_coalescence_clean_noaudio,Capillary-Driven Droplet Coalescence,physics_physical_systems,release/media/videos_v2_mp4/vdcr_v2_000168.mp4,media/vdcr_v2_clean_derivatives/vdcr_v2_round32_gallium_droplet_coalescence_clean_noaudio.mp4,media/vdcr_v2_clean_derivatives/vdcr_v2_round32_gallium_droplet_coalescence_clean_noaudio.mp4,https://commons.wikimedia.org/wiki/File:Gallium_drops.ogv#clean-noaudio,CC BY-SA 4.0 verify_on_page,pass_candidate,"Clean derivative must show separate liquid droplets contacting and fusing into larger droplets over time without relying on source title text or audio. | triage_decision=pass_candidate; triage_notes=Clean derivative shows separate metallic liquid droplets contacting, fusing, and reducing to larger droplets over time; no title, source text, or answer-bearing overlay is visible.",normalized_v2_mp4_noaudio,true,597a239fdfc0e0f311733de5bbb28d42cf05311a288a3266506387a8cf57479d,7165554,copied_noaudio_mp4,
vdcr_v2_000169,vdcr_v2_000055,vdcr_v2_round33_kita_ibaraki_tsunami_crop_clean_noaudio,Tsunami Bore Inundation,earth_environmental_systems,release/media/videos_v2_mp4/vdcr_v2_000169.mp4,media/vdcr_v2_clean_derivatives/vdcr_v2_round33_kita_ibaraki_tsunami_crop_clean_noaudio.mp4,media/vdcr_v2_clean_derivatives/vdcr_v2_round33_kita_ibaraki_tsunami_crop_clean_noaudio.mp4,https://commons.wikimedia.org/wiki/File:Tsunami_20110311_Kita-Ibaraki_Japan.ogv#clean-crop-noaudio,CC BY 3.0 verify_on_page,pass_candidate,Clean derivative must show a tsunami or bore-like inundation front advancing through a real coastal built environment without relying on source title text or audio. | triage_decision=pass_candidate; triage_notes=Clean derivative shows real coastal street inundation with water advancing through a built environment and rising around vehicles; QR/source watermark is cropped out and no answer-bearing text remains.,normalized_v2_mp4_noaudio,true,4ba4b9f0f464a0d55f55470bce41e3265fb87a87c146a529263c511265249de5,8911682,copied_noaudio_mp4,
vdcr_v2_000170,vdcr_v2_000056,vdcr_v2_round34_san_mateo_rotational_slump_clean_noaudio,Rotational Slump Failure,earth_environmental_systems,release/media/videos_v2_mp4/vdcr_v2_000170.mp4,media/vdcr_v2_clean_derivatives/vdcr_v2_round34_san_mateo_rotational_slump_clean_noaudio.mp4,media/vdcr_v2_clean_derivatives/vdcr_v2_round34_san_mateo_rotational_slump_clean_noaudio.mp4,https://commons.wikimedia.org/wiki/File:Landslide_animation_San_Matteo_County.gif#clean-noaudio,Public domain USGov verify_on_page,pass_candidate,"Clean derivative must show coherent slump-style slope movement with head scarp subsidence and toe displacement over time without relying on source title text or audio. | triage_decision=pass_candidate; triage_notes=Clean derivative shows coherent day-by-day rotational/slump-style slope deformation with upper scarp and road-adjacent ground displacement plus toe movement; only DAY labels are present, with no answer-bearing text.",normalized_v2_mp4_noaudio,true,ae4313f8224ffa114f32663bac6e06ace4110b9e257038ef6279239b1af25dfd,2911383,copied_noaudio_mp4,
vdcr_v2_000171,vdcr_v2_000057,vdcr_v2_round3_lahar_crop_100_116_noaudio,Lahar Flow Propagation,earth_environmental_systems,release/media/videos_v2_mp4/vdcr_v2_000171.mp4,media/vdcr_v2_clean_derivatives/vdcr_v2_round3_lahar_crop_100_116_noaudio.mp4,media/vdcr_v2_clean_derivatives/vdcr_v2_round3_lahar_crop_100_116_noaudio.mp4,"https://commons.wikimedia.org/wiki/File:Mount_Rainier_Lahars-_Hazards_for_the_Puyallup_and_Nisqually_River_Drainages.webm#t=100,116-crop-noaudio",wikimedia_commons_license_verify_on_page,pass_candidate,"Clean derivative must show simulated volcanic debris-flow fronts propagating downslope through river valleys without answer-bearing title text or audio. | triage_decision=pass_candidate; triage_notes=Clean no-audio crop removes title, legend, and answer-bearing text while preserving the simulated debris-flow fronts spreading downslope from the source region through valley topography over time.",normalized_v2_mp4_noaudio,true,beb8f80e807b50218c74e2812d287705700ba17411a0108ffebe9e8a577287bd,1467291,copied_noaudio_mp4,
vdcr_v2_000172,vdcr_v2_000058,vdcr_v2_round49_tesla_coil_streamer_branching_clean_noaudio,Tesla Coil Streamer Branching,physics_physical_systems,release/media/videos_v2_mp4/vdcr_v2_000172.mp4,media/vdcr_v2_clean_derivatives/vdcr_v2_round49_tesla_coil_streamer_branching_clean_noaudio.mp4,media/vdcr_v2_clean_derivatives/vdcr_v2_round49_tesla_coil_streamer_branching_clean_noaudio.mp4,https://commons.wikimedia.org/wiki/File:Tesla_Coil_Lightning.webm#clean-segment-noaudio,CC BY 4.0 verify_on_page,pass_candidate,"Clean derivative must show transient Tesla-coil streamer branching or restrike over time without relying on source title text, audio, or metadata. | triage_decision=pass_candidate; triage_notes=Clean MP4 removes audio and source metadata. The sequence shows a Tesla-coil discharge terminal repeatedly generating short branching purple streamers that appear, split, disappear, and restrike over time, supporting Tesla Coil Streamer Branching rather than a static spark photograph or generic electric arc. There is no in-frame answer text.",normalized_v2_mp4_noaudio,true,9c526c3a2ab7a7a088b7674f4a7c96137354d765c028535c665d7cdde1010ace,133555,copied_noaudio_mp4,
vdcr_v2_000173,vdcr_v2_000059,vdcr_v2_round4_beach_overhead_8_60_noaudio,Beach Swash-Backwash Cycle,earth_environmental_systems,release/media/videos_v2_mp4/vdcr_v2_000173.mp4,media/vdcr_v2_clean_derivatives/vdcr_v2_round4_beach_overhead_8_60_noaudio.mp4,media/vdcr_v2_clean_derivatives/vdcr_v2_round4_beach_overhead_8_60_noaudio.mp4,https://commons.wikimedia.org/wiki/File:Overhead_view_of_waves_on_the_shore.webm,CC-BY-3.0,pass_candidate,"Clean derivative should show repeated wave runup and return backwash sheets over the beach face from an overhead viewpoint without title, credits, or audio. | triage_decision=pass_candidate; triage_notes=Clean no-audio derivative removes opening/closing source text while preserving repeated wave runup and return backwash sheets over the beach face from a visually distinct overhead viewpoint.",normalized_v2_mp4_noaudio,true,8bbbec09d284ab536e7f97a249729ade0e871a70c9eefbde38cd0e8bd5cd6d02,28078603,copied_noaudio_mp4,
vdcr_v2_000174,vdcr_v2_000060,vdcr_v2_round4_phoenix_duststorm_noaudio,Dust Storm Front Propagation,earth_environmental_systems,release/media/videos_v2_mp4/vdcr_v2_000174.mp4,media/vdcr_v2_clean_derivatives/vdcr_v2_round4_phoenix_duststorm_noaudio.webm,media/vdcr_v2_clean_derivatives/vdcr_v2_round4_phoenix_duststorm_noaudio.webm,https://commons.wikimedia.org/wiki/File:Phoenix_DustStorm.webm#noaudio-clean,CC-BY-3.0,pass_candidate,"Clean derivative should show an advancing dust-storm wall/front moving across a city scene over time without audio or in-frame source text. | triage_decision=pass_candidate; triage_notes=Clean no-audio derivative shows an opaque dust-storm wall/front advancing across the city scene until it engulfs the view, with no visible answer-bearing or source text.",normalized_v2_mp4_noaudio,true,37c86843112428e7cfc8bfdbd633c16dd1f1fd17548ec8320c33d0350073c446,4530440,normalized_noaudio_mp4,
vdcr_v2_000175,vdcr_v2_000061,vdcr_v2_round50_positive_streamer_discharge_propagation_clean_noaudio,Positive Streamer Discharge Propagation,physics_physical_systems,release/media/videos_v2_mp4/vdcr_v2_000175.mp4,media/vdcr_v2_clean_derivatives/vdcr_v2_round50_positive_streamer_discharge_propagation_clean_noaudio.mp4,media/vdcr_v2_clean_derivatives/vdcr_v2_round50_positive_streamer_discharge_propagation_clean_noaudio.mp4,https://commons.wikimedia.org/wiki/File:Simulation_of_a_positive_streamer_discharge.webm#clean-segment-noaudio,CC BY-SA 4.0 verify_on_page,pass_candidate,"Clean derivative must show a positive streamer discharge channel advancing through gas over time without relying on source title text, audio, or metadata. | triage_decision=pass_candidate; triage_notes=Clean MP4 removes source metadata and has no audio. The simulation frames show a discharge channel elongating through gas over time across electric-field, electron-density, charge-density, and light-emission views; no in-frame answer text or panel labels are visible. This supports Positive Streamer Discharge Propagation as a distinct source-hidden concept, separate from Tesla-coil streamer branching and generic glow discharge.",normalized_v2_mp4_noaudio,true,b4591a5904391519ddc35afb814b6c8abbd239bbef51f650a51700670a1b4c50,1768956,copied_noaudio_mp4,
vdcr_v2_000176,vdcr_v2_000062,vdcr_v2_round51_muldrow_glacier_surge_timelapse_clean_noaudio,Glacier Surge,earth_environmental_systems,release/media/videos_v2_mp4/vdcr_v2_000176.mp4,media/vdcr_v2_clean_derivatives/vdcr_v2_round51_muldrow_glacier_surge_timelapse_clean_noaudio.mp4,media/vdcr_v2_clean_derivatives/vdcr_v2_round51_muldrow_glacier_surge_timelapse_clean_noaudio.mp4,https://www.nps.gov/media/video/view.htm?id=3891AE87-2739-4586-BA36-E57FCE285B37#clean-segment-noaudio,Public domain NPS video credited to NPS without copyright symbol,pass_candidate,"Clean derivative must show surge-phase glacier front advance or surface thickening over time without relying on source title text, audio, or metadata. | triage_decision=pass_candidate; triage_notes=Clean MP4 removes the source metadata and audio track. The fixed time-lapse view shows the glacier toe and surface mass advancing through the valley over the sequence; no in-frame answer text is visible. This supports Glacier Surge rather than a static glacier landscape or ordinary glacier-retreat imagery, although it remains a long-timescale earth-process sample that depends on temporal playback visibility.",normalized_v2_mp4_noaudio,true,a36c2641242d3d05c34ec02eb9fe830436d8f2763b71d717a55d60bf49453cdb,12556592,copied_noaudio_mp4,
vdcr_v2_000177,vdcr_v2_000063,vdcr_v2_round58_drop_impact_spreading_impact_phase_clean_noaudio,Inertia-Driven Droplet Impact Spreading,physics_physical_systems,release/media/videos_v2_mp4/vdcr_v2_000177.mp4,media/vdcr_v2_clean_derivatives/vdcr_v2_round58_drop_impact_spreading_impact_phase_clean_noaudio.mp4,media/vdcr_v2_clean_derivatives/vdcr_v2_round58_drop_impact_spreading_impact_phase_clean_noaudio.mp4,https://commons.wikimedia.org/wiki/File:Symmetry-breaking-in-drop-bouncing-on-curved-surfaces-ncomms10034-s3.ogv#impact-phase-clean-noaudio,CC BY 4.0; clean derivative from Nature Communications supplementary movie imported via PubMed Central/Open Access Media Importer,pass_candidate,"Clean derivative must show a droplet descending, contacting the surface, and spreading outward under impact inertia without retaining later rebound/retraction, source-title, plot, timestamp, audio, or metadata leakage. | triage_decision=pass_candidate; triage_notes=Short clean derivative keeps only the source-hidden side-view impact phase: the droplet descends, contacts the surface, flattens, and spreads laterally into a wide lamella under impact inertia. It removes source/title text, labels, timestamps, plots, audio, and metadata, and stops before the later rebound/retraction phase to reduce overlap with Droplet Spreading and Retraction.",normalized_v2_mp4_noaudio,true,9abb53c1c548304e9cec7ca5e8b7dc967ed26961f7b29abce6bae83ad909188c,71622,copied_noaudio_mp4,
vdcr_v2_000178,vdcr_v2_000064,vdcr_v2_round63_strandsandblasen_wangerooge_i_clean_noaudio,Aeolian Saltation,earth_environmental_systems,release/media/videos_v2_mp4/vdcr_v2_000178.mp4,media/vdcr_v2_clean_derivatives/vdcr_v2_round63_strandsandblasen_wangerooge_i_clean_noaudio.mp4,media/vdcr_v2_clean_derivatives/vdcr_v2_round63_strandsandblasen_wangerooge_i_clean_noaudio.mp4,https://commons.wikimedia.org/wiki/File:Strandsandblasen_(Wangerooge)_i.webm#clean-noaudio,CC0 1.0; clean derivative from own-work Commons video by Rhetos,pass_candidate,"Clean derivative must show near-ground wind-driven sand transport consistent with aeolian saltation, without audio or source-title metadata leakage. | triage_decision=pass_candidate; triage_notes=Clean derivative removes audio and source metadata while preserving near-ground wind-driven sand transport over the beach surface. The sequence supports Aeolian Saltation at the macroscopic saltation-sheet level; no in-frame answer text or source labels are visible. Keep the production gate strict: do not treat generic dust suspension or scenic blowing-sand clips as pass unless near-surface transport is visually central.",normalized_v2_mp4_noaudio,true,66bf6ad038c8faca7aef4ab3980f77ef7fcba84420ef37e3d9a5208ad0f4d359,7212288,copied_noaudio_mp4,
vdcr_v2_000179,vdcr_v2_000065,vdcr_v2_round65_couette_cell_laminar_reversibility_clean_noaudio,Stokes Flow Kinematic Reversibility,physics_physical_systems,release/media/videos_v2_mp4/vdcr_v2_000179.mp4,media/vdcr_v2_clean_derivatives/vdcr_v2_round65_couette_cell_laminar_reversibility_clean_noaudio.mp4,media/vdcr_v2_clean_derivatives/vdcr_v2_round65_couette_cell_laminar_reversibility_clean_noaudio.mp4,https://commons.wikimedia.org/wiki/File:Couette_Cell_for_Displaying_the_Properties_of_Laminar_Flow_-_UNM_Physics_and_Astronomy.webm#clean-noaudio,CC BY 3.0; YouTube license reviewed on Commons; author UNM Physics and Astronomy; clean derivative keeps original license terms,pass_candidate,"Candidate must show laminar deformation followed by reversed motion that restores the pattern, not merely steady layered Couette flow. | triage_decision=pass_candidate; triage_notes=Clean derivative removes audio and metadata while preserving laminar dye deformation followed by reversed motion toward restoration.",normalized_v2_mp4_noaudio,true,b8240591989cddacddd00b559ac0a51bfdb6d729921163a16d124a46e72a2f66,2367232,copied_noaudio_mp4,
vdcr_v2_000180,vdcr_v2_000066,vdcr_v2_round65_droplet_spreading_retraction_curved_surface_clean_crop_noaudio,Droplet Spreading and Retraction,physics_physical_systems,release/media/videos_v2_mp4/vdcr_v2_000180.mp4,media/vdcr_v2_clean_derivatives/vdcr_v2_round65_droplet_spreading_retraction_curved_surface_clean_crop_noaudio.mp4,media/vdcr_v2_clean_derivatives/vdcr_v2_round65_droplet_spreading_retraction_curved_surface_clean_crop_noaudio.mp4,https://commons.wikimedia.org/wiki/File:Symmetry-breaking-in-drop-bouncing-on-curved-surfaces-ncomms10034-s3.ogv#clean-crop-noaudio,CC BY 4.0; Nature Communications OA supplementary movie; clean derivative keeps original license terms,pass_candidate,"Candidate must show a droplet impacting, spreading, retracting, and bouncing or recoiling over time, not a static droplet footprint. | triage_decision=pass_candidate; triage_notes=Clean derivative removes lower plot panels and metadata while preserving droplet impact, spreading, retraction, and rebound views.",normalized_v2_mp4_noaudio,true,bbe5cb6fd986aee9b6988452bee1db1c43dacdcb91c50afe4732b06762b43323,479396,copied_noaudio_mp4,
vdcr_v2_000181,vdcr_v2_000067,vdcr_v2_round65_ebullicion_boiling_animation_clean_crop_noaudio,Boiling Bubble Nucleation and Departure,physics_physical_systems,release/media/videos_v2_mp4/vdcr_v2_000181.mp4,media/vdcr_v2_clean_derivatives/vdcr_v2_round65_ebullicion_boiling_animation_clean_crop_noaudio.mp4,media/vdcr_v2_clean_derivatives/vdcr_v2_round65_ebullicion_boiling_animation_clean_crop_noaudio.mp4,https://commons.wikimedia.org/wiki/File:Ebullici%C3%B3n.webm#clean-crop-noaudio,wikimedia_commons_license_verify_on_page; own work by Cristobalsanchezruiz; clean derivative keeps original license terms,pass_candidate,"Candidate must show bubbles nucleating and departing during boiling, not only a static pot or generic water motion. | triage_decision=pass_candidate; triage_notes=Clean derivative removes audio, metadata, and bottom temperature/boiling-point text while preserving bubble nucleation and departure.",normalized_v2_mp4_noaudio,true,f8708ed7113619d15f9fa4605044fd8e330a995836c7eb23a2ab781af8a5cf3c,160222,copied_noaudio_mp4,
vdcr_v2_000182,vdcr_v2_000068,vdcr_v2_round65_jacobs_ladder_ascending_arc_clean_noaudio,Electric Arc Formation and Bending,physics_physical_systems,release/media/videos_v2_mp4/vdcr_v2_000182.mp4,media/vdcr_v2_clean_derivatives/vdcr_v2_round65_jacobs_ladder_ascending_arc_clean_noaudio.mp4,media/vdcr_v2_clean_derivatives/vdcr_v2_round65_jacobs_ladder_ascending_arc_clean_noaudio.mp4,https://commons.wikimedia.org/wiki/File:Jacob%27s_Ladder_(ascending_electrical_arc).webm#clean-noaudio,wikimedia_commons_license_verify_on_page; clean derivative keeps original license terms,pass_candidate,"Candidate must show electric arc ignition, bending, and upward motion between electrodes, not a static glowing wire or lightning still. | triage_decision=pass_candidate; triage_notes=Clean derivative removes audio and metadata while preserving arc ignition, bending, and upward motion between electrodes.",normalized_v2_mp4_noaudio,true,d657c0d77a7d4647778d7d436113d8a931b5f3264930b9cd14706c6423bd2eef,2501502,copied_noaudio_mp4,
vdcr_v2_000183,vdcr_v2_000069,vdcr_v2_round65_synchronized_metronomes_clean_noaudio,Coupled Pendulum Synchronization,physics_physical_systems,release/media/videos_v2_mp4/vdcr_v2_000183.mp4,media/vdcr_v2_clean_derivatives/vdcr_v2_round65_synchronized_metronomes_clean_noaudio.mp4,media/vdcr_v2_clean_derivatives/vdcr_v2_round65_synchronized_metronomes_clean_noaudio.mp4,https://commons.wikimedia.org/wiki/File:Wesphysdemo_-_Synchronized_Metronomes.webm#clean-noaudio,CC BY 3.0; YouTube license reviewed on Commons; author wesphysdemo; clean derivative keeps original license terms,pass_candidate,"Candidate must show initially out-of-phase metronomes/pendula becoming synchronized through a shared movable base, not merely already-synchronized oscillation. | triage_decision=pass_candidate; triage_notes=Clean derivative removes audio and metadata while preserving metronomes transitioning from unsynchronized to synchronized motion through a shared base.",normalized_v2_mp4_noaudio,true,1de6096980228f4a484353933d46b1eb267edecb7fe4c0970f04d8719824d902,17063034,copied_noaudio_mp4,
vdcr_v2_000184,vdcr_v2_000070,vdcr_v2_round66_eqi_glacier_calving_slow_motion_clean_noaudio,Ice Cliff Calving,earth_environmental_systems,release/media/videos_v2_mp4/vdcr_v2_000184.mp4,media/vdcr_v2_clean_derivatives/vdcr_v2_round66_eqi_glacier_calving_slow_motion_clean_noaudio.mp4,media/vdcr_v2_clean_derivatives/vdcr_v2_round66_eqi_glacier_calving_slow_motion_clean_noaudio.mp4,https://commons.wikimedia.org/wiki/File:040_Eqi_glacier_calving_filmed_in_slow_motion_(Greenland)_Video_by_Giles_Laurent.webm#clean-noaudio,CC BY-SA 4.0; own work by Giles Laurent; featured media on Commons; clean derivative keeps original license terms,pass_candidate,"Candidate must show ice cliff failure and falling ice blocks over time, not merely a static glacier front. | triage_decision=pass_candidate; triage_notes=Clean derivative removes audio and metadata while preserving a glacier ice cliff collapsing into the water with dust/spray evolution.",normalized_v2_mp4_noaudio,true,af047670e93224f9e8d8ef61553de0b707857e2056c83eb30d30bfd663b94102,6697389,copied_noaudio_mp4,
vdcr_v2_000185,vdcr_v2_000071,vdcr_v2_round67_tidal_current_spaghettieffekt_clean_noaudio,Tidal Current Acceleration,earth_environmental_systems,release/media/videos_v2_mp4/vdcr_v2_000185.mp4,media/vdcr_v2_clean_derivatives/vdcr_v2_round67_tidal_current_spaghettieffekt_clean_noaudio.mp4,media/vdcr_v2_clean_derivatives/vdcr_v2_round67_tidal_current_spaghettieffekt_clean_noaudio.mp4,https://commons.wikimedia.org/wiki/File:Gezeitenstufe_(Spaghettieffekt).webm#clean-noaudio,CC0 1.0; own work by Rhetos; clean derivative keeps original license terms,pass_candidate,"Clean derivative must show visible floating debris or water features accelerating through a tidal current gradient over time, not a generic harbor water scene. | triage_decision=pass_candidate; triage_notes=Clean no-audio derivative shows floating debris and water-surface texture entering a faster tidal flow zone near the harbor, making the acceleration gradient observable over time without relying on source title, audio, or metadata.",normalized_v2_mp4_noaudio,true,42a72811687b892e1347452b77c2bff3e33cf2320cffcfb9631ab85f3628e574,22314929,copied_noaudio_mp4,
vdcr_v2_000186,vdcr_v2_000072,vdcr_v2_round69_tidal_current_stufeneffekt_clean_crop_noaudio,Tidal Current Acceleration,earth_environmental_systems,release/media/videos_v2_mp4/vdcr_v2_000186.mp4,media/vdcr_v2_clean_derivatives/vdcr_v2_round69_tidal_current_stufeneffekt_clean_crop_noaudio.mp4,media/vdcr_v2_clean_derivatives/vdcr_v2_round69_tidal_current_stufeneffekt_clean_crop_noaudio.mp4,https://commons.wikimedia.org/wiki/File:Gezeitenstufe_(Stufeneffekt).webm#clean-crop-noaudio,CC0 1.0; own work by Rhetos; clean derivative keeps original license terms,pass_candidate,"Clean derivative must show water accelerating across a visible tidal-current step or gradient over time, not a static harbor water scene. | triage_decision=pass_candidate; triage_notes=Clean cropped no-audio derivative shows roughened fast-flow water crossing a visible tidal-current step/gradient, grounding tidal current acceleration without title, audio, metadata, or black-bar clutter.",normalized_v2_mp4_noaudio,true,ba9fa2f0933bf56c918208c5abbba5c40c75fa14c772b0542139d039da45de02,12151926,copied_noaudio_mp4,
vdcr_v2_000187,vdcr_v2_000073,vdcr_v2_round70_todes_priel_flood_tide_channel_infilling_seg_000_060_clean_noaudio,Flood-Tide Channel Infilling,earth_environmental_systems,release/media/videos_v2_mp4/vdcr_v2_000187.mp4,media/vdcr_v2_clean_derivatives/vdcr_v2_round70_todes_priel_flood_tide_channel_infilling_seg_000_060_clean_noaudio.mp4,media/vdcr_v2_clean_derivatives/vdcr_v2_round70_todes_priel_flood_tide_channel_infilling_seg_000_060_clean_noaudio.mp4,https://commons.wikimedia.org/wiki/File:Todes-Priel_(Gefahr_bei_Flut).webm#clean-seg-000-060-noaudio,CC0 1.0; own work by Rhetos; clean derivative keeps original license terms,pass_candidate,"Clean derivative must show repeated waves or rising flood tide filling a low channel/rill over time, not static wet sand or generic surf. | triage_decision=pass_candidate; triage_notes=Clean 0-60s no-audio segment shows successive waves spreading into a low beach channel/rill and enlarging the connected water-filled area, grounding flood-tide channel infilling without source title, audio, or metadata leakage.",normalized_v2_mp4_noaudio,true,1de7a57d169252fa6156501d9c110eedb7da8465bc7abbc76e3c319c567f1d0e,14559556,copied_noaudio_mp4,
vdcr_v2_000188,vdcr_v2_000074,vdcr_v2_round73_dust_storm_southern_california_cira_seg_032_068_clean_crop_noaudio,Dust Storm Front Propagation,earth_environmental_systems,release/media/videos_v2_mp4/vdcr_v2_000188.mp4,media/vdcr_v2_clean_derivatives/vdcr_v2_round73_dust_storm_southern_california_cira_seg_032_068_clean_crop_noaudio.mp4,media/vdcr_v2_clean_derivatives/vdcr_v2_round73_dust_storm_southern_california_cira_seg_032_068_clean_crop_noaudio.mp4,https://commons.wikimedia.org/wiki/File:Dust_storm_in_southern_California_(CIRA_2017-03-30).webm#clean-crop-noaudio,Public Domain US NOAA via GOES imagery by CSU/CIRA & NOAA; clean derivative strips audio/metadata and crops source overlays,pass_candidate,"Clean middle segment should show a dust plume/front propagating across the satellite scene without relying on in-frame annotations. | triage_decision=pass_candidate; triage_notes=Clean 3.2-6.8s cropped derivative shows a coherent dust plume/front advancing across the satellite scene over time; audio, metadata, bottom overlays, and answer-bearing annotations are removed.",normalized_v2_mp4_noaudio,true,fba32f66f4a43792eae19764fbc5c1c65abbf0311b0e8ce228f0c00cd6079b3a,1796193,copied_noaudio_mp4,
vdcr_v2_000189,vdcr_v2_000075,vdcr_v2_round75_strandrinne_prielstromung_flood_tide_channel_infilling_seg_070_100_clean_noaudio,Flood-Tide Channel Infilling,earth_environmental_systems,release/media/videos_v2_mp4/vdcr_v2_000189.mp4,media/vdcr_v2_clean_derivatives/vdcr_v2_round75_strandrinne_prielstromung_flood_tide_channel_infilling_seg_070_100_clean_noaudio.mp4,media/vdcr_v2_clean_derivatives/vdcr_v2_round75_strandrinne_prielstromung_flood_tide_channel_infilling_seg_070_100_clean_noaudio.mp4,https://commons.wikimedia.org/wiki/File:Strandrinne_(Prielstr%C3%B6mung).webm#clean-seg-070-100-noaudio,CC BY-SA 4.0; own work by Rhetos; clean derivative strips audio/metadata and excludes title/annotation frames,pass_candidate,Clean segment should show incoming tidal water occupying and flowing through a shallow beach/creek channel over time without in-frame explanatory text. | triage_decision=pass_candidate; triage_notes=Clean 70-100s derivative removes audio and explanatory frames while showing incoming tidal water occupying and flowing through a beach/creek channel over time; no answer-bearing text is visible in-frame.,normalized_v2_mp4_noaudio,true,0f35a3d8064cc4b300fd12232b92a316caf82c396301ac5f23cf4b110358b977,18759120,copied_noaudio_mp4,
vdcr_v2_000190,vdcr_v2_000076,vdcr_v2_round77_andes_mountain_wave_clouds_clean_crop_noaudio,Orographic Cloud Formation,earth_environmental_systems,release/media/videos_v2_mp4/vdcr_v2_000190.mp4,media/vdcr_v2_clean_derivatives/vdcr_v2_round77_andes_mountain_wave_clouds_clean_crop_noaudio.mp4,media/vdcr_v2_clean_derivatives/vdcr_v2_round77_andes_mountain_wave_clouds_clean_crop_noaudio.mp4,https://commons.wikimedia.org/wiki/File:A_multitude_of_mountain_wave_clouds_on_the_lee_of_the_Andes_(CIRA_2019-07-16).webm#clean-crop-noaudio,Public Domain US NOAA via GOES imagery by CSU/CIRA & NOAA; clean derivative strips audio/metadata and crops bottom timestamp,pass_candidate,"Clean satellite sequence should show terrain-forced lee-side wave cloud bands organizing along the Andes over time without relying on source captions. | triage_decision=pass_candidate; triage_notes=Clean cropped derivative removes audio, metadata, and the bottom timestamp while preserving the satellite sequence of lee-side wave cloud bands organizing along the Andes; no answer-bearing source text is visible.",normalized_v2_mp4_noaudio,true,44121ae971bd5464ccf61d44612a6251f36e7d387850f29326fcf8be7dd2a1f9,1458643,copied_noaudio_mp4,
vdcr_v2_000191,vdcr_v2_000077,vdcr_v2_round78_wangerooge_rip_current_clean_noaudio,Rip Current Formation,earth_environmental_systems,release/media/videos_v2_mp4/vdcr_v2_000191.mp4,media/vdcr_v2_clean_derivatives/vdcr_v2_round78_wangerooge_rip_current_clean_noaudio.mp4,media/vdcr_v2_clean_derivatives/vdcr_v2_round78_wangerooge_rip_current_clean_noaudio.mp4,"https://commons.wikimedia.org/wiki/File:Brandungsr%C3%BCckstrom_(Rip_current,_Wangerooge).webm#clean-noaudio",CC0 1.0; own work by Rhetos; clean derivative strips audio/metadata,pass_candidate,Clean sequence should show a localized return current moving seaward through or beneath incoming breaking waves without relying on source captions. | triage_decision=pass_candidate; triage_notes=Clean no-audio derivative shows localized foam/water return flow moving seaward through the surf zone beneath or against incoming breaking waves; no in-frame answer-bearing text is visible.,normalized_v2_mp4_noaudio,true,78738e1df75c3fb1ed02eb03b6e419f60163e6f5b28f4c6070864a99f46571bd,29894464,copied_noaudio_mp4,
vdcr_v2_000192,vdcr_v2_000078,vdcr_v2_round79_cedar_creek_fire_pyrocumulonimbus_nolabels,Pyrocumulus Development,earth_environmental_systems,release/media/videos_v2_mp4/vdcr_v2_000192.mp4,media/vdcr_v2_targeted_round79_manual/vdcr_v2_round79_cedar_creek_fire_pyrocumulonimbus_nolabels.webm,media/vdcr_v2_targeted_round79_manual/vdcr_v2_round79_cedar_creek_fire_pyrocumulonimbus_nolabels.webm,https://commons.wikimedia.org/wiki/File:Cedar_Creek_Fire_Produces_Pyrocumulonimbus_(CIRA_2022-09-11_-_nolabels).webm,Public Domain US NOAA via GOES imagery by CSU/CIRA & NOAA,pass_candidate,"Candidate should show wildfire-driven convective cloud billows growing or expanding over time, not merely static smoke or a labeled fire map. | triage_decision=pass_candidate; triage_notes=No-label NOAA/CIRA satellite sequence has no audio stream and no answer-bearing text. It shows wildfire-driven convective cloud billows growing and expanding above the smoke plume over time, supporting Pyrocumulus Development rather than generic smoke dispersion.",normalized_v2_mp4_noaudio,true,ff31093ea21ccff15074a2d6e07c0255ad0dbb5d16942ccfdad2c233091cb3e2,2144770,normalized_noaudio_mp4,
vdcr_v2_000193,vdcr_v2_000079,vdcr_v2_round7_tesla_flyback_5_53_noaudio,Tesla Coil Streamer Branching,physics_physical_systems,release/media/videos_v2_mp4/vdcr_v2_000193.mp4,media/vdcr_v2_clean_derivatives/vdcr_v2_round7_tesla_flyback_5_53_noaudio.mp4,media/vdcr_v2_clean_derivatives/vdcr_v2_round7_tesla_flyback_5_53_noaudio.mp4,https://commons.wikimedia.org/wiki/File:Flyback_Powered_Tesla_Coil.webm#noaudio-clean,CC BY 3.0 verify_on_page,pass_candidate,"Clean derivative should show transient branching streamer discharges from a Tesla coil without audio or source metadata. | triage_decision=pass_candidate; triage_notes=Clean no-audio derivative shows repeated transient purple streamer branches growing, splitting, and restriking from the Tesla coil toroid; no audio, metadata stream, or readable answer-bearing text remains.",normalized_v2_mp4_noaudio,true,2e66d259cb0eed450ae3e23a55d5c920a6a97097963e2c0279fdea9452e59122,10130203,copied_noaudio_mp4,
vdcr_v2_000194,vdcr_v2_000080,vdcr_v2_round7_tesla_small_5_43_noaudio,Tesla Coil Streamer Branching,physics_physical_systems,release/media/videos_v2_mp4/vdcr_v2_000194.mp4,media/vdcr_v2_clean_derivatives/vdcr_v2_round7_tesla_small_5_43_noaudio.mp4,media/vdcr_v2_clean_derivatives/vdcr_v2_round7_tesla_small_5_43_noaudio.mp4,https://commons.wikimedia.org/wiki/File:Tesla_coil_(small).webm#noaudio-clean,CC BY 3.0 verify_on_page,pass_candidate,Clean derivative should show a second visually distinct Tesla coil producing transient streamer discharges without audio or source metadata. | triage_decision=pass_candidate; triage_notes=Clean no-audio derivative shows a second visually distinct Tesla coil setup with intermittent streamer branches/restrikes around the toroid; background text is not answer-bearing and the sample is source-hidden.,normalized_v2_mp4_noaudio,true,d98f48ab2183b4c541768eae0aba77bbcb9a12d2fe17c02ed482fdf31bfa0955,11242510,copied_noaudio_mp4,
vdcr_v2_000195,vdcr_v2_000081,vdcr_v2_round8_arcus_uday_river_noaudio,Gust Front Propagation,earth_environmental_systems,release/media/videos_v2_mp4/vdcr_v2_000195.mp4,media/vdcr_v2_clean_derivatives/vdcr_v2_round8_arcus_uday_river_noaudio.mp4,media/vdcr_v2_clean_derivatives/vdcr_v2_round8_arcus_uday_river_noaudio.mp4,https://commons.wikimedia.org/wiki/File:Cumulonimbus_arcus_over_Uday_River.webm#metadata-clean,CC BY 4.0 verify_on_page,pass_candidate,Clean derivative should show a shelf-cloud / thunderstorm outflow boundary advancing over the landscape without relying on source title or metadata. | triage_decision=pass_candidate; triage_notes=Clean metadata-stripped derivative shows a ground-view shelf-cloud / gust-front boundary advancing across the landscape; no audio stream or readable answer-bearing text is present.,normalized_v2_mp4_noaudio,true,701e9c7cf4e0d78ace1291f3a70889039d9ecc37d289c681b2e1009b216635b1,5593136,copied_noaudio_mp4,
vdcr_v2_000196,vdcr_v2_000082,vdcr_v2_round93_matorral_beach_swash_01_noaudio,Beach Swash-Backwash Cycle,earth_environmental_systems,release/media/videos_v2_mp4/vdcr_v2_000196.mp4,media/vdcr_v2_clean_derivatives/vdcr_v2_round93_matorral_beach_swash_01_noaudio.mp4,media/vdcr_v2_clean_derivatives/vdcr_v2_round93_matorral_beach_swash_01_noaudio.mp4,https://commons.wikimedia.org/wiki/File:P%C3%A1jara_-_Morro_Jable_-_Playa_del_Matorral_(0)_01.ogv#v2-round93-clean-noaudio,CC BY-SA 3.0 or GFDL; own work by Frank Vincentz,pass_candidate,Clean derivative shows a breaker running up the beach face followed by retreating thin backwash sheets and foam traces. | triage_decision=pass_candidate; triage_notes=Pass: clean derivative strips data stream and metadata while preserving a short sequence of wave runup followed by retreating thin backwash sheets and foam traces across the beach face. This is a third distinct supporting video for Beach Swash-Backwash Cycle.,normalized_v2_mp4_noaudio,true,794db577d1f8fabda77fc3a31ea0b02562a2cdba9ab9a6d499c2ead17b4a87d9,11063814,copied_noaudio_mp4,
vdcr_v2_000197,vdcr_v2_000083,vdcr_v2_round99_upward_erosion_noaudio,Headward Erosion,earth_environmental_systems,release/media/videos_v2_mp4/vdcr_v2_000197.mp4,media/vdcr_v2_clean_derivatives/vdcr_v2_round99_upward_erosion_noaudio.mp4,media/vdcr_v2_clean_derivatives/vdcr_v2_round99_upward_erosion_noaudio.mp4,https://commons.wikimedia.org/wiki/File:Upward-erosion.ogv#v2-round99-clean-noaudio,CC BY-SA 2.5 Commons video,pass_candidate,Clean derivative shows an erosion head/backcut propagating through a sandy slope with source audio and metadata removed. | triage_decision=pass_candidate; triage_notes=Pass: clean derivative shows an erosion head/backcut growing and migrating through a sandy slope over time. No in-frame answer text is visible.,normalized_v2_mp4_noaudio,true,2f2b5d6f6eb1924307f3bc9750fd61a07b58e97481a40e582c3c4bfad19f6d2c,1118555,copied_noaudio_mp4,
vdcr_v2_000198,vdcr_v2_000084,vdcr_v2_round14_double_pendulum_simreal_noaudio,Double Pendulum Chaos,physics_physical_systems,release/media/videos_v2_mp4/vdcr_v2_000198.mp4,media/vdcr_v2_clean_derivatives/vdcr_v2_round14_double_pendulum_simreal_noaudio.mp4,media/vdcr_v2_clean_derivatives/vdcr_v2_round14_double_pendulum_simreal_noaudio.mp4,https://commons.wikimedia.org/wiki/File:Double_pendulum_simultaneous_realisations.ogv#metadata-clean,CC BY-SA 4.0; audio and metadata stripped locally,pass_candidate,Clean derivative shows six same-start physical double-pendulum realizations diverging over time; the temporal divergence is the evidence for chaotic sensitivity. | triage_decision=pass_candidate; triage_notes=Clean derivative shows six physical double-pendulum trials separating from similar initial motion into visibly different trajectories; no audio or source/title metadata remains.,normalized_v2_mp4_noaudio,true,fbfea0c72bd5f4be6ac0ac9dc24fd78c1daf79c6e6dc7138f267ef14f201fcd6,25972830,copied_noaudio_mp4,
vdcr_v2_000199,vdcr_v2_000085,vdcr_v2_round80_canada_wildfires_pyrocumulus_nolabels,Pyrocumulus Development,earth_environmental_systems,release/media/videos_v2_mp4/vdcr_v2_000199.mp4,media/vdcr_v2_targeted_round80_manual/vdcr_v2_round80_canada_wildfires_pyrocumulus_nolabels.webm,media/vdcr_v2_targeted_round80_manual/vdcr_v2_round80_canada_wildfires_pyrocumulus_nolabels.webm,https://commons.wikimedia.org/wiki/File:Pyrocumulus_Clouds_From_Wildfires_in_Canada_(CIRA_2025-05-13_-_nolabels).webm,Public Domain US NOAA via GOES imagery by CSU/CIRA & NOAA,pass_candidate,"Candidate should show pyrocumulus clouds and smoke plumes billowing from wildfires over time, not static smoke or generic cloud cover. | triage_decision=pass_candidate; triage_notes=No-label NOAA/CIRA satellite sequence has no audio stream and no answer-bearing text. It shows pyrocumulus cloud billows growing and expanding from multiple wildfire smoke plumes over time, supporting Pyrocumulus Development rather than generic static smoke.",normalized_v2_mp4_noaudio,true,9b9979c1a2691651c11ffb6db2dc8dafd9ee45143da5bfc35c52acea63320c6d,3954266,normalized_noaudio_mp4,
vdcr_v2_000200,vdcr_v2_000086,curated_002001_iodine_clock_bottomblur_noaudio,Iodine Clock Reaction,chemistry_materials_change,release/media/videos_v2_mp4/vdcr_v2_000200.mp4,media/vdcr_v2_clean_derivatives/curated_002001_iodine_clock_bottomblur_noaudio.mp4,media/vdcr_v2_clean_derivatives/curated_002001_iodine_clock_bottomblur_noaudio.mp4,https://commons.wikimedia.org/wiki/File:Iodine_Clock_Reaction.ogv#bottomblur-noaudio,wikimedia_commons_license_verify_on_page,pass_candidate,"Clean bottom-blur derivative should show the delayed rapid dark color transition of an iodine clock reaction without relying on audio, source title text, or readable tabletop handwritten labels. | triage_decision=pass_candidate; triage_notes=Clean no-audio derivative preserves the delayed transition from clear/colorless solutions to dark iodine-starch color while blurring lower tabletop handwriting so no answer/source text is readable.",normalized_v2_mp4_noaudio,true,ddaaa9f8d5384296b9bb8d6624c0a0ed6c28f51eccc6fd78c6cc6b5fbba0dc42,11781413,copied_noaudio_mp4,
vdcr_v2_000201,vdcr_v2_000087,curated_002003,Chemical Garden Growth,chemistry_materials_change,release/media/videos_v2_mp4/vdcr_v2_000201.mp4,media/vdcr_v2_curated_chemistry/curated_002003.ogv,media/vdcr_v2_curated_chemistry/curated_002003.ogv,https://commons.wikimedia.org/wiki/File:Growth_of_a_chemical_garden.ogv,wikimedia_commons_license_verify_on_page,pass_candidate,"Candidate should show mineral tube growth over time in a chemical garden, not merely the final grown structure. | triage_decision=pass_candidate; triage_notes=strong mineral tube growth over time; no obvious sparse-frame text leakage",normalized_v2_mp4_noaudio,true,dfca4429742fb66446cc0fcc4a972dfd18dfc42cb3582379a27efa913b312a5f,14563182,normalized_noaudio_mp4,
vdcr_v2_000202,vdcr_v2_000088,curated_002006,Briggs-Rauscher Reaction,chemistry_materials_change,release/media/videos_v2_mp4/vdcr_v2_000202.mp4,media/vdcr_v2_curated_chemistry/curated_002006.webm,media/vdcr_v2_curated_chemistry/curated_002006.webm,https://commons.wikimedia.org/wiki/File:Briggs%E2%80%93Rauscher_reaction.webm,CC BY-SA 4.0 verify_on_page,pass_candidate,"Candidate should show oscillating color changes characteristic of the Briggs-Rauscher reaction, not merely a static reaction vessel. | triage_decision=pass_candidate; triage_notes=strong repeated color oscillation visible across sparse frames",normalized_v2_mp4_noaudio,true,1c941f33346398a36898968964ba81dfe1b69369cc5914134927ad37acbf1cb8,7645936,normalized_noaudio_mp4,
vdcr_v2_000203,vdcr_v2_000089,curated_002007,Elephant Toothpaste Foam Growth,chemistry_materials_change,release/media/videos_v2_mp4/vdcr_v2_000203.mp4,media/vdcr_v2_curated_chemistry/curated_002007.webm,media/vdcr_v2_curated_chemistry/curated_002007.webm,https://commons.wikimedia.org/wiki/File:14._%D0%A1%D0%BB%D0%BE%D0%BD%D0%BE%D0%B2%D1%81%D0%BA%D0%B0_%D0%BF%D0%B0%D1%81%D1%82%D0%B0_%D0%B7%D0%B0_%D0%B7%D0%B0%D0%B1%D0%B8.webm,CC BY-SA 4.0 verify_on_page,pass_candidate,"Candidate should show catalytic decomposition generating rapid foam growth, not merely a static foam column after the reaction. | triage_decision=pass_candidate; triage_notes=Clear rapid foam-column growth from reaction setup; no answer-bearing in-frame text visible in sparse sheet.",normalized_v2_mp4_noaudio,true,3a5009dd234134d9beea7beaf31c0400cb9f028c297168a802ff242069440f9c,7222215,normalized_noaudio_mp4,
vdcr_v2_000204,vdcr_v2_000090,curated_002008,Chromatography Solvent Front Migration,chemistry_materials_change,release/media/videos_v2_mp4/vdcr_v2_000204.mp4,media/vdcr_v2_curated_chemistry/curated_002008.webm,media/vdcr_v2_curated_chemistry/curated_002008.webm,https://commons.wikimedia.org/wiki/File:Separation_of_Photosynthetic_Pigments_by_Paper_Chromatography.webm,CC BY 3.0 verify_on_page,pass_candidate,"Candidate should show solvent front and pigment bands migrating over time, not only the final chromatogram. | triage_decision=pass_candidate; triage_notes=Sparse frames show pigment band/front changing position over time; motion is subtle but temporally necessary.",normalized_v2_mp4_noaudio,true,d3e26304148390a4ca455ff4fb3a467fc96a92a12664025ed1e90390dacc267b,839592,normalized_noaudio_mp4,
vdcr_v2_000205,vdcr_v2_000091,curated_003002,Phototropism,biology_living_systems,release/media/videos_v2_mp4/vdcr_v2_000205.mp4,media/vdcr_curated_expansion_v2/curated_003002.ogv,media/vdcr_curated_expansion_v2/curated_003002.ogv,https://commons.wikimedia.org/wiki/File:Azuki_Bean_phototropism.ogv,public_domain_verify_on_page,pass_candidate,"Candidate should show plant bending/growth direction change in response to light over time, not merely a static plant orientation. | triage_decision=pass_candidate; triage_notes=clean time-lapse plant bending; no obvious sparse-frame text leakage",normalized_v2_mp4_noaudio,true,2d7295a16aaf4545479ff3f1ab57b7d6db75a5b189ec0b4f3ba2acd10dedf7ae,3175605,normalized_noaudio_mp4,
vdcr_v2_000206,vdcr_v2_000092,curated_007006,Phagocytic Engulfment,biology_living_systems,release/media/videos_v2_mp4/vdcr_v2_000206.mp4,media/vdcr_v2_curated_biology/curated_007006.ogv,media/vdcr_v2_curated_biology/curated_007006.ogv,https://commons.wikimedia.org/wiki/File:In-vivo-characterization-of-microglial-engulfment-of-dying-neurons-in-the-zebrafish-spinal-cord-Video4.ogv,CC BY 4.0 verify_on_page,pass_candidate,"Candidate should show a cell moving toward and engulfing debris or a target over time, not merely a static fluorescence overlay. | triage_decision=pass_candidate; triage_notes=Fluorescence sequence shows red target/debris changing relative to surrounding microglia; visually subtle and should receive biology-review confirmation before formal release.",normalized_v2_mp4_noaudio,true,0b36498a9af0fb1271102f6feedafb8086dda12e4bbcb63f83b458808dbf4dec,3447153,normalized_noaudio_mp4,
vdcr_v2_000207,vdcr_v2_000093,vdcr_archive_b02_000009_seg_012000_059800_crop_bottom_noaudio,Belousov-Zhabotinsky Reaction,chemistry_materials_change,release/media/videos_v2_mp4/vdcr_v2_000207.mp4,media/vdcr_v2_clean_derivatives/vdcr_archive_b02_000009_seg_012000_059800_crop_bottom_noaudio.mp4,media/vdcr_v2_clean_derivatives/vdcr_archive_b02_000009_seg_012000_059800_crop_bottom_noaudio.mp4,https://archive.org/details/youtube-4rYX4ROqRlg#t=12.0,archive_license_verify_on_page,pass_candidate,Clean derivative must show evolving reaction-diffusion rings and spiral chemical-wave dynamics in a dish without relying on source title text or speed overlays. | triage_decision=pass_candidate; triage_notes=Cropped no-audio derivative removes bottom speed overlays and source-title metadata while preserving visible reaction-diffusion ring and spiral chemical-wave dynamics in the dish.,normalized_v2_mp4_noaudio,true,66b3d2375af8b459099f4c3b7a58a231fcffdb3f283f8d26566ecb54b6d24f7d,1340135,copied_noaudio_mp4,
vdcr_v2_000208,vdcr_v2_000094,vdcr_archive_b03_000025,Thigmonasty,biology_living_systems,release/media/videos_v2_mp4/vdcr_v2_000208.mp4,media/vdcr_v2_next_archive_mimosa/vdcr_archive_b03_000025.mp4,media/vdcr_v2_next_archive_mimosa/vdcr_archive_b03_000025.mp4,https://archive.org/details/wikimedia-org-Mimosa_pudica_leaves_folding_when_touched_1,archive_license_verify_on_page,pass_candidate,"Candidate must show the temporal sequence that instantiates Thigmonasty, not merely an object, scene, or static result. | triage_decision=pass_candidate; triage_notes=Touch stimulus and Mimosa leaflet folding are visible over time with no in-frame answer/source text; camera motion makes it weaker than b03_000026 but still a distinct strongly bound Thigmonasty video.",normalized_v2_mp4_noaudio,true,7a8d94b5c6b592ed78a271ffe2cee9dec5e209119b0d26b77c747eb324994877,4290169,normalized_noaudio_mp4,
vdcr_v2_000209,vdcr_v2_000095,vdcr_archive_b03_000026,Thigmonasty,biology_living_systems,release/media/videos_v2_mp4/vdcr_v2_000209.mp4,media/vdcr_v2_next_archive_mimosa/vdcr_archive_b03_000026.mp4,media/vdcr_v2_next_archive_mimosa/vdcr_archive_b03_000026.mp4,https://archive.org/details/wikimedia-org-Mimosa_pudica_leaves_folding_when_touched_2,archive_license_verify_on_page,pass_candidate,"Candidate must show the temporal sequence that instantiates Thigmonasty, not merely an object, scene, or static result. | triage_decision=pass_candidate; triage_notes=Clear touch stimulus followed by leaflet folding across frames; no in-frame answer/source text",normalized_v2_mp4_noaudio,true,4e27a6df8a3ba25cefa78a61e45b638b196a0b665b942c7f513f0f6ade566d49,2176816,normalized_noaudio_mp4,
vdcr_v2_000210,vdcr_v2_000096,vdcr_archive_b03_000034_noaudio,Exocytosis,biology_living_systems,release/media/videos_v2_mp4/vdcr_v2_000210.mp4,media/vdcr_v2_next_biology_clean/vdcr_archive_b03_000034_noaudio.mp4,media/vdcr_v2_next_biology_clean/vdcr_archive_b03_000034_noaudio.mp4,https://archive.org/details/yt_YAp1zKMH5BE#noaudio,archive_license_verify_on_page,pass_candidate,Clean derivative must show granules fusing with the plasma membrane over time without relying on narration or source title text. | triage_decision=pass_candidate; triage_notes=No-audio microscopy clip shows dark granules and red-arrow highlighted fusion events over time without answer-bearing text.,normalized_v2_mp4_noaudio,true,4257171f0d5a404a641e58d12e6518b7714d05b5123cdbb50d2c4be4643fbc70,979050,copied_noaudio_mp4,
vdcr_v2_000211,vdcr_v2_000097,vdcr_commons_mr14_000004_v2,Coordinated Ciliary Beating Dynamics,biology_living_systems,release/media/videos_v2_mp4/vdcr_v2_000211.mp4,media/vdcr_v2_next_biology/vdcr_commons_mr14_000004_v2.ogv,media/vdcr_v2_next_biology/vdcr_commons_mr14_000004_v2.ogv,https://commons.wikimedia.org/wiki/File:Mutation-of-Growth-Arrest-Specific-8-Reveals-a-Role-in-Motile-Cilia-Function-and-Human-Disease-pgen.1006220.s002.ogv#v2,CC BY 4.0 Commons/PLOS Genetics supplementary movie,pass_candidate,Candidate must show repeated motile-cilia beat cycles or waveform changes without relying on the source page title. | triage_decision=pass_candidate; triage_notes=Microscopy sequence shows repeated motile-cilia waveform changes along a tissue edge; no audio stream and no readable answer/source text in sparse frames.,normalized_v2_mp4_noaudio,true,19997ec940fb3159c7c315a77472cb90ca5da5cceb72b454c9e87da181e2159f,121908,normalized_noaudio_mp4,
vdcr_v2_000212,vdcr_v2_000098,vdcr_v2_commons_bact_swarm_000001,Bacterial Swarming Expansion,biology_living_systems,release/media/videos_v2_mp4/vdcr_v2_000212.mp4,media/vdcr_v2_next_bacterial_swarming/vdcr_v2_commons_bact_swarm_000001.ogv,media/vdcr_v2_next_bacterial_swarming/vdcr_v2_commons_bact_swarm_000001.ogv,https://commons.wikimedia.org/wiki/File:Genome-sequence-of-the-pattern-forming-Paenibacillus-vortex-bacterium-reveals-potential-for-1471-2164-11-710-S4.ogv,CC-BY-2.0,pass_candidate,Candidate should show a bacterial swarm branch moving or expanding over agar rather than static culture morphology. | triage_decision=pass_candidate; triage_notes=Microscopy sequence shows a dense swarming branch changing position and outline over time with no in-frame answer/source text.,normalized_v2_mp4_noaudio,true,50d54f9e3f95b284a3f966f410efd14e2a9de38c068491e25b6971b7cc33537a,1695803,normalized_noaudio_mp4,
vdcr_v2_000213,vdcr_v2_000099,vdcr_v2_commons_bact_swarm_000002,Bacterial Swarming Expansion,biology_living_systems,release/media/videos_v2_mp4/vdcr_v2_000213.mp4,media/vdcr_v2_next_bacterial_swarming/vdcr_v2_commons_bact_swarm_000002.ogv,media/vdcr_v2_next_bacterial_swarming/vdcr_v2_commons_bact_swarm_000002.ogv,https://commons.wikimedia.org/wiki/File:Genome-sequence-of-the-pattern-forming-Paenibacillus-vortex-bacterium-reveals-potential-for-1471-2164-11-710-S5.ogv,CC-BY-2.0,pass_candidate,Candidate should show a bacterial cell mass dispersing or expanding into a treated agar region rather than static culture morphology. | triage_decision=pass_candidate; triage_notes=Microscopy sequence shows the bacterial cell mass dispersing/expanding into a treated agar region; no in-frame answer/source text.,normalized_v2_mp4_noaudio,true,c2d5329066e3a0f60bd137f02f9b35c3bc193c5083303bf6f9c146eed107f48b,990567,normalized_noaudio_mp4,
vdcr_v2_000214,vdcr_v2_000100,vdcr_v2_commons_bact_swarm_000003,Bacterial Swarming Expansion,biology_living_systems,release/media/videos_v2_mp4/vdcr_v2_000214.mp4,media/vdcr_v2_next_bacterial_swarming/vdcr_v2_commons_bact_swarm_000003.ogv,media/vdcr_v2_next_bacterial_swarming/vdcr_v2_commons_bact_swarm_000003.ogv,https://commons.wikimedia.org/wiki/File:Genome-sequence-of-the-pattern-forming-Paenibacillus-vortex-bacterium-reveals-potential-for-1471-2164-11-710-S6.ogv,CC-BY-2.0,pass_candidate,Candidate should show a bacterial cell mass evaluating a gradient then dispersing/expanding with additional cells moving into the region rather than static culture morphology. | triage_decision=pass_candidate; triage_notes=Microscopy sequence shows the bacterial mass extending then dispersing while additional cells move into the region; no in-frame answer/source text.,normalized_v2_mp4_noaudio,true,1e09fbcaed7bd40ed60a6a5d2959dd603fa969389d8217222b520d16fc3be37c,907109,normalized_noaudio_mp4,
vdcr_v2_000215,vdcr_v2_000101,vdcr_v2_commons_drying_crack_000002,Drying Crack Propagation,chemistry_materials_change,release/media/videos_v2_mp4/vdcr_v2_000215.mp4,media/vdcr_v2_next_drying_crack/vdcr_v2_commons_drying_crack_000002.ogv,media/vdcr_v2_next_drying_crack/vdcr_v2_commons_drying_crack_000002.ogv,https://commons.wikimedia.org/wiki/File:Role-of-particle-shape-anisotropy-on-crack-formation-in-drying-of-colloidal-suspension-srep30708-s2.ogv,CC-BY-4.0,pass_candidate,"Candidate must show cracks nucleating, branching, or propagating during drying of a colloidal suspension over time, not a static cracked surface. | triage_decision=pass_candidate; triage_notes=Video-only clip shows a curved drying colloidal film developing dense perpendicular crack branches over time; no readable source/answer text and no audio track.",normalized_v2_mp4_noaudio,true,a989a3641d98f179187e918cd06389c8b2bc9dccbe05740c9fbbcd3539d2c2ba,113500,normalized_noaudio_mp4,
vdcr_v2_000216,vdcr_v2_000102,vdcr_v2_commons_kinesin_gliding_000001,Kinesin-Driven Microtubule Gliding,biology_living_systems,release/media/videos_v2_mp4/vdcr_v2_000216.mp4,media/vdcr_v2_next_kinesin_gliding/vdcr_v2_commons_kinesin_gliding_000001.ogv,media/vdcr_v2_next_kinesin_gliding/vdcr_v2_commons_kinesin_gliding_000001.ogv,https://commons.wikimedia.org/wiki/File:The-mitotic-kinesin-14-KlpA-contains-a-context-dependent-directionality-switch-ncomms13999-s2.ogv,CC-BY-4.0,pass_candidate,"Candidate must show labeled microtubules gliding over motor-coated surface over time, not a static fluorescent filament field. | triage_decision=pass_candidate; triage_notes=Video-only microscopy clip shows fluorescent microtubules translating/gliding over time; scale bar does not leak the answer and there is no audio.",normalized_v2_mp4_noaudio,true,fe88e44e5914afdb45dea3021078eb399170386ee1d94551b0dc468d243a06b2,33398,normalized_noaudio_mp4,
vdcr_v2_000217,vdcr_v2_000103,vdcr_v2_commons_kinesin_gliding_000002,Kinesin-Driven Microtubule Gliding,biology_living_systems,release/media/videos_v2_mp4/vdcr_v2_000217.mp4,media/vdcr_v2_next_kinesin_gliding/vdcr_v2_commons_kinesin_gliding_000002.ogv,media/vdcr_v2_next_kinesin_gliding/vdcr_v2_commons_kinesin_gliding_000002.ogv,https://commons.wikimedia.org/wiki/File:The-mitotic-kinesin-14-KlpA-contains-a-context-dependent-directionality-switch-ncomms13999-s3.ogv,CC-BY-4.0,pass_candidate,"Candidate must show labeled microtubules gliding over motor-coated surface over time, not a static fluorescent filament field. | triage_decision=pass_candidate; triage_notes=Video-only microscopy clip shows fluorescent microtubules gliding with visible displacement and reorientation over time; scale bar does not leak the answer and there is no audio.",normalized_v2_mp4_noaudio,true,85b3d233290663f569d563a8889feb774b602f0e085d1678523a63c077e2ea84,29963,normalized_noaudio_mp4,
vdcr_v2_000218,vdcr_v2_000104,vdcr_v2_commons_kinesin_gliding_000003,Kinesin-Driven Microtubule Gliding,biology_living_systems,release/media/videos_v2_mp4/vdcr_v2_000218.mp4,media/vdcr_v2_next_kinesin_gliding/vdcr_v2_commons_kinesin_gliding_000003.ogv,media/vdcr_v2_next_kinesin_gliding/vdcr_v2_commons_kinesin_gliding_000003.ogv,https://commons.wikimedia.org/wiki/File:The-mitotic-kinesin-14-KlpA-contains-a-context-dependent-directionality-switch-ncomms13999-s8.ogv,CC-BY-4.0,pass_candidate,"Candidate must show labeled microtubules gliding over motor-coated surface over time, not a static fluorescent filament field. | triage_decision=pass_candidate; triage_notes=Video-only microscopy clip shows fluorescent microtubules gliding collectively over time; scale bar does not leak the answer and there is no audio.",normalized_v2_mp4_noaudio,true,0246c08075a10ffcbb7b0290e1f16c7228dc0c5f05c97f767aa2629a82ed1811,27968,normalized_noaudio_mp4,
vdcr_v2_000219,vdcr_v2_000105,vdcr_v2_commons_sodium_acetate_000001_seg_002000_036000_crop_flask_tight_noaudio,Sodium Acetate Crystallization Front,chemistry_materials_change,release/media/videos_v2_mp4/vdcr_v2_000219.mp4,media/vdcr_v2_clean_derivatives/vdcr_v2_commons_sodium_acetate_000001_seg_002000_036000_crop_flask_tight_noaudio.mp4,media/vdcr_v2_clean_derivatives/vdcr_v2_commons_sodium_acetate_000001_seg_002000_036000_crop_flask_tight_noaudio.mp4,https://commons.wikimedia.org/wiki/File:32._%D0%9A%D1%80%D0%B8%D1%81%D1%82%D0%B0%D0%BB%D0%B8%D0%B7%D0%B0%D1%86%D0%B8%D1%98%D0%B0_%D0%BD%D0%B0_%D0%BD%D0%B0%D1%82%D1%80%D0%B8%D1%83%D0%BC_%D0%B0%D1%86%D0%B5%D1%82%D0%B0%D1%82.ogv#t=2.0,CC-BY-SA-4.0,pass_candidate,"Clean derivative must show a seed-triggered crystallization front spreading through supersaturated sodium acetate solution without relying on source title text, labels, or audio. | triage_decision=pass_candidate; triage_notes=Clean no-audio crop shows seed-triggered crystallization front spreading through the flask; no readable source, answer, or label text remains in sparse review frames.",normalized_v2_mp4_noaudio,true,ebd1164f962110eeae08934452878ba7b16e27dc25da45dc7417f6d1b34c96ce,278906,copied_noaudio_mp4,
vdcr_v2_000220,vdcr_v2_000106,vdcr_v2_round13_murmuration_flock_044_noaudio,Murmuration,biology_living_systems,release/media/videos_v2_mp4/vdcr_v2_000220.mp4,media/vdcr_v2_clean_derivatives/vdcr_v2_round13_murmuration_flock_044_noaudio.mp4,media/vdcr_v2_clean_derivatives/vdcr_v2_round13_murmuration_flock_044_noaudio.mp4,https://archive.org/details/Flickr-5372662688#metadata-clean,https://creativecommons.org/licenses/by-nc/2.0/; audio and metadata stripped locally,pass_candidate,Clean derivative shows a dense starling flock repeatedly changing shape and direction across the sky; the collective temporal morphology is essential for the concept. | triage_decision=pass_candidate; triage_notes=Clean derivative shows a dense bird flock reshaping and translating over time against the sky; no audio or source/title metadata remains in the release media.,normalized_v2_mp4_noaudio,true,a3dca70947f1ed35643aeb2ef1afd09bf59263f1529f4a86d1cd4c24a66a999f,3051674,copied_noaudio_mp4,
vdcr_v2_000221,vdcr_v2_000107,vdcr_v2_round13_murmuration_small_048_noaudio,Murmuration,biology_living_systems,release/media/videos_v2_mp4/vdcr_v2_000221.mp4,media/vdcr_v2_clean_derivatives/vdcr_v2_round13_murmuration_small_048_noaudio.mp4,media/vdcr_v2_clean_derivatives/vdcr_v2_round13_murmuration_small_048_noaudio.mp4,https://archive.org/details/dscn-3699#metadata-clean,https://creativecommons.org/publicdomain/mark/1.0/; audio and metadata stripped locally,pass_candidate,Clean derivative shows a smaller flock coherently moving and reshaping against the sky; the changing collective pattern over time distinguishes it from a static flock image. | triage_decision=pass_candidate; triage_notes=Clean derivative shows a smaller but visible flock moving coherently and changing spatial pattern over time; no audio or source/title metadata remains in the release media.,normalized_v2_mp4_noaudio,true,8924152253b1b7888298b551435b07013309ebe4deced32b1badf02c958bb45a,1035182,copied_noaudio_mp4,
vdcr_v2_000222,vdcr_v2_000108,vdcr_v2_round28_elephant_toothpaste_sciencecola_clean_noaudio,Elephant Toothpaste Foam Growth,chemistry_materials_change,release/media/videos_v2_mp4/vdcr_v2_000222.mp4,media/vdcr_v2_clean_derivatives/vdcr_v2_round28_elephant_toothpaste_sciencecola_clean_noaudio.mp4,media/vdcr_v2_clean_derivatives/vdcr_v2_round28_elephant_toothpaste_sciencecola_clean_noaudio.mp4,https://commons.wikimedia.org/wiki/File:Elephant_Toothpaste.webm#clean-noaudio,CC BY 3.0 verify_on_page,pass_candidate,"Clean derivative must show catalytic decomposition generating rapid foam growth and overflow over time, not a static foam column. | triage_decision=pass_candidate; triage_notes=Clean no-audio derivative is trimmed to the reaction interval before the later flame demonstration and shows rapid foam growth and overflow from the vessel without readable answer-bearing source/title text.",normalized_v2_mp4_noaudio,true,afb8d399284c66d2726bc86bd4e38e0f58aa8d1a3985c5ad78c7609f0d4a0ab4,707909,copied_noaudio_mp4,
vdcr_v2_000223,vdcr_v2_000109,vdcr_v2_round29_tradescantia_cytoplasmic_streaming_clean_noaudio,Cytoplasmic Streaming,biology_living_systems,release/media/videos_v2_mp4/vdcr_v2_000223.mp4,media/vdcr_v2_clean_derivatives/vdcr_v2_round29_tradescantia_cytoplasmic_streaming_clean_noaudio.mp4,media/vdcr_v2_clean_derivatives/vdcr_v2_round29_tradescantia_cytoplasmic_streaming_clean_noaudio.mp4,https://commons.wikimedia.org/wiki/File:Movement_of_organelles_in_Tradescantia_stamen_hair_cells.webm#clean-noaudio,CC BY-SA 4.0 verify_on_page,pass_candidate,Clean derivative must show organelles or cytoplasmic contents streaming through living cells over time without relying on source title text or audio. | triage_decision=pass_candidate; triage_notes=Clean no-audio derivative shows organelles/granules changing position along visible intracellular tracks across the time lapse; no readable source/title or answer-bearing text is visible.,normalized_v2_mp4_noaudio,true,ea6b01ff4afc8728fbff94ac25676ef57b30b7c9919ef8b07369cf89afc8f6c4,1530724,copied_noaudio_mp4,
vdcr_v2_000224,vdcr_v2_000110,vdcr_v2_round31_paper_chromatography_school_clean_noaudio,Chromatography Solvent Front Migration,chemistry_materials_change,release/media/videos_v2_mp4/vdcr_v2_000224.mp4,media/vdcr_v2_clean_derivatives/vdcr_v2_round31_paper_chromatography_school_clean_noaudio.mp4,media/vdcr_v2_clean_derivatives/vdcr_v2_round31_paper_chromatography_school_clean_noaudio.mp4,https://commons.wikimedia.org/wiki/File:Papierchromatographie_in_der_Schule_(Paper_chromatography_in_School).webm#clean-noaudio,CC BY 3.0 verify_on_page,pass_candidate,Clean derivative must show solvent front and dye bands migrating through paper over time without relying on source title text or audio. | triage_decision=pass_candidate; triage_notes=Clean derivative shows dye bands and solvent-front migration upward through paper over time; final title card is trimmed out and remaining small solvent labels are not answer-bearing.,normalized_v2_mp4_noaudio,true,b8981ccfa4eea369cd46ed3461d6bd6ab799228d327778c5ce3f57557b92445d,499808,copied_noaudio_mp4,
vdcr_v2_000225,vdcr_v2_000111,vdcr_v2_round5_calcium_wave_srep42786_crop_notime_noaudio,Calcium Wave Propagation,biology_living_systems,release/media/videos_v2_mp4/vdcr_v2_000225.mp4,media/vdcr_v2_clean_derivatives/vdcr_v2_round5_calcium_wave_srep42786_crop_notime_noaudio.mp4,media/vdcr_v2_clean_derivatives/vdcr_v2_round5_calcium_wave_srep42786_crop_notime_noaudio.mp4,https://commons.wikimedia.org/wiki/File:Calcium-spikes-waves-and-oscillations-in-a-large-patterned-epithelial-tissue-srep42786-s2.ogv#crop-notime-noaudio,CC-BY-4.0,pass_candidate,"Clean derivative should show a spatial calcium signal wave or oscillatory propagation across epithelial tissue without timestamps, audio, or source metadata. | triage_decision=pass_candidate; triage_notes=Cropped metadata-clean derivative removes embedded timestamps while retaining spatial fluorescence waves/oscillatory calcium-signal propagation across epithelial tissue over time; no audio or answer-bearing text remains.",normalized_v2_mp4_noaudio,true,cdfa8cc726eb5de5dca14938395872c5bf61f3fcb0343872bdb4c6e4937222be,478077,copied_noaudio_mp4,
vdcr_v2_000226,vdcr_v2_000112,vdcr_v2_round60_rupo_pollen_tube_growth_s020_clean_notime_noaudio,Pollen Tube Tip Growth,biology_living_systems,release/media/videos_v2_mp4/vdcr_v2_000226.mp4,media/vdcr_v2_clean_derivatives/vdcr_v2_round60_rupo_pollen_tube_growth_s020_clean_notime_noaudio.mp4,media/vdcr_v2_clean_derivatives/vdcr_v2_round60_rupo_pollen_tube_growth_s020_clean_notime_noaudio.mp4,https://commons.wikimedia.org/wiki/File:Receptor-Like-Kinase-RUPO-Interacts-with-Potassium-Transporters-to-Regulate-Pollen-Tube-Growth-and-pgen.1006085.s020.ogv#clean-notime-noaudio,CC BY 4.0; clean derivative from PLOS Genetics supplementary movie imported via PubMed Central/Open Access Media Importer,pass_candidate,"Clean derivative must show pollen grains germinating and pollen tubes elongating from tips while removing in-frame timestamps, audio, and source/title metadata. | triage_decision=pass_candidate; triage_notes=Clean derivative crops out in-frame timestamps and strips source metadata/audio while preserving pollen grains with tube emergence and visible tip elongation across the sequence. This is a second strong-bound video for the Pollen Tube Tip Growth concept, distinct from the existing curated wild-type pollen-tube sample.",normalized_v2_mp4_noaudio,true,dce5199b6d84f4dc17ad5c18ced157c161d8ee9b4e27fd23c3e83db9a84891c4,2882170,copied_noaudio_mp4,
vdcr_v2_000227,vdcr_v2_000113,vdcr_v2_round60_single_cell_epithelial_wound_closure_panel_b_clean_noaudio,Epithelial Wound Closure,biology_living_systems,release/media/videos_v2_mp4/vdcr_v2_000227.mp4,media/vdcr_v2_clean_derivatives/vdcr_v2_round60_single_cell_epithelial_wound_closure_panel_b_clean_noaudio.mp4,media/vdcr_v2_clean_derivatives/vdcr_v2_round60_single_cell_epithelial_wound_closure_panel_b_clean_noaudio.mp4,https://commons.wikimedia.org/wiki/File:Insulin-and-TOR-signal-in-parallel-through-FOXO-and-S6K-to-promote-epithelial-wound-healing-ncomms12972-s3.ogv#panel-b-clean-noaudio,CC BY 4.0; clean derivative from Nature Communications supplementary movie imported via PubMed Central/Open Access Media Importer,pass_candidate,"Clean derivative must isolate the wound-edge/cable panel and show gap/cable morphology changing through closure while removing panel letters, timestamps, audio, and source/title metadata. | triage_decision=pass_candidate; triage_notes=Clean derivative isolates the B-panel wound-edge/cable view, removes panel letters, timestamps, source metadata, and audio, and preserves the circular wound/cable boundary shrinking and reorganizing over time. This is a second strong-bound video for Epithelial Wound Closure, distinct from the existing multi-cell wound sample.",normalized_v2_mp4_noaudio,true,f6cceab45997e53d0b852c509660bd2a2ba8e1e561ea20ca42423f3b6df911b8,1365457,copied_noaudio_mp4,
vdcr_v2_000228,vdcr_v2_000114,vdcr_v2_round62_hand_warmer_activation_clean_noaudio,Sodium Acetate Crystallization Front,chemistry_materials_change,release/media/videos_v2_mp4/vdcr_v2_000228.mp4,media/vdcr_v2_clean_derivatives/vdcr_v2_round62_hand_warmer_activation_clean_noaudio.mp4,media/vdcr_v2_clean_derivatives/vdcr_v2_round62_hand_warmer_activation_clean_noaudio.mp4,https://commons.wikimedia.org/wiki/File:Hand_warmer_activation.webm#clean-noaudio,CC BY-SA 4.0; clean derivative from own-work Commons video by Teren,pass_candidate,"Clean derivative must show hand-warmer activation with a visible crystallization/opacity front spreading from the trigger disk across the sodium-acetate pack, without audio or source-title metadata leakage. | triage_decision=pass_candidate; triage_notes=Clean derivative removes audio and source metadata while preserving the trigger action and the white crystallization/opacity front spreading radially from the metal disk across the hand-warmer pack. No in-frame answer text or source labels are visible. This is a second strong-bound video for Sodium Acetate Crystallization Front, distinct from the existing flask crystallization sample.",normalized_v2_mp4_noaudio,true,6f09e1acf07aaacfdd6a6ab23ab58c6713636292b0b11e446e07255cb641686a,10645787,copied_noaudio_mp4,
vdcr_v2_000229,vdcr_v2_000115,vdcr_v2_round65_venus_flytrap_timelapse_clean_noaudio,Bistable Snap-Trap Closure,biology_living_systems,release/media/videos_v2_mp4/vdcr_v2_000229.mp4,media/vdcr_v2_clean_derivatives/vdcr_v2_round65_venus_flytrap_timelapse_clean_noaudio.mp4,media/vdcr_v2_clean_derivatives/vdcr_v2_round65_venus_flytrap_timelapse_clean_noaudio.mp4,https://commons.wikimedia.org/wiki/File:Venus_Flytrap_(time_lapse).webm#clean-noaudio,CC BY 3.0; YouTube license reviewed on Commons; author LearjetMinako; clean derivative keeps original license terms,pass_candidate,"Candidate must show a Venus flytrap trap closing around prey over time, not a static closed trap or generic plant movement. | triage_decision=pass_candidate; triage_notes=Clean derivative removes audio and metadata while preserving Venus flytrap closure around prey over time.",normalized_v2_mp4_noaudio,true,ecd9f16fa544d5254b9a53e2d86a07cbbf73fea4c30427668d0df31f85ab37cd,8532483,copied_noaudio_mp4,
vdcr_v2_000230,vdcr_v2_000116,vdcr_v2_round66_briggs_rauscher_reaction_clean_crop_noaudio,Briggs-Rauscher Reaction,chemistry_materials_change,release/media/videos_v2_mp4/vdcr_v2_000230.mp4,media/vdcr_v2_clean_derivatives/vdcr_v2_round66_briggs_rauscher_reaction_clean_crop_noaudio.mp4,media/vdcr_v2_clean_derivatives/vdcr_v2_round66_briggs_rauscher_reaction_clean_crop_noaudio.mp4,https://commons.wikimedia.org/wiki/File:Briggs%E2%80%93Rauscher_reaction.webm#clean-crop-noaudio,CC BY-SA 4.0; own work by Maxim Bilovitskiy; clean derivative keeps original license terms,pass_candidate,"Candidate must show repeated amber/dark-blue/colorless oscillations over time, not a single static color state. | triage_decision=pass_candidate; triage_notes=Clean derivative removes audio, metadata, timecode, and equation overlay while preserving repeated color oscillations in the reaction vessel.",normalized_v2_mp4_noaudio,true,b93ff7724b8606d00a3d2ee2c164c3030e3c7edc8a681af10f851c0b7ed658b3,1256914,copied_noaudio_mp4,
vdcr_v2_000231,vdcr_v2_000117,vdcr_v2_round66_bz_evolution_gif_clean_crop_noaudio,Belousov-Zhabotinsky Reaction,chemistry_materials_change,release/media/videos_v2_mp4/vdcr_v2_000231.mp4,media/vdcr_v2_clean_derivatives/vdcr_v2_round66_bz_evolution_gif_clean_crop_noaudio.mp4,media/vdcr_v2_clean_derivatives/vdcr_v2_round66_bz_evolution_gif_clean_crop_noaudio.mp4,https://commons.wikimedia.org/wiki/File:Evolution_of_Belousov-Zhabotinsky_reaction.gif#clean-crop-noaudio,CC BY-SA 3.0; own work by Wiktor / Uncle Azane; clean derivative keeps original license terms,pass_candidate,"Candidate must show reaction-diffusion waves or spiral/ring pattern evolution in a Petri dish over time, not a still photograph of the pattern. | triage_decision=pass_candidate; triage_notes=Clean derivative converts the GIF to MP4 and crops to the Petri dish region while preserving expanding Belousov-Zhabotinsky reaction-diffusion waves.",normalized_v2_mp4_noaudio,true,79226da3427bc04b10a53c2e2459be679d9d3add2995290a90ad437b43717d22,666310,copied_noaudio_mp4,
vdcr_v2_000232,vdcr_v2_000118,vdcr_v2_round66_growth_of_chemical_garden_clean_noaudio,Chemical Garden Growth,chemistry_materials_change,release/media/videos_v2_mp4/vdcr_v2_000232.mp4,media/vdcr_v2_clean_derivatives/vdcr_v2_round66_growth_of_chemical_garden_clean_noaudio.mp4,media/vdcr_v2_clean_derivatives/vdcr_v2_round66_growth_of_chemical_garden_clean_noaudio.mp4,https://commons.wikimedia.org/wiki/File:Growth_of_a_chemical_garden.ogv#clean-noaudio,CC BY 3.0; YouTube CC reviewed on Commons; author mgregggphone; clean derivative keeps original license terms,pass_candidate,"Candidate must show tubular or plant-like precipitate structures growing upward/outward over time, not a static final chemical garden. | triage_decision=pass_candidate; triage_notes=Clean derivative removes audio and metadata while preserving chemical-garden tubular precipitate growth over time.",normalized_v2_mp4_noaudio,true,8693f4bd7fadae5308274522c8b5f3dc9a4d342b1803977dedb8f2a0db0dfb97,7319240,copied_noaudio_mp4,
vdcr_v2_000233,vdcr_v2_000119,vdcr_v2_round84_drosophila_cleavage_gastrulation,Gastrulation,biology_living_systems,release/media/videos_v2_mp4/vdcr_v2_000233.mp4,media/vdcr_v2_targeted_round84_manual/vdcr_v2_round84_drosophila_cleavage_gastrulation.webm,media/vdcr_v2_targeted_round84_manual/vdcr_v2_round84_drosophila_cleavage_gastrulation.webm,https://commons.wikimedia.org/wiki/File:Drosophila_cleavage_and_gastrulation.webm,license_verify_on_page,pass_candidate,"Candidate must show embryo-scale cell/tissue rearrangement and morphogenetic movement over time, not merely a static embryo or a labeled diagram. | triage_decision=pass_candidate; triage_notes=Pass: pure-video microscopy time-lapse with no answer-bearing text or audio. The frames show a Drosophila embryo progressing from a relatively uniform cellular surface through embryo-scale tissue rearrangement and visible ventral furrow/germband-like morphogenetic changes, so the temporal sequence supports Gastrulation as a new biology concept.",normalized_v2_mp4_noaudio,true,b8f4bb13d1d6680a3049b93894a4b22d0558a64336ce08f070d5f444855d2e77,29262734,normalized_noaudio_mp4,
vdcr_v2_000234,vdcr_v2_000120,vdcr_v2_round87_lithium_dendrite_s2_noaudio,Electrodeposition Dendrite Growth,chemistry_materials_change,release/media/videos_v2_mp4/vdcr_v2_000234.mp4,media/vdcr_v2_clean_derivatives/vdcr_v2_round87_lithium_dendrite_s2_noaudio.mp4,media/vdcr_v2_clean_derivatives/vdcr_v2_round87_lithium_dendrite_s2_noaudio.mp4,https://commons.wikimedia.org/wiki/File:A-reversible-dendrite-free-high-areal-capacity-lithium-metal-electrode-ncomms15106-s2.ogv#v2-round87-clean-noaudio,CC BY 4.0 Commons / Nature Communications supplementary movie,pass_candidate,"Clean no-audio derivative shows electrode-adjacent metallic deposits initiating and growing into side clusters over time. | triage_decision=pass_candidate; triage_notes=Pass with moderate strength: clean no-audio derivative removes audio and metadata while preserving the visible electrodeposition sequence. The video shows metallic side clusters initiating and enlarging along the electrode over time, supporting Electrodeposition Dendrite Growth as a second strongly source-backed video for this concept; the source page verifies the in-situ lithium electrodeposition context, but the pass decision relies on visible time evolution.",normalized_v2_mp4_noaudio,true,c752a9bbab0807f3d533d866a610f4938e73a8de21aaaf68e8ab207e282b39cf,140659,copied_noaudio_mp4,
vdcr_v2_000235,vdcr_v2_000121,vdcr_v2_round88_nonnewtonian_flow_565_noaudio,Shear Thickening,chemistry_materials_change,release/media/videos_v2_mp4/vdcr_v2_000235.mp4,media/vdcr_v2_clean_derivatives/vdcr_v2_round88_nonnewtonian_flow_565_noaudio.mp4,media/vdcr_v2_clean_derivatives/vdcr_v2_round88_nonnewtonian_flow_565_noaudio.mp4,https://commons.wikimedia.org/wiki/File:Flow_of_Non-Newtonian_Fluid_A_565.ogv#v2-round88-clean-noaudio,CC BY-SA 4.0,pass_candidate,"Clean derivative shows a potato-starch suspension resisting smooth flow and moving as a stress-dependent cohesive mass before relaxing and flowing over time. | triage_decision=pass_candidate; triage_notes=Pass: clean derivative keeps only the video stream and shows a potato-starch suspension behaving as a stress-dependent cohesive mass under container motion before slowly relaxing and flowing. This is a usable second visual instance for Shear Thickening; the source page confirms the non-Newtonian starch-water context, but the sample is accepted only because the visible temporal response is discriminative.",normalized_v2_mp4_noaudio,true,304003266b814815a2544fb03a9a714ce1c1ea598debe46d70f1c9d10214e8bb,2981670,copied_noaudio_mp4,
vdcr_v2_000236,vdcr_v2_000122,vdcr_v2_round88_nonnewtonian_flow_876_noaudio,Shear Thickening,chemistry_materials_change,release/media/videos_v2_mp4/vdcr_v2_000236.mp4,media/vdcr_v2_clean_derivatives/vdcr_v2_round88_nonnewtonian_flow_876_noaudio.mp4,media/vdcr_v2_clean_derivatives/vdcr_v2_round88_nonnewtonian_flow_876_noaudio.mp4,https://commons.wikimedia.org/wiki/File:Flow_of_Non-Newtonian_Fluid_A_876.ogv#v2-round88-clean-noaudio,CC BY-SA 4.0,pass_candidate,Clean derivative shows a second potato-starch suspension sequence where the material retains a deformed lump under handling and then slowly yields/flows. | triage_decision=pass_candidate; triage_notes=Pass: clean derivative keeps only the video stream and shows a second starch-water suspension sequence where the material retains a deformed lump and slowly yields/flows in response to handling. This complements the existing Shear Thickening cluster without relying on source text.,normalized_v2_mp4_noaudio,true,6d918e9662cba70f0dd6e3fa6e9db11f4122f2e078c3b7a9d7fb9ef135ebd0b8,7951566,copied_noaudio_mp4,
vdcr_v2_000237,vdcr_v2_000123,vdcr_v2_round9_mitosis_anaphase_crop_notime_noaudio,Mitotic Chromosome Segregation,biology_living_systems,release/media/videos_v2_mp4/vdcr_v2_000237.mp4,media/vdcr_v2_clean_derivatives/vdcr_v2_round9_mitosis_anaphase_crop_notime_noaudio.mp4,media/vdcr_v2_clean_derivatives/vdcr_v2_round9_mitosis_anaphase_crop_notime_noaudio.mp4,https://commons.wikimedia.org/wiki/File:Confocal_microscopy_of_normal_mitosis_and_anaphase_bridging_in_Caenorhabditis_elegans_-_1747-1028-3-6-S2.ogv#crop-notime-clean,CC BY 2.0 verify_on_page,pass_candidate,"Clean crop should show fluorescent chromosome masses separating during mitotic progression without embedded timestamps, audio, or source metadata. | triage_decision=pass_candidate; triage_notes=Cropped clean derivative removes embedded timestamps and source metadata while retaining fluorescent chromosome masses changing position and separating during mitotic/anaphase progression; no audio or answer-bearing text remains.",normalized_v2_mp4_noaudio,true,0f3041224b76ce165dcd3c9ef6c25d378d44cbb9b70757c7edd83ff7bd90519d,1041042,copied_noaudio_mp4,
vdcr_v2_000238,vdcr_v2_000124,curated_002002,Iodine Clock Reaction,chemistry_materials_change,release/media/videos_v2_mp4/vdcr_v2_000238.mp4,media/vdcr_v2_curated_chemistry/curated_002002.ogv,media/vdcr_v2_curated_chemistry/curated_002002.ogv,https://commons.wikimedia.org/wiki/File:Iodine_clock_-_persulphate.ogv,CC BY-SA 3.0 verify_on_page,pass_candidate,"Candidate should show the delayed rapid color change of an iodine clock reaction, not merely a static flask or explanatory setup. | triage_decision=pass_candidate; triage_notes=clean delayed color transition; no obvious sparse-frame text leakage",normalized_v2_mp4_noaudio,true,d1a2d36a75c5569d3b088e0d492e07f210a2ae7dfcdf0750971d716373241243,47530,normalized_noaudio_mp4,
vdcr_v2_000239,vdcr_v2_000125,curated_007001,Dictyostelium Aggregation Streaming,biology_living_systems,release/media/videos_v2_mp4/vdcr_v2_000239.mp4,media/vdcr_v2_curated_biology/curated_007001.ogv,media/vdcr_v2_curated_biology/curated_007001.ogv,https://commons.wikimedia.org/wiki/File:Dictyostelium-Cells-Migrate-Similarly-on-Surfaces-of-Varying-Chemical-Composition-pone.0087981.s002.ogv,CC0 verify_on_page,pass_candidate,"Candidate should show Dictyostelium cells streaming or aggregating into collective centers over time, not merely a static colony or species image. | triage_decision=pass_candidate; triage_notes=Dark-field time lapse shows aggregate/stream formation across conditions; in-frame labels are experimental conditions rather than answer text.",normalized_v2_mp4_noaudio,true,b4a53670b8391eefa2f51a4962a8ecf83213e90e1905d2b0d1a5fc8facbcd9b3,2430427,normalized_noaudio_mp4,
vdcr_v2_000240,vdcr_v2_000126,curated_007002,Mucociliary Transport,biology_living_systems,release/media/videos_v2_mp4/vdcr_v2_000240.mp4,media/vdcr_v2_curated_biology/curated_007002.ogv,media/vdcr_v2_curated_biology/curated_007002.ogv,https://commons.wikimedia.org/wiki/File:Method-for-Quantitative-Study-of-Airway-Functional-Microanatomy-Using-Micro-Optical-Coherence-pone.0054473.s001.ogv,CC BY 3.0 verify_on_page,pass_candidate,"Candidate should show mucus or particles being transported by coordinated ciliary beating over time, not only a labeled static epithelium frame. | triage_decision=pass_candidate; triage_notes=Micro-OCT sequence is visually subtle in sparse frames but shows layer transport over time; source page confirms mucociliary transport while sample remains source-hidden.",normalized_v2_mp4_noaudio,true,be087cfe3d042e17c0c376297b6889bc20ad53418e5dfcdb6b5bc7e4e62ff1c2,3385868,normalized_noaudio_mp4,
vdcr_v2_000241,vdcr_v2_000127,curated_007003,Epithelial Wound Closure,biology_living_systems,release/media/videos_v2_mp4/vdcr_v2_000241.mp4,media/vdcr_v2_curated_biology/curated_007003.ogv,media/vdcr_v2_curated_biology/curated_007003.ogv,https://commons.wikimedia.org/wiki/File:Insulin-and-TOR-signal-in-parallel-through-FOXO-and-S6K-to-promote-epithelial-wound-healing-ncomms12972-s2.ogv,CC BY 4.0 verify_on_page,pass_candidate,"Candidate should show an epithelial wound gap closing or an actomyosin cable contracting over time, not only a static wound label. | triage_decision=pass_candidate; triage_notes=Fluorescence time lapse shows wound-edge/cable evolution; no answer-bearing text visible in the video crop.",normalized_v2_mp4_noaudio,true,9d2ba998ccef81e62c8a2fdbba4e116f1d99a4a43eec80b895bf14a9db59dc1e,11246808,normalized_noaudio_mp4,
vdcr_v2_000242,vdcr_v2_000128,curated_007004,Pollen Tube Tip Growth,biology_living_systems,release/media/videos_v2_mp4/vdcr_v2_000242.mp4,media/vdcr_v2_curated_biology/curated_007004.ogv,media/vdcr_v2_curated_biology/curated_007004.ogv,https://commons.wikimedia.org/wiki/File:Receptor-Like-Kinase-RUPO-Interacts-with-Potassium-Transporters-to-Regulate-Pollen-Tube-Growth-and-pgen.1006085.s019.ogv,CC BY 4.0 verify_on_page,pass_candidate,"Candidate should show pollen germination or pollen tube elongation from the tip over time, not only a static pollen tube micrograph. | triage_decision=pass_candidate; triage_notes=Brightfield time lapse shows pollen tube emergence/elongation from grains; dynamic cue is temporal growth rather than a single-frame morphology.",normalized_v2_mp4_noaudio,true,e295c3babbd60f776936849e34b9a58f2824d10c0bbfb9107a699b94a87e8ff2,3881956,normalized_noaudio_mp4,
vdcr_v2_000243,vdcr_v2_000129,curated_002004_seg_020000_145000,Blue Bottle Reaction,chemistry_materials_change,release/media/videos_v2_mp4/vdcr_v2_000243.mp4,media/vdcr_v2_segments_from_revise/curated_002004_seg_020000_145000.webm,media/vdcr_v2_segments_from_revise/curated_002004_seg_020000_145000.webm,"https://commons.wikimedia.org/wiki/File:Blue-bottle_reaction_(Oscillating_reaction).webm#t=20,145",CC BY-SA 4.0 verify_on_page,pass_candidate,Segment removes the opening handwritten answer card and preserves repeated blue/colorless oscillation during the blue bottle reaction. | triage_decision=pass_candidate; triage_notes=20-145s segment removes opening handwritten answer card; sparse frames show repeated blue/colorless cycling without concept text leakage,normalized_v2_mp4_noaudio,true,74380467578210b46a533dc37e8b625cba148c6b4533533a1dbd02dafd23793e,9169799,normalized_noaudio_mp4,
vdcr_v2_000244,vdcr_v2_000130,curated_002005,Blue Bottle Reaction,chemistry_materials_change,release/media/videos_v2_mp4/vdcr_v2_000244.mp4,media/vdcr_v2_curated_chemistry/curated_002005.webm,media/vdcr_v2_curated_chemistry/curated_002005.webm,https://commons.wikimedia.org/wiki/File:Pattern_Formation_from_Blue_Bottle_Experiment_in_Ice_Water_Bath.webm,CC BY-SA 4.0 verify_on_page,pass_candidate,"Candidate should show visible pattern or color evolution from the blue bottle experiment over time, not merely a static color pattern. | triage_decision=pass_candidate; triage_notes=Sparse frames show blue solution evolving into pale swirling patterns in a dish over time with no readable answer/source text; this is an independent ice-water-bath pattern-formation view distinct from the existing flask cycling and clean segment samples.",normalized_v2_mp4_noaudio,true,19e3cdda47c6b3fcbc6d77e6a88b74fc49b051d098a5926a01871bf9ae00749f,12962933,normalized_noaudio_mp4,
vdcr_v2_000245,vdcr_v2_000131,vdcr_commons_mr20_000005_slime_mold_noaudio,Slime Mold Aggregation,biology_living_systems,release/media/videos_v2_mp4/vdcr_v2_000245.mp4,media/vdcr_v2_clean_derivatives/vdcr_commons_mr20_000005_slime_mold_noaudio.mp4,media/vdcr_v2_clean_derivatives/vdcr_commons_mr20_000005_slime_mold_noaudio.mp4,https://commons.wikimedia.org/wiki/File:Timelapse_of_Slime_Mould.webm#noaudio,Commons license verify on page,pass_candidate,"Clean derivative should show the slime-mold network or cell mass aggregating and reorganizing over time rather than a static slime-mold morphology. | triage_decision=pass_candidate; triage_notes=Clean no-audio derivative shows the yellow slime-mold network/cell mass aggregating, expanding, and reorganizing across the field of view over time; no readable answer/source text remains, and a single frame would not capture the aggregation dynamics.",normalized_v2_mp4_noaudio,true,7a3a834e419d9d23b6a37f3af613397727d749893dc5b0368c90b065f0883d8c,16565092,copied_noaudio_mp4,
vdcr_v2_000246,vdcr_v2_000132,vdcr_v2_commons_ch3nh3pbi3_growth_000001_seg_005500_019000_crop_crystal_noaudio,Crystal Nucleation-and-Growth Dynamics,chemistry_materials_change,release/media/videos_v2_mp4/vdcr_v2_000246.mp4,media/vdcr_v2_clean_derivatives/vdcr_v2_commons_ch3nh3pbi3_growth_000001_seg_005500_019000_crop_crystal_noaudio.mp4,media/vdcr_v2_clean_derivatives/vdcr_v2_commons_ch3nh3pbi3_growth_000001_seg_005500_019000_crop_crystal_noaudio.mp4,"https://commons.wikimedia.org/wiki/File:CH3NH3PbI3_crystal_growth.webm#t=5.5,19-crop-clean",CC-BY-4.0,pass_candidate,"Clean derivative must show a visible crystal nucleus growing into a larger faceted crystal over time without relying on source text, chemical labels, timestamps, ruler frames, or audio. | triage_decision=pass_candidate; triage_notes=Clean no-audio tight crop removes experimental text, timestamps, and ruler frames while retaining a visible small nucleus growing into a larger faceted crystal; no in-frame answer/source text remains.",normalized_v2_mp4_noaudio,true,15c2560c535b7c37840bab363251808de0c672d37ac70fbc5cfcdf84f40bda6d,957585,copied_noaudio_mp4,
vdcr_v2_000247,vdcr_v2_000133,vdcr_v2_commons_permanganate_glycerol_000001_crop_reaction_noaudio,Permanganate-Glycerol Delayed Ignition,chemistry_materials_change,release/media/videos_v2_mp4/vdcr_v2_000247.mp4,media/vdcr_v2_clean_derivatives/vdcr_v2_commons_permanganate_glycerol_000001_crop_reaction_noaudio.mp4,media/vdcr_v2_clean_derivatives/vdcr_v2_commons_permanganate_glycerol_000001_crop_reaction_noaudio.mp4,https://commons.wikimedia.org/wiki/File:Chemical_volcano.ogv#wikimedia-clean-crop,CC-BY-SA-3.0,pass_candidate,"Clean derivative must show a delay period followed by self-ignition or reaction-front/flame onset in the permanganate-glycerol reaction, not only an already-burning flame. | triage_decision=pass_candidate; triage_notes=Clean no-audio crop shows pre-ignition waiting/dropper setup followed by sudden bright self-ignition and glowing residue; no answer text visible.",normalized_v2_mp4_noaudio,true,79ea1c394b7393b0c982df0959491f7725cdd8558bf06f6be73d5dc9392ebea5,2026793,copied_noaudio_mp4,
vdcr_v2_000248,vdcr_v2_000134,vdcr_v2_commons_silver_mirror_000001_seg_055000_112000_crop_tube_noaudio,Silver Mirror Deposition,chemistry_materials_change,release/media/videos_v2_mp4/vdcr_v2_000248.mp4,media/vdcr_v2_clean_derivatives/vdcr_v2_commons_silver_mirror_000001_seg_055000_112000_crop_tube_noaudio.mp4,media/vdcr_v2_clean_derivatives/vdcr_v2_commons_silver_mirror_000001_seg_055000_112000_crop_tube_noaudio.mp4,https://commons.wikimedia.org/wiki/File:33._%D0%A1%D1%80%D0%B5%D0%B1%D1%80%D0%B5%D0%BD%D0%BE_%D0%BE%D0%B3%D0%BB%D0%B5%D0%B4%D0%B0%D0%BB%D0%BE.ogv#t=55.0,CC-BY-SA-4.0,pass_candidate,"Clean derivative must show metallic silver film or mirror forming progressively on the glass surface, not just the final reflective surface. | triage_decision=pass_candidate; triage_notes=Clean no-audio crop shows progressive darkening and metallic reflective coating formation inside the test tube; no answer/title text visible.",normalized_v2_mp4_noaudio,true,8ea8a71f52832e1faff99dbdb51673199f8edc43696a461e1ed9afb47a0ab239,4685669,copied_noaudio_mp4,
vdcr_v2_000249,vdcr_v2_000135,vdcr_v2_commons_thermochromic_ink_000001_noaudio,Thermochromic Reversible Transition,chemistry_materials_change,release/media/videos_v2_mp4/vdcr_v2_000249.mp4,media/vdcr_v2_clean_derivatives/vdcr_v2_commons_thermochromic_ink_000001_noaudio.mp4,media/vdcr_v2_clean_derivatives/vdcr_v2_commons_thermochromic_ink_000001_noaudio.mp4,https://commons.wikimedia.org/wiki/File:Thermochromatic_ink.webm#clean-noaudio,CC-BY-SA-4.0,pass_candidate,"Clean derivative must show a temperature-driven color/brightness transition front in thermochromic ink after hand contact, not merely a static colored object. | triage_decision=pass_candidate; triage_notes=Clean no-audio MP4 shows hand contact locally driving a color/brightness transition front across thermochromic ink; in-frame text says IN COLOUR but does not disclose the thermochromic mechanism. Reversal is not the primary evidence, so the sample should be interpreted as temperature-driven color-transition dynamics.",normalized_v2_mp4_noaudio,true,bb9c02e6cf3e85182e57fb7d74427327068731f1ed786d553f5e0945ecc42a6a,1830627,copied_noaudio_mp4,
vdcr_v2_000250,vdcr_v2_000136,vdcr_v2_commons_thermochromic_mug_000001_noaudio,Thermochromic Reversible Transition,chemistry_materials_change,release/media/videos_v2_mp4/vdcr_v2_000250.mp4,media/vdcr_v2_clean_derivatives/vdcr_v2_commons_thermochromic_mug_000001_noaudio.mp4,media/vdcr_v2_clean_derivatives/vdcr_v2_commons_thermochromic_mug_000001_noaudio.mp4,https://commons.wikimedia.org/wiki/File:Thermochromic_mug.webm#clean-noaudio,CC-BY-SA-4.0,pass_candidate,"Clean derivative must show a second, visually distinct thermochromic sequence where heat reveals a color/image front on a coated mug; it must not rely on audio or source title. | triage_decision=pass_candidate; triage_notes=Clean no-audio MP4 shows a second visually distinct thermochromic sequence: a dark mug surface progressively reveals a lighter image/pattern front from bottom upward after heat exposure. No in-frame text discloses the thermochromic mechanism, and the clip is distinct from the ink-sheet sample.",normalized_v2_mp4_noaudio,true,5a2aefbd35d4acbc0a22728192b6aed7dc116c3ed10624380ae03ae29c520e94,1644634,copied_noaudio_mp4,
vdcr_v2_000251,vdcr_v2_000137,vdcr_v2_round100_contact_line_deposition_s4_crop_noaudio,Evaporation-Induced Deposition Front,chemistry_materials_change,release/media/videos_v2_mp4/vdcr_v2_000251.mp4,media/vdcr_v2_clean_derivatives/vdcr_v2_round100_contact_line_deposition_s4_crop_noaudio.mp4,media/vdcr_v2_clean_derivatives/vdcr_v2_round100_contact_line_deposition_s4_crop_noaudio.mp4,https://commons.wikimedia.org/wiki/File:Taming-contact-line-instability-for-pattern-formation-ncomms12458-s4.ogv#v2-round100-clean-crop-noaudio,CC BY 4.0; Nature Communications open-access supplementary movie,pass_candidate,"Clean derivative shows contact-line instability creating moving filament/deposition fronts along the boundary over time. | triage_decision=pass_candidate; triage_notes=Pass: clean derivative shows filament/deposition fronts generated along a moving contact line, with no visible answer text. The visual evidence supports Evaporation-Induced Deposition Front as a second video.",normalized_v2_mp4_noaudio,true,bbb814a46f6938a8084c224d9827457bf9b54df69c2f5ba9d5e9eeca9904f9af,1869579,copied_noaudio_mp4,
vdcr_v2_000252,vdcr_v2_000138,vdcr_v2_round101_chromosome_congression_10mt_noaudio,Chromosome Congression,biology_living_systems,release/media/videos_v2_mp4/vdcr_v2_000252.mp4,media/vdcr_v2_clean_derivatives/vdcr_v2_round101_chromosome_congression_10mt_noaudio.mp4,media/vdcr_v2_clean_derivatives/vdcr_v2_round101_chromosome_congression_10mt_noaudio.mp4,https://commons.wikimedia.org/wiki/File:Role-of-the-Number-of-Microtubules-in-Chromosome-Segregation-during-Cell-Division-pone.0141305.s006.ogv#v2-round101-clean-noaudio,CC BY 4.0; PLOS ONE open-access supplementary movie,pass_candidate,"Clean derivative shows chromosomes moving toward central alignment with a small number of microtubules per kinetochore. | triage_decision=pass_candidate; triage_notes=Pass: clean derivative shows chromosome bodies moving toward a central aligned plate under microtubule attachments, with no in-frame answer text. This completes the three-video cap for Chromosome Congression.",normalized_v2_mp4_noaudio,true,dc7fc8dc24cd090b801c2b3005689d50373bb459b949dc9fef7ba394d00ae643,1463708,copied_noaudio_mp4,
vdcr_v2_000253,vdcr_v2_000139,vdcr_v2_round101_chromosome_congression_cenpe_noaudio,Chromosome Congression,biology_living_systems,release/media/videos_v2_mp4/vdcr_v2_000253.mp4,media/vdcr_v2_clean_derivatives/vdcr_v2_round101_chromosome_congression_cenpe_noaudio.mp4,media/vdcr_v2_clean_derivatives/vdcr_v2_round101_chromosome_congression_cenpe_noaudio.mp4,https://commons.wikimedia.org/wiki/File:Role-of-the-Number-of-Microtubules-in-Chromosome-Segregation-during-Cell-Division-pone.0141305.s005.ogv#v2-round101-clean-noaudio,CC BY 4.0; PLOS ONE open-access supplementary movie,pass_candidate,"Clean derivative shows chromosomes moving toward a central aligned metaphase plate under altered kinetochore/microtubule dynamics. | triage_decision=pass_candidate; triage_notes=Pass: clean derivative shows chromosomes moving toward central metaphase alignment under microtubule attachments, with no in-frame answer text. This is a second strong video for Chromosome Congression.",normalized_v2_mp4_noaudio,true,2dac19e9f44cbb61b6cdcd81461faf03e51798bd1579da7a567ad4a0894ee153,1216093,copied_noaudio_mp4,
vdcr_v2_000254,vdcr_v2_000140,vdcr_v2_round101_focal_adhesion_tracking_s014_crop_noaudio,Focal Adhesion Assembly Dynamics,biology_living_systems,release/media/videos_v2_mp4/vdcr_v2_000254.mp4,media/vdcr_v2_clean_derivatives/vdcr_v2_round101_focal_adhesion_tracking_s014_crop_noaudio.mp4,media/vdcr_v2_clean_derivatives/vdcr_v2_round101_focal_adhesion_tracking_s014_crop_noaudio.mp4,https://commons.wikimedia.org/wiki/File:High-Resolution-Quantification-of-Focal-Adhesion-Spatiotemporal-Dynamics-in-Living-Cells-pone.0022025.s014.ogv#v2-round101-clean-crop-noaudio,CC BY 2.5; PLOS ONE open-access supplementary movie,pass_candidate,"Clean derivative shows live-cell focal adhesion puncta and tracked outlines reorganizing around the cell edge over time. | triage_decision=pass_candidate; triage_notes=Pass: clean derivative shows live-cell adhesion puncta and tracked outlines reorganizing around the cell edge over time, with only a scale bar and no answer text.",normalized_v2_mp4_noaudio,true,66cec44802a41eecc3c020fab3081327d27b8312e2f4060f3fea5d18c91a7541,1680849,copied_noaudio_mp4,
vdcr_v2_000255,vdcr_v2_000141,vdcr_v2_round101_focal_adhesion_tracking_s015_crop_noaudio,Focal Adhesion Assembly Dynamics,biology_living_systems,release/media/videos_v2_mp4/vdcr_v2_000255.mp4,media/vdcr_v2_clean_derivatives/vdcr_v2_round101_focal_adhesion_tracking_s015_crop_noaudio.mp4,media/vdcr_v2_clean_derivatives/vdcr_v2_round101_focal_adhesion_tracking_s015_crop_noaudio.mp4,https://commons.wikimedia.org/wiki/File:High-Resolution-Quantification-of-Focal-Adhesion-Spatiotemporal-Dynamics-in-Living-Cells-pone.0022025.s015.ogv#v2-round101-clean-crop-noaudio,CC BY 2.5; PLOS ONE open-access supplementary movie,pass_candidate,"Clean derivative shows focal adhesion puncta and tracked outlines changing around a migrating cell edge over time. | triage_decision=pass_candidate; triage_notes=Pass: clean derivative shows focal adhesion puncta and tracked outlines changing around a cell edge over time, with only a scale bar and no answer text.",normalized_v2_mp4_noaudio,true,d13ce087c084939b4c3f3cb1d5a32daa919e83ed8d62a33480c442141d752741,2076776,copied_noaudio_mp4,
vdcr_v2_000256,vdcr_v2_000142,vdcr_v2_round101_focal_adhesion_tracking_s016_crop_noaudio,Focal Adhesion Assembly Dynamics,biology_living_systems,release/media/videos_v2_mp4/vdcr_v2_000256.mp4,media/vdcr_v2_clean_derivatives/vdcr_v2_round101_focal_adhesion_tracking_s016_crop_noaudio.mp4,media/vdcr_v2_clean_derivatives/vdcr_v2_round101_focal_adhesion_tracking_s016_crop_noaudio.mp4,https://commons.wikimedia.org/wiki/File:High-Resolution-Quantification-of-Focal-Adhesion-Spatiotemporal-Dynamics-in-Living-Cells-pone.0022025.s016.ogv#v2-round101-clean-crop-noaudio,CC BY 2.5; PLOS ONE open-access supplementary movie,pass_candidate,"Clean derivative shows focal adhesion puncta and tracked outlines assembling and reorganizing in a live-cell microscopy sequence. | triage_decision=pass_candidate; triage_notes=Pass: clean derivative shows focal adhesion puncta and colored tracked outlines assembling and reorganizing through a live-cell microscopy sequence, with only a scale bar and no answer text.",normalized_v2_mp4_noaudio,true,98f501a576ed202393ebadb886e5d8f7c0d6580893fc4620d0fdbe68bf122f62,767673,copied_noaudio_mp4,
vdcr_v2_000257,vdcr_v2_000143,vdcr_v2_round102_bicarbonate_vinegar_normal_noaudio,Acid-Carbonate Effervescence,chemistry_materials_change,release/media/videos_v2_mp4/vdcr_v2_000257.mp4,media/vdcr_v2_clean_derivatives/vdcr_v2_round102_bicarbonate_vinegar_normal_noaudio.mp4,media/vdcr_v2_clean_derivatives/vdcr_v2_round102_bicarbonate_vinegar_normal_noaudio.mp4,https://commons.wikimedia.org/wiki/File:026_Sodium_Bicarbonate_Mixed_With_Vinegar_(Normal_Speed)_Video_By_Giles_Laurent.webm#v2-round102-clean-noaudio,CC BY-SA 4.0,pass_candidate,"Clean derivative shows sustained gas-bubble and foam evolution after sodium bicarbonate is mixed with vinegar. | triage_decision=pass_candidate; triage_notes=Pass with strict note: clean derivative shows visible gas-bubble and foam evolution after a sodium bicarbonate/vinegar reaction. The concept is usable as Acid-Carbonate Effervescence but should remain gated to videos showing active effervescence, not static cloudy liquid.",normalized_v2_mp4_noaudio,true,46b6a2f34d5eb8453c0e7c1edeab3a447fa92110cda72d2a89470bf0485250f1,5777625,copied_noaudio_mp4,
vdcr_v2_000258,vdcr_v2_000144,vdcr_v2_round102_bicarbonate_vinegar_slow_trim_noaudio,Acid-Carbonate Effervescence,chemistry_materials_change,release/media/videos_v2_mp4/vdcr_v2_000258.mp4,media/vdcr_v2_clean_derivatives/vdcr_v2_round102_bicarbonate_vinegar_slow_trim_noaudio.mp4,media/vdcr_v2_clean_derivatives/vdcr_v2_round102_bicarbonate_vinegar_slow_trim_noaudio.mp4,https://commons.wikimedia.org/wiki/File:025_Sodium_bicarbonate_mixed_with_Vinegar_(slow_motion)_Video_by_Giles_Laurent.webm#v2-round102-clean-trim-noaudio,CC BY-SA 4.0,pass_candidate,Clean trimmed derivative shows slow-motion bubble generation and foam evolution from the same acid-carbonate reaction class. | triage_decision=pass_candidate; triage_notes=Pass with strict note: clean trimmed derivative shows slow-motion bubble generation and foam persistence from the same acid-carbonate reaction class. It provides a second visual realization for the new concept while staying under the three-video cap.,normalized_v2_mp4_noaudio,true,981bc58fd74542a59fff49aac4b1ca0936f1b2b3899170373a0eb5224917bc1e,4537940,copied_noaudio_mp4,
vdcr_v2_000259,vdcr_v2_000145,vdcr_v2_round102_citric_crystallization_noaudio,Crystallization Front Propagation,chemistry_materials_change,release/media/videos_v2_mp4/vdcr_v2_000259.mp4,media/vdcr_v2_clean_derivatives/vdcr_v2_round102_citric_crystallization_noaudio.mp4,media/vdcr_v2_clean_derivatives/vdcr_v2_round102_citric_crystallization_noaudio.mp4,https://commons.wikimedia.org/wiki/File:CitricAcid_Crystalisation_Timelapse.ogv#v2-round102-clean-noaudio,CC BY-SA 3.0,pass_candidate,Clean derivative shows time-lapse crystal boundaries advancing across the microscope field as citric acid crystallizes from solution. | triage_decision=pass_candidate; triage_notes=Pass with moderate concept fit: clean timelapse shows crystal boundaries advancing across the field as citric acid crystallizes. It is assigned to Crystallization Front Propagation rather than the capped generic Crystal Nucleation-and-Growth Dynamics answer.,normalized_v2_mp4_noaudio,true,02fd4de297e14f046bf995bbc30be1e581697bb815060a76652dc28a32b3448a,652517,copied_noaudio_mp4,
vdcr_v2_000260,vdcr_v2_000146,vdcr_v2_round102_ostwald_foam_s2_segment_noaudio,Ostwald Ripening,chemistry_materials_change,release/media/videos_v2_mp4/vdcr_v2_000260.mp4,media/vdcr_v2_clean_derivatives/vdcr_v2_round102_ostwald_foam_s2_segment_noaudio.mp4,media/vdcr_v2_clean_derivatives/vdcr_v2_round102_ostwald_foam_s2_segment_noaudio.mp4,https://commons.wikimedia.org/wiki/File:A-general-patterning-approach-by-manipulating-the-evolution-of-two-dimensional-liquid-foams-ncomms14110-s2.ogv#v2-round102-clean-segment-noaudio,CC BY 4.0 Nature Communications supplementary movie,pass_candidate,"Clean segment removes title cards and shows smaller foam domains disappearing while larger bubbles grow over time. | triage_decision=pass_candidate; triage_notes=Pass: clean segment removes title cards and shows foam coarsening where smaller domains disappear while larger bubbles grow, supporting Ostwald Ripening without visible answer text.",normalized_v2_mp4_noaudio,true,3a433abde65d02248944967c3499527da2eccf7e505fb27cda176f9231784d6d,4446470,copied_noaudio_mp4,
vdcr_v2_000261,vdcr_v2_000147,vdcr_v2_round11_neutrophil_chemotaxis_noaudio,Neutrophil Chemotaxis,biology_living_systems,release/media/videos_v2_mp4/vdcr_v2_000261.mp4,media/vdcr_v2_clean_derivatives/vdcr_v2_round11_neutrophil_chemotaxis_noaudio.mp4,media/vdcr_v2_clean_derivatives/vdcr_v2_round11_neutrophil_chemotaxis_noaudio.mp4,https://commons.wikimedia.org/wiki/File:Monomeric-and-Dimeric-CXCL8-Are-Both-Essential-for-In-Vivo-Neutrophil-Recruitment-pone.0011754.s003.ogv#metadata-clean,CC-BY-2.5 Commons/PLOS supplementary movie; metadata stripped locally,pass_candidate,Clean microscopy sequence shows neutrophils changing position and migrating directionally through the field toward the indicated chemotactic stimulus; a single frame cannot establish chemotaxis. | triage_decision=pass_candidate; triage_notes=Clean no-audio metadata-stripped derivative shows many neutrophils moving across the microscopy field with directional migration relative to the orange stimulus arrows; no title/audio/source metadata remains in the release media.,normalized_v2_mp4_noaudio,true,55ec2f4d5b56c0426e76b4370fa78badc535abe016955d51002547b7f23fe5b4,302154,copied_noaudio_mp4,
vdcr_v2_000262,vdcr_v2_000148,vdcr_v2_round12_candle_flame_oscillation_s1_noaudio,Candle Flame Oscillation,chemistry_materials_change,release/media/videos_v2_mp4/vdcr_v2_000262.mp4,media/vdcr_v2_clean_derivatives/vdcr_v2_round12_candle_flame_oscillation_s1_noaudio.mp4,media/vdcr_v2_clean_derivatives/vdcr_v2_round12_candle_flame_oscillation_s1_noaudio.mp4,https://www.nature.com/articles/s41598-018-36754-w#MOESM1-clean,CC BY 4.0 article supplementary material; metadata stripped locally,pass_candidate,Clean supplementary video shows paired candle flames repeatedly changing height and shape in synchronized oscillation; a single frame cannot establish the oscillatory flame dynamics. | triage_decision=pass_candidate; triage_notes=Clean no-audio metadata-stripped derivative from the Scientific Reports S1 supplement shows paired candle flames repeatedly growing and shrinking in synchronized oscillation; no title/audio/source metadata remains in release media.,normalized_v2_mp4_noaudio,true,555baf15c409e648f136bb64656ad1dae28abfd6c4657e412ff555424bdaa726,549530,copied_noaudio_mp4,
vdcr_v2_000263,vdcr_v2_000149,vdcr_v2_round18_seismonasty_mimosa_1_clean_noaudio,Seismonasty,biology_living_systems,release/media/videos_v2_mp4/vdcr_v2_000263.mp4,media/vdcr_v2_clean_derivatives/vdcr_v2_round18_seismonasty_mimosa_1_clean_noaudio.mp4,media/vdcr_v2_clean_derivatives/vdcr_v2_round18_seismonasty_mimosa_1_clean_noaudio.mp4,https://commons.wikimedia.org/wiki/File:Mimosa_pudica_leaves_folding_when_touched_1.ogv#clean-noaudio,CC BY 2.5 or GFDL,pass_candidate,"Clean derivative must show touch-triggered plant leaf folding response over time, not merely a static Mimosa plant. | triage_decision=pass_candidate; triage_notes=Clean no-audio MP4 shows a touch cue followed by Mimosa leaflets rapidly folding inward; no answer-bearing title/source text is visible",normalized_v2_mp4_noaudio,true,0463f29f114b8f0cb60af6ae4bfce4242586ab7b74c90ddf990dcb638baea5e4,13378557,copied_noaudio_mp4,
vdcr_v2_000264,vdcr_v2_000150,vdcr_v2_round18_seismonasty_mimosa_2_clean_noaudio,Seismonasty,biology_living_systems,release/media/videos_v2_mp4/vdcr_v2_000264.mp4,media/vdcr_v2_clean_derivatives/vdcr_v2_round18_seismonasty_mimosa_2_clean_noaudio.mp4,media/vdcr_v2_clean_derivatives/vdcr_v2_round18_seismonasty_mimosa_2_clean_noaudio.mp4,https://commons.wikimedia.org/wiki/File:Mimosa_pudica_leaves_folding_when_touched_2.ogv#clean-noaudio,CC BY 2.5 or GFDL,pass_candidate,"Clean derivative must show a second visually distinct touch-triggered plant leaf folding response, not merely a static Mimosa plant. | triage_decision=pass_candidate; triage_notes=Clean no-audio MP4 shows a second visually distinct touch-triggered Mimosa leaflet folding sequence; no answer-bearing title/source text is visible.",normalized_v2_mp4_noaudio,true,00fe06a2872e16a6cff4a24a402ca6fb1fb32b6d310ab8089ecb5bd56fc1ee69,7237648,copied_noaudio_mp4,
vdcr_v2_000265,vdcr_v2_000151,vdcr_v2_round18_seismonasty_mimosa_3_clean_noaudio,Seismonasty,biology_living_systems,release/media/videos_v2_mp4/vdcr_v2_000265.mp4,media/vdcr_v2_clean_derivatives/vdcr_v2_round18_seismonasty_mimosa_3_clean_noaudio.mp4,media/vdcr_v2_clean_derivatives/vdcr_v2_round18_seismonasty_mimosa_3_clean_noaudio.mp4,https://commons.wikimedia.org/wiki/File:Mimosa_pudica_leaves_folding_when_touched_3.ogv#clean-noaudio,CC BY 2.5 or GFDL,pass_candidate,"Clean derivative must show a third visually distinct touch-triggered plant leaf folding response, not merely a static Mimosa plant. | triage_decision=pass_candidate; triage_notes=Clean no-audio MP4 shows a third visually distinct touch-triggered Mimosa leaflet folding sequence from a different close-up view; no answer-bearing title/source text is visible.",normalized_v2_mp4_noaudio,true,93319f3880fd1100fb11416d74934bbf2d9ecf9a191a2eeae32f92a18464cc92,5670411,copied_noaudio_mp4,
vdcr_v2_000266,vdcr_v2_000152,vdcr_v2_round20_thermite_reaction_clean_noaudio,Thermite Reaction Propagation,chemistry_materials_change,release/media/videos_v2_mp4/vdcr_v2_000266.mp4,media/vdcr_v2_clean_derivatives/vdcr_v2_round20_thermite_reaction_clean_noaudio.mp4,media/vdcr_v2_clean_derivatives/vdcr_v2_round20_thermite_reaction_clean_noaudio.mp4,https://commons.wikimedia.org/wiki/File:Thermite.webm#clean-segment,CC BY 4.0,pass_candidate,"Clean derivative must show thermite ignition, reaction propagation, and molten product evolution, not merely a generic fire or final residue. | triage_decision=pass_candidate; triage_notes=Clean no-audio segment shows ignition, intense thermite reaction propagation, and molten product evolution without answer-bearing title/source text or audio.",normalized_v2_mp4_noaudio,true,08d4c64754d319377893b43bfa02d94d01f0520487aa533b0a72b425d2b4e746,28405389,copied_noaudio_mp4,
vdcr_v2_000267,vdcr_v2_000153,vdcr_v2_round22_dust_deflagration_demo_clean_noaudio,Dust Deflagration Front,chemistry_materials_change,release/media/videos_v2_mp4/vdcr_v2_000267.mp4,media/vdcr_v2_clean_derivatives/vdcr_v2_round22_dust_deflagration_demo_clean_noaudio.mp4,media/vdcr_v2_clean_derivatives/vdcr_v2_round22_dust_deflagration_demo_clean_noaudio.mp4,https://commons.wikimedia.org/wiki/File:Dust_explosion_demonstration.webm#clean-segment,CC BY 3.0,pass_candidate,"Clean derivative must show a flame front propagating through dispersed dust or powder cloud, not a generic explosion or explanatory title card. | triage_decision=pass_candidate; triage_notes=Clean no-audio segment shows ignition and rapid flame-front propagation through a suspended powder/dust cloud, with no answer-bearing title/source text visible.",normalized_v2_mp4_noaudio,true,ce5ac07495b6d191ab4cd758cc45bb542f2ea6333948660a5009794227873617,2927348,copied_noaudio_mp4,
vdcr_v2_000268,vdcr_v2_000154,vdcr_v2_round26_vitamin_c_spherulitic_clean_noaudio,Spherulitic Growth,chemistry_materials_change,release/media/videos_v2_mp4/vdcr_v2_000268.mp4,media/vdcr_v2_clean_derivatives/vdcr_v2_round26_vitamin_c_spherulitic_clean_noaudio.mp4,media/vdcr_v2_clean_derivatives/vdcr_v2_round26_vitamin_c_spherulitic_clean_noaudio.mp4,https://commons.wikimedia.org/wiki/File:Time.lapse_de_cristalizaci%C3%B3n_de_vitamina_C.webm#clean-noaudio,CC BY-SA 4.0 verify_on_page,pass_candidate,"Clean derivative must show radial crystal domains nucleating and expanding outward over time without source text, title metadata, or audio. | triage_decision=pass_candidate; triage_notes=Clean metadata-stripped MP4 shows multiple radial crystal domains nucleating and expanding outward into fan/spherulitic textures; no readable source, title, or answer-bearing text is visible.",normalized_v2_mp4_noaudio,true,cca3fd57b4b4f48ea350334eea6f4a14eb90479cb13bb0274b84032346a55d98,250242,copied_noaudio_mp4,
vdcr_v2_000269,vdcr_v2_000155,vdcr_v2_round2_permanganate_crystallization_noaudio,Salt Dendritic Crystallization,chemistry_materials_change,release/media/videos_v2_mp4/vdcr_v2_000269.mp4,media/vdcr_v2_clean_derivatives/vdcr_v2_round2_permanganate_crystallization_noaudio.mp4,media/vdcr_v2_clean_derivatives/vdcr_v2_round2_permanganate_crystallization_noaudio.mp4,https://commons.wikimedia.org/wiki/File:Potassium_permanganate_-_KMnO4_-_crystallization_of_aqueous_solution.webm#noaudio,wikimedia_commons_license_verify_on_page,pass_candidate,Clean derivative must show branching salt crystal growth over time without relying on audio or source title text. | triage_decision=pass_candidate; triage_notes=Clean no-audio derivative shows purple solution receding while needle-like salt crystals extend and branch over time; no readable answer/source text remains.,normalized_v2_mp4_noaudio,true,37a222be7f93f1c9d55a633f5a882679b656c4aa29a4394595ab762a42d5def9,1365941,copied_noaudio_mp4,
vdcr_v2_000270,vdcr_v2_000156,vdcr_v2_round2_phenyl_salicylate_crop_108_128_noaudio,Spherulitic Growth,chemistry_materials_change,release/media/videos_v2_mp4/vdcr_v2_000270.mp4,media/vdcr_v2_clean_derivatives/vdcr_v2_round2_phenyl_salicylate_crop_108_128_noaudio.mp4,media/vdcr_v2_clean_derivatives/vdcr_v2_round2_phenyl_salicylate_crop_108_128_noaudio.mp4,"https://commons.wikimedia.org/wiki/File:Crystallization_of_Phenyl_Salicylate.webm#t=108,128-crop-noaudio",wikimedia_commons_license_verify_on_page,pass_candidate,"Clean derivative must show radial crystal clusters growing over time without readable overlay text, arrows, audio, or source title text. | triage_decision=pass_candidate; triage_notes=Clean no-audio crop shows radial crystal clusters growing and coalescing over time; tightened crop removes presenter, speed-up text, arrows, and answer-bearing source text.",normalized_v2_mp4_noaudio,true,1e635065d0bd371316bb1e0a9928e85ac8002d07b6e11562f789badbd5ad60b3,3198268,copied_noaudio_mp4,
vdcr_v2_000271,vdcr_v2_000157,vdcr_v2_round31_tollens_silver_mirror_clean_noaudio,Silver Mirror Deposition,chemistry_materials_change,release/media/videos_v2_mp4/vdcr_v2_000271.mp4,media/vdcr_v2_clean_derivatives/vdcr_v2_round31_tollens_silver_mirror_clean_noaudio.mp4,media/vdcr_v2_clean_derivatives/vdcr_v2_round31_tollens_silver_mirror_clean_noaudio.mp4,https://commons.wikimedia.org/wiki/File:112._%D0%A2%D0%BE%D0%BB%D0%B5%D0%BD%D1%81%D0%BE%D0%B2%D0%B0_%D1%80%D0%B5%D0%B0%D0%BA%D1%86%D0%B8%D1%98%D0%B0.webm#clean-noaudio,CC BY-SA 4.0 verify_on_page,pass_candidate,Clean derivative must show metallic silver film or mirror forming progressively on glass without relying on source title text or audio. | triage_decision=pass_candidate; triage_notes=Clean derivative shows heating and progressive metallic/dark silver deposition on test tube walls and bottoms; no source title or answer-bearing overlay is visible.,normalized_v2_mp4_noaudio,true,16fb28e97ced7a16c83b75ce09510ab339defe39839cd1b9bf5c8326faae46b9,6165793,copied_noaudio_mp4,
vdcr_v2_000272,vdcr_v2_000158,vdcr_v2_round37_glut4_vesicle_fusion_clean_noaudio,Vesicle Fusion,biology_living_systems,release/media/videos_v2_mp4/vdcr_v2_000272.mp4,media/vdcr_v2_clean_derivatives/vdcr_v2_round37_glut4_vesicle_fusion_clean_noaudio.mp4,media/vdcr_v2_clean_derivatives/vdcr_v2_round37_glut4_vesicle_fusion_clean_noaudio.mp4,https://commons.wikimedia.org/wiki/File:Sites-of-Glucose-Transporter-4-Vesicle-Fusion-with-the-Plasma-Membrane-Correlate-Spatially-with-pone.0043662.s015.ogv#clean-noaudio,CC BY 2.5 verify_on_page,pass_candidate,"Clean derivative must show localized fluorescent vesicle-fusion events at the plasma membrane over time without relying on source title text or metadata. | triage_decision=pass_candidate; triage_notes=Clean MP4 shows localized fluorescent puncta/events appearing and changing along the cell membrane/cortical network over time, consistent with vesicle-membrane fusion; the visible timestamp is not answer-bearing, and source/title metadata has been stripped. This is a narrow vesicle-fusion concept sample, distinct from broader exocytosis samples.",normalized_v2_mp4_noaudio,true,7266d22be1e3527f032e17bfb093a0a281dcab6cc1f416ff64f7340177c10c71,3425508,copied_noaudio_mp4,
vdcr_v2_000273,vdcr_v2_000159,vdcr_v2_round38_rab27b_vesicle_budding_clean_noaudio,Vesicle Budding,biology_living_systems,release/media/videos_v2_mp4/vdcr_v2_000273.mp4,media/vdcr_v2_clean_derivatives/vdcr_v2_round38_rab27b_vesicle_budding_clean_noaudio.mp4,media/vdcr_v2_clean_derivatives/vdcr_v2_round38_rab27b_vesicle_budding_clean_noaudio.mp4,https://commons.wikimedia.org/wiki/File:Direct-Imaging-of-RAB27B-Enriched-Secretory-Vesicle-Biogenesis-in-Lacrimal-Acinar-Cells-Reveals-pone.0031789.s002.ogv#clean-noaudio,CC BY 2.5 verify_on_page,pass_candidate,"Clean derivative must show Rab27b-labeled vesicle biogenesis or budding dynamics over time without relying on source title text, audio, or metadata. | triage_decision=pass_candidate; triage_notes=Clean MP4 trims the source title card, removes audio, and strips metadata. The remaining visible frames show Rab27b-labeled fluorescent structures accumulating and changing around a marked cellular site over time, consistent with secretory-vesicle biogenesis/vesicle budding. Visible scale/site markers do not name the concept. This is a narrow vesicle-budding concept sample, distinct from vesicle fusion and broader exocytosis samples.",normalized_v2_mp4_noaudio,true,005dc48834c6de9fa2d25c69bee5d311494ed8a38fd7ef6e633e44d9cf633aaa,174377,copied_noaudio_mp4,
vdcr_v2_000274,vdcr_v2_000160,vdcr_v2_round39_mammalian_cytokinetic_ring_constriction_clean_noaudio,Actomyosin Contractile Ring Constriction,biology_living_systems,release/media/videos_v2_mp4/vdcr_v2_000274.mp4,media/vdcr_v2_clean_derivatives/vdcr_v2_round39_mammalian_cytokinetic_ring_constriction_clean_noaudio.mp4,media/vdcr_v2_clean_derivatives/vdcr_v2_round39_mammalian_cytokinetic_ring_constriction_clean_noaudio.mp4,https://commons.wikimedia.org/wiki/File:Still-and-rotating-myosin-clusters-determine-cytokinetic-ring-constriction-ncomms11860-s7.ogv#clean-noaudio-cropped,CC BY 4.0 verify_on_page,pass_candidate,"Clean derivative must show a dividing cell ring forming and constricting over time without relying on source title, channel-label text, audio, or metadata. | triage_decision=pass_candidate; triage_notes=Clean MP4 removes metadata and crops bottom channel-label text while preserving the two-channel cellular time-lapse. The visible sequence shows a bright equatorial band/ring forming and then constricting as the cell divides; this supports actomyosin contractile-ring constriction rather than only generic cytokinesis or a static furrow. The visible timecode is not answer-bearing.",normalized_v2_mp4_noaudio,true,6c25b39d4b487d5bb95f4bcd43bc83f884231b99d0d44f640a269cb3a4f22a69,6576558,copied_noaudio_mp4,
vdcr_v2_000275,vdcr_v2_000161,vdcr_v2_round40_mesenchymal_membrane_blebbing_clean_noaudio,Membrane Blebbing Dynamics,biology_living_systems,release/media/videos_v2_mp4/vdcr_v2_000275.mp4,media/vdcr_v2_clean_derivatives/vdcr_v2_round40_mesenchymal_membrane_blebbing_clean_noaudio.mp4,media/vdcr_v2_clean_derivatives/vdcr_v2_round40_mesenchymal_membrane_blebbing_clean_noaudio.mp4,https://commons.wikimedia.org/wiki/File:Membrane-Blebbing-Is-Required-for-Mesenchymal-Precursor-Migration-pone.0150004.s007.ogv#clean-noaudio,CC BY 4.0 verify_on_page,pass_candidate,"Clean derivative must show membrane blebs expanding, retracting, or cycling along a living cell boundary over time without relying on source title text, audio, or metadata. | triage_decision=pass_candidate; triage_notes=Clean MP4 removes source metadata and has no audio or in-frame answer text. The time-lapse shows rounded protrusions along the leading cell boundary changing size and position over time, supporting membrane blebbing dynamics rather than only static cell morphology or generic migration.",normalized_v2_mp4_noaudio,true,791d85d6fc97f0ccb65debecebd42e4c59e4663e723f62f547ef065f4e72f4ab,320595,copied_noaudio_mp4,
vdcr_v2_000276,vdcr_v2_000162,vdcr_v2_round44_cucumber_tendril_coiling_clean_noaudio,Tendril Coiling,biology_living_systems,release/media/videos_v2_mp4/vdcr_v2_000276.mp4,media/vdcr_v2_clean_derivatives/vdcr_v2_round44_cucumber_tendril_coiling_clean_noaudio.mp4,media/vdcr_v2_clean_derivatives/vdcr_v2_round44_cucumber_tendril_coiling_clean_noaudio.mp4,https://commons.wikimedia.org/wiki/File:So_w%C3%A4chst_eine_Rankpflanze_wie_eine_Gurke.webm#clean-segment-noaudio,CC BY 4.0 verify_on_page,pass_candidate,"Clean derivative must show a tendril coiling around an external support over time without relying on source title text, audio, or metadata. | triage_decision=pass_candidate; triage_notes=Clean MP4 removes audio and source metadata and keeps the segment where a tendril reaches a support, wraps around it in repeated coils, and later shows multiple support contacts. The evidence supports Tendril Coiling rather than only generic upward plant growth or a static climbing plant. This sample is flagged as educational animation.",normalized_v2_mp4_noaudio,true,431f4a9c8602bfeb5f95d0eca85df4b9c6b9f91122214d9532b9729e5d72e79b,12261773,copied_noaudio_mp4,
vdcr_v2_000277,vdcr_v2_000163,vdcr_v2_round46_cucumber_tendril_circumnutation_clean_noaudio,Tendril Circumnutation,biology_living_systems,release/media/videos_v2_mp4/vdcr_v2_000277.mp4,media/vdcr_v2_clean_derivatives/vdcr_v2_round46_cucumber_tendril_circumnutation_clean_noaudio.mp4,media/vdcr_v2_clean_derivatives/vdcr_v2_round46_cucumber_tendril_circumnutation_clean_noaudio.mp4,https://commons.wikimedia.org/wiki/File:Cucumber_Climb.webm#clean-segment-noaudio,CC BY 3.0 verify_on_page,pass_candidate,"Clean derivative must show a tendril or climbing shoot sweeping/searching for support over time without relying on source title text, audio, or metadata. | triage_decision=pass_candidate; triage_notes=Clean MP4 removes source metadata, has no audio, and trims the dark ending. The time-lapse shows a slender cucumber tendril/shoot sweeping and changing orientation while searching near supports, which supports tendril circumnutation rather than static plant growth or completed coiling.",normalized_v2_mp4_noaudio,true,11b7c05323f23ed72f23d6c4a1ae2e0c5097c9a814f5bdd7b311435d0ad918fa,777708,copied_noaudio_mp4,
vdcr_v2_000278,vdcr_v2_000164,vdcr_v2_round59_red_cabbage_indicator_diffusion_clean_noaudio,pH Indicator Diffusion Front,chemistry_materials_change,release/media/videos_v2_mp4/vdcr_v2_000278.mp4,media/vdcr_v2_clean_derivatives/vdcr_v2_round59_red_cabbage_indicator_diffusion_clean_noaudio.mp4,media/vdcr_v2_clean_derivatives/vdcr_v2_round59_red_cabbage_indicator_diffusion_clean_noaudio.mp4,https://commons.wikimedia.org/wiki/File:Les_Couleurs_du_Chou_Rouge.webm#clean-noaudio,CC BY 4.0; clean derivative from own-work Commons video by Le hollandais volant,pass_candidate,"Clean derivative must show red-cabbage indicator liquid entering solutions, forming moving color plumes/fronts and changing color through mixing/reaction, without audio, metadata, or source/title answer leakage. | triage_decision=pass_candidate; triage_notes=Clean derivative removes audio and metadata while preserving red-cabbage indicator liquid being poured into multiple solutions. The sequence shows moving colored plumes/fronts spreading through initially clear liquids and settling into distinct reaction colors; no source title, answer text, labels, or narration remain in the evaluation media.",normalized_v2_mp4_noaudio,true,24200d55742d494a42fd93a6e993fbcfc660401a82969ca637d50d19a77f1cfb,7265534,copied_noaudio_mp4,
vdcr_v2_000279,vdcr_v2_000165,vdcr_v2_round65_chemical_traffic_light_timelapse_clean_noaudio,Chemical Traffic Light Reaction,chemistry_materials_change,release/media/videos_v2_mp4/vdcr_v2_000279.mp4,media/vdcr_v2_clean_derivatives/vdcr_v2_round65_chemical_traffic_light_timelapse_clean_noaudio.mp4,media/vdcr_v2_clean_derivatives/vdcr_v2_round65_chemical_traffic_light_timelapse_clean_noaudio.mp4,https://commons.wikimedia.org/wiki/File:Chemical_traffic_light_reaction_time-lapse.webm#clean-noaudio,CC BY-SA 4.0 or GFDL; own work by Pnotporn; clean derivative keeps original license terms,pass_candidate,"Candidate must show repeated or sequential color-state changes characteristic of the chemical traffic light reaction, not a static colored solution. | triage_decision=pass_candidate; triage_notes=Clean derivative strips metadata while preserving the traffic-light color cycling of the reaction.",normalized_v2_mp4_noaudio,true,d1d3bee8dae57fddede88517133645678845bdb5f8bc8d929ab7db9e7969b559,11819722,copied_noaudio_mp4,
vdcr_v2_000280,vdcr_v2_000166,vdcr_v2_round66_liesegang_band_experiment_clean_noaudio,Liesegang Band Formation,chemistry_materials_change,release/media/videos_v2_mp4/vdcr_v2_000280.mp4,media/vdcr_v2_clean_derivatives/vdcr_v2_round66_liesegang_band_experiment_clean_noaudio.mp4,media/vdcr_v2_clean_derivatives/vdcr_v2_round66_liesegang_band_experiment_clean_noaudio.mp4,https://commons.wikimedia.org/wiki/File:Liesegang_band_experiment.webm#clean-noaudio,CC BY 3.0; YouTube CC reviewed on Commons; author kemodadog's channel; clean derivative keeps original license terms,pass_candidate,"Candidate must show precipitation bands/rings emerging or changing over time, not a static banded material. | triage_decision=pass_candidate; triage_notes=Clean derivative removes audio and metadata while preserving emergence and motion/collapse of precipitation bands.",normalized_v2_mp4_noaudio,true,c5f2f22105053bbad2caaa0e59cdce29b6ccc36ad6f00c8ac90e94dff041891d,274442,copied_noaudio_mp4,
vdcr_v2_000281,vdcr_v2_000167,vdcr_v2_round68_chemical_traffic_light_short_clean_noaudio,Chemical Traffic Light Reaction,chemistry_materials_change,release/media/videos_v2_mp4/vdcr_v2_000281.mp4,media/vdcr_v2_clean_derivatives/vdcr_v2_round68_chemical_traffic_light_short_clean_noaudio.mp4,media/vdcr_v2_clean_derivatives/vdcr_v2_round68_chemical_traffic_light_short_clean_noaudio.mp4,https://commons.wikimedia.org/wiki/File:Chemical_traffic_light.ogv#clean-noaudio,CC BY-SA 4.0; own work by U5780065; clean derivative keeps original license terms,pass_candidate,"Clean derivative must show chemical traffic-light color cycling over time, not a single static colored solution. | triage_decision=pass_candidate; triage_notes=Clean no-audio derivative shows the solution cycling from green/dark to red over time, grounding the chemical traffic-light reaction without title, audio, or metadata leakage.",normalized_v2_mp4_noaudio,true,8cbaea492cd449dca2b8b9a8e6b78caf066575bbdf72e493e566657e292a1185,1904862,copied_noaudio_mp4,
vdcr_v2_000282,vdcr_v2_000168,vdcr_v2_round68_citric_acid_crystallisation_timelapse_clean_noaudio,Crystal Nucleation-and-Growth Dynamics,chemistry_materials_change,release/media/videos_v2_mp4/vdcr_v2_000282.mp4,media/vdcr_v2_clean_derivatives/vdcr_v2_round68_citric_acid_crystallisation_timelapse_clean_noaudio.mp4,media/vdcr_v2_clean_derivatives/vdcr_v2_round68_citric_acid_crystallisation_timelapse_clean_noaudio.mp4,https://commons.wikimedia.org/wiki/File:CitricAcid_Crystalisation_Timelapse.ogv#clean-noaudio,CC BY-SA 3.0 or GFDL; own work by Zephyris; clean derivative keeps original license terms,pass_candidate,"Clean derivative must show crystal structures nucleating and growing over time, not only a final static crystal pattern. | triage_decision=pass_candidate; triage_notes=Clean no-audio derivative shows crystals appearing and growing in the microscopy field over the timelapse, grounding crystal nucleation-and-growth dynamics without source title, audio, or metadata leakage.",normalized_v2_mp4_noaudio,true,03f5845d00bd19f3ad35deb583a3346ee62f687ae997f276a435d66fbfb14f5f,428477,copied_noaudio_mp4,
vdcr_v2_000283,vdcr_v2_000169,vdcr_v2_round71_neutrophil_phagocytosis_bacterium_clean_noaudio,Phagocytosis,biology_living_systems,release/media/videos_v2_mp4/vdcr_v2_000283.mp4,media/vdcr_v2_clean_derivatives/vdcr_v2_round71_neutrophil_phagocytosis_bacterium_clean_noaudio.mp4,media/vdcr_v2_clean_derivatives/vdcr_v2_round71_neutrophil_phagocytosis_bacterium_clean_noaudio.mp4,https://commons.wikimedia.org/wiki/File:%D0%9D%D0%B5%D0%B9%D1%82%D1%80%D0%BE%D1%84%D0%B8%D0%BB_%D0%BA%D1%80%D0%BE%D0%B2%D0%B8_%D1%87%D0%B5%D0%BB%D0%BE%D0%B2%D0%B5%D0%BA%D0%B0_%D1%84%D0%B0%D0%B3%D0%BE%D1%86%D0%B8%D1%82%D0%B8%D1%80%D1%83%D0%B5%D1%82_%D0%B1%D0%B0%D0%BA%D1%82%D0%B5%D1%80%D0%B8%D1%8E.webm#clean-noaudio,CC BY 4.0; own work by Andrei Savitsky; clean derivative keeps original license terms,pass_candidate,"Clean derivative must show a neutrophil or immune cell locating and engulfing a bacterium/pathogen over time, not merely generic cell motion or a final engulfed state. | triage_decision=pass_candidate; triage_notes=Clean derivative shows a neutrophil-like cell changing shape, tracking a small target, and engulfing/contacting it over time, grounding phagocytosis without title, audio, or metadata leakage.",normalized_v2_mp4_noaudio,true,9d967d57c3363bae798c7649e7feb861b11ba2d2f2821b76978d991d19f749c4,5258997,copied_noaudio_mp4,
vdcr_v2_000284,vdcr_v2_000170,vdcr_v2_round72_macrophage_candida_phagocytosis_clean_crop_noaudio,Phagocytosis,biology_living_systems,release/media/videos_v2_mp4/vdcr_v2_000284.mp4,media/vdcr_v2_clean_derivatives/vdcr_v2_round72_macrophage_candida_phagocytosis_clean_crop_noaudio.mp4,media/vdcr_v2_clean_derivatives/vdcr_v2_round72_macrophage_candida_phagocytosis_clean_crop_noaudio.mp4,https://commons.wikimedia.org/wiki/File:Stage-Specific-Assessment-of-Candida-albicans-Phagocytosis-by-Macrophages-Identifies-Cell-Wall-ppat.1002578.s002.ogv#clean-crop-noaudio,CC BY 2.5; PLOS Pathogens supplementary video; clean derivative keeps original license terms,pass_candidate,"Clean derivative must show macrophages ingesting or enclosing fungal cells over time, not merely static microscopy or generic cell crowding. | triage_decision=pass_candidate; triage_notes=Clean cropped derivative shows macrophage-like cells moving among fungal cells and enclosing/contacting targets over time; metadata and audio are stripped and no answer-bearing text is visible in-frame.",normalized_v2_mp4_noaudio,true,49be559eb3abfc15503e84aaa38e46f8b3e654ddd7f1ab53904a5c032d019ac2,3472328,copied_noaudio_mp4,
vdcr_v2_000285,vdcr_v2_000171,vdcr_v2_round85_ag2cro4_agcl_precipitation_crop_noaudio,Reaction-Precipitation Front Propagation,chemistry_materials_change,release/media/videos_v2_mp4/vdcr_v2_000285.mp4,media/vdcr_v2_clean_derivatives/vdcr_v2_round85_ag2cro4_agcl_precipitation_crop_noaudio.mp4,media/vdcr_v2_clean_derivatives/vdcr_v2_round85_ag2cro4_agcl_precipitation_crop_noaudio.mp4,https://commons.wikimedia.org/wiki/File:Precipitation_of_Ag2CrO4_and_AgCl.webm#clean-crop-noaudio,CC BY 4.0,pass_candidate,"Clean derivative must show precipitate/color boundary evolution after reagent mixing without relying on the original top chemical-equation overlay, audio, or metadata. | triage_decision=pass_candidate; triage_notes=Pass: clean derivative removes the equation overlay, audio, and metadata while preserving the visible precipitation/color boundary dynamics. The sequence shows reagent addition followed by a spreading red-brown precipitate layer and later conversion toward a pale/yellow suspension, supporting Reaction-Precipitation Front Propagation without relying on source text.",normalized_v2_mp4_noaudio,true,e242a204f7ed7d7b80cc604bf35850d6e06e4684267240a690443f615612cdb5,7401002,copied_noaudio_mp4,
vdcr_v2_000286,vdcr_v2_000172,vdcr_v2_round87_frozen_drop_noaudio,Freeze-Thaw Phase Front Migration,chemistry_materials_change,release/media/videos_v2_mp4/vdcr_v2_000286.mp4,media/vdcr_v2_clean_derivatives/vdcr_v2_round87_frozen_drop_noaudio.mp4,media/vdcr_v2_clean_derivatives/vdcr_v2_round87_frozen_drop_noaudio.mp4,https://commons.wikimedia.org/wiki/File:Frozen_drop.webm#v2-round87-clean-noaudio,CC BY 4.0,pass_candidate,"Clean no-audio derivative shows a water droplet rapidly freezing on a cold surface while ice crystals spread across the droplet over time. | triage_decision=pass_candidate; triage_notes=Pass: clean no-audio derivative shows a water droplet contacting a very cold surface, solidifying, and developing ice crystal structures that spread across the droplet over time. The temporal phase-front/crystallization sequence is necessary; a single frame would not show the onset and growth of the frozen front.",normalized_v2_mp4_noaudio,true,44d5515e806744bf7ffa898df48fe56cc18516ca17f38f25664aefdbdf484dd4,25949382,copied_noaudio_mp4,
vdcr_v2_000287,vdcr_v2_000173,vdcr_v2_round89_alatina_jellyfish_swimming_noaudio,Medusan Jet Propulsion by Bell Contraction,biology_living_systems,release/media/videos_v2_mp4/vdcr_v2_000287.mp4,media/vdcr_v2_clean_derivatives/vdcr_v2_round89_alatina_jellyfish_swimming_noaudio.mp4,media/vdcr_v2_clean_derivatives/vdcr_v2_round89_alatina_jellyfish_swimming_noaudio.mp4,https://commons.wikimedia.org/wiki/File:Alatina_alata_swimming_Johnoson_Sea_Link_near_the_Bahamas.ogv#v2-round89-clean-noaudio,CC BY 3.0,pass_candidate,Clean derivative shows a box jellyfish repeatedly contracting and relaxing its bell while moving upward through water. | triage_decision=pass_candidate; triage_notes=Pass: clean no-audio derivative removes audio/data streams and shows a box jellyfish repeatedly contracting and relaxing its bell while moving upward through water. The temporal bell-contraction cycle and resulting displacement are the discriminative cues for Medusan Jet Propulsion by Bell Contraction.,normalized_v2_mp4_noaudio,true,4730d77b5971245de6f6bdb8334b3429f74e43ade29b269860b2615ed65e1d8b,118762,copied_noaudio_mp4,
vdcr_v2_000288,vdcr_v2_000174,vdcr_v2_round89_drosophila_early_cleavage_000000_009000_noaudio,Early Embryonic Cleavage Sequence,biology_living_systems,release/media/videos_v2_mp4/vdcr_v2_000288.mp4,media/vdcr_v2_clean_derivatives/vdcr_v2_round89_drosophila_early_cleavage_000000_009000_noaudio.mp4,media/vdcr_v2_clean_derivatives/vdcr_v2_round89_drosophila_early_cleavage_000000_009000_noaudio.mp4,https://commons.wikimedia.org/wiki/File:Drosophila_cleavage_and_gastrulation.webm#v2-round89-early-cleavage-segment,CC BY-SA 4.0,pass_candidate,"Clean segment from the early portion of the Drosophila embryo time-lapse shows rapid increase and reorganization of embryonic nuclei/cellular surface patterns before later gastrulation movement dominates. | triage_decision=pass_candidate; triage_notes=Pass: clean early segment keeps only the first 9 seconds of the Drosophila embryo time-lapse, before later gastrulation movement dominates. The sequence shows the embryo surface transitioning from relatively sparse/dark nuclei to a dense organized cellular pattern over time; visible time stamps and scale bars are not answer-bearing. This supports Early Embryonic Cleavage Sequence as a new biology concept without reusing the full gastrulation clip.",normalized_v2_mp4_noaudio,true,532105bd7bc436e5d808466403cd23ce0674921c320e351d30f6057a655ad5cb,14843589,copied_noaudio_mp4,
vdcr_v2_000289,vdcr_v2_000175,vdcr_v2_round92_zebrafish_growth_cone_filopodia_000000_020000_crop_noaudio,Actin-Driven Filopodium Protrusion,biology_living_systems,release/media/videos_v2_mp4/vdcr_v2_000289.mp4,media/vdcr_v2_clean_derivatives/vdcr_v2_round92_zebrafish_growth_cone_filopodia_000000_020000_crop_noaudio.mp4,media/vdcr_v2_clean_derivatives/vdcr_v2_round92_zebrafish_growth_cone_filopodia_000000_020000_crop_noaudio.mp4,https://commons.wikimedia.org/wiki/File:Primary-Neuron-Culture-for-Nerve-Growth-and-Axon-Guidance-Studies-in-Zebrafish-(Danio-rerio)-pone.0057539.s003.ogv#v2-round92-clean-segment,CC BY 2.5,pass_candidate,"Clean segment shows thin growth-cone filopodia changing extension and orientation across the time-lapse; static frames alone do not identify the protrusion/retraction dynamics. | triage_decision=pass_candidate; triage_notes=Pass: clean first-20-second segment strips metadata, removes the top frame-number overlay, avoids the late green overlay, and shows thin growth-cone protrusions extending/reorienting across the time-lapse. This supports Actin-Driven Filopodium Protrusion as a new biology concept.",normalized_v2_mp4_noaudio,true,bec5cf1d02a37c4840706c687ce6c3aec8c30671b2d6a211a686814bb27c360b,4403422,copied_noaudio_mp4,
vdcr_v2_000290,vdcr_v2_000176,vdcr_v2_round94_flour_dust_combustion_noaudio,Dust Deflagration Front,chemistry_materials_change,release/media/videos_v2_mp4/vdcr_v2_000290.mp4,media/vdcr_v2_clean_derivatives/vdcr_v2_round94_flour_dust_combustion_noaudio.mp4,media/vdcr_v2_clean_derivatives/vdcr_v2_round94_flour_dust_combustion_noaudio.mp4,https://commons.wikimedia.org/wiki/File:84._%D0%93%D0%BE%D1%80%D0%B5%D1%9A%D0%B5_%D0%B1%D1%80%D0%B0%D1%88%D0%BD%D0%BE.ogg#v2-round94-clean-noaudio,CC BY-SA 4.0; own work Wikiexperiments,pass_candidate,"Clean no-audio derivative shows dispersed flour dust crossing an open flame and igniting as a transient flame cloud/front rather than a static pile or generic candle flame. | triage_decision=pass_candidate; triage_notes=Pass: clean derivative strips audio and metadata while preserving two visible dust-cloud ignition events. The flour dust is dispersed toward an open flame and rapidly ignites as a transient flame cloud/front, supporting Dust Deflagration Front as a second distinct video source.",normalized_v2_mp4_noaudio,true,302065277ca0ac3691148b6e4e29d519422599f68f11c7f5114fb89cf58ca24c,7831316,copied_noaudio_mp4,
vdcr_v2_000291,vdcr_v2_000177,vdcr_v2_round95_ref52_lamellipodium_cycles_noaudio,Actin-Driven Lamellipodium Extension,biology_living_systems,release/media/videos_v2_mp4/vdcr_v2_000291.mp4,media/vdcr_v2_clean_derivatives/vdcr_v2_round95_ref52_lamellipodium_cycles_noaudio.mp4,media/vdcr_v2_clean_derivatives/vdcr_v2_round95_ref52_lamellipodium_cycles_noaudio.mp4,https://commons.wikimedia.org/wiki/File:Maturation-of-Filopodia-Shaft-Adhesions-Is-Upregulated-by-Local-Cycles-of-Lamellipodia-Advancements-pone.0107097.s009.ogv#v2-round95-clean-noaudio,CC BY 4.0; PLOS ONE open-access supplementary movie,pass_candidate,Clean derivative shows a red fluorescent spreading-cell edge whose broad sheet-like lamellipodium advances and retracts across the time-lapse; the temporal edge displacement distinguishes it from a static cell outline. | triage_decision=pass_candidate; triage_notes=Pass: metadata-stripped clean derivative shows a red fluorescent spreading-cell edge with broad sheet-like lamellipodial front advancement and retraction across the time-lapse. The visual evidence is distinct from thin filopodial protrusions and supports Actin-Driven Lamellipodium Extension as a new biology concept.,normalized_v2_mp4_noaudio,true,7301f9f9fe3148c52043929221202ecae5d3f2a7b920337610ce26f4ee6bf5ab,614361,copied_noaudio_mp4,
vdcr_v2_000292,vdcr_v2_000178,vdcr_v2_round96_dendritic_filopodia_control_noaudio,Actin-Driven Filopodium Protrusion,biology_living_systems,release/media/videos_v2_mp4/vdcr_v2_000292.mp4,media/vdcr_v2_clean_derivatives/vdcr_v2_round96_dendritic_filopodia_control_noaudio.mp4,media/vdcr_v2_clean_derivatives/vdcr_v2_round96_dendritic_filopodia_control_noaudio.mp4,https://commons.wikimedia.org/wiki/File:Regulation-of-Dendritic-Filopodial-Interactions-by-ZO-1-and-Implications-for-Dendrite-Morphogenesis-pone.0076201.s005.ogv#v2-round96-clean-noaudio,CC BY 3.0; PLOS ONE open-access supplementary movie,pass_candidate,Clean derivative shows thin dendritic filopodia protruding from a neuron and interacting over a time-lapse rather than a static cell outline. | triage_decision=pass_candidate; triage_notes=Pass: metadata-stripped clean derivative shows a neuron time-lapse with many thin dendritic filopodia protruding and interacting over time. The source is distinct from the round92 zebrafish growth-cone clip and provides a second strong video for Actin-Driven Filopodium Protrusion.,normalized_v2_mp4_noaudio,true,ea93d73500509b76c51d65061ecb4befe5aa8c6667866b7b2f0017c4a7e6ffa4,2122216,copied_noaudio_mp4,
vdcr_v2_000293,vdcr_v2_000179,vdcr_v2_round97_actin_wave_hem1_s7_noaudio,Actin Wave,biology_living_systems,release/media/videos_v2_mp4/vdcr_v2_000293.mp4,media/vdcr_v2_clean_derivatives/vdcr_v2_round97_actin_wave_hem1_s7_noaudio.mp4,media/vdcr_v2_clean_derivatives/vdcr_v2_round97_actin_wave_hem1_s7_noaudio.mp4,https://commons.wikimedia.org/wiki/File:An-Actin-Based-Wave-Generator-Organizes-Cell-Motility-pbio.0050221.sv007.ogv#v2-round97-clean-crop-noaudio,CC BY 2.5; PLOS Biology open-access supplementary movie,pass_candidate,Clean derivative shows a bright actin-associated wave band forming and propagating around a cell edge after stimulation. | triage_decision=pass_candidate; triage_notes=Pass: clean derivative shows a bright actin-associated wave forming and propagating around the cell edge. It is a distinct source from the V1 sv013 actin-wave clip and provides a second video for the concept.,normalized_v2_mp4_noaudio,true,9e643d70d6df37443ca4f3f04bbe5decff62e55ee01d0b03cd23c98908886f2e,8176928,copied_noaudio_mp4,
vdcr_v2_000294,vdcr_v2_000180,vdcr_v2_round97_chromosome_congression_300mt_noaudio,Chromosome Congression,biology_living_systems,release/media/videos_v2_mp4/vdcr_v2_000294.mp4,media/vdcr_v2_clean_derivatives/vdcr_v2_round97_chromosome_congression_300mt_noaudio.mp4,media/vdcr_v2_clean_derivatives/vdcr_v2_round97_chromosome_congression_300mt_noaudio.mp4,https://commons.wikimedia.org/wiki/File:Role-of-the-Number-of-Microtubules-in-Chromosome-Segregation-during-Cell-Division-pone.0141305.s007.ogv#v2-round97-clean-noaudio,CC BY 4.0; PLOS ONE open-access supplementary movie,pass_candidate,"Clean derivative shows chromosome-like bodies moving toward a central metaphase alignment under microtubule attachments rather than a static mitotic state. | triage_decision=pass_candidate; triage_notes=Pass: clean derivative shows a mechanism animation with chromosome-like bodies moving into a central aligned plate under microtubule attachments. Temporal alignment is required to identify Chromosome Congression, and no in-frame answer text is visible.",normalized_v2_mp4_noaudio,true,b2f07c4c31c5dd7593772aee6461ba52c832034ded5c4c71de57eae18b2a0422,2889034,copied_noaudio_mp4,
vdcr_v2_000295,vdcr_v2_000181,vdcr_v2_round97_endoderm_invagination_apical_constriction_crop_noaudio,Apical Constriction,biology_living_systems,release/media/videos_v2_mp4/vdcr_v2_000295.mp4,media/vdcr_v2_clean_derivatives/vdcr_v2_round97_endoderm_invagination_apical_constriction_crop_noaudio.mp4,media/vdcr_v2_clean_derivatives/vdcr_v2_round97_endoderm_invagination_apical_constriction_crop_noaudio.mp4,https://commons.wikimedia.org/wiki/File:Mechanical-Coupling-between-Endoderm-Invagination-and-Axis-Extension-in-Drosophila-pbio.1002292.s015.ogv#v2-round97-clean-crop-noaudio,CC BY 4.0; PLOS Biology open-access supplementary movie,pass_candidate,Clean derivative crops out the top overlay and shows local tissue constriction/invagination progressing in a Drosophila embryo time-lapse. | triage_decision=pass_candidate; triage_notes=Pass: cropped clean derivative removes the top overlay and shows a Drosophila embryo time-lapse with localized constriction/invagination progression. The dynamic tissue deformation supports Apical Constriction as a new biology concept.,normalized_v2_mp4_noaudio,true,996fa0ef79b9d833fcaf322e9c21c654fa498662977f370c486fe10e83a02d83,489161,copied_noaudio_mp4,
vdcr_v2_000296,vdcr_v2_000182,vdcr_v2_round97_root_hair_yfp_xik_growth_noaudio,Root Hair Tip Growth,biology_living_systems,release/media/videos_v2_mp4/vdcr_v2_000296.mp4,media/vdcr_v2_clean_derivatives/vdcr_v2_round97_root_hair_yfp_xik_growth_noaudio.mp4,media/vdcr_v2_clean_derivatives/vdcr_v2_round97_root_hair_yfp_xik_growth_noaudio.mp4,https://commons.wikimedia.org/wiki/File:Myosin-XIK-of-Arabidopsis-thaliana-Accumulates-at-the-Root-Hair-Tip-and-Is-Required-for-Fast-Root-pone.0076745.s009.ogv#v2-round97-clean-noaudio,CC BY 2.5; PLOS ONE open-access supplementary movie,pass_candidate,"Clean derivative shows fluorescently marked root hair tips extending and changing position during polarized growth. | triage_decision=pass_candidate; triage_notes=Pass: clean derivative shows fluorescent root hair tips extending and changing across frames, providing a second strong video for Root Hair Tip Growth without in-frame answer text.",normalized_v2_mp4_noaudio,true,bbf9bd1a9885f5780d0ed485c5fa0f5fdee9d5467928c23a286fb7e024d88ea0,691202,copied_noaudio_mp4,
vdcr_v2_000297,vdcr_v2_000183,vdcr_v2_round98_actin_wave_cdr_stalling_crop_noaudio,Actin Wave,biology_living_systems,release/media/videos_v2_mp4/vdcr_v2_000297.mp4,media/vdcr_v2_clean_derivatives/vdcr_v2_round98_actin_wave_cdr_stalling_crop_noaudio.mp4,media/vdcr_v2_clean_derivatives/vdcr_v2_round98_actin_wave_cdr_stalling_crop_noaudio.mp4,https://commons.wikimedia.org/wiki/File:Dynamics-of-Actin-Waves-on-Patterned-Substrates-A-Quantitative-Analysis-of-Circular-Dorsal-Ruffles-pone.0115857.s011.ogv#v2-round98-clean-crop-noaudio,CC BY 4.0; PLOS ONE open-access supplementary movie,pass_candidate,"Clean derivative shows a circular actin-associated wave/ruffle changing shape and position over time | triage_decision=pass_candidate; triage_notes=Pass: clean derivative shows a bright circular actin-associated wave/ruffle changing over time. Scale/time overlay remains non-answer-bearing, and this provides a third distinct video for Actin Wave.",normalized_v2_mp4_noaudio,true,981246f79ff570779c97c601bac5178a5f9298b316ae0c9f3409f0148ce7237f,1373256,copied_noaudio_mp4,
vdcr_v2_000298,vdcr_v2_000184,vdcr_v2_round98_root_hair_fabd2_latrunculin_crop_noaudio,Root Hair Tip Growth,biology_living_systems,release/media/videos_v2_mp4/vdcr_v2_000298.mp4,media/vdcr_v2_clean_derivatives/vdcr_v2_round98_root_hair_fabd2_latrunculin_crop_noaudio.mp4,media/vdcr_v2_clean_derivatives/vdcr_v2_round98_root_hair_fabd2_latrunculin_crop_noaudio.mp4,https://commons.wikimedia.org/wiki/File:Myosin-XIK-of-Arabidopsis-thaliana-Accumulates-at-the-Root-Hair-Tip-and-Is-Required-for-Fast-Root-pone.0076745.s011.ogv#v2-round98-clean-crop-noaudio,CC BY 2.5; PLOS ONE open-access supplementary movie,pass_candidate,"Clean derivative crops out the bottom timestamp/skeleton panel and shows DIC plus fluorescence views of root hair tip growth dynamics. | triage_decision=pass_candidate; triage_notes=Pass: clean derivative keeps DIC and fluorescence views while cropping the bottom timestamp/skeleton panel. The visible root hair tip and fluorescent actin organization change over time, making this a third strong video for Root Hair Tip Growth.",normalized_v2_mp4_noaudio,true,4b22ae62e1fcd9db69d8e5a66353f91e3377a3bd077ee34ce85da53050af39dc,235799,copied_noaudio_mp4,
vdcr_v2_000299,vdcr_v2_000185,vdcr_v2_round98_tooth_epithelium_invagination_crop_noaudio,Tissue Invagination,biology_living_systems,release/media/videos_v2_mp4/vdcr_v2_000299.mp4,media/vdcr_v2_clean_derivatives/vdcr_v2_round98_tooth_epithelium_invagination_crop_noaudio.mp4,media/vdcr_v2_clean_derivatives/vdcr_v2_round98_tooth_epithelium_invagination_crop_noaudio.mp4,https://commons.wikimedia.org/wiki/File:Invagination-of-Ectodermal-Placodes-Is-Driven-by-Cell-Intercalation-Mediated-Contraction-of-the-pbio.1002405.s010.ogv#v2-round98-clean-crop-noaudio,CC BY 4.0; PLOS Biology open-access supplementary movie,pass_candidate,"Clean derivative shows epithelial tissue invagination and cell-shape changes across a microscopy time-lapse rather than a static placode image. | triage_decision=pass_candidate; triage_notes=Pass: clean derivative shows epithelial tissue/cell geometry changing through an invagination sequence, with no answer text visible in frame. The red arrows are visual annotations but do not name the concept.",normalized_v2_mp4_noaudio,true,2a19725f735c56f4724d99fc68682966213e6f4f98232a102c2aec079c0da38c,318122,copied_noaudio_mp4,
vdcr_v2_000300,vdcr_v2_000186,vdcr_v2_round99_hydrogel_actuator_swelling_crop_noaudio,Osmotic Gel Swelling Dynamics,chemistry_materials_change,release/media/videos_v2_mp4/vdcr_v2_000300.mp4,media/vdcr_v2_clean_derivatives/vdcr_v2_round99_hydrogel_actuator_swelling_crop_noaudio.mp4,media/vdcr_v2_clean_derivatives/vdcr_v2_round99_hydrogel_actuator_swelling_crop_noaudio.mp4,https://commons.wikimedia.org/wiki/File:Hydraulic-hydrogel-actuators-and-robots-optically-and-sonically-camouflaged-in-water-ncomms14230-s6.ogv#v2-round99-clean-crop-noaudio,CC BY 4.0; Nature Communications open-access supplementary movie,pass_candidate,"Clean derivative crops out the left text overlay and shows a red hydrogel actuator bending/lengthening as swelling progresses. | triage_decision=pass_candidate; triage_notes=Pass: clean derivative crops out the left text overlay and shows swelling-driven bending/extension of a red hydrogel actuator in water, supporting Gel Swelling as a new chemistry/materials concept.",normalized_v2_mp4_noaudio,true,96f820faa8f97408630d22c4e6f473dbba1f7f3657ee2cdfb198f8530b964aba,1386425,copied_noaudio_mp4,
