video_id,candidate_id,answer,domain,source_url,license_or_usage_note,local_media,review_status,review_notes,media_asset_id,media_processing_status,media_release_ready
vdcr_000001,,Endocytosis,biology_living_systems,,,release/media/videos_mp4/vdcr_v1_000001.mp4,v2_seed,,vdcr_v1_000001,reused_v1_final_mp4,true
vdcr_000002,,Exocytosis,biology_living_systems,,,release/media/videos_mp4/vdcr_v1_000002.mp4,v2_seed,,vdcr_v1_000002,reused_v1_final_mp4,true
vdcr_000003,,Dzhanibekov Effect / Tennis Racket Theorem,physics_physical_systems,,,release/media/videos_mp4/vdcr_v1_000003.mp4,v2_seed,,vdcr_v1_000003,reused_v1_final_mp4,true
vdcr_000004,,Briggs-Rauscher Reaction,chemistry_materials_change,,,release/media/videos_mp4/vdcr_v1_000004.mp4,v2_seed,,vdcr_v1_000004,reused_v1_final_mp4,true
vdcr_000005,,Double Pendulum Chaos,physics_physical_systems,,,release/media/videos_mp4/vdcr_v1_000005.mp4,v2_seed,,vdcr_v1_000005,reused_v1_final_mp4,true
vdcr_000006,,Murmuration,biology_living_systems,,,release/media/videos_mp4/vdcr_v1_000006.mp4,v2_seed,,vdcr_v1_000006,reused_v1_final_mp4,true
vdcr_000007,,Diffusion Flame,chemistry_materials_change,,,release/media/videos_mp4/vdcr_v1_000007.mp4,v2_seed,,vdcr_v1_000007,reused_v1_final_mp4,true
vdcr_000008,,Slab Avalanche Release,earth_environmental_systems,,,release/media/videos_mp4/vdcr_v1_000008.mp4,v2_seed,,vdcr_v1_000008,reused_v1_final_mp4,true
vdcr_000009,,Belousov-Zhabotinsky Reaction,chemistry_materials_change,,,release/media/videos_mp4/vdcr_v1_000009.mp4,v2_seed,,vdcr_v1_000009,reused_v1_final_mp4,true
vdcr_000010,,Pahoehoe Lava Roping,earth_environmental_systems,,,release/media/videos_mp4/vdcr_v1_000010.mp4,v2_seed,,vdcr_v1_000010,reused_v1_final_mp4,true
vdcr_000011,,Ice Cliff Calving,earth_environmental_systems,,,release/media/videos_mp4/vdcr_v1_000011.mp4,v2_seed,,vdcr_v1_000011,reused_v1_final_mp4,true
vdcr_000012,,Iodine Clock Reaction,chemistry_materials_change,,,release/media/videos_mp4/vdcr_v1_000012.mp4,v2_seed,,vdcr_v1_000012,reused_v1_final_mp4,true
vdcr_000013,,Cytoplasmic Streaming,biology_living_systems,,,release/media/videos_mp4/vdcr_v1_000013.mp4,v2_seed,,vdcr_v1_000013,reused_v1_final_mp4,true
vdcr_000014,,Thigmonasty,biology_living_systems,,,release/media/videos_mp4/vdcr_v1_000014.mp4,v2_seed,,vdcr_v1_000014,reused_v1_final_mp4,true
vdcr_000015,,Shear Thickening,chemistry_materials_change,,,release/media/videos_mp4/vdcr_v1_000015.mp4,v2_seed,,vdcr_v1_000015,reused_v1_final_mp4,true
vdcr_000016,,Aa Lava Front Advance,earth_environmental_systems,,,release/media/videos_mp4/vdcr_v1_000016.mp4,v2_seed,,vdcr_v1_000016,reused_v1_final_mp4,true
vdcr_000017,,Fire-Whirl Vortex Formation,earth_environmental_systems,,,release/media/videos_mp4/vdcr_v1_000017.mp4,v2_seed,,vdcr_v1_000017,reused_v1_final_mp4,true
vdcr_000018,,Chemical Garden Growth,chemistry_materials_change,,,release/media/videos_mp4/vdcr_v1_000018.mp4,v2_seed,,vdcr_v1_000018,reused_v1_final_mp4,true
vdcr_000019,,Blue Bottle Reaction,chemistry_materials_change,,,release/media/videos_mp4/vdcr_v1_000019.mp4,v2_seed,,vdcr_v1_000019,reused_v1_final_mp4,true
vdcr_000020,,Phototropism,biology_living_systems,,,release/media/videos_mp4/vdcr_v1_000020.mp4,v2_seed,,vdcr_v1_000020,reused_v1_final_mp4,true
vdcr_000021,,Tidal Bore,earth_environmental_systems,,,release/media/videos_mp4/vdcr_v1_000021.mp4,v2_seed,,vdcr_v1_000021,reused_v1_final_mp4,true
vdcr_000022,,Hydraulic Jump,physics_physical_systems,,,release/media/videos_mp4/vdcr_v1_000022.mp4,v2_seed,,vdcr_v1_000022,reused_v1_final_mp4,true
vdcr_000023,,Vortex Shedding / Karman Vortex Street,physics_physical_systems,,,release/media/videos_mp4/vdcr_v1_000023.mp4,v2_seed,,vdcr_v1_000023,reused_v1_final_mp4,true
vdcr_000024,,Leidenfrost Droplet Motion,physics_physical_systems,,,release/media/videos_mp4/vdcr_v1_000024.mp4,v2_seed,,vdcr_v1_000024,reused_v1_final_mp4,true
vdcr_000025,,Capillary-Driven Jet/Thread Breakup,physics_physical_systems,,,release/media/videos_mp4/vdcr_v1_000025.mp4,v2_seed,,vdcr_v1_000025,reused_v1_final_mp4,true
vdcr_000026,,Supercell Mesocyclone Rotation,earth_environmental_systems,,,release/media/videos_mp4/vdcr_v1_000026.mp4,v2_seed,,vdcr_v1_000026,reused_v1_final_mp4,true
vdcr_000027,,Supercooled Liquid Rapid Crystallization,chemistry_materials_change,,,release/media/videos_mp4/vdcr_v1_000027.mp4,v2_seed,,vdcr_v1_000027,reused_v1_final_mp4,true
vdcr_000028,,Liesegang Ring Formation,chemistry_materials_change,,,release/media/videos_mp4/vdcr_v1_000028.mp4,v2_seed,,vdcr_v1_000028,reused_v1_final_mp4,true
vdcr_000029,,Thin-Film Dewetting,chemistry_materials_change,,,release/media/videos_mp4/vdcr_v1_000029.mp4,v2_seed,,vdcr_v1_000029,reused_v1_final_mp4,true
vdcr_000030,,Bistable Snap-Trap Closure,biology_living_systems,,,release/media/videos_mp4/vdcr_v1_000030.mp4,v2_seed,,vdcr_v1_000030,reused_v1_final_mp4,true
vdcr_000031,,Gust Front Propagation,earth_environmental_systems,,,release/media/videos_mp4/vdcr_v1_000031.mp4,v2_seed,,vdcr_v1_000031,reused_v1_final_mp4,true
vdcr_000032,,Microtubule Dynamic Instability,biology_living_systems,,,release/media/videos_mp4/vdcr_v1_000032.mp4,v2_seed,,vdcr_v1_000032,reused_v1_final_mp4,true
vdcr_000033,,Calcium Wave Propagation,biology_living_systems,,,release/media/videos_mp4/vdcr_v1_000033.mp4,v2_seed,,vdcr_v1_000033,reused_v1_final_mp4,true
vdcr_000034,,Dust Storm Front Propagation,earth_environmental_systems,,,release/media/videos_mp4/vdcr_v1_000034.mp4,v2_seed,,vdcr_v1_000034,reused_v1_final_mp4,true
vdcr_000035,,Buoyancy-Driven Smoke Plume Rise,earth_environmental_systems,,,release/media/videos_mp4/vdcr_v1_000035.mp4,v2_seed,,vdcr_v1_000035,reused_v1_final_mp4,true
vdcr_000036,,Brazil Nut Effect,physics_physical_systems,,,release/media/videos_mp4/vdcr_v1_000036.mp4,v2_seed,,vdcr_v1_000036,reused_v1_final_mp4,true
vdcr_000037,,Liquid Bridge Pinch-Off,physics_physical_systems,,,release/media/videos_mp4/vdcr_v1_000037.mp4,v2_seed,,vdcr_v1_000037,reused_v1_final_mp4,true
vdcr_000038,,Spinodal Decomposition,chemistry_materials_change,,,release/media/videos_mp4/vdcr_v1_000038.mp4,v2_seed,,vdcr_v1_000038,reused_v1_final_mp4,true
vdcr_000039,,Metachronal Wave Locomotion,biology_living_systems,,,release/media/videos_mp4/vdcr_v1_000039.mp4,v2_seed,,vdcr_v1_000039,reused_v1_final_mp4,true
vdcr_000040,,Pyroclastic Density Current,earth_environmental_systems,,,release/media/videos_mp4/vdcr_v1_000040.mp4,v2_seed,,vdcr_v1_000040,reused_v1_final_mp4,true
vdcr_000041,,Meander Neck Cutoff,earth_environmental_systems,,,release/media/videos_mp4/vdcr_v1_000041.mp4,v2_seed,,vdcr_v1_000041,reused_v1_final_mp4,true
vdcr_000042,,Kelvin-Helmholtz Instability,physics_physical_systems,,,release/media/videos_mp4/vdcr_v1_000042.mp4,v2_seed,,vdcr_v1_000042,reused_v1_final_mp4,true
vdcr_000043,,Vortex Ring Formation,physics_physical_systems,,,release/media/videos_mp4/vdcr_v1_000043.mp4,v2_seed,,vdcr_v1_000043,reused_v1_final_mp4,true
vdcr_000044,,Bubble-Net Feeding,biology_living_systems,,,release/media/videos_mp4/vdcr_v1_000044.mp4,v2_seed,,vdcr_v1_000044,reused_v1_final_mp4,true
vdcr_000045,,Dendritic Crystal Growth,chemistry_materials_change,,,release/media/videos_mp4/vdcr_v1_000045.mp4,v2_seed,,vdcr_v1_000045,reused_v1_final_mp4,true
vdcr_000046,,Ostwald Ripening,chemistry_materials_change,,,release/media/videos_mp4/vdcr_v1_000046.mp4,v2_seed,,vdcr_v1_000046,reused_v1_final_mp4,true
vdcr_000047,,Axonal Transport,biology_living_systems,,,release/media/videos_mp4/vdcr_v1_000047.mp4,v2_seed,,vdcr_v1_000047,reused_v1_final_mp4,true
vdcr_000048,,Phagocytosis,biology_living_systems,,,release/media/videos_mp4/vdcr_v1_000048.mp4,v2_seed,,vdcr_v1_000048,reused_v1_final_mp4,true
vdcr_000049,,Debris-Flow Surge Propagation,earth_environmental_systems,,,release/media/videos_mp4/vdcr_v1_000049.mp4,v2_seed,,vdcr_v1_000049,reused_v1_final_mp4,true
vdcr_000050,,Plunging Breaker,earth_environmental_systems,,,release/media/videos_mp4/vdcr_v1_000050.mp4,v2_seed,,vdcr_v1_000050,reused_v1_final_mp4,true
vdcr_000051,,Pyrocumulus Development,earth_environmental_systems,,,release/media/videos_mp4/vdcr_v1_000051.mp4,v2_seed,,vdcr_v1_000051,reused_v1_final_mp4,true
vdcr_000052,,Cavitation Bubble Growth and Collapse,physics_physical_systems,,,release/media/videos_mp4/vdcr_v1_000052.mp4,v2_seed,,vdcr_v1_000052,reused_v1_final_mp4,true
vdcr_000053,,Chemical Traffic Light Reaction,chemistry_materials_change,,,release/media/videos_mp4/vdcr_v1_000053.mp4,v2_seed,,vdcr_v1_000053,reused_v1_final_mp4,true
vdcr_000055,,Electrolysis Bubble Nucleation and Detachment,chemistry_materials_change,,,release/media/videos_mp4/vdcr_v1_000055.mp4,v2_seed,,vdcr_v1_000055,reused_v1_final_mp4,true
vdcr_000056,,Coordinated Ciliary Beating Dynamics,biology_living_systems,,,release/media/videos_mp4/vdcr_v1_000056.mp4,v2_seed,,vdcr_v1_000056,reused_v1_final_mp4,true
vdcr_000057,,Gyroscopic Precession,physics_physical_systems,,,release/media/videos_mp4/vdcr_v1_000057.mp4,v2_seed,,vdcr_v1_000057,reused_v1_final_mp4,true
vdcr_000058,,Turbidity Current Propagation,earth_environmental_systems,,,release/media/videos_mp4/vdcr_v1_000058.mp4,v2_seed,,vdcr_v1_000058,reused_v1_final_mp4,true
vdcr_000059,,Nyctinasty,biology_living_systems,,,release/media/videos_mp4/vdcr_v1_000059.mp4,v2_seed,,vdcr_v1_000059,reused_v1_final_mp4,true
vdcr_000060,,Reactive Flame-Front Propagation,chemistry_materials_change,,,release/media/videos_mp4/vdcr_v1_000060.mp4,v2_seed,,vdcr_v1_000060,reused_v1_final_mp4,true
vdcr_000061,,Metal Displacement Dendrite Growth,chemistry_materials_change,,,release/media/videos_mp4/vdcr_v1_000061.mp4,v2_seed,,vdcr_v1_000061,reused_v1_final_mp4,true
vdcr_000062,,Gravitropism,biology_living_systems,,,release/media/videos_mp4/vdcr_v1_000062.mp4,v2_seed,,vdcr_v1_000062,reused_v1_final_mp4,true
vdcr_000063,,Tornadogenesis,earth_environmental_systems,,,release/media/videos_mp4/vdcr_v1_000063.mp4,v2_seed,,vdcr_v1_000063,reused_v1_final_mp4,true
vdcr_000064,,Rayleigh-Plateau Breakup,physics_physical_systems,,,release/media/videos_mp4/vdcr_v1_000064.mp4,v2_seed,,vdcr_v1_000064,reused_v1_final_mp4,true
vdcr_000065,,Marangoni-Driven Flow,physics_physical_systems,,,release/media/videos_mp4/vdcr_v1_000065.mp4,v2_seed,,vdcr_v1_000065,reused_v1_final_mp4,true
vdcr_000066,,Weissenberg Rod-Climbing Effect,chemistry_materials_change,,,release/media/videos_mp4/vdcr_v1_000066.mp4,v2_seed,,vdcr_v1_000066,reused_v1_final_mp4,true
vdcr_000067,,Plasmolysis and Deplasmolysis,biology_living_systems,,,release/media/videos_mp4/vdcr_v1_000067.mp4,v2_seed,,vdcr_v1_000067,reused_v1_final_mp4,true
vdcr_000068,,River Avulsion,earth_environmental_systems,,,release/media/videos_mp4/vdcr_v1_000068.mp4,v2_seed,,vdcr_v1_000068,reused_v1_final_mp4,true
vdcr_000069,,Taylor-Couette Vortices,physics_physical_systems,,,release/media/videos_mp4/vdcr_v1_000069.mp4,v2_seed,,vdcr_v1_000069,reused_v1_final_mp4,true
vdcr_000070,,Crystallization Front Propagation,chemistry_materials_change,,,release/media/videos_mp4/vdcr_v1_000070.mp4,v2_seed,,vdcr_v1_000070,reused_v1_final_mp4,true
vdcr_000071,,Cytokinetic Furrow Ingression,biology_living_systems,,,release/media/videos_mp4/vdcr_v1_000071.mp4,v2_seed,,vdcr_v1_000071,reused_v1_final_mp4,true
vdcr_000072,,Magnus Effect,physics_physical_systems,,,release/media/videos_mp4/vdcr_v1_000072.mp4,v2_seed,,vdcr_v1_000072,reused_v1_final_mp4,true
vdcr_000073,,Osmotic Gel Swelling Dynamics,chemistry_materials_change,,,release/media/videos_mp4/vdcr_v1_000073.mp4,v2_seed,,vdcr_v1_000073,reused_v1_final_mp4,true
vdcr_000074,,Membrane Blebbing,biology_living_systems,,,release/media/videos_mp4/vdcr_v1_000074.mp4,v2_seed,,vdcr_v1_000074,reused_v1_final_mp4,true
vdcr_000075,,Headward Erosion,earth_environmental_systems,,,release/media/videos_mp4/vdcr_v1_000075.mp4,v2_seed,,vdcr_v1_000075,reused_v1_final_mp4,true
vdcr_000076,,Thermocapillary Convection,physics_physical_systems,,,release/media/videos_mp4/vdcr_v1_000076.mp4,v2_seed,,vdcr_v1_000076,reused_v1_final_mp4,true
vdcr_000077,,Evaporation-Induced Deposition Front,chemistry_materials_change,,,release/media/videos_mp4/vdcr_v1_000077.mp4,v2_seed,,vdcr_v1_000077,reused_v1_final_mp4,true
vdcr_000078,,Actin Wave,biology_living_systems,,,release/media/videos_mp4/vdcr_v1_000078.mp4,v2_seed,,vdcr_v1_000078,reused_v1_final_mp4,true
vdcr_000079,,Braided Channel Migration,earth_environmental_systems,,,release/media/videos_mp4/vdcr_v1_000079.mp4,v2_seed,,vdcr_v1_000079,reused_v1_final_mp4,true
vdcr_000080,,Faraday Waves,physics_physical_systems,,,release/media/videos_mp4/vdcr_v1_000080.mp4,v2_seed,,vdcr_v1_000080,reused_v1_final_mp4,true
vdcr_000081,,C-Start Escape Response,biology_living_systems,,,release/media/videos_mp4/vdcr_v1_000081.mp4,v2_seed,,vdcr_v1_000081,reused_v1_final_mp4,true
vdcr_000082,,Crystal Nucleation-and-Growth Dynamics,chemistry_materials_change,,,release/media/videos_mp4/vdcr_v1_000082.mp4,v2_seed,,vdcr_v1_000082,reused_v1_final_mp4,true
vdcr_000083,,Internal Wave Propagation,earth_environmental_systems,,,release/media/videos_mp4/vdcr_v1_000083.mp4,v2_seed,,vdcr_v1_000083,reused_v1_final_mp4,true
vdcr_000084,,Euler's Disk Motion,physics_physical_systems,,,release/media/videos_mp4/vdcr_v1_000084.mp4,v2_seed,,vdcr_v1_000084,reused_v1_final_mp4,true
vdcr_000085,,Reaction-Precipitation Front Propagation,chemistry_materials_change,,,release/media/videos_mp4/vdcr_v1_000085.mp4,v2_seed,,vdcr_v1_000085,reused_v1_final_mp4,true
vdcr_000086,,Medusan Jet Propulsion by Bell Contraction,biology_living_systems,,,release/media/videos_mp4/vdcr_v1_000086.mp4,v2_seed,,vdcr_v1_000086,reused_v1_final_mp4,true
vdcr_000087,,Rip Current Formation,earth_environmental_systems,,,release/media/videos_mp4/vdcr_v1_000087.mp4,v2_seed,,vdcr_v1_000087,reused_v1_final_mp4,true
vdcr_000088,,Rayleigh-Benard Convection,physics_physical_systems,,,release/media/videos_mp4/vdcr_v1_000088.mp4,v2_seed,,vdcr_v1_000088,reused_v1_final_mp4,true
vdcr_000089,,Reaction-Diffusion Wave,chemistry_materials_change,,,release/media/videos_mp4/vdcr_v1_000089.mp4,v2_seed,,vdcr_v1_000089,reused_v1_final_mp4,true
vdcr_000090,,Neutrophil Chemotaxis,biology_living_systems,,,release/media/videos_mp4/vdcr_v1_000090.mp4,v2_seed,,vdcr_v1_000090,reused_v1_final_mp4,true
vdcr_000091,,Downburst / Microburst Outflow,earth_environmental_systems,,,release/media/videos_mp4/vdcr_v1_000091.mp4,v2_seed,,vdcr_v1_000091,reused_v1_final_mp4,true
vdcr_000092,,Saffman-Taylor Viscous Fingering,physics_physical_systems,,,release/media/videos_mp4/vdcr_v1_000092.mp4,v2_seed,,vdcr_v1_000092,reused_v1_final_mp4,true
vdcr_000093,,Gully Headcut Retreat,earth_environmental_systems,,,release/media/videos_mp4/vdcr_v1_000093.mp4,v2_seed,,vdcr_v1_000093,reused_v1_final_mp4,true
vdcr_000094,,Freeze-Induced Phase Separation,chemistry_materials_change,,,release/media/videos_mp4/vdcr_v1_000094.mp4,v2_seed,,vdcr_v1_000094,reused_v1_final_mp4,true
vdcr_000095,,Boiling Bubble Nucleation and Departure,physics_physical_systems,,,release/media/videos_mp4/vdcr_v1_000095.mp4,v2_seed,,vdcr_v1_000095,reused_v1_final_mp4,true
vdcr_000096,,Early Embryonic Cleavage Sequence,biology_living_systems,,,release/media/videos_mp4/vdcr_v1_000096.mp4,v2_seed,,vdcr_v1_000096,reused_v1_final_mp4,true
vdcr_000097,,Coalescence-Driven Coarsening,chemistry_materials_change,,,release/media/videos_mp4/vdcr_v1_000097.mp4,v2_seed,,vdcr_v1_000097,reused_v1_final_mp4,true
vdcr_000098,,Coupled Pendulum Synchronization,physics_physical_systems,,,release/media/videos_mp4/vdcr_v1_000098.mp4,v2_seed,,vdcr_v1_000098,reused_v1_final_mp4,true
vdcr_000099,,Bacterial Swarming Motility,biology_living_systems,,,release/media/videos_mp4/vdcr_v1_000099.mp4,v2_seed,,vdcr_v1_000099,reused_v1_final_mp4,true
vdcr_000100,,Wind-Driven Fire-Front Propagation,earth_environmental_systems,,,release/media/videos_mp4/vdcr_v1_000100.mp4,v2_seed,,vdcr_v1_000100,reused_v1_final_mp4,true
vdcr_000101,,Inertia-Capillarity Droplet Rebound,physics_physical_systems,,,release/media/videos_mp4/vdcr_v1_000101.mp4,v2_seed,,vdcr_v1_000101,reused_v1_final_mp4,true
vdcr_000102,,Pollen Tube Chemotropic Growth,biology_living_systems,,,release/media/videos_mp4/vdcr_v1_000102.mp4,v2_seed,,vdcr_v1_000102,reused_v1_final_mp4,true
vdcr_000103,,Root Hair Tip Growth,biology_living_systems,,,release/media/videos_mp4/vdcr_v1_000103.mp4,v2_seed,,vdcr_v1_000103,reused_v1_final_mp4,true
vdcr_000104,,Seismic Wave Propagation,earth_environmental_systems,,,release/media/videos_mp4/vdcr_v1_000104.mp4,v2_seed,,vdcr_v1_000104,reused_v1_final_mp4,true
vdcr_000105,,Stokes Flow Kinematic Reversibility,physics_physical_systems,,,release/media/videos_mp4/vdcr_v1_000105.mp4,v2_seed,,vdcr_v1_000105,reused_v1_final_mp4,true
vdcr_000106,,Benedict Positive Reducing-Sugar Reaction,chemistry_materials_change,,,release/media/videos_mp4/vdcr_v1_000106.mp4,v2_seed,,vdcr_v1_000106,reused_v1_final_mp4,true
vdcr_000107,,Cutbank Erosion / Point-Bar Deposition,earth_environmental_systems,,,release/media/videos_mp4/vdcr_v1_000107.mp4,v2_seed,,vdcr_v1_000107,reused_v1_final_mp4,true
vdcr_000108,,Worthington Jet,physics_physical_systems,,,release/media/videos_mp4/vdcr_v1_000108.mp4,v2_seed,,vdcr_v1_000108,reused_v1_final_mp4,true
vdcr_000109,,Biofilm Colony Expansion Dynamics,biology_living_systems,,,release/media/videos_mp4/vdcr_v1_000109.mp4,v2_seed,,vdcr_v1_000109,reused_v1_final_mp4,true
vdcr_000110,,Electrodeposition Dendrite Growth,chemistry_materials_change,,,release/media/videos_mp4/vdcr_v1_000110.mp4,v2_seed,,vdcr_v1_000110,reused_v1_final_mp4,true
vdcr_000111,,Dune Slip-Face Grain Avalanche,earth_environmental_systems,,,release/media/videos_mp4/vdcr_v1_000111.mp4,v2_seed,,vdcr_v1_000111,reused_v1_final_mp4,true
vdcr_000112,,Capillary Rise / Wicking,physics_physical_systems,,,release/media/videos_mp4/vdcr_v1_000112.mp4,v2_seed,,vdcr_v1_000112,reused_v1_final_mp4,true
vdcr_000113,,Mitotic Chromosome Segregation,biology_living_systems,,,release/media/videos_mp4/vdcr_v1_000113.mp4,v2_seed,,vdcr_v1_000113,reused_v1_final_mp4,true
vdcr_000114,,Droplet Spreading and Retraction,physics_physical_systems,,,release/media/videos_mp4/vdcr_v1_000114.mp4,v2_seed,,vdcr_v1_000114,reused_v1_final_mp4,true
vdcr_000115,,Flame Blowoff,chemistry_materials_change,,,release/media/videos_mp4/vdcr_v1_000115.mp4,v2_seed,,vdcr_v1_000115,reused_v1_final_mp4,true
vdcr_v2_000001,curated_003003,Standing-Wave Mode Formation,physics_physical_systems,https://commons.wikimedia.org/wiki/File:Dipole_xmting_antenna_animation_2_pulses_HD_1080_12_fps.webm,wikimedia_commons_license_verify_on_page,release/media/videos_v2_mp4/vdcr_v2_000115.mp4,pass_candidate,"Candidate should show oscillatory standing-wave current or field mode structure forming over time, not merely a static wave diagram. | triage_decision=pass_candidate; triage_notes=Animation shows oscillatory standing-wave field/current mode structure expanding and contracting over time; no answer-bearing text or audio is present.",vdcr_v2_000115,normalized_v2_mp4_noaudio,true
vdcr_v2_000002,curated_004001,Hydraulic Jump,physics_physical_systems,https://commons.wikimedia.org/wiki/File:Hydraulic_jump.webm,CC BY-SA 4.0 verify_on_page,release/media/videos_v2_mp4/vdcr_v2_000116.mp4,pass_candidate,"Candidate should show a transition from fast shallow flow to slower turbulent deeper flow, not merely a static water surface. | triage_decision=pass_candidate; triage_notes=sparse frames show persistent hydraulic-jump transition from fast incoming flow to turbulent deeper downstream flow; no obvious text leakage",vdcr_v2_000116,normalized_v2_mp4_noaudio,true
vdcr_v2_000003,curated_004002,Viscous Fluid Buckling and Coiling,physics_physical_systems,https://commons.wikimedia.org/wiki/File:Liquid_Rope_Coil_Effect_-_Polyhydroxybutyrate_(PHB)_solution.webm,CC BY 3.0 verify_on_page,release/media/videos_v2_mp4/vdcr_v2_000117.mp4,pass_candidate,"Candidate should show a falling viscous thread buckling and coiling over time, not only a final pile of fluid. | triage_decision=pass_candidate; triage_notes=Clear falling viscous thread buckles and coils over time; no answer-bearing text visible in sparse frames.",vdcr_v2_000117,normalized_v2_mp4_noaudio,true
vdcr_v2_000004,curated_004003,Soliton Propagation,physics_physical_systems,https://commons.wikimedia.org/wiki/File:Soliton_collision_2.webm,CC BY 4.0 verify_on_page,release/media/videos_v2_mp4/vdcr_v2_000118.mp4,pass_candidate,"Candidate should show localized solitary waves propagating and interacting while retaining identity, not merely a static water-tank wave pattern. | triage_decision=pass_candidate; triage_notes=Wave-tank sequence shows localized solitary waves propagating and colliding; bottom/source text does not contain the answer but should be checked for cropping before formal release.",vdcr_v2_000118,normalized_v2_mp4_noaudio,true
vdcr_v2_000005,curated_005004,Dust Devil Formation,earth_environmental_systems,https://commons.wikimedia.org/wiki/File:Destroying_a_dust_devil.webm,CC BY 2.0 verify_on_page,release/media/videos_v2_mp4/vdcr_v2_000119.mp4,pass_candidate,"Candidate should show a rotating dust column evolving over time; reviewer must reject if it only shows a pre-existing vortex being destroyed without formation or intensification evidence. | triage_decision=pass_candidate; triage_notes=Visible rotating dust column evolves and weakens over time; acceptable for dust-devil dynamic process, but should be rechecked for formation-vs-dissipation wording before formal release.",vdcr_v2_000119,normalized_v2_mp4_noaudio,true
vdcr_v2_000006,curated_005006,Tidal Bore,earth_environmental_systems,https://commons.wikimedia.org/wiki/File:Tidalbore_Mascaret_Hangzhou_china.ogv,CC BY-SA 3.0 verify_on_page,release/media/videos_v2_mp4/vdcr_v2_000120.mp4,pass_candidate,"Candidate should show a tide-driven bore wave propagating through a river/estuary, not merely ordinary surf or static high water. | triage_decision=pass_candidate; triage_notes=Distinct bore front propagates along the channel under a bridge; no answer-bearing in-frame text visible in sparse frames.",vdcr_v2_000120,normalized_v2_mp4_noaudio,true
vdcr_v2_000007,curated_005007_avalanche_seg_000000_060000_noaudio,Slab Avalanche Release,earth_environmental_systems,"https://commons.wikimedia.org/wiki/File:Avalanche_on_Mount_Rainier.webm#t=0,60-noaudio",public_domain_nps_verify_on_page,release/media/videos_v2_mp4/vdcr_v2_000121.mp4,pass_candidate,"Clean derivative should show snow slab release and avalanche propagation over time rather than a generic static snowy slope. | triage_decision=pass_candidate; triage_notes=Clean no-audio segment shows snow releasing from a slope, propagating downslope, and forming a moving powder cloud; no readable answer/source text remains, and a single frame would not capture the release-to-propagation sequence.",vdcr_v2_000121,normalized_v2_mp4_noaudio,true
vdcr_v2_000008,curated_006001,Rayleigh-Taylor Instability,physics_physical_systems,https://commons.wikimedia.org/wiki/File:The-Inhibition-of-the-Rayleigh-Taylor-Instability-by-Rotation-srep11706-s1.ogv,CC BY 4.0 verify_on_page,release/media/videos_v2_mp4/vdcr_v2_000122.mp4,pass_candidate,"Candidate should show a density interface evolving into Rayleigh-Taylor fingers/plumes over time, not a static instability diagram or a single composite frame. | triage_decision=pass_candidate; triage_notes=sparse frames show a real-time density interface evolving into descending fingers/plumes; no visible answer text leakage",vdcr_v2_000122,normalized_v2_mp4_noaudio,true
vdcr_v2_000009,vdcr_archive_only_000002_crop_bottom_tight_noaudio,Rayleigh-Taylor Instability,physics_physical_systems,https://archive.org/details/SVS-44#crop-bottom-tight-clean,archive_license_verify_on_page,release/media/videos_v2_mp4/vdcr_v2_000123.mp4,pass_candidate,Clean derivative must show a density interface evolving into Rayleigh-Taylor fingers/plumes over time without relying on source title text. | triage_decision=pass_candidate; triage_notes=Tight crop removes answer-bearing bottom label while preserving Rayleigh-Taylor plume/finger evolution; no audio.,vdcr_v2_000123,normalized_v2_mp4_noaudio,true
vdcr_v2_000010,vdcr_archive_only_000003_crop_bottom_clean,Rayleigh-Taylor Instability,physics_physical_systems,https://archive.org/details/SVS-39#crop-bottom-clean,archive_license_verify_on_page,release/media/videos_v2_mp4/vdcr_v2_000124.mp4,pass_candidate,Clean derivative must show a density interface evolving into Rayleigh-Taylor fingers/plumes over time without relying on source title text. | triage_decision=pass_candidate; triage_notes=cropped clean derivative removes bottom answer/source text while preserving the Rayleigh-Taylor plume/finger evolution; no audio,vdcr_v2_000124,normalized_v2_mp4_noaudio,true
vdcr_v2_000011,vdcr_commons_mr10_000003_seg_004000_025000_noaudio,Marangoni-Driven Flow,physics_physical_systems,"https://commons.wikimedia.org/wiki/File:Marangoni_effect_experimental_demonstration.ogv#t=4,25",CC-BY-3.0 Commons own work,release/media/videos_v2_mp4/vdcr_v2_000125.mp4,pass_candidate,"Segment removes the opening answer title and closing source card while preserving surface-tension-gradient-driven particle clearing/spreading. | triage_decision=pass_candidate; triage_notes=Clean 4-25s no-audio segment removes answer/source cards; visible pepper particles clear and spread after surfactant perturbation, grounding surface-tension-gradient-driven flow. Material labels remain but are not answer-bearing.",vdcr_v2_000125,normalized_v2_mp4_noaudio,true
vdcr_v2_000012,vdcr_commons_mr7_000003,Meander Neck Cutoff,earth_environmental_systems,https://commons.wikimedia.org/wiki/File:OxbowAnimation.gif,CC-BY-SA-3.0/GFDL Commons animated GIF,release/media/videos_v2_mp4/vdcr_v2_000126.mp4,pass_candidate,"Candidate must show a meander neck narrowing, cutoff formation, and abandoned loop/oxbow development over time, not a static river shape. | triage_decision=pass_candidate; triage_notes=Schematic animation shows meander neck narrowing, flood cutoff, and abandoned loop/oxbow formation over time. In-frame labels are generic process labels, not the canonical answer; final release should decide whether labeled schematic animations remain in main set.",vdcr_v2_000126,normalized_v2_mp4_noaudio,true
vdcr_v2_000013,vdcr_v2_commons_debris_000001,Debris Flow Surge,earth_environmental_systems,https://commons.wikimedia.org/wiki/File:Bondo_Aug_2017.webm#t=0,CC0-1.0,release/media/videos_v2_mp4/vdcr_v2_000127.mp4,pass_candidate,Candidate should show a sediment-laden debris-flow surge front and following flow moving through a channel rather than static deposits. | triage_decision=pass_candidate; triage_notes=Bondo village clip shows sediment-rich debris-flow material and dust plume moving through a channel with no answer-bearing text in sparse frames.,vdcr_v2_000127,normalized_v2_mp4_noaudio,true
vdcr_v2_000014,vdcr_v2_commons_granular_000001_noaudio,Granular Size Segregation,physics_physical_systems,https://commons.wikimedia.org/wiki/File:Paranuss-Effekt_Brazil_Nut_Effect_Granular_Convection.webm#noaudio,CC-BY-SA-4.0,release/media/videos_v2_mp4/vdcr_v2_000128.mp4,pass_candidate,Clean derivative must show large particles rising through a shaken granular mixture over time without relying on source title text or audio. | triage_decision=pass_candidate; triage_notes=Clean no-audio derivative shows larger pieces rising to the surface of a shaken granular mixture in a transparent bag; no readable answer/source text.,vdcr_v2_000128,normalized_v2_mp4_noaudio,true
vdcr_v2_000015,vdcr_v2_round102_dust_devil_untreusee_noaudio,Dust Devil Formation,earth_environmental_systems,https://commons.wikimedia.org/wiki/File:Anim_Eine_Windhose_auf_einem_Feld_am_Untreusee.gif#v2-round102-clean-noaudio,CC BY-SA 4.0,release/media/videos_v2_mp4/vdcr_v2_000129.mp4,pass_candidate,Clean derivative shows a dust column rotating and translating across a field with no in-frame answer text. | triage_decision=pass_candidate; triage_notes=Pass: clean derivative shows a dust column rotating and translating across a field. It is a distinct source from the already accepted Destroying a dust devil clip and adds a second video for Dust Devil Formation.,vdcr_v2_000129,normalized_v2_mp4_noaudio,true
vdcr_v2_000016,vdcr_v2_round102_kelvin_helmholtz_noaudio,Kelvin-Helmholtz Instability,physics_physical_systems,https://commons.wikimedia.org/wiki/File:Kelvin-Helmholtz_Instability.ogv#v2-round102-clean-noaudio,PD-self,release/media/videos_v2_mp4/vdcr_v2_000130.mp4,pass_candidate,"Clean derivative shows shear-layer billows rolling up and mixing over time in a Kelvin-Helmholtz instability simulation. | triage_decision=pass_candidate; triage_notes=Pass: clean derivative shows shear-layer billows rolling up and mixing over time in a Kelvin-Helmholtz instability sequence, with no in-frame answer text.",vdcr_v2_000130,normalized_v2_mp4_noaudio,true
vdcr_v2_000017,vdcr_v2_round102_marangoni_bubbles_s4_noaudio,Marangoni-Driven Flow,physics_physical_systems,https://commons.wikimedia.org/wiki/File:Marangoni-effect-visualized-in-two-dimensions-Optical-tweezers-for-gas-bubbles-srep34787-s4.ogv#v2-round102-clean-noaudio,CC BY 4.0 Scientific Reports supplementary movie,release/media/videos_v2_mp4/vdcr_v2_000131.mp4,pass_candidate,"Clean derivative shows bubbles and interface boundaries moving under surface-tension-gradient-driven flow. | triage_decision=pass_candidate; triage_notes=Pass: clean derivative shows gas bubbles and interface boundaries advecting/deforming in a way that requires temporal evidence for Marangoni-Driven Flow, with no title text or audio dependence.",vdcr_v2_000131,normalized_v2_mp4_noaudio,true
vdcr_v2_000018,vdcr_v2_round102_rayleigh_benard_antigng_crop_noaudio,Rayleigh-Benard Convection,physics_physical_systems,https://commons.wikimedia.org/wiki/File:Rayleigh%E2%80%93B%C3%A9nard_convection.webm#v2-round102-clean-crop-noaudio,CC BY-SA 3.0,release/media/videos_v2_mp4/vdcr_v2_000132.mp4,pass_candidate,Clean cropped derivative shows convection-cell texture evolving in a heated fluid layer without the source screen border or audio. | triage_decision=pass_candidate; triage_notes=Pass with moderate cleanliness: clean derivative removes audio and metadata while preserving the evolving Rayleigh-Benard convection-cell texture. Some non-answer-bearing screen border remains because tighter cropping loses the physical pattern; there is no readable answer text.,vdcr_v2_000132,normalized_v2_mp4_noaudio,true
vdcr_v2_000019,vdcr_v2_round102_rayleigh_benard_xkmciq_trim_noaudio,Rayleigh-Benard Convection,physics_physical_systems,https://commons.wikimedia.org/wiki/File:XKMcIqtw7dw-Rayleigh%E2%80%93B%C3%A9nard_convection_-_4x_speed_up_II.webm#v2-round102-clean-trim-noaudio,CC BY 3.0 YouTube import on Commons,release/media/videos_v2_mp4/vdcr_v2_000133.mp4,pass_candidate,"Clean trimmed derivative shows a distinct pan-scale convection-cell pattern forming and reorganizing over time. | triage_decision=pass_candidate; triage_notes=Pass: clean derivative shows a distinct large-scale convection-cell pattern developing and reorganizing over time, with no in-frame answer text or audio dependence.",vdcr_v2_000133,normalized_v2_mp4_noaudio,true
vdcr_v2_000020,vdcr_v2_round16_vortex_ring_s1_clean_noaudio,Vortex Ring Formation,physics_physical_systems,https://commons.wikimedia.org/wiki/File:Origin-and-dynamics-of-vortex-rings-in-drop-splashing-ncomms9187-s1.ogv#wikimedia-clean-segment,CC BY 4.0,release/media/videos_v2_mp4/vdcr_v2_000134.mp4,pass_candidate,"Clean derivative must show toroidal vortex ring generation and propagation during the drop-impact sequence, not merely a splash frame. | triage_decision=pass_candidate; triage_notes=Clean no-audio segment removes source metadata and visible timing/material labels while preserving the X-ray sequence of a toroidal vortex ring forming and propagating after drop impact.",vdcr_v2_000134,normalized_v2_mp4_noaudio,true
vdcr_v2_000021,vdcr_v2_round16_vortex_ring_s2_clean_noaudio,Vortex Ring Formation,physics_physical_systems,https://commons.wikimedia.org/wiki/File:Origin-and-dynamics-of-vortex-rings-in-drop-splashing-ncomms9187-s2.ogv#wikimedia-clean-segment,CC BY 4.0,release/media/videos_v2_mp4/vdcr_v2_000135.mp4,pass_candidate,"Clean derivative must show toroidal vortex ring generation and propagation during the drop-impact sequence, not merely a splash frame. | triage_decision=pass_candidate; triage_notes=Clean no-audio segment removes source metadata and schematic/text overlays while preserving the actual X-ray sequence of vortex-ring formation and penetration after drop impact.",vdcr_v2_000135,normalized_v2_mp4_noaudio,true
vdcr_v2_000022,vdcr_v2_round29_standing_waves_resonance_clean_noaudio,Standing-Wave Mode Formation,physics_physical_systems,https://commons.wikimedia.org/wiki/File:Standing_Waves_and_Resonance.webm#clean-noaudio,CC BY 3.0 verify_on_page,release/media/videos_v2_mp4/vdcr_v2_000136.mp4,pass_candidate,Clean derivative must show standing-wave mode formation or switching over time without relying on source title text or audio. | triage_decision=pass_candidate; triage_notes=Clean no-audio derivative shows standing-wave mode formation/switching in the tube animation as the drive condition changes; no source title or answer-bearing text is visible.,vdcr_v2_000136,normalized_v2_mp4_noaudio,true
vdcr_v2_000023,vdcr_v2_round35_hangzhou_tidal_bore_clean_noaudio,Hydraulic Bore Propagation,physics_physical_systems,https://commons.wikimedia.org/wiki/File:Tidalbore_Mascaret_Hangzhou_china.ogv#clean-noaudio,CC BY-SA 3.0 verify_on_page,release/media/videos_v2_mp4/vdcr_v2_000137.mp4,pass_candidate,"Clean derivative must show an abrupt turbulent bore/wave front propagating along the river channel without relying on source title text, location metadata, or audio. | triage_decision=pass_candidate; triage_notes=Clean MP4 shows a turbulent bore/wave front propagating along the river channel from distance to foreground, with water-depth and foam-front changes visible across time; no audio or answer-bearing in-frame text remains.",vdcr_v2_000137,normalized_v2_mp4_noaudio,true
vdcr_v2_000024,vdcr_v2_round3_commons_000001,Soliton Propagation,physics_physical_systems,https://commons.wikimedia.org/wiki/File:Two_soliton_overtake_collision.webm,wikimedia_commons_license_verify_on_page,release/media/videos_v2_mp4/vdcr_v2_000138.mp4,pass_candidate,"Candidate must show localized solitary waves propagating and overtaking while retaining coherent identity, not only a static wave pattern. | triage_decision=pass_candidate; triage_notes=Simulation-style repeat candidate: the plotted localized pulse overtakes another pulse while retaining coherent soliton-like identity; no audio or answer-bearing in-frame text is present.",vdcr_v2_000138,normalized_v2_mp4_noaudio,true
vdcr_v2_000025,vdcr_v2_round54_usgs_pahoehoe_breakout_roping_clean_noaudio,Pahoehoe Lava Roping,earth_environmental_systems,https://www.usgs.gov/media/videos/pahoehoe-breakout-0#clean-segment-noaudio,Public Domain,release/media/videos_v2_mp4/vdcr_v2_000139.mp4,pass_candidate,"Clean derivative must show pāhoehoe lava lobes advancing and surface folds or crustal inflation developing over time, without relying on source title cards, logos, audio, or metadata. | triage_decision=pass_candidate; triage_notes=Clean derivative removes the USGS title card, bottom logo, audio, and metadata. The video shows pāhoehoe lava lobes advancing through the frame with visible crustal inflation and rope-like surface folds developing over time; no in-frame answer text remains. This is a second, independent video binding for Pahoehoe Lava Roping rather than a duplicate of the V1 archive segment.",vdcr_v2_000139,normalized_v2_mp4_noaudio,true
vdcr_v2_000026,vdcr_v2_round57_spherical_harmonic_water_drop_clean_noaudio,Standing-Wave Mode Formation,physics_physical_systems,https://commons.wikimedia.org/wiki/File:Spherical_harmonic_in_water_drop.ogv#clean-noaudio,CC BY-SA 3.0; clean derivative from own-work Wikimedia Commons source by Renan Cabrera and Denys Bondar,release/media/videos_v2_mp4/vdcr_v2_000140.mp4,pass_candidate,"Clean derivative must show a levitated water drop's surface oscillating into visible normal/standing-wave modes over time without source-title, audio, or metadata leakage. | triage_decision=pass_candidate; triage_notes=Clean derivative removes audio and source metadata, trims the source to the first 35 seconds, and preserves a clear top-down view of a levitated water drop whose surface boundary and central protrusion change through visible normal/standing-wave modes. No in-frame title, source label, or answer-bearing text is visible. This is an independent third video binding for Standing-Wave Mode Formation, distinct from the existing antenna-field animation and tube-resonance derivative.",vdcr_v2_000140,normalized_v2_mp4_noaudio,true
vdcr_v2_000027,vdcr_v2_round65_karman_vortex_off_cylinder_clean_noaudio,Vortex Shedding / Karman Vortex Street,physics_physical_systems,https://commons.wikimedia.org/wiki/File:Karman_Vortex_Street_Off_Cylinder.ogv#clean-noaudio,CC BY-SA 3.0; own work by KTover2; clean derivative keeps original license terms,release/media/videos_v2_mp4/vdcr_v2_000141.mp4,pass_candidate,"Candidate must show alternating vortices forming and shedding downstream of an obstacle, not a static wake pattern. | triage_decision=pass_candidate; triage_notes=Clean derivative strips metadata while preserving alternating vortex formation and shedding downstream of the cylinder.",vdcr_v2_000141,normalized_v2_mp4_noaudio,true
vdcr_v2_000028,vdcr_v2_round6_hydraulic_jump_naramata_noaudio,Hydraulic Jump,physics_physical_systems,https://commons.wikimedia.org/wiki/File:Hydraulic_jump_on_Naramatagawa_River%27s_stream.ogv#noaudio-clean,wikimedia_commons_license_verify_on_page,release/media/videos_v2_mp4/vdcr_v2_000142.mp4,pass_candidate,"Clean derivative should show a natural stream hydraulic-jump transition from fast shallow flow to a turbulent deeper downstream zone without audio or metadata streams. | triage_decision=pass_candidate; triage_notes=Clean derivative shows a natural stream hydraulic-jump zone where fast shallow flow transitions into a turbulent aerated downstream region, with no audio, data stream, or visible answer/source text.",vdcr_v2_000142,normalized_v2_mp4_noaudio,true
vdcr_v2_000029,vdcr_v2_round88_leidenfrost_webm_1080p_noaudio,Leidenfrost Droplet Motion,physics_physical_systems,https://commons.wikimedia.org/wiki/File:Effet_Leidenfrost.webm#v2-round88-clean-1080p-noaudio,CC BY-SA 4.0,release/media/videos_v2_mp4/vdcr_v2_000143.mp4,pass_candidate,"Clean 1080p no-audio derivative shows water droplets moving and persisting on a hot pan instead of wetting/boiling away immediately. | triage_decision=pass_candidate; triage_notes=Pass: clean 1080p no-audio derivative removes audio/location metadata while preserving water droplets skittering, merging, and persisting on a hot pan rather than wetting or boiling away immediately. The temporal droplet motion is necessary evidence for Leidenfrost Droplet Motion.",vdcr_v2_000143,normalized_v2_mp4_noaudio,true
vdcr_v2_000030,vdcr_v2_round91_kv_street_video2_crop_noaudio,Vortex Shedding / Karman Vortex Street,physics_physical_systems,https://commons.wikimedia.org/wiki/File:K-V_Street_Video_2.ogv#v2-round91-crop-noaudio,Public domain on Commons,release/media/videos_v2_mp4/vdcr_v2_000144.mp4,pass_candidate,"Clean cropped derivative shows green dye forming an alternating downstream wake pattern over time; the temporal alternation is required to identify vortex shedding rather than a static wake. | triage_decision=pass_candidate; triage_notes=Pass: clean derivative removes the raw audio stream and crops away in-frame experiment text while preserving the green dye wake. The clip shows a temporally alternating downstream wake pattern, providing a third distinct video for Vortex Shedding / Karman Vortex Street.",vdcr_v2_000144,normalized_v2_mp4_noaudio,true
vdcr_v2_000031,vdcr_v2_round99_tibetan_bowl_faraday_noaudio,Faraday Waves,physics_physical_systems,https://commons.wikimedia.org/wiki/File:Watching_Tibetan_bowls_sing.webm#v2-round99-clean-noaudio,CC BY 3.0 Commons video,release/media/videos_v2_mp4/vdcr_v2_000145.mp4,pass_candidate,Clean derivative shows vibration-driven liquid surface ripples/wave patterns in a singing bowl with audio and metadata removed. | triage_decision=pass_candidate; triage_notes=Pass: clean derivative shows vibration-induced liquid surface ripples/wave patterns in the bowl. The concept is supported by temporal liquid-surface motion rather than audio or title metadata.,vdcr_v2_000145,normalized_v2_mp4_noaudio,true
vdcr_v2_000032,curated_005008,Slab Avalanche Release,earth_environmental_systems,https://commons.wikimedia.org/wiki/File:AvalancheColDesDroites.ogv,wikimedia_commons_license_verify_on_page,release/media/videos_v2_mp4/vdcr_v2_000146.mp4,pass_candidate,Candidate should show snow/ice avalanche release or propagation over time; reject if it is only a distant moving plume without release evidence. | triage_decision=pass_candidate; triage_notes=Sparse frames show a distinct snow/ice avalanche plume propagating downslope from a steep face; no audio stream and no readable answer/source text.,vdcr_v2_000146,normalized_v2_mp4_noaudio,true
vdcr_v2_000033,vdcr_v2_round81_supercell_nebraska_portrait,Supercell Mesocyclone Rotation,earth_environmental_systems,https://commons.wikimedia.org/wiki/File:Tornadic_Supercell_Erupts_in_Nebraska_(CIRA_2025-04-28_-_portrait).webm,Public Domain NOAA/CIRA,release/media/videos_v2_mp4/vdcr_v2_000147.mp4,pass_candidate,"Candidate must show a rotating supercell/mesocyclone structure over time, not merely an expanding convective cloud or generic satellite storm growth. | triage_decision=pass_candidate; triage_notes=Pass: CIRA/NOAA no-label satellite video has no audio stream and no answer-bearing text. The sequence shows convective growth into a rotating supercell with hook-like spiral cloud structure and evolving overshooting-top/mesocyclone texture, distinct from the Oklahoma source and suitable as the third capped video for Supercell Mesocyclone Rotation.",vdcr_v2_000147,normalized_v2_mp4_noaudio,true
vdcr_v2_000034,vdcr_v2_round81_supercell_oklahoma_portrait,Supercell Mesocyclone Rotation,earth_environmental_systems,https://commons.wikimedia.org/wiki/File:Powerful_Supercell_Marches_Across_Oklahoma_(CIRA_2024-05-20_-_portrait).webm,Public Domain NOAA/CIRA,release/media/videos_v2_mp4/vdcr_v2_000148.mp4,pass_candidate,"Candidate must show a rotating supercell/mesocyclone structure over time, not merely an expanding convective cloud or generic satellite storm growth. | triage_decision=pass_candidate; triage_notes=Pass: CIRA/NOAA no-label satellite video has no audio stream and no answer-bearing text. The temporally ordered frames show a supercell translating while a compact spiral/mesocyclone-like structure and flanking cloud bands rotate and evolve, providing a strong second visual binding for Supercell Mesocyclone Rotation.",vdcr_v2_000148,normalized_v2_mp4_noaudio,true
vdcr_v2_000035,curated_004004_seg_008000_055000_noaudio,Chladni Pattern Formation,physics_physical_systems,"https://commons.wikimedia.org/wiki/File:Controlling-the-motion-of-multiple-objects-on-a-Chladni-plate-ncomms12764-s7.ogv#t=8,55",CC BY 4.0 verify_on_page,release/media/videos_v2_mp4/vdcr_v2_000149.mp4,pass_candidate,Segment removes the opening answer-bearing title card and preserves particle migration/reorganization on the vibrating plate. | triage_decision=pass_candidate; triage_notes=Clean no-audio segment removes the answer-bearing opening title card and retains visible particle migration/trail reorganization without concept text leakage.,vdcr_v2_000149,normalized_v2_mp4_noaudio,true
vdcr_v2_000036,curated_005001,Ice Cliff Calving,earth_environmental_systems,https://commons.wikimedia.org/wiki/File:040_Eqi_glacier_calving_filmed_in_slow_motion_(Greenland)_Video_by_Giles_Laurent.webm,CC BY-SA 4.0 verify_on_page,release/media/videos_v2_mp4/vdcr_v2_000150.mp4,pass_candidate,"Candidate should show an ice cliff destabilizing and detaching into the water, not merely a static glacier face. | triage_decision=pass_candidate; triage_notes=sparse frames show glacier/ice cliff detachment and collapse into water with splash plume; no obvious text leakage",vdcr_v2_000150,normalized_v2_mp4_noaudio,true
vdcr_v2_000037,curated_005003_seg_002000_011000_noaudio,Rockfall Fragmentation Cascade,earth_environmental_systems,"https://commons.wikimedia.org/wiki/File:Horizontal_Video_of_Rockfall_at_Lower_Calf_Creek_Falls_(54611886078).webm#t=2,11",public_domain_blm_verify_on_page,release/media/videos_v2_mp4/vdcr_v2_000151.mp4,pass_candidate,Segment removes safety-title cards and preserves boulder detachment/fall/impact dust from the rockfall sequence. | triage_decision=pass_candidate; triage_notes=Clean no-audio segment shows rock detachment/fall/impact dust without answer-bearing text; use this segment rather than the original file.,vdcr_v2_000151,normalized_v2_mp4_noaudio,true
vdcr_v2_000038,vdcr_v2_chladni_repeat_000001_noaudio,Chladni Pattern Formation,physics_physical_systems,https://commons.wikimedia.org/wiki/File:Prato_de_Chladni_01.webm#noaudio,wikimedia_commons_license_verify_on_page,release/media/videos_v2_mp4/vdcr_v2_000152.mp4,pass_candidate,Clean derivative must show loose particles migrating and concentrating into Chladni nodal-line patterns over time. | triage_decision=pass_candidate; triage_notes=Clean no-audio derivative shows loose particles reorganizing into nodal-line patterns on a vibrating plate; this is a visually distinct second realization for the Chladni Pattern Formation concept.,vdcr_v2_000152,normalized_v2_mp4_noaudio,true
vdcr_v2_000039,vdcr_v2_commons_acoustic_000001,Acoustic Levitation Node Trapping,physics_physical_systems,https://commons.wikimedia.org/wiki/File:Acoustic_Levitation.ogv,PD-US-DOE,release/media/videos_v2_mp4/vdcr_v2_000153.mp4,pass_candidate,Candidate should show droplets or small objects becoming trapped at acoustic nodes rather than a static floating object or explanatory diagram. | triage_decision=pass_candidate; triage_notes=Segment from 4-45s shows droplets held and positioned at acoustic nodes with no answer-bearing text; use mid-section rather than intro/outro.,vdcr_v2_000153,normalized_v2_mp4_noaudio,true
vdcr_v2_000040,vdcr_v2_commons_beach_000001,Beach Swash-Backwash Cycle,earth_environmental_systems,https://commons.wikimedia.org/wiki/File:P%C3%A1jara_-_Morro_Jable_-_Playa_del_Matorral_(0)_05.ogv,CC-BY-SA-3.0,release/media/videos_v2_mp4/vdcr_v2_000154.mp4,pass_candidate,Candidate should show wave runup followed by return backwash flow over the beach face rather than only offshore breaking surf. | triage_decision=pass_candidate; triage_notes=Beach clip shows repeated breaker runup thin swash sheet and retreat over the beach face with no answer-bearing text.,vdcr_v2_000154,normalized_v2_mp4_noaudio,true
vdcr_v2_000041,vdcr_v2_commons_convection_000001_seg_040000_110000_noaudio,Natural Convection Plume,physics_physical_systems,https://commons.wikimedia.org/wiki/File:Convection_currents_in_a_beaker_of_water.webm#t=40.0,CC-BY-3.0 reviewed,release/media/videos_v2_mp4/vdcr_v2_000155.mp4,pass_candidate,Clean derivative must show dyed fluid rising and circulating as a thermally driven natural convection plume without relying on subtitle text or audio. | triage_decision=pass_candidate; triage_notes=Clean no-audio segment removes the early subtitle and shows pink dye rising and circulating from the heated region as a natural convection plume; no readable answer/source text.,vdcr_v2_000155,normalized_v2_mp4_noaudio,true
vdcr_v2_000042,vdcr_v2_commons_convection_000002_crop_tube_noaudio,Natural Convection Plume,physics_physical_systems,https://commons.wikimedia.org/wiki/File:Convection_currents_in_a_glass_tube.webm#crop-clean,CC-BY-3.0 reviewed,release/media/videos_v2_mp4/vdcr_v2_000156.mp4,pass_candidate,Clean derivative should show purple tracer rising and circulating through the heated glass tube as a natural convection plume rather than static colored water. | triage_decision=pass_candidate; triage_notes=Clean no-audio crop keeps the glass tube and heat source while showing purple tracer rising on one side and completing a circulation path; no readable answer/source text remains. This is an independent tube-apparatus video distinct from the existing beaker-convection sample.,vdcr_v2_000156,normalized_v2_mp4_noaudio,true
vdcr_v2_000043,vdcr_v2_commons_lenticular_cloud_000001_noaudio,Lenticular Cloud Formation,earth_environmental_systems,"https://commons.wikimedia.org/wiki/File:Lenticular_cloud_over_Longs_Peak,_Colorado_(time_lapse).ogv#clean-noaudio",CC0-1.0,release/media/videos_v2_mp4/vdcr_v2_000157.mp4,pass_candidate,"Clean derivative must show a stationary lens cloud growing, decaying, or visibly flowing through a mountain-wave setting without relying on source title or metadata. | triage_decision=pass_candidate; triage_notes=Clean no-audio metadata-stripped MP4 shows a lens-shaped cloud anchored over mountainous terrain while its boundary and thickness evolve across the time lapse; no in-frame answer/source text, and a single frame would not establish the formation/flow-through dynamics.",vdcr_v2_000157,normalized_v2_mp4_noaudio,true
vdcr_v2_000044,vdcr_v2_commons_lenticular_cloud_000002_noaudio,Lenticular Cloud Formation,earth_environmental_systems,https://commons.wikimedia.org/wiki/File:Time-lapse_recording_of_a_lenticular_cloud.webm#clean-noaudio,CC-BY-4.0,release/media/videos_v2_mp4/vdcr_v2_000158.mp4,pass_candidate,"Clean derivative must show a second, visually distinct lenticular cloud sequence with cloud-edge reshaping or flow-through over terrain; it must not duplicate the first Longs Peak view. | triage_decision=pass_candidate; triage_notes=Clean no-audio MP4 shows a second visually distinct lenticular cloud sequence above terrain, with the cloud edge and thickness reshaping across time; no in-frame answer/source text, and the tree-line valley view is not a near-duplicate of the Longs Peak sample.",vdcr_v2_000158,normalized_v2_mp4_noaudio,true
vdcr_v2_000045,vdcr_v2_dvids_overwash_000001_seg_215000_221000_noaudio,Wave Overtopping,earth_environmental_systems,https://www.dvidshub.net/video/300519/overwash-testing#t=215.0,Public Domain,release/media/videos_v2_mp4/vdcr_v2_000159.mp4,pass_candidate,"Clean derivative must show wave runup crossing a dune, barrier, or structure with overwash sequence over time, not static spray or interview B-roll. | triage_decision=pass_candidate; triage_notes=Clean no-audio flume segment shows wave runup overtopping/overwashing a model barrier and green terrain; no visible answer/source text.",vdcr_v2_000159,normalized_v2_mp4_noaudio,true
vdcr_v2_000046,vdcr_v2_dvids_overwash_000001_seg_226000_232000_noaudio,Wave Overtopping,earth_environmental_systems,https://www.dvidshub.net/video/300519/overwash-testing#t=226.0,Public Domain,release/media/videos_v2_mp4/vdcr_v2_000160.mp4,pass_candidate,"Clean derivative must show wave runup crossing a dune, barrier, or structure with overwash sequence over time, not static spray or interview B-roll. | triage_decision=pass_candidate; triage_notes=Clean no-audio side-view segment shows water overtopping a model barrier and spilling down the landward side over time; no visible answer/source text.",vdcr_v2_000160,normalized_v2_mp4_noaudio,true
vdcr_v2_000047,vdcr_v2_round14_double_pendulum_animation_noaudio,Double Pendulum Chaos,physics_physical_systems,https://commons.wikimedia.org/wiki/File:Double_Pendulum_Animation.webm#metadata-clean,CC BY-SA 4.0; audio and metadata stripped locally,release/media/videos_v2_mp4/vdcr_v2_000161.mp4,pass_candidate,Clean derivative shows three nearby-initial-condition double pendulum trajectories separating into non-repeating paths; the changing paths are necessary to identify the concept. | triage_decision=pass_candidate; triage_notes=Clean derivative shows three simulated double pendula with nearby initial conditions diverging into non-repeating paths; no audio or source/title metadata remains.,vdcr_v2_000161,normalized_v2_mp4_noaudio,true
vdcr_v2_000048,vdcr_v2_round17_orographic_andes_clean_noaudio,Orographic Cloud Formation,earth_environmental_systems,https://commons.wikimedia.org/wiki/File:Orographic_cirrus_forced_by_the_Andes_(CIRA_2019-08-15).webm#clean-noaudio,Public domain NOAA,release/media/videos_v2_mp4/vdcr_v2_000162.mp4,pass_candidate,"Clean derivative must show airflow-forced cloud forming or streaming over mountainous terrain, not merely a static cloud cap. | triage_decision=pass_candidate; triage_notes=Clean no-audio cropped MP4 removes the timestamp strip while preserving the satellite sequence of clouds forming and streaming along the Andes terrain; no answer-bearing title or source text is visible.",vdcr_v2_000162,normalized_v2_mp4_noaudio,true
vdcr_v2_000049,vdcr_v2_round19_gust_front_gulf_nolabels_clean_noaudio,Gust Front Propagation,earth_environmental_systems,https://commons.wikimedia.org/wiki/File:Gust_Front_Expands_From_Storms_Over_the_Gulf_of_Mexico_(CIRA_2024-04-29_-_nolabels).webm#clean-cropped,Public domain NOAA,release/media/videos_v2_mp4/vdcr_v2_000163.mp4,pass_candidate,"Clean derivative must show an outflow/gust-front boundary spreading outward from storms over time, not merely a static storm cloud field. | triage_decision=pass_candidate; triage_notes=Clean cropped MP4 removes the source watermark while preserving the satellite sequence of a gust-front/outflow boundary spreading outward from Gulf thunderstorms; no answer-bearing title/source text is visible.",vdcr_v2_000163,normalized_v2_mp4_noaudio,true
vdcr_v2_000050,vdcr_v2_round23_sandpile_4_clean_noaudio,Granular Surface Avalanche,physics_physical_systems,https://commons.wikimedia.org/wiki/File:Sandpile_Matemateca_(4).webm#clean-noaudio,CC BY-SA 4.0 verify_on_page,release/media/videos_v2_mp4/vdcr_v2_000164.mp4,pass_candidate,"Clean derivative must show a visually distinct granular surface avalanche sequence without source text, title metadata, or audio. | triage_decision=pass_candidate; triage_notes=Clean no-audio MP4 shows a second sandpile geometry with continuing pour-driven surface avalanching and slope readjustment; no readable source, title, or answer-bearing text is visible.",vdcr_v2_000164,normalized_v2_mp4_noaudio,true
vdcr_v2_000051,vdcr_v2_round23_sandpile_5_clean_noaudio,Granular Surface Avalanche,physics_physical_systems,https://commons.wikimedia.org/wiki/File:Sandpile_Matemateca_(5).webm#clean-noaudio,CC BY-SA 4.0 verify_on_page,release/media/videos_v2_mp4/vdcr_v2_000165.mp4,pass_candidate,"Clean derivative must show granular material building to a critical slope and avalanching down the pile surface over time without source text, title metadata, or audio. | triage_decision=pass_candidate; triage_notes=Clean no-audio MP4 shows sand accumulating on a rectangular pile and repeatedly sliding down the surface after local oversteepening; no readable source, title, or answer-bearing text is visible.",vdcr_v2_000165,normalized_v2_mp4_noaudio,true
vdcr_v2_000052,vdcr_v2_round25_rockfall_doldenhorn_clean_noaudio,Rockfall Fragmentation Cascade,earth_environmental_systems,https://commons.wikimedia.org/wiki/File:Steinschlag_am_Doldenhorn%2C_%C3%96schinensee.webm#clean-noaudio,CC BY-SA 4.0 verify_on_page,release/media/videos_v2_mp4/vdcr_v2_000166.mp4,pass_candidate,"Clean derivative must show rockfall material descending and generating a dust/debris cascade over time without source text, title metadata, or audio. | triage_decision=pass_candidate; triage_notes=Clean no-audio MP4 shows a distant rockfall/landslide dust-and-debris cascade descending along a cliff face over time; individual blocks are not resolved, so this is a weaker repeat-video sample than the existing close rockfall sample but remains visually self-contained.",vdcr_v2_000166,normalized_v2_mp4_noaudio,true
vdcr_v2_000053,vdcr_v2_round32_fbi_tsunami_pagogago_end_clean_noaudio,Tsunami Bore Inundation,earth_environmental_systems,https://commons.wikimedia.org/wiki/File:FBI_tsunami_video_-_Pago_Pago_parking_lot_-_end.ogv#clean-noaudio,PD-ineligible verify_on_page,release/media/videos_v2_mp4/vdcr_v2_000167.mp4,pass_candidate,Clean derivative must show a bore-like inundation front advancing into a built environment without relying on source title text or audio. | triage_decision=pass_candidate; triage_notes=Clean derivative shows a bore-like inundation front entering the parking lot and rapidly surrounding vehicles; surveillance camera/time text does not reveal the answer.,vdcr_v2_000167,normalized_v2_mp4_noaudio,true
vdcr_v2_000054,vdcr_v2_round32_gallium_droplet_coalescence_clean_noaudio,Capillary-Driven Droplet Coalescence,physics_physical_systems,https://commons.wikimedia.org/wiki/File:Gallium_drops.ogv#clean-noaudio,CC BY-SA 4.0 verify_on_page,release/media/videos_v2_mp4/vdcr_v2_000168.mp4,pass_candidate,"Clean derivative must show separate liquid droplets contacting and fusing into larger droplets over time without relying on source title text or audio. | triage_decision=pass_candidate; triage_notes=Clean derivative shows separate metallic liquid droplets contacting, fusing, and reducing to larger droplets over time; no title, source text, or answer-bearing overlay is visible.",vdcr_v2_000168,normalized_v2_mp4_noaudio,true
vdcr_v2_000055,vdcr_v2_round33_kita_ibaraki_tsunami_crop_clean_noaudio,Tsunami Bore Inundation,earth_environmental_systems,https://commons.wikimedia.org/wiki/File:Tsunami_20110311_Kita-Ibaraki_Japan.ogv#clean-crop-noaudio,CC BY 3.0 verify_on_page,release/media/videos_v2_mp4/vdcr_v2_000169.mp4,pass_candidate,Clean derivative must show a tsunami or bore-like inundation front advancing through a real coastal built environment without relying on source title text or audio. | triage_decision=pass_candidate; triage_notes=Clean derivative shows real coastal street inundation with water advancing through a built environment and rising around vehicles; QR/source watermark is cropped out and no answer-bearing text remains.,vdcr_v2_000169,normalized_v2_mp4_noaudio,true
vdcr_v2_000056,vdcr_v2_round34_san_mateo_rotational_slump_clean_noaudio,Rotational Slump Failure,earth_environmental_systems,https://commons.wikimedia.org/wiki/File:Landslide_animation_San_Matteo_County.gif#clean-noaudio,Public domain USGov verify_on_page,release/media/videos_v2_mp4/vdcr_v2_000170.mp4,pass_candidate,"Clean derivative must show coherent slump-style slope movement with head scarp subsidence and toe displacement over time without relying on source title text or audio. | triage_decision=pass_candidate; triage_notes=Clean derivative shows coherent day-by-day rotational/slump-style slope deformation with upper scarp and road-adjacent ground displacement plus toe movement; only DAY labels are present, with no answer-bearing text.",vdcr_v2_000170,normalized_v2_mp4_noaudio,true
vdcr_v2_000057,vdcr_v2_round3_lahar_crop_100_116_noaudio,Lahar Flow Propagation,earth_environmental_systems,"https://commons.wikimedia.org/wiki/File:Mount_Rainier_Lahars-_Hazards_for_the_Puyallup_and_Nisqually_River_Drainages.webm#t=100,116-crop-noaudio",wikimedia_commons_license_verify_on_page,release/media/videos_v2_mp4/vdcr_v2_000171.mp4,pass_candidate,"Clean derivative must show simulated volcanic debris-flow fronts propagating downslope through river valleys without answer-bearing title text or audio. | triage_decision=pass_candidate; triage_notes=Clean no-audio crop removes title, legend, and answer-bearing text while preserving the simulated debris-flow fronts spreading downslope from the source region through valley topography over time.",vdcr_v2_000171,normalized_v2_mp4_noaudio,true
vdcr_v2_000058,vdcr_v2_round49_tesla_coil_streamer_branching_clean_noaudio,Tesla Coil Streamer Branching,physics_physical_systems,https://commons.wikimedia.org/wiki/File:Tesla_Coil_Lightning.webm#clean-segment-noaudio,CC BY 4.0 verify_on_page,release/media/videos_v2_mp4/vdcr_v2_000172.mp4,pass_candidate,"Clean derivative must show transient Tesla-coil streamer branching or restrike over time without relying on source title text, audio, or metadata. | triage_decision=pass_candidate; triage_notes=Clean MP4 removes audio and source metadata. The sequence shows a Tesla-coil discharge terminal repeatedly generating short branching purple streamers that appear, split, disappear, and restrike over time, supporting Tesla Coil Streamer Branching rather than a static spark photograph or generic electric arc. There is no in-frame answer text.",vdcr_v2_000172,normalized_v2_mp4_noaudio,true
vdcr_v2_000059,vdcr_v2_round4_beach_overhead_8_60_noaudio,Beach Swash-Backwash Cycle,earth_environmental_systems,https://commons.wikimedia.org/wiki/File:Overhead_view_of_waves_on_the_shore.webm,CC-BY-3.0,release/media/videos_v2_mp4/vdcr_v2_000173.mp4,pass_candidate,"Clean derivative should show repeated wave runup and return backwash sheets over the beach face from an overhead viewpoint without title, credits, or audio. | triage_decision=pass_candidate; triage_notes=Clean no-audio derivative removes opening/closing source text while preserving repeated wave runup and return backwash sheets over the beach face from a visually distinct overhead viewpoint.",vdcr_v2_000173,normalized_v2_mp4_noaudio,true
vdcr_v2_000060,vdcr_v2_round4_phoenix_duststorm_noaudio,Dust Storm Front Propagation,earth_environmental_systems,https://commons.wikimedia.org/wiki/File:Phoenix_DustStorm.webm#noaudio-clean,CC-BY-3.0,release/media/videos_v2_mp4/vdcr_v2_000174.mp4,pass_candidate,"Clean derivative should show an advancing dust-storm wall/front moving across a city scene over time without audio or in-frame source text. | triage_decision=pass_candidate; triage_notes=Clean no-audio derivative shows an opaque dust-storm wall/front advancing across the city scene until it engulfs the view, with no visible answer-bearing or source text.",vdcr_v2_000174,normalized_v2_mp4_noaudio,true
vdcr_v2_000061,vdcr_v2_round50_positive_streamer_discharge_propagation_clean_noaudio,Positive Streamer Discharge Propagation,physics_physical_systems,https://commons.wikimedia.org/wiki/File:Simulation_of_a_positive_streamer_discharge.webm#clean-segment-noaudio,CC BY-SA 4.0 verify_on_page,release/media/videos_v2_mp4/vdcr_v2_000175.mp4,pass_candidate,"Clean derivative must show a positive streamer discharge channel advancing through gas over time without relying on source title text, audio, or metadata. | triage_decision=pass_candidate; triage_notes=Clean MP4 removes source metadata and has no audio. The simulation frames show a discharge channel elongating through gas over time across electric-field, electron-density, charge-density, and light-emission views; no in-frame answer text or panel labels are visible. This supports Positive Streamer Discharge Propagation as a distinct source-hidden concept, separate from Tesla-coil streamer branching and generic glow discharge.",vdcr_v2_000175,normalized_v2_mp4_noaudio,true
vdcr_v2_000062,vdcr_v2_round51_muldrow_glacier_surge_timelapse_clean_noaudio,Glacier Surge,earth_environmental_systems,https://www.nps.gov/media/video/view.htm?id=3891AE87-2739-4586-BA36-E57FCE285B37#clean-segment-noaudio,Public domain NPS video credited to NPS without copyright symbol,release/media/videos_v2_mp4/vdcr_v2_000176.mp4,pass_candidate,"Clean derivative must show surge-phase glacier front advance or surface thickening over time without relying on source title text, audio, or metadata. | triage_decision=pass_candidate; triage_notes=Clean MP4 removes the source metadata and audio track. The fixed time-lapse view shows the glacier toe and surface mass advancing through the valley over the sequence; no in-frame answer text is visible. This supports Glacier Surge rather than a static glacier landscape or ordinary glacier-retreat imagery, although it remains a long-timescale earth-process sample that depends on temporal playback visibility.",vdcr_v2_000176,normalized_v2_mp4_noaudio,true
vdcr_v2_000063,vdcr_v2_round58_drop_impact_spreading_impact_phase_clean_noaudio,Inertia-Driven Droplet Impact Spreading,physics_physical_systems,https://commons.wikimedia.org/wiki/File:Symmetry-breaking-in-drop-bouncing-on-curved-surfaces-ncomms10034-s3.ogv#impact-phase-clean-noaudio,CC BY 4.0; clean derivative from Nature Communications supplementary movie imported via PubMed Central/Open Access Media Importer,release/media/videos_v2_mp4/vdcr_v2_000177.mp4,pass_candidate,"Clean derivative must show a droplet descending, contacting the surface, and spreading outward under impact inertia without retaining later rebound/retraction, source-title, plot, timestamp, audio, or metadata leakage. | triage_decision=pass_candidate; triage_notes=Short clean derivative keeps only the source-hidden side-view impact phase: the droplet descends, contacts the surface, flattens, and spreads laterally into a wide lamella under impact inertia. It removes source/title text, labels, timestamps, plots, audio, and metadata, and stops before the later rebound/retraction phase to reduce overlap with Droplet Spreading and Retraction.",vdcr_v2_000177,normalized_v2_mp4_noaudio,true
vdcr_v2_000064,vdcr_v2_round63_strandsandblasen_wangerooge_i_clean_noaudio,Aeolian Saltation,earth_environmental_systems,https://commons.wikimedia.org/wiki/File:Strandsandblasen_(Wangerooge)_i.webm#clean-noaudio,CC0 1.0; clean derivative from own-work Commons video by Rhetos,release/media/videos_v2_mp4/vdcr_v2_000178.mp4,pass_candidate,"Clean derivative must show near-ground wind-driven sand transport consistent with aeolian saltation, without audio or source-title metadata leakage. | triage_decision=pass_candidate; triage_notes=Clean derivative removes audio and source metadata while preserving near-ground wind-driven sand transport over the beach surface. The sequence supports Aeolian Saltation at the macroscopic saltation-sheet level; no in-frame answer text or source labels are visible. Keep the production gate strict: do not treat generic dust suspension or scenic blowing-sand clips as pass unless near-surface transport is visually central.",vdcr_v2_000178,normalized_v2_mp4_noaudio,true
vdcr_v2_000065,vdcr_v2_round65_couette_cell_laminar_reversibility_clean_noaudio,Stokes Flow Kinematic Reversibility,physics_physical_systems,https://commons.wikimedia.org/wiki/File:Couette_Cell_for_Displaying_the_Properties_of_Laminar_Flow_-_UNM_Physics_and_Astronomy.webm#clean-noaudio,CC BY 3.0; YouTube license reviewed on Commons; author UNM Physics and Astronomy; clean derivative keeps original license terms,release/media/videos_v2_mp4/vdcr_v2_000179.mp4,pass_candidate,"Candidate must show laminar deformation followed by reversed motion that restores the pattern, not merely steady layered Couette flow. | triage_decision=pass_candidate; triage_notes=Clean derivative removes audio and metadata while preserving laminar dye deformation followed by reversed motion toward restoration.",vdcr_v2_000179,normalized_v2_mp4_noaudio,true
vdcr_v2_000066,vdcr_v2_round65_droplet_spreading_retraction_curved_surface_clean_crop_noaudio,Droplet Spreading and Retraction,physics_physical_systems,https://commons.wikimedia.org/wiki/File:Symmetry-breaking-in-drop-bouncing-on-curved-surfaces-ncomms10034-s3.ogv#clean-crop-noaudio,CC BY 4.0; Nature Communications OA supplementary movie; clean derivative keeps original license terms,release/media/videos_v2_mp4/vdcr_v2_000180.mp4,pass_candidate,"Candidate must show a droplet impacting, spreading, retracting, and bouncing or recoiling over time, not a static droplet footprint. | triage_decision=pass_candidate; triage_notes=Clean derivative removes lower plot panels and metadata while preserving droplet impact, spreading, retraction, and rebound views.",vdcr_v2_000180,normalized_v2_mp4_noaudio,true
vdcr_v2_000067,vdcr_v2_round65_ebullicion_boiling_animation_clean_crop_noaudio,Boiling Bubble Nucleation and Departure,physics_physical_systems,https://commons.wikimedia.org/wiki/File:Ebullici%C3%B3n.webm#clean-crop-noaudio,wikimedia_commons_license_verify_on_page; own work by Cristobalsanchezruiz; clean derivative keeps original license terms,release/media/videos_v2_mp4/vdcr_v2_000181.mp4,pass_candidate,"Candidate must show bubbles nucleating and departing during boiling, not only a static pot or generic water motion. | triage_decision=pass_candidate; triage_notes=Clean derivative removes audio, metadata, and bottom temperature/boiling-point text while preserving bubble nucleation and departure.",vdcr_v2_000181,normalized_v2_mp4_noaudio,true
vdcr_v2_000068,vdcr_v2_round65_jacobs_ladder_ascending_arc_clean_noaudio,Electric Arc Formation and Bending,physics_physical_systems,https://commons.wikimedia.org/wiki/File:Jacob%27s_Ladder_(ascending_electrical_arc).webm#clean-noaudio,wikimedia_commons_license_verify_on_page; clean derivative keeps original license terms,release/media/videos_v2_mp4/vdcr_v2_000182.mp4,pass_candidate,"Candidate must show electric arc ignition, bending, and upward motion between electrodes, not a static glowing wire or lightning still. | triage_decision=pass_candidate; triage_notes=Clean derivative removes audio and metadata while preserving arc ignition, bending, and upward motion between electrodes.",vdcr_v2_000182,normalized_v2_mp4_noaudio,true
vdcr_v2_000069,vdcr_v2_round65_synchronized_metronomes_clean_noaudio,Coupled Pendulum Synchronization,physics_physical_systems,https://commons.wikimedia.org/wiki/File:Wesphysdemo_-_Synchronized_Metronomes.webm#clean-noaudio,CC BY 3.0; YouTube license reviewed on Commons; author wesphysdemo; clean derivative keeps original license terms,release/media/videos_v2_mp4/vdcr_v2_000183.mp4,pass_candidate,"Candidate must show initially out-of-phase metronomes/pendula becoming synchronized through a shared movable base, not merely already-synchronized oscillation. | triage_decision=pass_candidate; triage_notes=Clean derivative removes audio and metadata while preserving metronomes transitioning from unsynchronized to synchronized motion through a shared base.",vdcr_v2_000183,normalized_v2_mp4_noaudio,true
vdcr_v2_000070,vdcr_v2_round66_eqi_glacier_calving_slow_motion_clean_noaudio,Ice Cliff Calving,earth_environmental_systems,https://commons.wikimedia.org/wiki/File:040_Eqi_glacier_calving_filmed_in_slow_motion_(Greenland)_Video_by_Giles_Laurent.webm#clean-noaudio,CC BY-SA 4.0; own work by Giles Laurent; featured media on Commons; clean derivative keeps original license terms,release/media/videos_v2_mp4/vdcr_v2_000184.mp4,pass_candidate,"Candidate must show ice cliff failure and falling ice blocks over time, not merely a static glacier front. | triage_decision=pass_candidate; triage_notes=Clean derivative removes audio and metadata while preserving a glacier ice cliff collapsing into the water with dust/spray evolution.",vdcr_v2_000184,normalized_v2_mp4_noaudio,true
vdcr_v2_000071,vdcr_v2_round67_tidal_current_spaghettieffekt_clean_noaudio,Tidal Current Acceleration,earth_environmental_systems,https://commons.wikimedia.org/wiki/File:Gezeitenstufe_(Spaghettieffekt).webm#clean-noaudio,CC0 1.0; own work by Rhetos; clean derivative keeps original license terms,release/media/videos_v2_mp4/vdcr_v2_000185.mp4,pass_candidate,"Clean derivative must show visible floating debris or water features accelerating through a tidal current gradient over time, not a generic harbor water scene. | triage_decision=pass_candidate; triage_notes=Clean no-audio derivative shows floating debris and water-surface texture entering a faster tidal flow zone near the harbor, making the acceleration gradient observable over time without relying on source title, audio, or metadata.",vdcr_v2_000185,normalized_v2_mp4_noaudio,true
vdcr_v2_000072,vdcr_v2_round69_tidal_current_stufeneffekt_clean_crop_noaudio,Tidal Current Acceleration,earth_environmental_systems,https://commons.wikimedia.org/wiki/File:Gezeitenstufe_(Stufeneffekt).webm#clean-crop-noaudio,CC0 1.0; own work by Rhetos; clean derivative keeps original license terms,release/media/videos_v2_mp4/vdcr_v2_000186.mp4,pass_candidate,"Clean derivative must show water accelerating across a visible tidal-current step or gradient over time, not a static harbor water scene. | triage_decision=pass_candidate; triage_notes=Clean cropped no-audio derivative shows roughened fast-flow water crossing a visible tidal-current step/gradient, grounding tidal current acceleration without title, audio, metadata, or black-bar clutter.",vdcr_v2_000186,normalized_v2_mp4_noaudio,true
vdcr_v2_000073,vdcr_v2_round70_todes_priel_flood_tide_channel_infilling_seg_000_060_clean_noaudio,Flood-Tide Channel Infilling,earth_environmental_systems,https://commons.wikimedia.org/wiki/File:Todes-Priel_(Gefahr_bei_Flut).webm#clean-seg-000-060-noaudio,CC0 1.0; own work by Rhetos; clean derivative keeps original license terms,release/media/videos_v2_mp4/vdcr_v2_000187.mp4,pass_candidate,"Clean derivative must show repeated waves or rising flood tide filling a low channel/rill over time, not static wet sand or generic surf. | triage_decision=pass_candidate; triage_notes=Clean 0-60s no-audio segment shows successive waves spreading into a low beach channel/rill and enlarging the connected water-filled area, grounding flood-tide channel infilling without source title, audio, or metadata leakage.",vdcr_v2_000187,normalized_v2_mp4_noaudio,true
vdcr_v2_000074,vdcr_v2_round73_dust_storm_southern_california_cira_seg_032_068_clean_crop_noaudio,Dust Storm Front Propagation,earth_environmental_systems,https://commons.wikimedia.org/wiki/File:Dust_storm_in_southern_California_(CIRA_2017-03-30).webm#clean-crop-noaudio,Public Domain US NOAA via GOES imagery by CSU/CIRA & NOAA; clean derivative strips audio/metadata and crops source overlays,release/media/videos_v2_mp4/vdcr_v2_000188.mp4,pass_candidate,"Clean middle segment should show a dust plume/front propagating across the satellite scene without relying on in-frame annotations. | triage_decision=pass_candidate; triage_notes=Clean 3.2-6.8s cropped derivative shows a coherent dust plume/front advancing across the satellite scene over time; audio, metadata, bottom overlays, and answer-bearing annotations are removed.",vdcr_v2_000188,normalized_v2_mp4_noaudio,true
vdcr_v2_000075,vdcr_v2_round75_strandrinne_prielstromung_flood_tide_channel_infilling_seg_070_100_clean_noaudio,Flood-Tide Channel Infilling,earth_environmental_systems,https://commons.wikimedia.org/wiki/File:Strandrinne_(Prielstr%C3%B6mung).webm#clean-seg-070-100-noaudio,CC BY-SA 4.0; own work by Rhetos; clean derivative strips audio/metadata and excludes title/annotation frames,release/media/videos_v2_mp4/vdcr_v2_000189.mp4,pass_candidate,Clean segment should show incoming tidal water occupying and flowing through a shallow beach/creek channel over time without in-frame explanatory text. | triage_decision=pass_candidate; triage_notes=Clean 70-100s derivative removes audio and explanatory frames while showing incoming tidal water occupying and flowing through a beach/creek channel over time; no answer-bearing text is visible in-frame.,vdcr_v2_000189,normalized_v2_mp4_noaudio,true
vdcr_v2_000076,vdcr_v2_round77_andes_mountain_wave_clouds_clean_crop_noaudio,Orographic Cloud Formation,earth_environmental_systems,https://commons.wikimedia.org/wiki/File:A_multitude_of_mountain_wave_clouds_on_the_lee_of_the_Andes_(CIRA_2019-07-16).webm#clean-crop-noaudio,Public Domain US NOAA via GOES imagery by CSU/CIRA & NOAA; clean derivative strips audio/metadata and crops bottom timestamp,release/media/videos_v2_mp4/vdcr_v2_000190.mp4,pass_candidate,"Clean satellite sequence should show terrain-forced lee-side wave cloud bands organizing along the Andes over time without relying on source captions. | triage_decision=pass_candidate; triage_notes=Clean cropped derivative removes audio, metadata, and the bottom timestamp while preserving the satellite sequence of lee-side wave cloud bands organizing along the Andes; no answer-bearing source text is visible.",vdcr_v2_000190,normalized_v2_mp4_noaudio,true
vdcr_v2_000077,vdcr_v2_round78_wangerooge_rip_current_clean_noaudio,Rip Current Formation,earth_environmental_systems,"https://commons.wikimedia.org/wiki/File:Brandungsr%C3%BCckstrom_(Rip_current,_Wangerooge).webm#clean-noaudio",CC0 1.0; own work by Rhetos; clean derivative strips audio/metadata,release/media/videos_v2_mp4/vdcr_v2_000191.mp4,pass_candidate,Clean sequence should show a localized return current moving seaward through or beneath incoming breaking waves without relying on source captions. | triage_decision=pass_candidate; triage_notes=Clean no-audio derivative shows localized foam/water return flow moving seaward through the surf zone beneath or against incoming breaking waves; no in-frame answer-bearing text is visible.,vdcr_v2_000191,normalized_v2_mp4_noaudio,true
vdcr_v2_000078,vdcr_v2_round79_cedar_creek_fire_pyrocumulonimbus_nolabels,Pyrocumulus Development,earth_environmental_systems,https://commons.wikimedia.org/wiki/File:Cedar_Creek_Fire_Produces_Pyrocumulonimbus_(CIRA_2022-09-11_-_nolabels).webm,Public Domain US NOAA via GOES imagery by CSU/CIRA & NOAA,release/media/videos_v2_mp4/vdcr_v2_000192.mp4,pass_candidate,"Candidate should show wildfire-driven convective cloud billows growing or expanding over time, not merely static smoke or a labeled fire map. | triage_decision=pass_candidate; triage_notes=No-label NOAA/CIRA satellite sequence has no audio stream and no answer-bearing text. It shows wildfire-driven convective cloud billows growing and expanding above the smoke plume over time, supporting Pyrocumulus Development rather than generic smoke dispersion.",vdcr_v2_000192,normalized_v2_mp4_noaudio,true
vdcr_v2_000079,vdcr_v2_round7_tesla_flyback_5_53_noaudio,Tesla Coil Streamer Branching,physics_physical_systems,https://commons.wikimedia.org/wiki/File:Flyback_Powered_Tesla_Coil.webm#noaudio-clean,CC BY 3.0 verify_on_page,release/media/videos_v2_mp4/vdcr_v2_000193.mp4,pass_candidate,"Clean derivative should show transient branching streamer discharges from a Tesla coil without audio or source metadata. | triage_decision=pass_candidate; triage_notes=Clean no-audio derivative shows repeated transient purple streamer branches growing, splitting, and restriking from the Tesla coil toroid; no audio, metadata stream, or readable answer-bearing text remains.",vdcr_v2_000193,normalized_v2_mp4_noaudio,true
vdcr_v2_000080,vdcr_v2_round7_tesla_small_5_43_noaudio,Tesla Coil Streamer Branching,physics_physical_systems,https://commons.wikimedia.org/wiki/File:Tesla_coil_(small).webm#noaudio-clean,CC BY 3.0 verify_on_page,release/media/videos_v2_mp4/vdcr_v2_000194.mp4,pass_candidate,Clean derivative should show a second visually distinct Tesla coil producing transient streamer discharges without audio or source metadata. | triage_decision=pass_candidate; triage_notes=Clean no-audio derivative shows a second visually distinct Tesla coil setup with intermittent streamer branches/restrikes around the toroid; background text is not answer-bearing and the sample is source-hidden.,vdcr_v2_000194,normalized_v2_mp4_noaudio,true
vdcr_v2_000081,vdcr_v2_round8_arcus_uday_river_noaudio,Gust Front Propagation,earth_environmental_systems,https://commons.wikimedia.org/wiki/File:Cumulonimbus_arcus_over_Uday_River.webm#metadata-clean,CC BY 4.0 verify_on_page,release/media/videos_v2_mp4/vdcr_v2_000195.mp4,pass_candidate,Clean derivative should show a shelf-cloud / thunderstorm outflow boundary advancing over the landscape without relying on source title or metadata. | triage_decision=pass_candidate; triage_notes=Clean metadata-stripped derivative shows a ground-view shelf-cloud / gust-front boundary advancing across the landscape; no audio stream or readable answer-bearing text is present.,vdcr_v2_000195,normalized_v2_mp4_noaudio,true
vdcr_v2_000082,vdcr_v2_round93_matorral_beach_swash_01_noaudio,Beach Swash-Backwash Cycle,earth_environmental_systems,https://commons.wikimedia.org/wiki/File:P%C3%A1jara_-_Morro_Jable_-_Playa_del_Matorral_(0)_01.ogv#v2-round93-clean-noaudio,CC BY-SA 3.0 or GFDL; own work by Frank Vincentz,release/media/videos_v2_mp4/vdcr_v2_000196.mp4,pass_candidate,Clean derivative shows a breaker running up the beach face followed by retreating thin backwash sheets and foam traces. | triage_decision=pass_candidate; triage_notes=Pass: clean derivative strips data stream and metadata while preserving a short sequence of wave runup followed by retreating thin backwash sheets and foam traces across the beach face. This is a third distinct supporting video for Beach Swash-Backwash Cycle.,vdcr_v2_000196,normalized_v2_mp4_noaudio,true
vdcr_v2_000083,vdcr_v2_round99_upward_erosion_noaudio,Headward Erosion,earth_environmental_systems,https://commons.wikimedia.org/wiki/File:Upward-erosion.ogv#v2-round99-clean-noaudio,CC BY-SA 2.5 Commons video,release/media/videos_v2_mp4/vdcr_v2_000197.mp4,pass_candidate,Clean derivative shows an erosion head/backcut propagating through a sandy slope with source audio and metadata removed. | triage_decision=pass_candidate; triage_notes=Pass: clean derivative shows an erosion head/backcut growing and migrating through a sandy slope over time. No in-frame answer text is visible.,vdcr_v2_000197,normalized_v2_mp4_noaudio,true
vdcr_v2_000084,vdcr_v2_round14_double_pendulum_simreal_noaudio,Double Pendulum Chaos,physics_physical_systems,https://commons.wikimedia.org/wiki/File:Double_pendulum_simultaneous_realisations.ogv#metadata-clean,CC BY-SA 4.0; audio and metadata stripped locally,release/media/videos_v2_mp4/vdcr_v2_000198.mp4,pass_candidate,Clean derivative shows six same-start physical double-pendulum realizations diverging over time; the temporal divergence is the evidence for chaotic sensitivity. | triage_decision=pass_candidate; triage_notes=Clean derivative shows six physical double-pendulum trials separating from similar initial motion into visibly different trajectories; no audio or source/title metadata remains.,vdcr_v2_000198,normalized_v2_mp4_noaudio,true
vdcr_v2_000085,vdcr_v2_round80_canada_wildfires_pyrocumulus_nolabels,Pyrocumulus Development,earth_environmental_systems,https://commons.wikimedia.org/wiki/File:Pyrocumulus_Clouds_From_Wildfires_in_Canada_(CIRA_2025-05-13_-_nolabels).webm,Public Domain US NOAA via GOES imagery by CSU/CIRA & NOAA,release/media/videos_v2_mp4/vdcr_v2_000199.mp4,pass_candidate,"Candidate should show pyrocumulus clouds and smoke plumes billowing from wildfires over time, not static smoke or generic cloud cover. | triage_decision=pass_candidate; triage_notes=No-label NOAA/CIRA satellite sequence has no audio stream and no answer-bearing text. It shows pyrocumulus cloud billows growing and expanding from multiple wildfire smoke plumes over time, supporting Pyrocumulus Development rather than generic static smoke.",vdcr_v2_000199,normalized_v2_mp4_noaudio,true
vdcr_v2_000086,curated_002001_iodine_clock_bottomblur_noaudio,Iodine Clock Reaction,chemistry_materials_change,https://commons.wikimedia.org/wiki/File:Iodine_Clock_Reaction.ogv#bottomblur-noaudio,wikimedia_commons_license_verify_on_page,release/media/videos_v2_mp4/vdcr_v2_000200.mp4,pass_candidate,"Clean bottom-blur derivative should show the delayed rapid dark color transition of an iodine clock reaction without relying on audio, source title text, or readable tabletop handwritten labels. | triage_decision=pass_candidate; triage_notes=Clean no-audio derivative preserves the delayed transition from clear/colorless solutions to dark iodine-starch color while blurring lower tabletop handwriting so no answer/source text is readable.",vdcr_v2_000200,normalized_v2_mp4_noaudio,true
vdcr_v2_000087,curated_002003,Chemical Garden Growth,chemistry_materials_change,https://commons.wikimedia.org/wiki/File:Growth_of_a_chemical_garden.ogv,wikimedia_commons_license_verify_on_page,release/media/videos_v2_mp4/vdcr_v2_000201.mp4,pass_candidate,"Candidate should show mineral tube growth over time in a chemical garden, not merely the final grown structure. | triage_decision=pass_candidate; triage_notes=strong mineral tube growth over time; no obvious sparse-frame text leakage",vdcr_v2_000201,normalized_v2_mp4_noaudio,true
vdcr_v2_000088,curated_002006,Briggs-Rauscher Reaction,chemistry_materials_change,https://commons.wikimedia.org/wiki/File:Briggs%E2%80%93Rauscher_reaction.webm,CC BY-SA 4.0 verify_on_page,release/media/videos_v2_mp4/vdcr_v2_000202.mp4,pass_candidate,"Candidate should show oscillating color changes characteristic of the Briggs-Rauscher reaction, not merely a static reaction vessel. | triage_decision=pass_candidate; triage_notes=strong repeated color oscillation visible across sparse frames",vdcr_v2_000202,normalized_v2_mp4_noaudio,true
vdcr_v2_000089,curated_002007,Elephant Toothpaste Foam Growth,chemistry_materials_change,https://commons.wikimedia.org/wiki/File:14._%D0%A1%D0%BB%D0%BE%D0%BD%D0%BE%D0%B2%D1%81%D0%BA%D0%B0_%D0%BF%D0%B0%D1%81%D1%82%D0%B0_%D0%B7%D0%B0_%D0%B7%D0%B0%D0%B1%D0%B8.webm,CC BY-SA 4.0 verify_on_page,release/media/videos_v2_mp4/vdcr_v2_000203.mp4,pass_candidate,"Candidate should show catalytic decomposition generating rapid foam growth, not merely a static foam column after the reaction. | triage_decision=pass_candidate; triage_notes=Clear rapid foam-column growth from reaction setup; no answer-bearing in-frame text visible in sparse sheet.",vdcr_v2_000203,normalized_v2_mp4_noaudio,true
vdcr_v2_000090,curated_002008,Chromatography Solvent Front Migration,chemistry_materials_change,https://commons.wikimedia.org/wiki/File:Separation_of_Photosynthetic_Pigments_by_Paper_Chromatography.webm,CC BY 3.0 verify_on_page,release/media/videos_v2_mp4/vdcr_v2_000204.mp4,pass_candidate,"Candidate should show solvent front and pigment bands migrating over time, not only the final chromatogram. | triage_decision=pass_candidate; triage_notes=Sparse frames show pigment band/front changing position over time; motion is subtle but temporally necessary.",vdcr_v2_000204,normalized_v2_mp4_noaudio,true
vdcr_v2_000091,curated_003002,Phototropism,biology_living_systems,https://commons.wikimedia.org/wiki/File:Azuki_Bean_phototropism.ogv,public_domain_verify_on_page,release/media/videos_v2_mp4/vdcr_v2_000205.mp4,pass_candidate,"Candidate should show plant bending/growth direction change in response to light over time, not merely a static plant orientation. | triage_decision=pass_candidate; triage_notes=clean time-lapse plant bending; no obvious sparse-frame text leakage",vdcr_v2_000205,normalized_v2_mp4_noaudio,true
vdcr_v2_000092,curated_007006,Phagocytic Engulfment,biology_living_systems,https://commons.wikimedia.org/wiki/File:In-vivo-characterization-of-microglial-engulfment-of-dying-neurons-in-the-zebrafish-spinal-cord-Video4.ogv,CC BY 4.0 verify_on_page,release/media/videos_v2_mp4/vdcr_v2_000206.mp4,pass_candidate,"Candidate should show a cell moving toward and engulfing debris or a target over time, not merely a static fluorescence overlay. | triage_decision=pass_candidate; triage_notes=Fluorescence sequence shows red target/debris changing relative to surrounding microglia; visually subtle and should receive biology-review confirmation before formal release.",vdcr_v2_000206,normalized_v2_mp4_noaudio,true
vdcr_v2_000093,vdcr_archive_b02_000009_seg_012000_059800_crop_bottom_noaudio,Belousov-Zhabotinsky Reaction,chemistry_materials_change,https://archive.org/details/youtube-4rYX4ROqRlg#t=12.0,archive_license_verify_on_page,release/media/videos_v2_mp4/vdcr_v2_000207.mp4,pass_candidate,Clean derivative must show evolving reaction-diffusion rings and spiral chemical-wave dynamics in a dish without relying on source title text or speed overlays. | triage_decision=pass_candidate; triage_notes=Cropped no-audio derivative removes bottom speed overlays and source-title metadata while preserving visible reaction-diffusion ring and spiral chemical-wave dynamics in the dish.,vdcr_v2_000207,normalized_v2_mp4_noaudio,true
vdcr_v2_000094,vdcr_archive_b03_000025,Thigmonasty,biology_living_systems,https://archive.org/details/wikimedia-org-Mimosa_pudica_leaves_folding_when_touched_1,archive_license_verify_on_page,release/media/videos_v2_mp4/vdcr_v2_000208.mp4,pass_candidate,"Candidate must show the temporal sequence that instantiates Thigmonasty, not merely an object, scene, or static result. | triage_decision=pass_candidate; triage_notes=Touch stimulus and Mimosa leaflet folding are visible over time with no in-frame answer/source text; camera motion makes it weaker than b03_000026 but still a distinct strongly bound Thigmonasty video.",vdcr_v2_000208,normalized_v2_mp4_noaudio,true
vdcr_v2_000095,vdcr_archive_b03_000026,Thigmonasty,biology_living_systems,https://archive.org/details/wikimedia-org-Mimosa_pudica_leaves_folding_when_touched_2,archive_license_verify_on_page,release/media/videos_v2_mp4/vdcr_v2_000209.mp4,pass_candidate,"Candidate must show the temporal sequence that instantiates Thigmonasty, not merely an object, scene, or static result. | triage_decision=pass_candidate; triage_notes=Clear touch stimulus followed by leaflet folding across frames; no in-frame answer/source text",vdcr_v2_000209,normalized_v2_mp4_noaudio,true
vdcr_v2_000096,vdcr_archive_b03_000034_noaudio,Exocytosis,biology_living_systems,https://archive.org/details/yt_YAp1zKMH5BE#noaudio,archive_license_verify_on_page,release/media/videos_v2_mp4/vdcr_v2_000210.mp4,pass_candidate,Clean derivative must show granules fusing with the plasma membrane over time without relying on narration or source title text. | triage_decision=pass_candidate; triage_notes=No-audio microscopy clip shows dark granules and red-arrow highlighted fusion events over time without answer-bearing text.,vdcr_v2_000210,normalized_v2_mp4_noaudio,true
vdcr_v2_000097,vdcr_commons_mr14_000004_v2,Coordinated Ciliary Beating Dynamics,biology_living_systems,https://commons.wikimedia.org/wiki/File:Mutation-of-Growth-Arrest-Specific-8-Reveals-a-Role-in-Motile-Cilia-Function-and-Human-Disease-pgen.1006220.s002.ogv#v2,CC BY 4.0 Commons/PLOS Genetics supplementary movie,release/media/videos_v2_mp4/vdcr_v2_000211.mp4,pass_candidate,Candidate must show repeated motile-cilia beat cycles or waveform changes without relying on the source page title. | triage_decision=pass_candidate; triage_notes=Microscopy sequence shows repeated motile-cilia waveform changes along a tissue edge; no audio stream and no readable answer/source text in sparse frames.,vdcr_v2_000211,normalized_v2_mp4_noaudio,true
vdcr_v2_000098,vdcr_v2_commons_bact_swarm_000001,Bacterial Swarming Expansion,biology_living_systems,https://commons.wikimedia.org/wiki/File:Genome-sequence-of-the-pattern-forming-Paenibacillus-vortex-bacterium-reveals-potential-for-1471-2164-11-710-S4.ogv,CC-BY-2.0,release/media/videos_v2_mp4/vdcr_v2_000212.mp4,pass_candidate,Candidate should show a bacterial swarm branch moving or expanding over agar rather than static culture morphology. | triage_decision=pass_candidate; triage_notes=Microscopy sequence shows a dense swarming branch changing position and outline over time with no in-frame answer/source text.,vdcr_v2_000212,normalized_v2_mp4_noaudio,true
vdcr_v2_000099,vdcr_v2_commons_bact_swarm_000002,Bacterial Swarming Expansion,biology_living_systems,https://commons.wikimedia.org/wiki/File:Genome-sequence-of-the-pattern-forming-Paenibacillus-vortex-bacterium-reveals-potential-for-1471-2164-11-710-S5.ogv,CC-BY-2.0,release/media/videos_v2_mp4/vdcr_v2_000213.mp4,pass_candidate,Candidate should show a bacterial cell mass dispersing or expanding into a treated agar region rather than static culture morphology. | triage_decision=pass_candidate; triage_notes=Microscopy sequence shows the bacterial cell mass dispersing/expanding into a treated agar region; no in-frame answer/source text.,vdcr_v2_000213,normalized_v2_mp4_noaudio,true
vdcr_v2_000100,vdcr_v2_commons_bact_swarm_000003,Bacterial Swarming Expansion,biology_living_systems,https://commons.wikimedia.org/wiki/File:Genome-sequence-of-the-pattern-forming-Paenibacillus-vortex-bacterium-reveals-potential-for-1471-2164-11-710-S6.ogv,CC-BY-2.0,release/media/videos_v2_mp4/vdcr_v2_000214.mp4,pass_candidate,Candidate should show a bacterial cell mass evaluating a gradient then dispersing/expanding with additional cells moving into the region rather than static culture morphology. | triage_decision=pass_candidate; triage_notes=Microscopy sequence shows the bacterial mass extending then dispersing while additional cells move into the region; no in-frame answer/source text.,vdcr_v2_000214,normalized_v2_mp4_noaudio,true
vdcr_v2_000101,vdcr_v2_commons_drying_crack_000002,Drying Crack Propagation,chemistry_materials_change,https://commons.wikimedia.org/wiki/File:Role-of-particle-shape-anisotropy-on-crack-formation-in-drying-of-colloidal-suspension-srep30708-s2.ogv,CC-BY-4.0,release/media/videos_v2_mp4/vdcr_v2_000215.mp4,pass_candidate,"Candidate must show cracks nucleating, branching, or propagating during drying of a colloidal suspension over time, not a static cracked surface. | triage_decision=pass_candidate; triage_notes=Video-only clip shows a curved drying colloidal film developing dense perpendicular crack branches over time; no readable source/answer text and no audio track.",vdcr_v2_000215,normalized_v2_mp4_noaudio,true
vdcr_v2_000102,vdcr_v2_commons_kinesin_gliding_000001,Kinesin-Driven Microtubule Gliding,biology_living_systems,https://commons.wikimedia.org/wiki/File:The-mitotic-kinesin-14-KlpA-contains-a-context-dependent-directionality-switch-ncomms13999-s2.ogv,CC-BY-4.0,release/media/videos_v2_mp4/vdcr_v2_000216.mp4,pass_candidate,"Candidate must show labeled microtubules gliding over motor-coated surface over time, not a static fluorescent filament field. | triage_decision=pass_candidate; triage_notes=Video-only microscopy clip shows fluorescent microtubules translating/gliding over time; scale bar does not leak the answer and there is no audio.",vdcr_v2_000216,normalized_v2_mp4_noaudio,true
vdcr_v2_000103,vdcr_v2_commons_kinesin_gliding_000002,Kinesin-Driven Microtubule Gliding,biology_living_systems,https://commons.wikimedia.org/wiki/File:The-mitotic-kinesin-14-KlpA-contains-a-context-dependent-directionality-switch-ncomms13999-s3.ogv,CC-BY-4.0,release/media/videos_v2_mp4/vdcr_v2_000217.mp4,pass_candidate,"Candidate must show labeled microtubules gliding over motor-coated surface over time, not a static fluorescent filament field. | triage_decision=pass_candidate; triage_notes=Video-only microscopy clip shows fluorescent microtubules gliding with visible displacement and reorientation over time; scale bar does not leak the answer and there is no audio.",vdcr_v2_000217,normalized_v2_mp4_noaudio,true
vdcr_v2_000104,vdcr_v2_commons_kinesin_gliding_000003,Kinesin-Driven Microtubule Gliding,biology_living_systems,https://commons.wikimedia.org/wiki/File:The-mitotic-kinesin-14-KlpA-contains-a-context-dependent-directionality-switch-ncomms13999-s8.ogv,CC-BY-4.0,release/media/videos_v2_mp4/vdcr_v2_000218.mp4,pass_candidate,"Candidate must show labeled microtubules gliding over motor-coated surface over time, not a static fluorescent filament field. | triage_decision=pass_candidate; triage_notes=Video-only microscopy clip shows fluorescent microtubules gliding collectively over time; scale bar does not leak the answer and there is no audio.",vdcr_v2_000218,normalized_v2_mp4_noaudio,true
vdcr_v2_000105,vdcr_v2_commons_sodium_acetate_000001_seg_002000_036000_crop_flask_tight_noaudio,Sodium Acetate Crystallization Front,chemistry_materials_change,https://commons.wikimedia.org/wiki/File:32._%D0%9A%D1%80%D0%B8%D1%81%D1%82%D0%B0%D0%BB%D0%B8%D0%B7%D0%B0%D1%86%D0%B8%D1%98%D0%B0_%D0%BD%D0%B0_%D0%BD%D0%B0%D1%82%D1%80%D0%B8%D1%83%D0%BC_%D0%B0%D1%86%D0%B5%D1%82%D0%B0%D1%82.ogv#t=2.0,CC-BY-SA-4.0,release/media/videos_v2_mp4/vdcr_v2_000219.mp4,pass_candidate,"Clean derivative must show a seed-triggered crystallization front spreading through supersaturated sodium acetate solution without relying on source title text, labels, or audio. | triage_decision=pass_candidate; triage_notes=Clean no-audio crop shows seed-triggered crystallization front spreading through the flask; no readable source, answer, or label text remains in sparse review frames.",vdcr_v2_000219,normalized_v2_mp4_noaudio,true
vdcr_v2_000106,vdcr_v2_round13_murmuration_flock_044_noaudio,Murmuration,biology_living_systems,https://archive.org/details/Flickr-5372662688#metadata-clean,https://creativecommons.org/licenses/by-nc/2.0/; audio and metadata stripped locally,release/media/videos_v2_mp4/vdcr_v2_000220.mp4,pass_candidate,Clean derivative shows a dense starling flock repeatedly changing shape and direction across the sky; the collective temporal morphology is essential for the concept. | triage_decision=pass_candidate; triage_notes=Clean derivative shows a dense bird flock reshaping and translating over time against the sky; no audio or source/title metadata remains in the release media.,vdcr_v2_000220,normalized_v2_mp4_noaudio,true
vdcr_v2_000107,vdcr_v2_round13_murmuration_small_048_noaudio,Murmuration,biology_living_systems,https://archive.org/details/dscn-3699#metadata-clean,https://creativecommons.org/publicdomain/mark/1.0/; audio and metadata stripped locally,release/media/videos_v2_mp4/vdcr_v2_000221.mp4,pass_candidate,Clean derivative shows a smaller flock coherently moving and reshaping against the sky; the changing collective pattern over time distinguishes it from a static flock image. | triage_decision=pass_candidate; triage_notes=Clean derivative shows a smaller but visible flock moving coherently and changing spatial pattern over time; no audio or source/title metadata remains in the release media.,vdcr_v2_000221,normalized_v2_mp4_noaudio,true
vdcr_v2_000108,vdcr_v2_round28_elephant_toothpaste_sciencecola_clean_noaudio,Elephant Toothpaste Foam Growth,chemistry_materials_change,https://commons.wikimedia.org/wiki/File:Elephant_Toothpaste.webm#clean-noaudio,CC BY 3.0 verify_on_page,release/media/videos_v2_mp4/vdcr_v2_000222.mp4,pass_candidate,"Clean derivative must show catalytic decomposition generating rapid foam growth and overflow over time, not a static foam column. | triage_decision=pass_candidate; triage_notes=Clean no-audio derivative is trimmed to the reaction interval before the later flame demonstration and shows rapid foam growth and overflow from the vessel without readable answer-bearing source/title text.",vdcr_v2_000222,normalized_v2_mp4_noaudio,true
vdcr_v2_000109,vdcr_v2_round29_tradescantia_cytoplasmic_streaming_clean_noaudio,Cytoplasmic Streaming,biology_living_systems,https://commons.wikimedia.org/wiki/File:Movement_of_organelles_in_Tradescantia_stamen_hair_cells.webm#clean-noaudio,CC BY-SA 4.0 verify_on_page,release/media/videos_v2_mp4/vdcr_v2_000223.mp4,pass_candidate,Clean derivative must show organelles or cytoplasmic contents streaming through living cells over time without relying on source title text or audio. | triage_decision=pass_candidate; triage_notes=Clean no-audio derivative shows organelles/granules changing position along visible intracellular tracks across the time lapse; no readable source/title or answer-bearing text is visible.,vdcr_v2_000223,normalized_v2_mp4_noaudio,true
vdcr_v2_000110,vdcr_v2_round31_paper_chromatography_school_clean_noaudio,Chromatography Solvent Front Migration,chemistry_materials_change,https://commons.wikimedia.org/wiki/File:Papierchromatographie_in_der_Schule_(Paper_chromatography_in_School).webm#clean-noaudio,CC BY 3.0 verify_on_page,release/media/videos_v2_mp4/vdcr_v2_000224.mp4,pass_candidate,Clean derivative must show solvent front and dye bands migrating through paper over time without relying on source title text or audio. | triage_decision=pass_candidate; triage_notes=Clean derivative shows dye bands and solvent-front migration upward through paper over time; final title card is trimmed out and remaining small solvent labels are not answer-bearing.,vdcr_v2_000224,normalized_v2_mp4_noaudio,true
vdcr_v2_000111,vdcr_v2_round5_calcium_wave_srep42786_crop_notime_noaudio,Calcium Wave Propagation,biology_living_systems,https://commons.wikimedia.org/wiki/File:Calcium-spikes-waves-and-oscillations-in-a-large-patterned-epithelial-tissue-srep42786-s2.ogv#crop-notime-noaudio,CC-BY-4.0,release/media/videos_v2_mp4/vdcr_v2_000225.mp4,pass_candidate,"Clean derivative should show a spatial calcium signal wave or oscillatory propagation across epithelial tissue without timestamps, audio, or source metadata. | triage_decision=pass_candidate; triage_notes=Cropped metadata-clean derivative removes embedded timestamps while retaining spatial fluorescence waves/oscillatory calcium-signal propagation across epithelial tissue over time; no audio or answer-bearing text remains.",vdcr_v2_000225,normalized_v2_mp4_noaudio,true
vdcr_v2_000112,vdcr_v2_round60_rupo_pollen_tube_growth_s020_clean_notime_noaudio,Pollen Tube Tip Growth,biology_living_systems,https://commons.wikimedia.org/wiki/File:Receptor-Like-Kinase-RUPO-Interacts-with-Potassium-Transporters-to-Regulate-Pollen-Tube-Growth-and-pgen.1006085.s020.ogv#clean-notime-noaudio,CC BY 4.0; clean derivative from PLOS Genetics supplementary movie imported via PubMed Central/Open Access Media Importer,release/media/videos_v2_mp4/vdcr_v2_000226.mp4,pass_candidate,"Clean derivative must show pollen grains germinating and pollen tubes elongating from tips while removing in-frame timestamps, audio, and source/title metadata. | triage_decision=pass_candidate; triage_notes=Clean derivative crops out in-frame timestamps and strips source metadata/audio while preserving pollen grains with tube emergence and visible tip elongation across the sequence. This is a second strong-bound video for the Pollen Tube Tip Growth concept, distinct from the existing curated wild-type pollen-tube sample.",vdcr_v2_000226,normalized_v2_mp4_noaudio,true
vdcr_v2_000113,vdcr_v2_round60_single_cell_epithelial_wound_closure_panel_b_clean_noaudio,Epithelial Wound Closure,biology_living_systems,https://commons.wikimedia.org/wiki/File:Insulin-and-TOR-signal-in-parallel-through-FOXO-and-S6K-to-promote-epithelial-wound-healing-ncomms12972-s3.ogv#panel-b-clean-noaudio,CC BY 4.0; clean derivative from Nature Communications supplementary movie imported via PubMed Central/Open Access Media Importer,release/media/videos_v2_mp4/vdcr_v2_000227.mp4,pass_candidate,"Clean derivative must isolate the wound-edge/cable panel and show gap/cable morphology changing through closure while removing panel letters, timestamps, audio, and source/title metadata. | triage_decision=pass_candidate; triage_notes=Clean derivative isolates the B-panel wound-edge/cable view, removes panel letters, timestamps, source metadata, and audio, and preserves the circular wound/cable boundary shrinking and reorganizing over time. This is a second strong-bound video for Epithelial Wound Closure, distinct from the existing multi-cell wound sample.",vdcr_v2_000227,normalized_v2_mp4_noaudio,true
vdcr_v2_000114,vdcr_v2_round62_hand_warmer_activation_clean_noaudio,Sodium Acetate Crystallization Front,chemistry_materials_change,https://commons.wikimedia.org/wiki/File:Hand_warmer_activation.webm#clean-noaudio,CC BY-SA 4.0; clean derivative from own-work Commons video by Teren,release/media/videos_v2_mp4/vdcr_v2_000228.mp4,pass_candidate,"Clean derivative must show hand-warmer activation with a visible crystallization/opacity front spreading from the trigger disk across the sodium-acetate pack, without audio or source-title metadata leakage. | triage_decision=pass_candidate; triage_notes=Clean derivative removes audio and source metadata while preserving the trigger action and the white crystallization/opacity front spreading radially from the metal disk across the hand-warmer pack. No in-frame answer text or source labels are visible. This is a second strong-bound video for Sodium Acetate Crystallization Front, distinct from the existing flask crystallization sample.",vdcr_v2_000228,normalized_v2_mp4_noaudio,true
vdcr_v2_000115,vdcr_v2_round65_venus_flytrap_timelapse_clean_noaudio,Bistable Snap-Trap Closure,biology_living_systems,https://commons.wikimedia.org/wiki/File:Venus_Flytrap_(time_lapse).webm#clean-noaudio,CC BY 3.0; YouTube license reviewed on Commons; author LearjetMinako; clean derivative keeps original license terms,release/media/videos_v2_mp4/vdcr_v2_000229.mp4,pass_candidate,"Candidate must show a Venus flytrap trap closing around prey over time, not a static closed trap or generic plant movement. | triage_decision=pass_candidate; triage_notes=Clean derivative removes audio and metadata while preserving Venus flytrap closure around prey over time.",vdcr_v2_000229,normalized_v2_mp4_noaudio,true
vdcr_v2_000116,vdcr_v2_round66_briggs_rauscher_reaction_clean_crop_noaudio,Briggs-Rauscher Reaction,chemistry_materials_change,https://commons.wikimedia.org/wiki/File:Briggs%E2%80%93Rauscher_reaction.webm#clean-crop-noaudio,CC BY-SA 4.0; own work by Maxim Bilovitskiy; clean derivative keeps original license terms,release/media/videos_v2_mp4/vdcr_v2_000230.mp4,pass_candidate,"Candidate must show repeated amber/dark-blue/colorless oscillations over time, not a single static color state. | triage_decision=pass_candidate; triage_notes=Clean derivative removes audio, metadata, timecode, and equation overlay while preserving repeated color oscillations in the reaction vessel.",vdcr_v2_000230,normalized_v2_mp4_noaudio,true
vdcr_v2_000117,vdcr_v2_round66_bz_evolution_gif_clean_crop_noaudio,Belousov-Zhabotinsky Reaction,chemistry_materials_change,https://commons.wikimedia.org/wiki/File:Evolution_of_Belousov-Zhabotinsky_reaction.gif#clean-crop-noaudio,CC BY-SA 3.0; own work by Wiktor / Uncle Azane; clean derivative keeps original license terms,release/media/videos_v2_mp4/vdcr_v2_000231.mp4,pass_candidate,"Candidate must show reaction-diffusion waves or spiral/ring pattern evolution in a Petri dish over time, not a still photograph of the pattern. | triage_decision=pass_candidate; triage_notes=Clean derivative converts the GIF to MP4 and crops to the Petri dish region while preserving expanding Belousov-Zhabotinsky reaction-diffusion waves.",vdcr_v2_000231,normalized_v2_mp4_noaudio,true
vdcr_v2_000118,vdcr_v2_round66_growth_of_chemical_garden_clean_noaudio,Chemical Garden Growth,chemistry_materials_change,https://commons.wikimedia.org/wiki/File:Growth_of_a_chemical_garden.ogv#clean-noaudio,CC BY 3.0; YouTube CC reviewed on Commons; author mgregggphone; clean derivative keeps original license terms,release/media/videos_v2_mp4/vdcr_v2_000232.mp4,pass_candidate,"Candidate must show tubular or plant-like precipitate structures growing upward/outward over time, not a static final chemical garden. | triage_decision=pass_candidate; triage_notes=Clean derivative removes audio and metadata while preserving chemical-garden tubular precipitate growth over time.",vdcr_v2_000232,normalized_v2_mp4_noaudio,true
vdcr_v2_000119,vdcr_v2_round84_drosophila_cleavage_gastrulation,Gastrulation,biology_living_systems,https://commons.wikimedia.org/wiki/File:Drosophila_cleavage_and_gastrulation.webm,license_verify_on_page,release/media/videos_v2_mp4/vdcr_v2_000233.mp4,pass_candidate,"Candidate must show embryo-scale cell/tissue rearrangement and morphogenetic movement over time, not merely a static embryo or a labeled diagram. | triage_decision=pass_candidate; triage_notes=Pass: pure-video microscopy time-lapse with no answer-bearing text or audio. The frames show a Drosophila embryo progressing from a relatively uniform cellular surface through embryo-scale tissue rearrangement and visible ventral furrow/germband-like morphogenetic changes, so the temporal sequence supports Gastrulation as a new biology concept.",vdcr_v2_000233,normalized_v2_mp4_noaudio,true
vdcr_v2_000120,vdcr_v2_round87_lithium_dendrite_s2_noaudio,Electrodeposition Dendrite Growth,chemistry_materials_change,https://commons.wikimedia.org/wiki/File:A-reversible-dendrite-free-high-areal-capacity-lithium-metal-electrode-ncomms15106-s2.ogv#v2-round87-clean-noaudio,CC BY 4.0 Commons / Nature Communications supplementary movie,release/media/videos_v2_mp4/vdcr_v2_000234.mp4,pass_candidate,"Clean no-audio derivative shows electrode-adjacent metallic deposits initiating and growing into side clusters over time. | triage_decision=pass_candidate; triage_notes=Pass with moderate strength: clean no-audio derivative removes audio and metadata while preserving the visible electrodeposition sequence. The video shows metallic side clusters initiating and enlarging along the electrode over time, supporting Electrodeposition Dendrite Growth as a second strongly source-backed video for this concept; the source page verifies the in-situ lithium electrodeposition context, but the pass decision relies on visible time evolution.",vdcr_v2_000234,normalized_v2_mp4_noaudio,true
vdcr_v2_000121,vdcr_v2_round88_nonnewtonian_flow_565_noaudio,Shear Thickening,chemistry_materials_change,https://commons.wikimedia.org/wiki/File:Flow_of_Non-Newtonian_Fluid_A_565.ogv#v2-round88-clean-noaudio,CC BY-SA 4.0,release/media/videos_v2_mp4/vdcr_v2_000235.mp4,pass_candidate,"Clean derivative shows a potato-starch suspension resisting smooth flow and moving as a stress-dependent cohesive mass before relaxing and flowing over time. | triage_decision=pass_candidate; triage_notes=Pass: clean derivative keeps only the video stream and shows a potato-starch suspension behaving as a stress-dependent cohesive mass under container motion before slowly relaxing and flowing. This is a usable second visual instance for Shear Thickening; the source page confirms the non-Newtonian starch-water context, but the sample is accepted only because the visible temporal response is discriminative.",vdcr_v2_000235,normalized_v2_mp4_noaudio,true
vdcr_v2_000122,vdcr_v2_round88_nonnewtonian_flow_876_noaudio,Shear Thickening,chemistry_materials_change,https://commons.wikimedia.org/wiki/File:Flow_of_Non-Newtonian_Fluid_A_876.ogv#v2-round88-clean-noaudio,CC BY-SA 4.0,release/media/videos_v2_mp4/vdcr_v2_000236.mp4,pass_candidate,Clean derivative shows a second potato-starch suspension sequence where the material retains a deformed lump under handling and then slowly yields/flows. | triage_decision=pass_candidate; triage_notes=Pass: clean derivative keeps only the video stream and shows a second starch-water suspension sequence where the material retains a deformed lump and slowly yields/flows in response to handling. This complements the existing Shear Thickening cluster without relying on source text.,vdcr_v2_000236,normalized_v2_mp4_noaudio,true
vdcr_v2_000123,vdcr_v2_round9_mitosis_anaphase_crop_notime_noaudio,Mitotic Chromosome Segregation,biology_living_systems,https://commons.wikimedia.org/wiki/File:Confocal_microscopy_of_normal_mitosis_and_anaphase_bridging_in_Caenorhabditis_elegans_-_1747-1028-3-6-S2.ogv#crop-notime-clean,CC BY 2.0 verify_on_page,release/media/videos_v2_mp4/vdcr_v2_000237.mp4,pass_candidate,"Clean crop should show fluorescent chromosome masses separating during mitotic progression without embedded timestamps, audio, or source metadata. | triage_decision=pass_candidate; triage_notes=Cropped clean derivative removes embedded timestamps and source metadata while retaining fluorescent chromosome masses changing position and separating during mitotic/anaphase progression; no audio or answer-bearing text remains.",vdcr_v2_000237,normalized_v2_mp4_noaudio,true
vdcr_v2_000124,curated_002002,Iodine Clock Reaction,chemistry_materials_change,https://commons.wikimedia.org/wiki/File:Iodine_clock_-_persulphate.ogv,CC BY-SA 3.0 verify_on_page,release/media/videos_v2_mp4/vdcr_v2_000238.mp4,pass_candidate,"Candidate should show the delayed rapid color change of an iodine clock reaction, not merely a static flask or explanatory setup. | triage_decision=pass_candidate; triage_notes=clean delayed color transition; no obvious sparse-frame text leakage",vdcr_v2_000238,normalized_v2_mp4_noaudio,true
vdcr_v2_000125,curated_007001,Dictyostelium Aggregation Streaming,biology_living_systems,https://commons.wikimedia.org/wiki/File:Dictyostelium-Cells-Migrate-Similarly-on-Surfaces-of-Varying-Chemical-Composition-pone.0087981.s002.ogv,CC0 verify_on_page,release/media/videos_v2_mp4/vdcr_v2_000239.mp4,pass_candidate,"Candidate should show Dictyostelium cells streaming or aggregating into collective centers over time, not merely a static colony or species image. | triage_decision=pass_candidate; triage_notes=Dark-field time lapse shows aggregate/stream formation across conditions; in-frame labels are experimental conditions rather than answer text.",vdcr_v2_000239,normalized_v2_mp4_noaudio,true
vdcr_v2_000126,curated_007002,Mucociliary Transport,biology_living_systems,https://commons.wikimedia.org/wiki/File:Method-for-Quantitative-Study-of-Airway-Functional-Microanatomy-Using-Micro-Optical-Coherence-pone.0054473.s001.ogv,CC BY 3.0 verify_on_page,release/media/videos_v2_mp4/vdcr_v2_000240.mp4,pass_candidate,"Candidate should show mucus or particles being transported by coordinated ciliary beating over time, not only a labeled static epithelium frame. | triage_decision=pass_candidate; triage_notes=Micro-OCT sequence is visually subtle in sparse frames but shows layer transport over time; source page confirms mucociliary transport while sample remains source-hidden.",vdcr_v2_000240,normalized_v2_mp4_noaudio,true
vdcr_v2_000127,curated_007003,Epithelial Wound Closure,biology_living_systems,https://commons.wikimedia.org/wiki/File:Insulin-and-TOR-signal-in-parallel-through-FOXO-and-S6K-to-promote-epithelial-wound-healing-ncomms12972-s2.ogv,CC BY 4.0 verify_on_page,release/media/videos_v2_mp4/vdcr_v2_000241.mp4,pass_candidate,"Candidate should show an epithelial wound gap closing or an actomyosin cable contracting over time, not only a static wound label. | triage_decision=pass_candidate; triage_notes=Fluorescence time lapse shows wound-edge/cable evolution; no answer-bearing text visible in the video crop.",vdcr_v2_000241,normalized_v2_mp4_noaudio,true
vdcr_v2_000128,curated_007004,Pollen Tube Tip Growth,biology_living_systems,https://commons.wikimedia.org/wiki/File:Receptor-Like-Kinase-RUPO-Interacts-with-Potassium-Transporters-to-Regulate-Pollen-Tube-Growth-and-pgen.1006085.s019.ogv,CC BY 4.0 verify_on_page,release/media/videos_v2_mp4/vdcr_v2_000242.mp4,pass_candidate,"Candidate should show pollen germination or pollen tube elongation from the tip over time, not only a static pollen tube micrograph. | triage_decision=pass_candidate; triage_notes=Brightfield time lapse shows pollen tube emergence/elongation from grains; dynamic cue is temporal growth rather than a single-frame morphology.",vdcr_v2_000242,normalized_v2_mp4_noaudio,true
vdcr_v2_000129,curated_002004_seg_020000_145000,Blue Bottle Reaction,chemistry_materials_change,"https://commons.wikimedia.org/wiki/File:Blue-bottle_reaction_(Oscillating_reaction).webm#t=20,145",CC BY-SA 4.0 verify_on_page,release/media/videos_v2_mp4/vdcr_v2_000243.mp4,pass_candidate,Segment removes the opening handwritten answer card and preserves repeated blue/colorless oscillation during the blue bottle reaction. | triage_decision=pass_candidate; triage_notes=20-145s segment removes opening handwritten answer card; sparse frames show repeated blue/colorless cycling without concept text leakage,vdcr_v2_000243,normalized_v2_mp4_noaudio,true
vdcr_v2_000130,curated_002005,Blue Bottle Reaction,chemistry_materials_change,https://commons.wikimedia.org/wiki/File:Pattern_Formation_from_Blue_Bottle_Experiment_in_Ice_Water_Bath.webm,CC BY-SA 4.0 verify_on_page,release/media/videos_v2_mp4/vdcr_v2_000244.mp4,pass_candidate,"Candidate should show visible pattern or color evolution from the blue bottle experiment over time, not merely a static color pattern. | triage_decision=pass_candidate; triage_notes=Sparse frames show blue solution evolving into pale swirling patterns in a dish over time with no readable answer/source text; this is an independent ice-water-bath pattern-formation view distinct from the existing flask cycling and clean segment samples.",vdcr_v2_000244,normalized_v2_mp4_noaudio,true
vdcr_v2_000131,vdcr_commons_mr20_000005_slime_mold_noaudio,Slime Mold Aggregation,biology_living_systems,https://commons.wikimedia.org/wiki/File:Timelapse_of_Slime_Mould.webm#noaudio,Commons license verify on page,release/media/videos_v2_mp4/vdcr_v2_000245.mp4,pass_candidate,"Clean derivative should show the slime-mold network or cell mass aggregating and reorganizing over time rather than a static slime-mold morphology. | triage_decision=pass_candidate; triage_notes=Clean no-audio derivative shows the yellow slime-mold network/cell mass aggregating, expanding, and reorganizing across the field of view over time; no readable answer/source text remains, and a single frame would not capture the aggregation dynamics.",vdcr_v2_000245,normalized_v2_mp4_noaudio,true
vdcr_v2_000132,vdcr_v2_commons_ch3nh3pbi3_growth_000001_seg_005500_019000_crop_crystal_noaudio,Crystal Nucleation-and-Growth Dynamics,chemistry_materials_change,"https://commons.wikimedia.org/wiki/File:CH3NH3PbI3_crystal_growth.webm#t=5.5,19-crop-clean",CC-BY-4.0,release/media/videos_v2_mp4/vdcr_v2_000246.mp4,pass_candidate,"Clean derivative must show a visible crystal nucleus growing into a larger faceted crystal over time without relying on source text, chemical labels, timestamps, ruler frames, or audio. | triage_decision=pass_candidate; triage_notes=Clean no-audio tight crop removes experimental text, timestamps, and ruler frames while retaining a visible small nucleus growing into a larger faceted crystal; no in-frame answer/source text remains.",vdcr_v2_000246,normalized_v2_mp4_noaudio,true
vdcr_v2_000133,vdcr_v2_commons_permanganate_glycerol_000001_crop_reaction_noaudio,Permanganate-Glycerol Delayed Ignition,chemistry_materials_change,https://commons.wikimedia.org/wiki/File:Chemical_volcano.ogv#wikimedia-clean-crop,CC-BY-SA-3.0,release/media/videos_v2_mp4/vdcr_v2_000247.mp4,pass_candidate,"Clean derivative must show a delay period followed by self-ignition or reaction-front/flame onset in the permanganate-glycerol reaction, not only an already-burning flame. | triage_decision=pass_candidate; triage_notes=Clean no-audio crop shows pre-ignition waiting/dropper setup followed by sudden bright self-ignition and glowing residue; no answer text visible.",vdcr_v2_000247,normalized_v2_mp4_noaudio,true
vdcr_v2_000134,vdcr_v2_commons_silver_mirror_000001_seg_055000_112000_crop_tube_noaudio,Silver Mirror Deposition,chemistry_materials_change,https://commons.wikimedia.org/wiki/File:33._%D0%A1%D1%80%D0%B5%D0%B1%D1%80%D0%B5%D0%BD%D0%BE_%D0%BE%D0%B3%D0%BB%D0%B5%D0%B4%D0%B0%D0%BB%D0%BE.ogv#t=55.0,CC-BY-SA-4.0,release/media/videos_v2_mp4/vdcr_v2_000248.mp4,pass_candidate,"Clean derivative must show metallic silver film or mirror forming progressively on the glass surface, not just the final reflective surface. | triage_decision=pass_candidate; triage_notes=Clean no-audio crop shows progressive darkening and metallic reflective coating formation inside the test tube; no answer/title text visible.",vdcr_v2_000248,normalized_v2_mp4_noaudio,true
vdcr_v2_000135,vdcr_v2_commons_thermochromic_ink_000001_noaudio,Thermochromic Reversible Transition,chemistry_materials_change,https://commons.wikimedia.org/wiki/File:Thermochromatic_ink.webm#clean-noaudio,CC-BY-SA-4.0,release/media/videos_v2_mp4/vdcr_v2_000249.mp4,pass_candidate,"Clean derivative must show a temperature-driven color/brightness transition front in thermochromic ink after hand contact, not merely a static colored object. | triage_decision=pass_candidate; triage_notes=Clean no-audio MP4 shows hand contact locally driving a color/brightness transition front across thermochromic ink; in-frame text says IN COLOUR but does not disclose the thermochromic mechanism. Reversal is not the primary evidence, so the sample should be interpreted as temperature-driven color-transition dynamics.",vdcr_v2_000249,normalized_v2_mp4_noaudio,true
vdcr_v2_000136,vdcr_v2_commons_thermochromic_mug_000001_noaudio,Thermochromic Reversible Transition,chemistry_materials_change,https://commons.wikimedia.org/wiki/File:Thermochromic_mug.webm#clean-noaudio,CC-BY-SA-4.0,release/media/videos_v2_mp4/vdcr_v2_000250.mp4,pass_candidate,"Clean derivative must show a second, visually distinct thermochromic sequence where heat reveals a color/image front on a coated mug; it must not rely on audio or source title. | triage_decision=pass_candidate; triage_notes=Clean no-audio MP4 shows a second visually distinct thermochromic sequence: a dark mug surface progressively reveals a lighter image/pattern front from bottom upward after heat exposure. No in-frame text discloses the thermochromic mechanism, and the clip is distinct from the ink-sheet sample.",vdcr_v2_000250,normalized_v2_mp4_noaudio,true
vdcr_v2_000137,vdcr_v2_round100_contact_line_deposition_s4_crop_noaudio,Evaporation-Induced Deposition Front,chemistry_materials_change,https://commons.wikimedia.org/wiki/File:Taming-contact-line-instability-for-pattern-formation-ncomms12458-s4.ogv#v2-round100-clean-crop-noaudio,CC BY 4.0; Nature Communications open-access supplementary movie,release/media/videos_v2_mp4/vdcr_v2_000251.mp4,pass_candidate,"Clean derivative shows contact-line instability creating moving filament/deposition fronts along the boundary over time. | triage_decision=pass_candidate; triage_notes=Pass: clean derivative shows filament/deposition fronts generated along a moving contact line, with no visible answer text. The visual evidence supports Evaporation-Induced Deposition Front as a second video.",vdcr_v2_000251,normalized_v2_mp4_noaudio,true
vdcr_v2_000138,vdcr_v2_round101_chromosome_congression_10mt_noaudio,Chromosome Congression,biology_living_systems,https://commons.wikimedia.org/wiki/File:Role-of-the-Number-of-Microtubules-in-Chromosome-Segregation-during-Cell-Division-pone.0141305.s006.ogv#v2-round101-clean-noaudio,CC BY 4.0; PLOS ONE open-access supplementary movie,release/media/videos_v2_mp4/vdcr_v2_000252.mp4,pass_candidate,"Clean derivative shows chromosomes moving toward central alignment with a small number of microtubules per kinetochore. | triage_decision=pass_candidate; triage_notes=Pass: clean derivative shows chromosome bodies moving toward a central aligned plate under microtubule attachments, with no in-frame answer text. This completes the three-video cap for Chromosome Congression.",vdcr_v2_000252,normalized_v2_mp4_noaudio,true
vdcr_v2_000139,vdcr_v2_round101_chromosome_congression_cenpe_noaudio,Chromosome Congression,biology_living_systems,https://commons.wikimedia.org/wiki/File:Role-of-the-Number-of-Microtubules-in-Chromosome-Segregation-during-Cell-Division-pone.0141305.s005.ogv#v2-round101-clean-noaudio,CC BY 4.0; PLOS ONE open-access supplementary movie,release/media/videos_v2_mp4/vdcr_v2_000253.mp4,pass_candidate,"Clean derivative shows chromosomes moving toward a central aligned metaphase plate under altered kinetochore/microtubule dynamics. | triage_decision=pass_candidate; triage_notes=Pass: clean derivative shows chromosomes moving toward central metaphase alignment under microtubule attachments, with no in-frame answer text. This is a second strong video for Chromosome Congression.",vdcr_v2_000253,normalized_v2_mp4_noaudio,true
vdcr_v2_000140,vdcr_v2_round101_focal_adhesion_tracking_s014_crop_noaudio,Focal Adhesion Assembly Dynamics,biology_living_systems,https://commons.wikimedia.org/wiki/File:High-Resolution-Quantification-of-Focal-Adhesion-Spatiotemporal-Dynamics-in-Living-Cells-pone.0022025.s014.ogv#v2-round101-clean-crop-noaudio,CC BY 2.5; PLOS ONE open-access supplementary movie,release/media/videos_v2_mp4/vdcr_v2_000254.mp4,pass_candidate,"Clean derivative shows live-cell focal adhesion puncta and tracked outlines reorganizing around the cell edge over time. | triage_decision=pass_candidate; triage_notes=Pass: clean derivative shows live-cell adhesion puncta and tracked outlines reorganizing around the cell edge over time, with only a scale bar and no answer text.",vdcr_v2_000254,normalized_v2_mp4_noaudio,true
vdcr_v2_000141,vdcr_v2_round101_focal_adhesion_tracking_s015_crop_noaudio,Focal Adhesion Assembly Dynamics,biology_living_systems,https://commons.wikimedia.org/wiki/File:High-Resolution-Quantification-of-Focal-Adhesion-Spatiotemporal-Dynamics-in-Living-Cells-pone.0022025.s015.ogv#v2-round101-clean-crop-noaudio,CC BY 2.5; PLOS ONE open-access supplementary movie,release/media/videos_v2_mp4/vdcr_v2_000255.mp4,pass_candidate,"Clean derivative shows focal adhesion puncta and tracked outlines changing around a migrating cell edge over time. | triage_decision=pass_candidate; triage_notes=Pass: clean derivative shows focal adhesion puncta and tracked outlines changing around a cell edge over time, with only a scale bar and no answer text.",vdcr_v2_000255,normalized_v2_mp4_noaudio,true
vdcr_v2_000142,vdcr_v2_round101_focal_adhesion_tracking_s016_crop_noaudio,Focal Adhesion Assembly Dynamics,biology_living_systems,https://commons.wikimedia.org/wiki/File:High-Resolution-Quantification-of-Focal-Adhesion-Spatiotemporal-Dynamics-in-Living-Cells-pone.0022025.s016.ogv#v2-round101-clean-crop-noaudio,CC BY 2.5; PLOS ONE open-access supplementary movie,release/media/videos_v2_mp4/vdcr_v2_000256.mp4,pass_candidate,"Clean derivative shows focal adhesion puncta and tracked outlines assembling and reorganizing in a live-cell microscopy sequence. | triage_decision=pass_candidate; triage_notes=Pass: clean derivative shows focal adhesion puncta and colored tracked outlines assembling and reorganizing through a live-cell microscopy sequence, with only a scale bar and no answer text.",vdcr_v2_000256,normalized_v2_mp4_noaudio,true
vdcr_v2_000143,vdcr_v2_round102_bicarbonate_vinegar_normal_noaudio,Acid-Carbonate Effervescence,chemistry_materials_change,https://commons.wikimedia.org/wiki/File:026_Sodium_Bicarbonate_Mixed_With_Vinegar_(Normal_Speed)_Video_By_Giles_Laurent.webm#v2-round102-clean-noaudio,CC BY-SA 4.0,release/media/videos_v2_mp4/vdcr_v2_000257.mp4,pass_candidate,"Clean derivative shows sustained gas-bubble and foam evolution after sodium bicarbonate is mixed with vinegar. | triage_decision=pass_candidate; triage_notes=Pass with strict note: clean derivative shows visible gas-bubble and foam evolution after a sodium bicarbonate/vinegar reaction. The concept is usable as Acid-Carbonate Effervescence but should remain gated to videos showing active effervescence, not static cloudy liquid.",vdcr_v2_000257,normalized_v2_mp4_noaudio,true
vdcr_v2_000144,vdcr_v2_round102_bicarbonate_vinegar_slow_trim_noaudio,Acid-Carbonate Effervescence,chemistry_materials_change,https://commons.wikimedia.org/wiki/File:025_Sodium_bicarbonate_mixed_with_Vinegar_(slow_motion)_Video_by_Giles_Laurent.webm#v2-round102-clean-trim-noaudio,CC BY-SA 4.0,release/media/videos_v2_mp4/vdcr_v2_000258.mp4,pass_candidate,Clean trimmed derivative shows slow-motion bubble generation and foam evolution from the same acid-carbonate reaction class. | triage_decision=pass_candidate; triage_notes=Pass with strict note: clean trimmed derivative shows slow-motion bubble generation and foam persistence from the same acid-carbonate reaction class. It provides a second visual realization for the new concept while staying under the three-video cap.,vdcr_v2_000258,normalized_v2_mp4_noaudio,true
vdcr_v2_000145,vdcr_v2_round102_citric_crystallization_noaudio,Crystallization Front Propagation,chemistry_materials_change,https://commons.wikimedia.org/wiki/File:CitricAcid_Crystalisation_Timelapse.ogv#v2-round102-clean-noaudio,CC BY-SA 3.0,release/media/videos_v2_mp4/vdcr_v2_000259.mp4,pass_candidate,Clean derivative shows time-lapse crystal boundaries advancing across the microscope field as citric acid crystallizes from solution. | triage_decision=pass_candidate; triage_notes=Pass with moderate concept fit: clean timelapse shows crystal boundaries advancing across the field as citric acid crystallizes. It is assigned to Crystallization Front Propagation rather than the capped generic Crystal Nucleation-and-Growth Dynamics answer.,vdcr_v2_000259,normalized_v2_mp4_noaudio,true
vdcr_v2_000146,vdcr_v2_round102_ostwald_foam_s2_segment_noaudio,Ostwald Ripening,chemistry_materials_change,https://commons.wikimedia.org/wiki/File:A-general-patterning-approach-by-manipulating-the-evolution-of-two-dimensional-liquid-foams-ncomms14110-s2.ogv#v2-round102-clean-segment-noaudio,CC BY 4.0 Nature Communications supplementary movie,release/media/videos_v2_mp4/vdcr_v2_000260.mp4,pass_candidate,"Clean segment removes title cards and shows smaller foam domains disappearing while larger bubbles grow over time. | triage_decision=pass_candidate; triage_notes=Pass: clean segment removes title cards and shows foam coarsening where smaller domains disappear while larger bubbles grow, supporting Ostwald Ripening without visible answer text.",vdcr_v2_000260,normalized_v2_mp4_noaudio,true
vdcr_v2_000147,vdcr_v2_round11_neutrophil_chemotaxis_noaudio,Neutrophil Chemotaxis,biology_living_systems,https://commons.wikimedia.org/wiki/File:Monomeric-and-Dimeric-CXCL8-Are-Both-Essential-for-In-Vivo-Neutrophil-Recruitment-pone.0011754.s003.ogv#metadata-clean,CC-BY-2.5 Commons/PLOS supplementary movie; metadata stripped locally,release/media/videos_v2_mp4/vdcr_v2_000261.mp4,pass_candidate,Clean microscopy sequence shows neutrophils changing position and migrating directionally through the field toward the indicated chemotactic stimulus; a single frame cannot establish chemotaxis. | triage_decision=pass_candidate; triage_notes=Clean no-audio metadata-stripped derivative shows many neutrophils moving across the microscopy field with directional migration relative to the orange stimulus arrows; no title/audio/source metadata remains in the release media.,vdcr_v2_000261,normalized_v2_mp4_noaudio,true
vdcr_v2_000148,vdcr_v2_round12_candle_flame_oscillation_s1_noaudio,Candle Flame Oscillation,chemistry_materials_change,https://www.nature.com/articles/s41598-018-36754-w#MOESM1-clean,CC BY 4.0 article supplementary material; metadata stripped locally,release/media/videos_v2_mp4/vdcr_v2_000262.mp4,pass_candidate,Clean supplementary video shows paired candle flames repeatedly changing height and shape in synchronized oscillation; a single frame cannot establish the oscillatory flame dynamics. | triage_decision=pass_candidate; triage_notes=Clean no-audio metadata-stripped derivative from the Scientific Reports S1 supplement shows paired candle flames repeatedly growing and shrinking in synchronized oscillation; no title/audio/source metadata remains in release media.,vdcr_v2_000262,normalized_v2_mp4_noaudio,true
vdcr_v2_000149,vdcr_v2_round18_seismonasty_mimosa_1_clean_noaudio,Seismonasty,biology_living_systems,https://commons.wikimedia.org/wiki/File:Mimosa_pudica_leaves_folding_when_touched_1.ogv#clean-noaudio,CC BY 2.5 or GFDL,release/media/videos_v2_mp4/vdcr_v2_000263.mp4,pass_candidate,"Clean derivative must show touch-triggered plant leaf folding response over time, not merely a static Mimosa plant. | triage_decision=pass_candidate; triage_notes=Clean no-audio MP4 shows a touch cue followed by Mimosa leaflets rapidly folding inward; no answer-bearing title/source text is visible",vdcr_v2_000263,normalized_v2_mp4_noaudio,true
vdcr_v2_000150,vdcr_v2_round18_seismonasty_mimosa_2_clean_noaudio,Seismonasty,biology_living_systems,https://commons.wikimedia.org/wiki/File:Mimosa_pudica_leaves_folding_when_touched_2.ogv#clean-noaudio,CC BY 2.5 or GFDL,release/media/videos_v2_mp4/vdcr_v2_000264.mp4,pass_candidate,"Clean derivative must show a second visually distinct touch-triggered plant leaf folding response, not merely a static Mimosa plant. | triage_decision=pass_candidate; triage_notes=Clean no-audio MP4 shows a second visually distinct touch-triggered Mimosa leaflet folding sequence; no answer-bearing title/source text is visible.",vdcr_v2_000264,normalized_v2_mp4_noaudio,true
vdcr_v2_000151,vdcr_v2_round18_seismonasty_mimosa_3_clean_noaudio,Seismonasty,biology_living_systems,https://commons.wikimedia.org/wiki/File:Mimosa_pudica_leaves_folding_when_touched_3.ogv#clean-noaudio,CC BY 2.5 or GFDL,release/media/videos_v2_mp4/vdcr_v2_000265.mp4,pass_candidate,"Clean derivative must show a third visually distinct touch-triggered plant leaf folding response, not merely a static Mimosa plant. | triage_decision=pass_candidate; triage_notes=Clean no-audio MP4 shows a third visually distinct touch-triggered Mimosa leaflet folding sequence from a different close-up view; no answer-bearing title/source text is visible.",vdcr_v2_000265,normalized_v2_mp4_noaudio,true
vdcr_v2_000152,vdcr_v2_round20_thermite_reaction_clean_noaudio,Thermite Reaction Propagation,chemistry_materials_change,https://commons.wikimedia.org/wiki/File:Thermite.webm#clean-segment,CC BY 4.0,release/media/videos_v2_mp4/vdcr_v2_000266.mp4,pass_candidate,"Clean derivative must show thermite ignition, reaction propagation, and molten product evolution, not merely a generic fire or final residue. | triage_decision=pass_candidate; triage_notes=Clean no-audio segment shows ignition, intense thermite reaction propagation, and molten product evolution without answer-bearing title/source text or audio.",vdcr_v2_000266,normalized_v2_mp4_noaudio,true
vdcr_v2_000153,vdcr_v2_round22_dust_deflagration_demo_clean_noaudio,Dust Deflagration Front,chemistry_materials_change,https://commons.wikimedia.org/wiki/File:Dust_explosion_demonstration.webm#clean-segment,CC BY 3.0,release/media/videos_v2_mp4/vdcr_v2_000267.mp4,pass_candidate,"Clean derivative must show a flame front propagating through dispersed dust or powder cloud, not a generic explosion or explanatory title card. | triage_decision=pass_candidate; triage_notes=Clean no-audio segment shows ignition and rapid flame-front propagation through a suspended powder/dust cloud, with no answer-bearing title/source text visible.",vdcr_v2_000267,normalized_v2_mp4_noaudio,true
vdcr_v2_000154,vdcr_v2_round26_vitamin_c_spherulitic_clean_noaudio,Spherulitic Growth,chemistry_materials_change,https://commons.wikimedia.org/wiki/File:Time.lapse_de_cristalizaci%C3%B3n_de_vitamina_C.webm#clean-noaudio,CC BY-SA 4.0 verify_on_page,release/media/videos_v2_mp4/vdcr_v2_000268.mp4,pass_candidate,"Clean derivative must show radial crystal domains nucleating and expanding outward over time without source text, title metadata, or audio. | triage_decision=pass_candidate; triage_notes=Clean metadata-stripped MP4 shows multiple radial crystal domains nucleating and expanding outward into fan/spherulitic textures; no readable source, title, or answer-bearing text is visible.",vdcr_v2_000268,normalized_v2_mp4_noaudio,true
vdcr_v2_000155,vdcr_v2_round2_permanganate_crystallization_noaudio,Salt Dendritic Crystallization,chemistry_materials_change,https://commons.wikimedia.org/wiki/File:Potassium_permanganate_-_KMnO4_-_crystallization_of_aqueous_solution.webm#noaudio,wikimedia_commons_license_verify_on_page,release/media/videos_v2_mp4/vdcr_v2_000269.mp4,pass_candidate,Clean derivative must show branching salt crystal growth over time without relying on audio or source title text. | triage_decision=pass_candidate; triage_notes=Clean no-audio derivative shows purple solution receding while needle-like salt crystals extend and branch over time; no readable answer/source text remains.,vdcr_v2_000269,normalized_v2_mp4_noaudio,true
vdcr_v2_000156,vdcr_v2_round2_phenyl_salicylate_crop_108_128_noaudio,Spherulitic Growth,chemistry_materials_change,"https://commons.wikimedia.org/wiki/File:Crystallization_of_Phenyl_Salicylate.webm#t=108,128-crop-noaudio",wikimedia_commons_license_verify_on_page,release/media/videos_v2_mp4/vdcr_v2_000270.mp4,pass_candidate,"Clean derivative must show radial crystal clusters growing over time without readable overlay text, arrows, audio, or source title text. | triage_decision=pass_candidate; triage_notes=Clean no-audio crop shows radial crystal clusters growing and coalescing over time; tightened crop removes presenter, speed-up text, arrows, and answer-bearing source text.",vdcr_v2_000270,normalized_v2_mp4_noaudio,true
vdcr_v2_000157,vdcr_v2_round31_tollens_silver_mirror_clean_noaudio,Silver Mirror Deposition,chemistry_materials_change,https://commons.wikimedia.org/wiki/File:112._%D0%A2%D0%BE%D0%BB%D0%B5%D0%BD%D1%81%D0%BE%D0%B2%D0%B0_%D1%80%D0%B5%D0%B0%D0%BA%D1%86%D0%B8%D1%98%D0%B0.webm#clean-noaudio,CC BY-SA 4.0 verify_on_page,release/media/videos_v2_mp4/vdcr_v2_000271.mp4,pass_candidate,Clean derivative must show metallic silver film or mirror forming progressively on glass without relying on source title text or audio. | triage_decision=pass_candidate; triage_notes=Clean derivative shows heating and progressive metallic/dark silver deposition on test tube walls and bottoms; no source title or answer-bearing overlay is visible.,vdcr_v2_000271,normalized_v2_mp4_noaudio,true
vdcr_v2_000158,vdcr_v2_round37_glut4_vesicle_fusion_clean_noaudio,Vesicle Fusion,biology_living_systems,https://commons.wikimedia.org/wiki/File:Sites-of-Glucose-Transporter-4-Vesicle-Fusion-with-the-Plasma-Membrane-Correlate-Spatially-with-pone.0043662.s015.ogv#clean-noaudio,CC BY 2.5 verify_on_page,release/media/videos_v2_mp4/vdcr_v2_000272.mp4,pass_candidate,"Clean derivative must show localized fluorescent vesicle-fusion events at the plasma membrane over time without relying on source title text or metadata. | triage_decision=pass_candidate; triage_notes=Clean MP4 shows localized fluorescent puncta/events appearing and changing along the cell membrane/cortical network over time, consistent with vesicle-membrane fusion; the visible timestamp is not answer-bearing, and source/title metadata has been stripped. This is a narrow vesicle-fusion concept sample, distinct from broader exocytosis samples.",vdcr_v2_000272,normalized_v2_mp4_noaudio,true
vdcr_v2_000159,vdcr_v2_round38_rab27b_vesicle_budding_clean_noaudio,Vesicle Budding,biology_living_systems,https://commons.wikimedia.org/wiki/File:Direct-Imaging-of-RAB27B-Enriched-Secretory-Vesicle-Biogenesis-in-Lacrimal-Acinar-Cells-Reveals-pone.0031789.s002.ogv#clean-noaudio,CC BY 2.5 verify_on_page,release/media/videos_v2_mp4/vdcr_v2_000273.mp4,pass_candidate,"Clean derivative must show Rab27b-labeled vesicle biogenesis or budding dynamics over time without relying on source title text, audio, or metadata. | triage_decision=pass_candidate; triage_notes=Clean MP4 trims the source title card, removes audio, and strips metadata. The remaining visible frames show Rab27b-labeled fluorescent structures accumulating and changing around a marked cellular site over time, consistent with secretory-vesicle biogenesis/vesicle budding. Visible scale/site markers do not name the concept. This is a narrow vesicle-budding concept sample, distinct from vesicle fusion and broader exocytosis samples.",vdcr_v2_000273,normalized_v2_mp4_noaudio,true
vdcr_v2_000160,vdcr_v2_round39_mammalian_cytokinetic_ring_constriction_clean_noaudio,Actomyosin Contractile Ring Constriction,biology_living_systems,https://commons.wikimedia.org/wiki/File:Still-and-rotating-myosin-clusters-determine-cytokinetic-ring-constriction-ncomms11860-s7.ogv#clean-noaudio-cropped,CC BY 4.0 verify_on_page,release/media/videos_v2_mp4/vdcr_v2_000274.mp4,pass_candidate,"Clean derivative must show a dividing cell ring forming and constricting over time without relying on source title, channel-label text, audio, or metadata. | triage_decision=pass_candidate; triage_notes=Clean MP4 removes metadata and crops bottom channel-label text while preserving the two-channel cellular time-lapse. The visible sequence shows a bright equatorial band/ring forming and then constricting as the cell divides; this supports actomyosin contractile-ring constriction rather than only generic cytokinesis or a static furrow. The visible timecode is not answer-bearing.",vdcr_v2_000274,normalized_v2_mp4_noaudio,true
vdcr_v2_000161,vdcr_v2_round40_mesenchymal_membrane_blebbing_clean_noaudio,Membrane Blebbing Dynamics,biology_living_systems,https://commons.wikimedia.org/wiki/File:Membrane-Blebbing-Is-Required-for-Mesenchymal-Precursor-Migration-pone.0150004.s007.ogv#clean-noaudio,CC BY 4.0 verify_on_page,release/media/videos_v2_mp4/vdcr_v2_000275.mp4,pass_candidate,"Clean derivative must show membrane blebs expanding, retracting, or cycling along a living cell boundary over time without relying on source title text, audio, or metadata. | triage_decision=pass_candidate; triage_notes=Clean MP4 removes source metadata and has no audio or in-frame answer text. The time-lapse shows rounded protrusions along the leading cell boundary changing size and position over time, supporting membrane blebbing dynamics rather than only static cell morphology or generic migration.",vdcr_v2_000275,normalized_v2_mp4_noaudio,true
vdcr_v2_000162,vdcr_v2_round44_cucumber_tendril_coiling_clean_noaudio,Tendril Coiling,biology_living_systems,https://commons.wikimedia.org/wiki/File:So_w%C3%A4chst_eine_Rankpflanze_wie_eine_Gurke.webm#clean-segment-noaudio,CC BY 4.0 verify_on_page,release/media/videos_v2_mp4/vdcr_v2_000276.mp4,pass_candidate,"Clean derivative must show a tendril coiling around an external support over time without relying on source title text, audio, or metadata. | triage_decision=pass_candidate; triage_notes=Clean MP4 removes audio and source metadata and keeps the segment where a tendril reaches a support, wraps around it in repeated coils, and later shows multiple support contacts. The evidence supports Tendril Coiling rather than only generic upward plant growth or a static climbing plant. This sample is flagged as educational animation.",vdcr_v2_000276,normalized_v2_mp4_noaudio,true
vdcr_v2_000163,vdcr_v2_round46_cucumber_tendril_circumnutation_clean_noaudio,Tendril Circumnutation,biology_living_systems,https://commons.wikimedia.org/wiki/File:Cucumber_Climb.webm#clean-segment-noaudio,CC BY 3.0 verify_on_page,release/media/videos_v2_mp4/vdcr_v2_000277.mp4,pass_candidate,"Clean derivative must show a tendril or climbing shoot sweeping/searching for support over time without relying on source title text, audio, or metadata. | triage_decision=pass_candidate; triage_notes=Clean MP4 removes source metadata, has no audio, and trims the dark ending. The time-lapse shows a slender cucumber tendril/shoot sweeping and changing orientation while searching near supports, which supports tendril circumnutation rather than static plant growth or completed coiling.",vdcr_v2_000277,normalized_v2_mp4_noaudio,true
vdcr_v2_000164,vdcr_v2_round59_red_cabbage_indicator_diffusion_clean_noaudio,pH Indicator Diffusion Front,chemistry_materials_change,https://commons.wikimedia.org/wiki/File:Les_Couleurs_du_Chou_Rouge.webm#clean-noaudio,CC BY 4.0; clean derivative from own-work Commons video by Le hollandais volant,release/media/videos_v2_mp4/vdcr_v2_000278.mp4,pass_candidate,"Clean derivative must show red-cabbage indicator liquid entering solutions, forming moving color plumes/fronts and changing color through mixing/reaction, without audio, metadata, or source/title answer leakage. | triage_decision=pass_candidate; triage_notes=Clean derivative removes audio and metadata while preserving red-cabbage indicator liquid being poured into multiple solutions. The sequence shows moving colored plumes/fronts spreading through initially clear liquids and settling into distinct reaction colors; no source title, answer text, labels, or narration remain in the evaluation media.",vdcr_v2_000278,normalized_v2_mp4_noaudio,true
vdcr_v2_000165,vdcr_v2_round65_chemical_traffic_light_timelapse_clean_noaudio,Chemical Traffic Light Reaction,chemistry_materials_change,https://commons.wikimedia.org/wiki/File:Chemical_traffic_light_reaction_time-lapse.webm#clean-noaudio,CC BY-SA 4.0 or GFDL; own work by Pnotporn; clean derivative keeps original license terms,release/media/videos_v2_mp4/vdcr_v2_000279.mp4,pass_candidate,"Candidate must show repeated or sequential color-state changes characteristic of the chemical traffic light reaction, not a static colored solution. | triage_decision=pass_candidate; triage_notes=Clean derivative strips metadata while preserving the traffic-light color cycling of the reaction.",vdcr_v2_000279,normalized_v2_mp4_noaudio,true
vdcr_v2_000166,vdcr_v2_round66_liesegang_band_experiment_clean_noaudio,Liesegang Band Formation,chemistry_materials_change,https://commons.wikimedia.org/wiki/File:Liesegang_band_experiment.webm#clean-noaudio,CC BY 3.0; YouTube CC reviewed on Commons; author kemodadog's channel; clean derivative keeps original license terms,release/media/videos_v2_mp4/vdcr_v2_000280.mp4,pass_candidate,"Candidate must show precipitation bands/rings emerging or changing over time, not a static banded material. | triage_decision=pass_candidate; triage_notes=Clean derivative removes audio and metadata while preserving emergence and motion/collapse of precipitation bands.",vdcr_v2_000280,normalized_v2_mp4_noaudio,true
vdcr_v2_000167,vdcr_v2_round68_chemical_traffic_light_short_clean_noaudio,Chemical Traffic Light Reaction,chemistry_materials_change,https://commons.wikimedia.org/wiki/File:Chemical_traffic_light.ogv#clean-noaudio,CC BY-SA 4.0; own work by U5780065; clean derivative keeps original license terms,release/media/videos_v2_mp4/vdcr_v2_000281.mp4,pass_candidate,"Clean derivative must show chemical traffic-light color cycling over time, not a single static colored solution. | triage_decision=pass_candidate; triage_notes=Clean no-audio derivative shows the solution cycling from green/dark to red over time, grounding the chemical traffic-light reaction without title, audio, or metadata leakage.",vdcr_v2_000281,normalized_v2_mp4_noaudio,true
vdcr_v2_000168,vdcr_v2_round68_citric_acid_crystallisation_timelapse_clean_noaudio,Crystal Nucleation-and-Growth Dynamics,chemistry_materials_change,https://commons.wikimedia.org/wiki/File:CitricAcid_Crystalisation_Timelapse.ogv#clean-noaudio,CC BY-SA 3.0 or GFDL; own work by Zephyris; clean derivative keeps original license terms,release/media/videos_v2_mp4/vdcr_v2_000282.mp4,pass_candidate,"Clean derivative must show crystal structures nucleating and growing over time, not only a final static crystal pattern. | triage_decision=pass_candidate; triage_notes=Clean no-audio derivative shows crystals appearing and growing in the microscopy field over the timelapse, grounding crystal nucleation-and-growth dynamics without source title, audio, or metadata leakage.",vdcr_v2_000282,normalized_v2_mp4_noaudio,true
vdcr_v2_000169,vdcr_v2_round71_neutrophil_phagocytosis_bacterium_clean_noaudio,Phagocytosis,biology_living_systems,https://commons.wikimedia.org/wiki/File:%D0%9D%D0%B5%D0%B9%D1%82%D1%80%D0%BE%D1%84%D0%B8%D0%BB_%D0%BA%D1%80%D0%BE%D0%B2%D0%B8_%D1%87%D0%B5%D0%BB%D0%BE%D0%B2%D0%B5%D0%BA%D0%B0_%D1%84%D0%B0%D0%B3%D0%BE%D1%86%D0%B8%D1%82%D0%B8%D1%80%D1%83%D0%B5%D1%82_%D0%B1%D0%B0%D0%BA%D1%82%D0%B5%D1%80%D0%B8%D1%8E.webm#clean-noaudio,CC BY 4.0; own work by Andrei Savitsky; clean derivative keeps original license terms,release/media/videos_v2_mp4/vdcr_v2_000283.mp4,pass_candidate,"Clean derivative must show a neutrophil or immune cell locating and engulfing a bacterium/pathogen over time, not merely generic cell motion or a final engulfed state. | triage_decision=pass_candidate; triage_notes=Clean derivative shows a neutrophil-like cell changing shape, tracking a small target, and engulfing/contacting it over time, grounding phagocytosis without title, audio, or metadata leakage.",vdcr_v2_000283,normalized_v2_mp4_noaudio,true
vdcr_v2_000170,vdcr_v2_round72_macrophage_candida_phagocytosis_clean_crop_noaudio,Phagocytosis,biology_living_systems,https://commons.wikimedia.org/wiki/File:Stage-Specific-Assessment-of-Candida-albicans-Phagocytosis-by-Macrophages-Identifies-Cell-Wall-ppat.1002578.s002.ogv#clean-crop-noaudio,CC BY 2.5; PLOS Pathogens supplementary video; clean derivative keeps original license terms,release/media/videos_v2_mp4/vdcr_v2_000284.mp4,pass_candidate,"Clean derivative must show macrophages ingesting or enclosing fungal cells over time, not merely static microscopy or generic cell crowding. | triage_decision=pass_candidate; triage_notes=Clean cropped derivative shows macrophage-like cells moving among fungal cells and enclosing/contacting targets over time; metadata and audio are stripped and no answer-bearing text is visible in-frame.",vdcr_v2_000284,normalized_v2_mp4_noaudio,true
vdcr_v2_000171,vdcr_v2_round85_ag2cro4_agcl_precipitation_crop_noaudio,Reaction-Precipitation Front Propagation,chemistry_materials_change,https://commons.wikimedia.org/wiki/File:Precipitation_of_Ag2CrO4_and_AgCl.webm#clean-crop-noaudio,CC BY 4.0,release/media/videos_v2_mp4/vdcr_v2_000285.mp4,pass_candidate,"Clean derivative must show precipitate/color boundary evolution after reagent mixing without relying on the original top chemical-equation overlay, audio, or metadata. | triage_decision=pass_candidate; triage_notes=Pass: clean derivative removes the equation overlay, audio, and metadata while preserving the visible precipitation/color boundary dynamics. The sequence shows reagent addition followed by a spreading red-brown precipitate layer and later conversion toward a pale/yellow suspension, supporting Reaction-Precipitation Front Propagation without relying on source text.",vdcr_v2_000285,normalized_v2_mp4_noaudio,true
vdcr_v2_000172,vdcr_v2_round87_frozen_drop_noaudio,Freeze-Thaw Phase Front Migration,chemistry_materials_change,https://commons.wikimedia.org/wiki/File:Frozen_drop.webm#v2-round87-clean-noaudio,CC BY 4.0,release/media/videos_v2_mp4/vdcr_v2_000286.mp4,pass_candidate,"Clean no-audio derivative shows a water droplet rapidly freezing on a cold surface while ice crystals spread across the droplet over time. | triage_decision=pass_candidate; triage_notes=Pass: clean no-audio derivative shows a water droplet contacting a very cold surface, solidifying, and developing ice crystal structures that spread across the droplet over time. The temporal phase-front/crystallization sequence is necessary; a single frame would not show the onset and growth of the frozen front.",vdcr_v2_000286,normalized_v2_mp4_noaudio,true
vdcr_v2_000173,vdcr_v2_round89_alatina_jellyfish_swimming_noaudio,Medusan Jet Propulsion by Bell Contraction,biology_living_systems,https://commons.wikimedia.org/wiki/File:Alatina_alata_swimming_Johnoson_Sea_Link_near_the_Bahamas.ogv#v2-round89-clean-noaudio,CC BY 3.0,release/media/videos_v2_mp4/vdcr_v2_000287.mp4,pass_candidate,Clean derivative shows a box jellyfish repeatedly contracting and relaxing its bell while moving upward through water. | triage_decision=pass_candidate; triage_notes=Pass: clean no-audio derivative removes audio/data streams and shows a box jellyfish repeatedly contracting and relaxing its bell while moving upward through water. The temporal bell-contraction cycle and resulting displacement are the discriminative cues for Medusan Jet Propulsion by Bell Contraction.,vdcr_v2_000287,normalized_v2_mp4_noaudio,true
vdcr_v2_000174,vdcr_v2_round89_drosophila_early_cleavage_000000_009000_noaudio,Early Embryonic Cleavage Sequence,biology_living_systems,https://commons.wikimedia.org/wiki/File:Drosophila_cleavage_and_gastrulation.webm#v2-round89-early-cleavage-segment,CC BY-SA 4.0,release/media/videos_v2_mp4/vdcr_v2_000288.mp4,pass_candidate,"Clean segment from the early portion of the Drosophila embryo time-lapse shows rapid increase and reorganization of embryonic nuclei/cellular surface patterns before later gastrulation movement dominates. | triage_decision=pass_candidate; triage_notes=Pass: clean early segment keeps only the first 9 seconds of the Drosophila embryo time-lapse, before later gastrulation movement dominates. The sequence shows the embryo surface transitioning from relatively sparse/dark nuclei to a dense organized cellular pattern over time; visible time stamps and scale bars are not answer-bearing. This supports Early Embryonic Cleavage Sequence as a new biology concept without reusing the full gastrulation clip.",vdcr_v2_000288,normalized_v2_mp4_noaudio,true
vdcr_v2_000175,vdcr_v2_round92_zebrafish_growth_cone_filopodia_000000_020000_crop_noaudio,Actin-Driven Filopodium Protrusion,biology_living_systems,https://commons.wikimedia.org/wiki/File:Primary-Neuron-Culture-for-Nerve-Growth-and-Axon-Guidance-Studies-in-Zebrafish-(Danio-rerio)-pone.0057539.s003.ogv#v2-round92-clean-segment,CC BY 2.5,release/media/videos_v2_mp4/vdcr_v2_000289.mp4,pass_candidate,"Clean segment shows thin growth-cone filopodia changing extension and orientation across the time-lapse; static frames alone do not identify the protrusion/retraction dynamics. | triage_decision=pass_candidate; triage_notes=Pass: clean first-20-second segment strips metadata, removes the top frame-number overlay, avoids the late green overlay, and shows thin growth-cone protrusions extending/reorienting across the time-lapse. This supports Actin-Driven Filopodium Protrusion as a new biology concept.",vdcr_v2_000289,normalized_v2_mp4_noaudio,true
vdcr_v2_000176,vdcr_v2_round94_flour_dust_combustion_noaudio,Dust Deflagration Front,chemistry_materials_change,https://commons.wikimedia.org/wiki/File:84._%D0%93%D0%BE%D1%80%D0%B5%D1%9A%D0%B5_%D0%B1%D1%80%D0%B0%D1%88%D0%BD%D0%BE.ogg#v2-round94-clean-noaudio,CC BY-SA 4.0; own work Wikiexperiments,release/media/videos_v2_mp4/vdcr_v2_000290.mp4,pass_candidate,"Clean no-audio derivative shows dispersed flour dust crossing an open flame and igniting as a transient flame cloud/front rather than a static pile or generic candle flame. | triage_decision=pass_candidate; triage_notes=Pass: clean derivative strips audio and metadata while preserving two visible dust-cloud ignition events. The flour dust is dispersed toward an open flame and rapidly ignites as a transient flame cloud/front, supporting Dust Deflagration Front as a second distinct video source.",vdcr_v2_000290,normalized_v2_mp4_noaudio,true
vdcr_v2_000177,vdcr_v2_round95_ref52_lamellipodium_cycles_noaudio,Actin-Driven Lamellipodium Extension,biology_living_systems,https://commons.wikimedia.org/wiki/File:Maturation-of-Filopodia-Shaft-Adhesions-Is-Upregulated-by-Local-Cycles-of-Lamellipodia-Advancements-pone.0107097.s009.ogv#v2-round95-clean-noaudio,CC BY 4.0; PLOS ONE open-access supplementary movie,release/media/videos_v2_mp4/vdcr_v2_000291.mp4,pass_candidate,Clean derivative shows a red fluorescent spreading-cell edge whose broad sheet-like lamellipodium advances and retracts across the time-lapse; the temporal edge displacement distinguishes it from a static cell outline. | triage_decision=pass_candidate; triage_notes=Pass: metadata-stripped clean derivative shows a red fluorescent spreading-cell edge with broad sheet-like lamellipodial front advancement and retraction across the time-lapse. The visual evidence is distinct from thin filopodial protrusions and supports Actin-Driven Lamellipodium Extension as a new biology concept.,vdcr_v2_000291,normalized_v2_mp4_noaudio,true
vdcr_v2_000178,vdcr_v2_round96_dendritic_filopodia_control_noaudio,Actin-Driven Filopodium Protrusion,biology_living_systems,https://commons.wikimedia.org/wiki/File:Regulation-of-Dendritic-Filopodial-Interactions-by-ZO-1-and-Implications-for-Dendrite-Morphogenesis-pone.0076201.s005.ogv#v2-round96-clean-noaudio,CC BY 3.0; PLOS ONE open-access supplementary movie,release/media/videos_v2_mp4/vdcr_v2_000292.mp4,pass_candidate,Clean derivative shows thin dendritic filopodia protruding from a neuron and interacting over a time-lapse rather than a static cell outline. | triage_decision=pass_candidate; triage_notes=Pass: metadata-stripped clean derivative shows a neuron time-lapse with many thin dendritic filopodia protruding and interacting over time. The source is distinct from the round92 zebrafish growth-cone clip and provides a second strong video for Actin-Driven Filopodium Protrusion.,vdcr_v2_000292,normalized_v2_mp4_noaudio,true
vdcr_v2_000179,vdcr_v2_round97_actin_wave_hem1_s7_noaudio,Actin Wave,biology_living_systems,https://commons.wikimedia.org/wiki/File:An-Actin-Based-Wave-Generator-Organizes-Cell-Motility-pbio.0050221.sv007.ogv#v2-round97-clean-crop-noaudio,CC BY 2.5; PLOS Biology open-access supplementary movie,release/media/videos_v2_mp4/vdcr_v2_000293.mp4,pass_candidate,Clean derivative shows a bright actin-associated wave band forming and propagating around a cell edge after stimulation. | triage_decision=pass_candidate; triage_notes=Pass: clean derivative shows a bright actin-associated wave forming and propagating around the cell edge. It is a distinct source from the V1 sv013 actin-wave clip and provides a second video for the concept.,vdcr_v2_000293,normalized_v2_mp4_noaudio,true
vdcr_v2_000180,vdcr_v2_round97_chromosome_congression_300mt_noaudio,Chromosome Congression,biology_living_systems,https://commons.wikimedia.org/wiki/File:Role-of-the-Number-of-Microtubules-in-Chromosome-Segregation-during-Cell-Division-pone.0141305.s007.ogv#v2-round97-clean-noaudio,CC BY 4.0; PLOS ONE open-access supplementary movie,release/media/videos_v2_mp4/vdcr_v2_000294.mp4,pass_candidate,"Clean derivative shows chromosome-like bodies moving toward a central metaphase alignment under microtubule attachments rather than a static mitotic state. | triage_decision=pass_candidate; triage_notes=Pass: clean derivative shows a mechanism animation with chromosome-like bodies moving into a central aligned plate under microtubule attachments. Temporal alignment is required to identify Chromosome Congression, and no in-frame answer text is visible.",vdcr_v2_000294,normalized_v2_mp4_noaudio,true
vdcr_v2_000181,vdcr_v2_round97_endoderm_invagination_apical_constriction_crop_noaudio,Apical Constriction,biology_living_systems,https://commons.wikimedia.org/wiki/File:Mechanical-Coupling-between-Endoderm-Invagination-and-Axis-Extension-in-Drosophila-pbio.1002292.s015.ogv#v2-round97-clean-crop-noaudio,CC BY 4.0; PLOS Biology open-access supplementary movie,release/media/videos_v2_mp4/vdcr_v2_000295.mp4,pass_candidate,Clean derivative crops out the top overlay and shows local tissue constriction/invagination progressing in a Drosophila embryo time-lapse. | triage_decision=pass_candidate; triage_notes=Pass: cropped clean derivative removes the top overlay and shows a Drosophila embryo time-lapse with localized constriction/invagination progression. The dynamic tissue deformation supports Apical Constriction as a new biology concept.,vdcr_v2_000295,normalized_v2_mp4_noaudio,true
vdcr_v2_000182,vdcr_v2_round97_root_hair_yfp_xik_growth_noaudio,Root Hair Tip Growth,biology_living_systems,https://commons.wikimedia.org/wiki/File:Myosin-XIK-of-Arabidopsis-thaliana-Accumulates-at-the-Root-Hair-Tip-and-Is-Required-for-Fast-Root-pone.0076745.s009.ogv#v2-round97-clean-noaudio,CC BY 2.5; PLOS ONE open-access supplementary movie,release/media/videos_v2_mp4/vdcr_v2_000296.mp4,pass_candidate,"Clean derivative shows fluorescently marked root hair tips extending and changing position during polarized growth. | triage_decision=pass_candidate; triage_notes=Pass: clean derivative shows fluorescent root hair tips extending and changing across frames, providing a second strong video for Root Hair Tip Growth without in-frame answer text.",vdcr_v2_000296,normalized_v2_mp4_noaudio,true
vdcr_v2_000183,vdcr_v2_round98_actin_wave_cdr_stalling_crop_noaudio,Actin Wave,biology_living_systems,https://commons.wikimedia.org/wiki/File:Dynamics-of-Actin-Waves-on-Patterned-Substrates-A-Quantitative-Analysis-of-Circular-Dorsal-Ruffles-pone.0115857.s011.ogv#v2-round98-clean-crop-noaudio,CC BY 4.0; PLOS ONE open-access supplementary movie,release/media/videos_v2_mp4/vdcr_v2_000297.mp4,pass_candidate,"Clean derivative shows a circular actin-associated wave/ruffle changing shape and position over time | triage_decision=pass_candidate; triage_notes=Pass: clean derivative shows a bright circular actin-associated wave/ruffle changing over time. Scale/time overlay remains non-answer-bearing, and this provides a third distinct video for Actin Wave.",vdcr_v2_000297,normalized_v2_mp4_noaudio,true
vdcr_v2_000184,vdcr_v2_round98_root_hair_fabd2_latrunculin_crop_noaudio,Root Hair Tip Growth,biology_living_systems,https://commons.wikimedia.org/wiki/File:Myosin-XIK-of-Arabidopsis-thaliana-Accumulates-at-the-Root-Hair-Tip-and-Is-Required-for-Fast-Root-pone.0076745.s011.ogv#v2-round98-clean-crop-noaudio,CC BY 2.5; PLOS ONE open-access supplementary movie,release/media/videos_v2_mp4/vdcr_v2_000298.mp4,pass_candidate,"Clean derivative crops out the bottom timestamp/skeleton panel and shows DIC plus fluorescence views of root hair tip growth dynamics. | triage_decision=pass_candidate; triage_notes=Pass: clean derivative keeps DIC and fluorescence views while cropping the bottom timestamp/skeleton panel. The visible root hair tip and fluorescent actin organization change over time, making this a third strong video for Root Hair Tip Growth.",vdcr_v2_000298,normalized_v2_mp4_noaudio,true
vdcr_v2_000185,vdcr_v2_round98_tooth_epithelium_invagination_crop_noaudio,Tissue Invagination,biology_living_systems,https://commons.wikimedia.org/wiki/File:Invagination-of-Ectodermal-Placodes-Is-Driven-by-Cell-Intercalation-Mediated-Contraction-of-the-pbio.1002405.s010.ogv#v2-round98-clean-crop-noaudio,CC BY 4.0; PLOS Biology open-access supplementary movie,release/media/videos_v2_mp4/vdcr_v2_000299.mp4,pass_candidate,"Clean derivative shows epithelial tissue invagination and cell-shape changes across a microscopy time-lapse rather than a static placode image. | triage_decision=pass_candidate; triage_notes=Pass: clean derivative shows epithelial tissue/cell geometry changing through an invagination sequence, with no answer text visible in frame. The red arrows are visual annotations but do not name the concept.",vdcr_v2_000299,normalized_v2_mp4_noaudio,true
vdcr_v2_000186,vdcr_v2_round99_hydrogel_actuator_swelling_crop_noaudio,Osmotic Gel Swelling Dynamics,chemistry_materials_change,https://commons.wikimedia.org/wiki/File:Hydraulic-hydrogel-actuators-and-robots-optically-and-sonically-camouflaged-in-water-ncomms14230-s6.ogv#v2-round99-clean-crop-noaudio,CC BY 4.0; Nature Communications open-access supplementary movie,release/media/videos_v2_mp4/vdcr_v2_000300.mp4,pass_candidate,"Clean derivative crops out the left text overlay and shows a red hydrogel actuator bending/lengthening as swelling progresses. | triage_decision=pass_candidate; triage_notes=Pass: clean derivative crops out the left text overlay and shows swelling-driven bending/extension of a red hydrogel actuator in water, supporting Gel Swelling as a new chemistry/materials concept.",vdcr_v2_000300,normalized_v2_mp4_noaudio,true
