search_term,initial_category,candidate_knowledge_point,domain_seed,subdomain_seed,default_start_sec,default_end_sec,why_dynamic,notes,collector_notes,capability_label,dynamic_concept_id,dynamic_concept,capability_queue_rank
jellyfish jet propulsion bell contraction video,biology_living_systems,__construct_after_principle_video_gate__,biology_living_systems,animal_locomotion_and_biomechanics,0,60,"Body cavity or bell contracts, then the body translates in the opposite direction of expelled fluid.",principle_id=BIO_LOC_001; priority=core; reject=Reject swimming clips without contraction-pulse displacement.; hard_negative_family=peristalsis; flapping lift; tail undulation; capability_label=DMR,principle_id=BIO_LOC_001; priority=core; reject=Reject swimming clips without contraction-pulse displacement.; hard_negative_family=peristalsis; flapping lift; tail undulation; capability_label=DMR,DMR,,,1
fluid jet propulsion animal locomotion video,biology_living_systems,__construct_after_principle_video_gate__,biology_living_systems,animal_locomotion_and_biomechanics,0,60,"Body cavity or bell contracts, then the body translates in the opposite direction of expelled fluid.",principle_id=BIO_LOC_001; priority=core; reject=Reject swimming clips without contraction-pulse displacement.; hard_negative_family=peristalsis; flapping lift; tail undulation; capability_label=DMR,principle_id=BIO_LOC_001; priority=core; reject=Reject swimming clips without contraction-pulse displacement.; hard_negative_family=peristalsis; flapping lift; tail undulation; capability_label=DMR,DMR,,,2
jellyfish jet propulsion video,biology_living_systems,__construct_after_dcr_video_gate__,biology_living_systems,animal_locomotion_and_biomechanics,0,60,A bell or mantle contracts and the body moves opposite the expelled fluid.,capability_label=DCR; dynamic_concept_id=DCR_BIO_JET_001; linked_principle_id=BIO_LOC_001; aliases=jellyfish propulsion; squid jetting; reject=Reject swimming clips without visible contraction-pulse displacement.; hard_negative_concepts=flapping lift; undulation; crawling,capability_label=DCR; dynamic_concept_id=DCR_BIO_JET_001; linked_principle_id=BIO_LOC_001; aliases=jellyfish propulsion; squid jetting; reject=Reject swimming clips without visible contraction-pulse displacement.; hard_negative_concepts=flapping lift; undulation; crawling,DCR,DCR_BIO_JET_001,jet propulsion swimming,3
mitosis chromosome segregation time lapse microscopy,biology_living_systems,__construct_after_principle_video_gate__,biology_living_systems,germination_and_development,0,60,Chromosomes align at the metaphase plate and move toward opposite poles.,principle_id=BIO_CELL_001; priority=core; reject=Reject static mitosis-stage diagrams and clips without chromosome movement.; hard_negative_family=cytokinesis only; cell migration; diffusion; capability_label=DMR,principle_id=BIO_CELL_001; priority=core; reject=Reject static mitosis-stage diagrams and clips without chromosome movement.; hard_negative_family=cytokinesis only; cell migration; diffusion; capability_label=DMR,DMR,,,4
live cell mitosis spindle chromosome video,biology_living_systems,__construct_after_principle_video_gate__,biology_living_systems,germination_and_development,0,60,Chromosomes align at the metaphase plate and move toward opposite poles.,principle_id=BIO_CELL_001; priority=core; reject=Reject static mitosis-stage diagrams and clips without chromosome movement.; hard_negative_family=cytokinesis only; cell migration; diffusion; capability_label=DMR,principle_id=BIO_CELL_001; priority=core; reject=Reject static mitosis-stage diagrams and clips without chromosome movement.; hard_negative_family=cytokinesis only; cell migration; diffusion; capability_label=DMR,DMR,,,5
mitosis chromosome segregation time lapse,biology_living_systems,__construct_after_dcr_video_gate__,biology_living_systems,germination_and_development,0,60,"Chromosomes align, separate, and move to opposite poles.",capability_label=DCR; dynamic_concept_id=DCR_BIO_MITOSIS_001; linked_principle_id=BIO_CELL_001; aliases=cell division mitosis; chromosome segregation; reject=Reject static diagrams or clips without chromosome movement.; hard_negative_concepts=cytokinesis only; cell migration; apoptosis,capability_label=DCR; dynamic_concept_id=DCR_BIO_MITOSIS_001; linked_principle_id=BIO_CELL_001; aliases=cell division mitosis; chromosome segregation; reject=Reject static diagrams or clips without chromosome movement.; hard_negative_concepts=cytokinesis only; cell migration; apoptosis,DCR,DCR_BIO_MITOSIS_001,mitosis,6
cell migration pseudopod actin time lapse,biology_living_systems,__construct_after_principle_video_gate__,biology_living_systems,organism_behavior_and_taxis,0,60,"Leading edge protrudes, adhesions shift, rear retracts, and the cell body translocates.",principle_id=BIO_CELL_003; priority=core; reject=Reject random cell shape changes without net displacement.; hard_negative_family=Brownian motion; ciliary swimming; mitosis; capability_label=DMR,principle_id=BIO_CELL_003; priority=core; reject=Reject random cell shape changes without net displacement.; hard_negative_family=Brownian motion; ciliary swimming; mitosis; capability_label=DMR,DMR,,,7
amoeboid cell migration time lapse,biology_living_systems,__construct_after_principle_video_gate__,biology_living_systems,organism_behavior_and_taxis,0,60,"Leading edge protrudes, adhesions shift, rear retracts, and the cell body translocates.",principle_id=BIO_CELL_003; priority=core; reject=Reject random cell shape changes without net displacement.; hard_negative_family=Brownian motion; ciliary swimming; mitosis; capability_label=DMR,principle_id=BIO_CELL_003; priority=core; reject=Reject random cell shape changes without net displacement.; hard_negative_family=Brownian motion; ciliary swimming; mitosis; capability_label=DMR,DMR,,,8
bird courtship display dance video,biology_living_systems,__construct_after_dcr_video_gate__,biology_living_systems,organism_behavior_and_taxis,0,60,The animal performs a repeated display sequence toward a potential mate or rival.,capability_label=DCR; dynamic_concept_id=DCR_BIO_DISPLAY_001; linked_principle_id=BIO_TAX_004; aliases=mating display; courtship dance; lek display; reject=Reject generic walking or flight without display context and sequence.; hard_negative_concepts=foraging; locomotion; aggression display,capability_label=DCR; dynamic_concept_id=DCR_BIO_DISPLAY_001; linked_principle_id=BIO_TAX_004; aliases=mating display; courtship dance; lek display; reject=Reject generic walking or flight without display context and sequence.; hard_negative_concepts=foraging; locomotion; aggression display,DCR,DCR_BIO_DISPLAY_001,courtship display,9
photosynthesis oxygen bubbles light intensity video,biology_living_systems,__construct_after_principle_video_gate__,biology_living_systems,plant_growth_and_tropisms,0,60,Oxygen bubbles increase after light exposure or light intensity changes.,principle_id=BIO_ENE_001; priority=core; reject=Reject generic plant growth videos or final gas collection only.; hard_negative_family=respiration CO2; boiling; gas evolution chemistry; capability_label=DMR,principle_id=BIO_ENE_001; priority=core; reject=Reject generic plant growth videos or final gas collection only.; hard_negative_family=respiration CO2; boiling; gas evolution chemistry; capability_label=DMR,DMR,,,10
Elodea photosynthesis oxygen bubble video,biology_living_systems,__construct_after_principle_video_gate__,biology_living_systems,plant_growth_and_tropisms,0,60,Oxygen bubbles increase after light exposure or light intensity changes.,principle_id=BIO_ENE_001; priority=core; reject=Reject generic plant growth videos or final gas collection only.; hard_negative_family=respiration CO2; boiling; gas evolution chemistry; capability_label=DMR,principle_id=BIO_ENE_001; priority=core; reject=Reject generic plant growth videos or final gas collection only.; hard_negative_family=respiration CO2; boiling; gas evolution chemistry; capability_label=DMR,DMR,,,11
root gravitropism time lapse,biology_living_systems,__construct_after_dcr_video_gate__,biology_living_systems,plant_growth_and_tropisms,0,60,Roots or shoots curve after the plant is rotated.,capability_label=DCR; dynamic_concept_id=DCR_BIO_GRAVI_001; linked_principle_id=BIO_TRO_002; aliases=geotropism; root gravitropism; shoot gravitropism; reject=Reject clips without a rotation/reorientation event.; hard_negative_concepts=phototropism; hydrotropism; simple elongation,capability_label=DCR; dynamic_concept_id=DCR_BIO_GRAVI_001; linked_principle_id=BIO_TRO_002; aliases=geotropism; root gravitropism; shoot gravitropism; reject=Reject clips without a rotation/reorientation event.; hard_negative_concepts=phototropism; hydrotropism; simple elongation,DCR,DCR_BIO_GRAVI_001,gravitropism,12
thigmonasty plant movement touch time lapse,biology_living_systems,__construct_after_principle_video_gate__,biology_living_systems,plant_nastic_movements,0,60,Touch is followed by rapid closure or bending independent of stimulus direction.,principle_id=BIO_NAS_001; priority=core; reject=Reject closed-only/open-only frames or clips where touch is not visible.; hard_negative_family=thigmotropism; phototropism; wilting; capability_label=DMR,principle_id=BIO_NAS_001; priority=core; reject=Reject closed-only/open-only frames or clips where touch is not visible.; hard_negative_family=thigmotropism; phototropism; wilting; capability_label=DMR,DMR,,,13
Mimosa leaf folding touch video,biology_living_systems,__construct_after_principle_video_gate__,biology_living_systems,plant_nastic_movements,0,60,Touch is followed by rapid closure or bending independent of stimulus direction.,principle_id=BIO_NAS_001; priority=core; reject=Reject closed-only/open-only frames or clips where touch is not visible.; hard_negative_family=thigmotropism; phototropism; wilting; capability_label=DMR,principle_id=BIO_NAS_001; priority=core; reject=Reject closed-only/open-only frames or clips where touch is not visible.; hard_negative_family=thigmotropism; phototropism; wilting; capability_label=DMR,DMR,,,14
plasmolysis deplasmolysis time lapse microscopy,biology_living_systems,__construct_after_principle_video_gate__,biology_living_systems,plant_water_relations_and_turgor,0,60,Protoplast shrinks away from cell wall in hypertonic solution and recovers in water.,principle_id=BIO_TRA_001; priority=core; reject=Reject single final plasmolyzed images or label-only school videos.; hard_negative_family=cytoplasmic streaming; stomata; diffusion in water; capability_label=DMR,principle_id=BIO_TRA_001; priority=core; reject=Reject single final plasmolyzed images or label-only school videos.; hard_negative_family=cytoplasmic streaming; stomata; diffusion in water; capability_label=DMR,DMR,,,15
onion cell plasmolysis video,biology_living_systems,__construct_after_principle_video_gate__,biology_living_systems,plant_water_relations_and_turgor,0,60,Protoplast shrinks away from cell wall in hypertonic solution and recovers in water.,principle_id=BIO_TRA_001; priority=core; reject=Reject single final plasmolyzed images or label-only school videos.; hard_negative_family=cytoplasmic streaming; stomata; diffusion in water; capability_label=DMR,principle_id=BIO_TRA_001; priority=core; reject=Reject single final plasmolyzed images or label-only school videos.; hard_negative_family=cytoplasmic streaming; stomata; diffusion in water; capability_label=DMR,DMR,,,16
plasmolysis deplasmolysis time lapse microscopy,biology_living_systems,__construct_after_dcr_video_gate__,biology_living_systems,plant_water_relations_and_turgor,0,60,The protoplast shrinks away from the cell wall and may recover in water.,capability_label=DCR; dynamic_concept_id=DCR_BIO_PLASM_001; linked_principle_id=BIO_TRA_001; aliases=plasmolysis; deplasmolysis; plant cell osmotic shrinkage; reject=Reject single final plasmolyzed images or label-only clips.; hard_negative_concepts=cytoplasmic streaming; cell division; diffusion dye,capability_label=DCR; dynamic_concept_id=DCR_BIO_PLASM_001; linked_principle_id=BIO_TRA_001; aliases=plasmolysis; deplasmolysis; plant cell osmotic shrinkage; reject=Reject single final plasmolyzed images or label-only clips.; hard_negative_concepts=cytoplasmic streaming; cell division; diffusion dye,DCR,DCR_BIO_PLASM_001,plasmolysis and deplasmolysis,17
dye diffusion concentration gradient time lapse,chemistry_materials_change,__construct_after_principle_video_gate__,chemistry_materials_change,diffusion_mixing_and_transport,0,60,Dye or solute front broadens from high concentration to low concentration.,principle_id=CHM_DIF_001; priority=core; reject=Reject turbulent stirring when diffusion cannot be separated.; hard_negative_family=vortex mixing; precipitation; convection; capability_label=DMR,principle_id=CHM_DIF_001; priority=core; reject=Reject turbulent stirring when diffusion cannot be separated.; hard_negative_family=vortex mixing; precipitation; convection; capability_label=DMR,DMR,,,18
diffusion in water dye time lapse,chemistry_materials_change,__construct_after_principle_video_gate__,chemistry_materials_change,diffusion_mixing_and_transport,0,60,Dye or solute front broadens from high concentration to low concentration.,principle_id=CHM_DIF_001; priority=core; reject=Reject turbulent stirring when diffusion cannot be separated.; hard_negative_family=vortex mixing; precipitation; convection; capability_label=DMR,principle_id=CHM_DIF_001; priority=core; reject=Reject turbulent stirring when diffusion cannot be separated.; hard_negative_family=vortex mixing; precipitation; convection; capability_label=DMR,DMR,,,19
Taylor Couette mixing dye video,chemistry_materials_change,__construct_after_dcr_video_gate__,chemistry_materials_change,diffusion_mixing_and_transport,0,60,Colored bands elongate into layers and may reverse when shear is reversed.,capability_label=DCR; dynamic_concept_id=DCR_CHEM_DIFF_001; linked_principle_id=CHM_DIF_002; aliases=reversible laminar mixing; viscous folding; reject=Reject simple shaking or turbulent mixing clips.; hard_negative_concepts=turbulent mixing; diffusion only; precipitation,capability_label=DCR; dynamic_concept_id=DCR_CHEM_DIFF_001; linked_principle_id=CHM_DIF_002; aliases=reversible laminar mixing; viscous folding; reject=Reject simple shaking or turbulent mixing clips.; hard_negative_concepts=turbulent mixing; diffusion only; precipitation,DCR,DCR_CHEM_DIFF_001,Taylor-Couette laminar mixing,20
gas evolution reaction bubbles video,chemistry_materials_change,__construct_after_principle_video_gate__,chemistry_materials_change,gas_evolution_and_combustion,0,60,"Bubbles nucleate and rise, foam grows, or liquid volume changes after reactants meet.",principle_id=CHM_GAS_001; priority=core; reject=Reject ordinary boiling or pre-existing bubbles.; hard_negative_family=boiling; precipitation; diffusion; capability_label=DMR,principle_id=CHM_GAS_001; priority=core; reject=Reject ordinary boiling or pre-existing bubbles.; hard_negative_family=boiling; precipitation; diffusion; capability_label=DMR,DMR,,,21
acid carbonate reaction bubbles video,chemistry_materials_change,__construct_after_principle_video_gate__,chemistry_materials_change,gas_evolution_and_combustion,0,60,"Bubbles nucleate and rise, foam grows, or liquid volume changes after reactants meet.",principle_id=CHM_GAS_001; priority=core; reject=Reject ordinary boiling or pre-existing bubbles.; hard_negative_family=boiling; precipitation; diffusion; capability_label=DMR,principle_id=CHM_GAS_001; priority=core; reject=Reject ordinary boiling or pre-existing bubbles.; hard_negative_family=boiling; precipitation; diffusion; capability_label=DMR,DMR,,,22
shear thickening cornstarch impact slow motion,chemistry_materials_change,__construct_after_principle_video_gate__,chemistry_materials_change,material_deformation_and_response,0,60,Material behaves liquid under slow motion but solid-like under impact.,principle_id=CHM_MAT_001; priority=core; reject=Reject generic thick liquids without rate-dependent contrast.; hard_negative_family=gelation; plastic deformation; surface tension; capability_label=DMR,principle_id=CHM_MAT_001; priority=core; reject=Reject generic thick liquids without rate-dependent contrast.; hard_negative_family=gelation; plastic deformation; surface tension; capability_label=DMR,DMR,,,23
oobleck impact resistance video,chemistry_materials_change,__construct_after_principle_video_gate__,chemistry_materials_change,material_deformation_and_response,0,60,Material behaves liquid under slow motion but solid-like under impact.,principle_id=CHM_MAT_001; priority=core; reject=Reject generic thick liquids without rate-dependent contrast.; hard_negative_family=gelation; plastic deformation; surface tension; capability_label=DMR,principle_id=CHM_MAT_001; priority=core; reject=Reject generic thick liquids without rate-dependent contrast.; hard_negative_family=gelation; plastic deformation; surface tension; capability_label=DMR,DMR,,,24
shear thickening oobleck slow motion,chemistry_materials_change,__construct_after_dcr_video_gate__,chemistry_materials_change,material_deformation_and_response,0,60,The same material flows slowly but resists or fractures under rapid impact.,capability_label=DCR; dynamic_concept_id=DCR_CHEM_THICK_001; linked_principle_id=CHM_MAT_001; aliases=non-Newtonian fluid impact; oobleck solid-like impact; reject=Reject clips showing only slow pouring or only a static impact aftermath.; hard_negative_concepts=high viscosity liquid; gel; plastic clay,capability_label=DCR; dynamic_concept_id=DCR_CHEM_THICK_001; linked_principle_id=CHM_MAT_001; aliases=non-Newtonian fluid impact; oobleck solid-like impact; reject=Reject clips showing only slow pouring or only a static impact aftermath.; hard_negative_concepts=high viscosity liquid; gel; plastic clay,DCR,DCR_CHEM_THICK_001,shear thickening,25
supersaturated solution crystallization time lapse,chemistry_materials_change,__construct_after_principle_video_gate__,chemistry_materials_change,phase_change_and_crystallization,0,60,Crystal nuclei appear and faces/fronts expand through solution.,principle_id=CHM_PHA_001; priority=core; reject=Reject static crystals or source-only crystallization titles.; hard_negative_family=precipitation cloud; dye diffusion; melting only; capability_label=DMR,principle_id=CHM_PHA_001; priority=core; reject=Reject static crystals or source-only crystallization titles.; hard_negative_family=precipitation cloud; dye diffusion; melting only; capability_label=DMR,DMR,,,26
crystal nucleation growth video,chemistry_materials_change,__construct_after_principle_video_gate__,chemistry_materials_change,phase_change_and_crystallization,0,60,Crystal nuclei appear and faces/fronts expand through solution.,principle_id=CHM_PHA_001; priority=core; reject=Reject static crystals or source-only crystallization titles.; hard_negative_family=precipitation cloud; dye diffusion; melting only; capability_label=DMR,principle_id=CHM_PHA_001; priority=core; reject=Reject static crystals or source-only crystallization titles.; hard_negative_family=precipitation cloud; dye diffusion; melting only; capability_label=DMR,DMR,,,27
dendritic crystal growth time lapse,chemistry_materials_change,__construct_after_dcr_video_gate__,chemistry_materials_change,phase_change_and_crystallization,0,60,Branching crystals extend from nucleation sites over time.,capability_label=DCR; dynamic_concept_id=DCR_CHEM_DEND_001; linked_principle_id=CHM_PHA_002; aliases=dendrite growth; branching crystal growth; metal dendrites; reject=Reject final crystals without visible growth sequence.; hard_negative_concepts=precipitate cloud; final crystal; random sediment,capability_label=DCR; dynamic_concept_id=DCR_CHEM_DEND_001; linked_principle_id=CHM_PHA_002; aliases=dendrite growth; branching crystal growth; metal dendrites; reject=Reject final crystals without visible growth sequence.; hard_negative_concepts=precipitate cloud; final crystal; random sediment,DCR,DCR_CHEM_DEND_001,dendritic crystal growth,28
precipitation reaction insoluble solid forming video,chemistry_materials_change,__construct_after_principle_video_gate__,chemistry_materials_change,precipitation_and_solubility,0,60,Solutions become cloudy or solid particles appear after mixing.,principle_id=CHM_PRE_001; priority=core; reject=Reject if the solid is already present before mixing or the identity is only in source text.; hard_negative_family=gas bubbles; dye diffusion; crystallization front; capability_label=DMR,principle_id=CHM_PRE_001; priority=core; reject=Reject if the solid is already present before mixing or the identity is only in source text.; hard_negative_family=gas bubbles; dye diffusion; crystallization front; capability_label=DMR,DMR,,,29
silver chloride precipitate video,chemistry_materials_change,__construct_after_principle_video_gate__,chemistry_materials_change,precipitation_and_solubility,0,60,Solutions become cloudy or solid particles appear after mixing.,principle_id=CHM_PRE_001; priority=core; reject=Reject if the solid is already present before mixing or the identity is only in source text.; hard_negative_family=gas bubbles; dye diffusion; crystallization front; capability_label=DMR,principle_id=CHM_PRE_001; priority=core; reject=Reject if the solid is already present before mixing or the identity is only in source text.; hard_negative_family=gas bubbles; dye diffusion; crystallization front; capability_label=DMR,DMR,,,30
chemical garden growth time lapse,chemistry_materials_change,__construct_after_dcr_video_gate__,chemistry_materials_change,precipitation_and_solubility,0,60,Colored tubular or branching structures grow upward/outward in solution.,capability_label=DCR; dynamic_concept_id=DCR_CHEM_GARDEN_001; linked_principle_id=CHM_PRE_002; aliases=silicate garden; precipitation tubes; crystal garden; reject=Reject static finished gardens without growth sequence.; hard_negative_concepts=ordinary crystallization; dye diffusion; bubbles,capability_label=DCR; dynamic_concept_id=DCR_CHEM_GARDEN_001; linked_principle_id=CHM_PRE_002; aliases=silicate garden; precipitation tubes; crystal garden; reject=Reject static finished gardens without growth sequence.; hard_negative_concepts=ordinary crystallization; dye diffusion; bubbles,DCR,DCR_CHEM_GARDEN_001,chemical garden,31
iodine clock reaction color change video,chemistry_materials_change,__construct_after_principle_video_gate__,chemistry_materials_change,redox_and_endpoint_reactions,0,60,"A mixture remains light, then abruptly turns dark after a delay.",principle_id=CHM_RED_001; priority=core; reject=Reject generic color changes without delayed endpoint.; hard_negative_family=precipitation; acid base indicator; diffusion; capability_label=DMR,principle_id=CHM_RED_001; priority=core; reject=Reject generic color changes without delayed endpoint.; hard_negative_family=precipitation; acid base indicator; diffusion; capability_label=DMR,DMR,,,32
iodine clock delayed endpoint video,chemistry_materials_change,__construct_after_principle_video_gate__,chemistry_materials_change,redox_and_endpoint_reactions,0,60,"A mixture remains light, then abruptly turns dark after a delay.",principle_id=CHM_RED_001; priority=core; reject=Reject generic color changes without delayed endpoint.; hard_negative_family=precipitation; acid base indicator; diffusion; capability_label=DMR,principle_id=CHM_RED_001; priority=core; reject=Reject generic color changes without delayed endpoint.; hard_negative_family=precipitation; acid base indicator; diffusion; capability_label=DMR,DMR,,,33
Benedict test reducing sugar color change video,chemistry_materials_change,__construct_after_dcr_video_gate__,chemistry_materials_change,redox_and_endpoint_reactions,0,60,Blue solution changes toward orange-red with precipitate formation while heated.,capability_label=DCR; dynamic_concept_id=DCR_CHEM_BENEDICT_001; linked_principle_id=CHM_RED_002; aliases=Benedict reagent; reducing sugar test; reject=Reject final tube comparisons without the heating transition.; hard_negative_concepts=iodine test; pH indicator; simple boiling,capability_label=DCR; dynamic_concept_id=DCR_CHEM_BENEDICT_001; linked_principle_id=CHM_RED_002; aliases=Benedict reagent; reducing sugar test; reject=Reject final tube comparisons without the heating transition.; hard_negative_concepts=iodine test; pH indicator; simple boiling,DCR,DCR_CHEM_BENEDICT_001,Benedict test positive reaction,34
glacier flow time lapse,earth_environmental_systems,__construct_after_principle_video_gate__,earth_environmental_systems,cryosphere_and_seasonal_change,0,60,"Ice features, crevasses, or markers move over time.",principle_id=EAR_CRY_001; priority=core; reject=Reject glacier scenery without measurable motion.; hard_negative_family=river flow; avalanche; calving only; capability_label=DMR,principle_id=EAR_CRY_001; priority=core; reject=Reject glacier scenery without measurable motion.; hard_negative_family=river flow; avalanche; calving only; capability_label=DMR,DMR,,,35
ice deformation glacier motion video,earth_environmental_systems,__construct_after_principle_video_gate__,earth_environmental_systems,cryosphere_and_seasonal_change,0,60,"Ice features, crevasses, or markers move over time.",principle_id=EAR_CRY_001; priority=core; reject=Reject glacier scenery without measurable motion.; hard_negative_family=river flow; avalanche; calving only; capability_label=DMR,principle_id=EAR_CRY_001; priority=core; reject=Reject glacier scenery without measurable motion.; hard_negative_family=river flow; avalanche; calving only; capability_label=DMR,DMR,,,36
glacier calving video,earth_environmental_systems,__construct_after_dcr_video_gate__,earth_environmental_systems,cryosphere_and_seasonal_change,0,60,"An ice front cracks, detaches, falls, and generates waves or roll-over.",capability_label=DCR; dynamic_concept_id=DCR_EAR_GLCALV_001; linked_principle_id=EAR_CRY_002; aliases=iceberg calving; ice cliff collapse; reject=Reject clips showing only floating ice after detachment.; hard_negative_concepts=avalanche; ordinary wave; glacier flow,capability_label=DCR; dynamic_concept_id=DCR_EAR_GLCALV_001; linked_principle_id=EAR_CRY_002; aliases=iceberg calving; ice cliff collapse; reject=Reject clips showing only floating ice after detachment.; hard_negative_concepts=avalanche; ordinary wave; glacier flow,DCR,DCR_EAR_GLCALV_001,glacier calving,37
predator prey interaction high speed video,earth_environmental_systems,__construct_after_principle_video_gate__,earth_environmental_systems,ecosystem_interactions,0,60,"Predator approaches, accelerates or strikes, prey escapes or is captured.",principle_id=EAR_ECO_001; priority=core; reject=Reject simple co-presence of organisms without interaction sequence.; hard_negative_family=pollination; taxis; passive movement; capability_label=DMR,principle_id=EAR_ECO_001; priority=core; reject=Reject simple co-presence of organisms without interaction sequence.; hard_negative_family=pollination; taxis; passive movement; capability_label=DMR,DMR,,,38
predator strike capture slow motion,earth_environmental_systems,__construct_after_principle_video_gate__,earth_environmental_systems,ecosystem_interactions,0,60,"Predator approaches, accelerates or strikes, prey escapes or is captured.",principle_id=EAR_ECO_001; priority=core; reject=Reject simple co-presence of organisms without interaction sequence.; hard_negative_family=pollination; taxis; passive movement; capability_label=DMR,principle_id=EAR_ECO_001; priority=core; reject=Reject simple co-presence of organisms without interaction sequence.; hard_negative_family=pollination; taxis; passive movement; capability_label=DMR,DMR,,,39
sediment transport threshold flume video,earth_environmental_systems,__construct_after_principle_video_gate__,earth_environmental_systems,erosion_transport_and_deposition,0,60,"Grains transition from rest to rolling, saltation, or suspension as flow increases.",principle_id=EAR_ERO_001; priority=core; reject=Reject sediment already moving without flow change or threshold evidence.; hard_negative_family=debris flow; diffusion; landslide; capability_label=DMR,principle_id=EAR_ERO_001; priority=core; reject=Reject sediment already moving without flow change or threshold evidence.; hard_negative_family=debris flow; diffusion; landslide; capability_label=DMR,DMR,,,40
bedload motion start flume experiment,earth_environmental_systems,__construct_after_principle_video_gate__,earth_environmental_systems,erosion_transport_and_deposition,0,60,"Grains transition from rest to rolling, saltation, or suspension as flow increases.",principle_id=EAR_ERO_001; priority=core; reject=Reject sediment already moving without flow change or threshold evidence.; hard_negative_family=debris flow; diffusion; landslide; capability_label=DMR,principle_id=EAR_ERO_001; priority=core; reject=Reject sediment already moving without flow change or threshold evidence.; hard_negative_family=debris flow; diffusion; landslide; capability_label=DMR,DMR,,,41
sediment saltation flume video,earth_environmental_systems,__construct_after_dcr_video_gate__,earth_environmental_systems,erosion_transport_and_deposition,0,60,Particles transition from rest to bouncing/hopping transport above a bed.,capability_label=DCR; dynamic_concept_id=DCR_EAR_SALT_001; linked_principle_id=EAR_ERO_001; aliases=grain saltation; sand hopping; bedload saltation; reject=Reject videos where grains are already moving without visible saltation.; hard_negative_concepts=suspension cloud; landslide; simple settling,capability_label=DCR; dynamic_concept_id=DCR_EAR_SALT_001; linked_principle_id=EAR_ERO_001; aliases=grain saltation; sand hopping; bedload saltation; reject=Reject videos where grains are already moving without visible saltation.; hard_negative_concepts=suspension cloud; landslide; simple settling,DCR,DCR_EAR_SALT_001,sediment saltation,42
landslide failure slope model video,earth_environmental_systems,__construct_after_principle_video_gate__,earth_environmental_systems,geology_and_geophysical_change,0,60,"Cracks, deformation, and mass movement develop downslope.",principle_id=EAR_GEO_001; priority=core; reject=Reject post-landslide aftermath without failure sequence.; hard_negative_family=debris flow transport; erosion; glacier calving; capability_label=DMR,principle_id=EAR_GEO_001; priority=core; reject=Reject post-landslide aftermath without failure sequence.; hard_negative_family=debris flow transport; erosion; glacier calving; capability_label=DMR,DMR,,,43
slope instability landslide experiment video,earth_environmental_systems,__construct_after_principle_video_gate__,earth_environmental_systems,geology_and_geophysical_change,0,60,"Cracks, deformation, and mass movement develop downslope.",principle_id=EAR_GEO_001; priority=core; reject=Reject post-landslide aftermath without failure sequence.; hard_negative_family=debris flow transport; erosion; glacier calving; capability_label=DMR,principle_id=EAR_GEO_001; priority=core; reject=Reject post-landslide aftermath without failure sequence.; hard_negative_family=debris flow transport; erosion; glacier calving; capability_label=DMR,DMR,,,44
pyroclastic flow video,earth_environmental_systems,__construct_after_dcr_video_gate__,earth_environmental_systems,geology_and_geophysical_change,0,60,A ground-hugging ash cloud accelerates downslope from a volcanic source.,capability_label=DCR; dynamic_concept_id=DCR_EAR_PYRO_001; linked_principle_id=EAR_GEO_002; aliases=pyroclastic flow; ash gravity current; reject=Reject vertical ash plumes without ground-hugging flow.; hard_negative_concepts=ash plume rise; landslide dust; cloud shadow,capability_label=DCR; dynamic_concept_id=DCR_EAR_PYRO_001; linked_principle_id=EAR_GEO_002; aliases=pyroclastic flow; ash gravity current; reject=Reject vertical ash plumes without ground-hugging flow.; hard_negative_concepts=ash plume rise; landslide dust; cloud shadow,DCR,DCR_EAR_PYRO_001,pyroclastic density current,45
surface runoff slope erosion experiment video,earth_environmental_systems,__construct_after_principle_video_gate__,earth_environmental_systems,hydrology_and_flow_processes,0,60,"Water gathers, accelerates downslope, and forms rills or channels.",principle_id=EAR_HYD_001; priority=core; reject=Reject standing water or generic rain without flow paths.; hard_negative_family=capillary absorption; seepage only; wave motion; capability_label=DMR,principle_id=EAR_HYD_001; priority=core; reject=Reject standing water or generic rain without flow paths.; hard_negative_family=capillary absorption; seepage only; wave motion; capability_label=DMR,DMR,,,46
rainfall runoff flume video,earth_environmental_systems,__construct_after_principle_video_gate__,earth_environmental_systems,hydrology_and_flow_processes,0,60,"Water gathers, accelerates downslope, and forms rills or channels.",principle_id=EAR_HYD_001; priority=core; reject=Reject standing water or generic rain without flow paths.; hard_negative_family=capillary absorption; seepage only; wave motion; capability_label=DMR,principle_id=EAR_HYD_001; priority=core; reject=Reject standing water or generic rain without flow paths.; hard_negative_family=capillary absorption; seepage only; wave motion; capability_label=DMR,DMR,,,47
river meander migration time lapse,earth_environmental_systems,__construct_after_dcr_video_gate__,earth_environmental_systems,hydrology_and_flow_processes,0,60,A channel bend shifts laterally or cutbank/point-bar changes over time.,capability_label=DCR; dynamic_concept_id=DCR_EAR_MEANDER_001; linked_principle_id=EAR_HYD_001; aliases=river meander migration; cutbank erosion point bar deposition; reject=Reject static aerial images without change over time.; hard_negative_concepts=straight runoff; delta growth; debris flow,capability_label=DCR; dynamic_concept_id=DCR_EAR_MEANDER_001; linked_principle_id=EAR_HYD_001; aliases=river meander migration; cutbank erosion point bar deposition; reject=Reject static aerial images without change over time.; hard_negative_concepts=straight runoff; delta growth; debris flow,DCR,DCR_EAR_MEANDER_001,meander migration,48
cloud formation convection time lapse,earth_environmental_systems,__construct_after_principle_video_gate__,earth_environmental_systems,weather_and_atmospheric_dynamics,0,60,"Clouds initiate, rise, billow, and deepen vertically.",principle_id=EAR_WEA_001; priority=core; reject=Reject scenic clouds drifting with no growth or vertical development.; hard_negative_family=fog advection; smoke plume; rain band; capability_label=DMR,principle_id=EAR_WEA_001; priority=core; reject=Reject scenic clouds drifting with no growth or vertical development.; hard_negative_family=fog advection; smoke plume; rain band; capability_label=DMR,DMR,,,49
cumulus cloud tower growth time lapse,earth_environmental_systems,__construct_after_principle_video_gate__,earth_environmental_systems,weather_and_atmospheric_dynamics,0,60,"Clouds initiate, rise, billow, and deepen vertically.",principle_id=EAR_WEA_001; priority=core; reject=Reject scenic clouds drifting with no growth or vertical development.; hard_negative_family=fog advection; smoke plume; rain band; capability_label=DMR,principle_id=EAR_WEA_001; priority=core; reject=Reject scenic clouds drifting with no growth or vertical development.; hard_negative_family=fog advection; smoke plume; rain band; capability_label=DMR,DMR,,,50
downburst time lapse storm video,earth_environmental_systems,__construct_after_dcr_video_gate__,earth_environmental_systems,weather_and_atmospheric_dynamics,0,60,Cloud or precipitation core descends and surface outflow spreads radially.,capability_label=DCR; dynamic_concept_id=DCR_EAR_DOWN_001; linked_principle_id=EAR_WEA_001; aliases=microburst; descending storm outflow; reject=Reject clips without descending/outward flow evidence.; hard_negative_concepts=tornado; supercell rotation; ordinary rain shaft,capability_label=DCR; dynamic_concept_id=DCR_EAR_DOWN_001; linked_principle_id=EAR_WEA_001; aliases=microburst; descending storm outflow; reject=Reject clips without descending/outward flow evidence.; hard_negative_concepts=tornado; supercell rotation; ordinary rain shaft,DCR,DCR_EAR_DOWN_001,downburst,51
vacuum filtration filter cake formation video,engineering_operational_systems,__construct_after_principle_video_gate__,engineering_operational_systems,filtration_and_separation,0,60,Filtrate passes through while a solid cake accumulates upstream.,principle_id=ENG_SEP_001; priority=core; reject=Reject final filtered beakers without cake formation or fluid passage.; hard_negative_family=sedimentation; sieving; diffusion; capability_label=DMR,principle_id=ENG_SEP_001; priority=core; reject=Reject final filtered beakers without cake formation or fluid passage.; hard_negative_family=sedimentation; sieving; diffusion; capability_label=DMR,DMR,,,52
pressure filtration porous media video,engineering_operational_systems,__construct_after_principle_video_gate__,engineering_operational_systems,filtration_and_separation,0,60,Filtrate passes through while a solid cake accumulates upstream.,principle_id=ENG_SEP_001; priority=core; reject=Reject final filtered beakers without cake formation or fluid passage.; hard_negative_family=sedimentation; sieving; diffusion; capability_label=DMR,principle_id=ENG_SEP_001; priority=core; reject=Reject final filtered beakers without cake formation or fluid passage.; hard_negative_family=sedimentation; sieving; diffusion; capability_label=DMR,DMR,,,53
filter cake formation video,engineering_operational_systems,__construct_after_dcr_video_gate__,engineering_operational_systems,filtration_and_separation,0,60,A visible layer grows on the filter while filtrate flow changes.,capability_label=DCR; dynamic_concept_id=DCR_ENG_FIL_001; linked_principle_id=ENG_SEP_001; aliases=cake filtration; filter clogging front; reject=Reject clips showing only clean or final dirty filters.; hard_negative_concepts=sedimentation; simple pouring; centrifugation,capability_label=DCR; dynamic_concept_id=DCR_ENG_FIL_001; linked_principle_id=ENG_SEP_001; aliases=cake filtration; filter clogging front; reject=Reject clips showing only clean or final dirty filters.; hard_negative_concepts=sedimentation; simple pouring; centrifugation,DCR,DCR_ENG_FIL_001,filter cake formation,54
four bar linkage motion conversion video,engineering_operational_systems,__construct_after_principle_video_gate__,engineering_operational_systems,machines_control_and_failure_modes,0,60,"Input crank rotates while output point follows a bounded, straight, oscillating, or pick-and-place trajectory.",principle_id=ENG_MCH_001; priority=core; reject=Reject pure physics pendulums or animations without input-output transformation.; hard_negative_family=gear train; cam follower; free rotation; capability_label=DMR,principle_id=ENG_MCH_001; priority=core; reject=Reject pure physics pendulums or animations without input-output transformation.; hard_negative_family=gear train; cam follower; free rotation; capability_label=DMR,DMR,,,55
crank rocker linkage output path video,engineering_operational_systems,__construct_after_principle_video_gate__,engineering_operational_systems,machines_control_and_failure_modes,0,60,"Input crank rotates while output point follows a bounded, straight, oscillating, or pick-and-place trajectory.",principle_id=ENG_MCH_001; priority=core; reject=Reject pure physics pendulums or animations without input-output transformation.; hard_negative_family=gear train; cam follower; free rotation; capability_label=DMR,principle_id=ENG_MCH_001; priority=core; reject=Reject pure physics pendulums or animations without input-output transformation.; hard_negative_family=gear train; cam follower; free rotation; capability_label=DMR,DMR,,,56
machining chatter vibration video,engineering_operational_systems,__construct_after_dcr_video_gate__,engineering_operational_systems,machines_control_and_failure_modes,0,60,Tool or workpiece oscillates visibly with changing sound/surface pattern.,capability_label=DCR; dynamic_concept_id=DCR_ENG_CHATTER_001; linked_principle_id=ENG_FAIL_001; aliases=chatter vibration; regenerative chatter; reject=Reject clips with only final surface marks and no dynamic vibration.; hard_negative_concepts=steady cutting; built-up edge; resonance demo without cutting,capability_label=DCR; dynamic_concept_id=DCR_ENG_CHATTER_001; linked_principle_id=ENG_FAIL_001; aliases=chatter vibration; regenerative chatter; reject=Reject clips with only final surface marks and no dynamic vibration.; hard_negative_concepts=steady cutting; built-up edge; resonance demo without cutting,DCR,DCR_ENG_CHATTER_001,machining chatter,57
fluid mixing dye visualization video,engineering_operational_systems,__construct_after_principle_video_gate__,engineering_operational_systems,mixing_dispersion_and_wetting,0,60,Colored fluids or particles are stretched into filaments and distributed through the volume.,principle_id=ENG_MIX_001; priority=core; reject=Reject final homogeneous mixtures without mixing trajectory.; hard_negative_family=molecular diffusion only; precipitation; laminar reversible mixing; capability_label=DMR,principle_id=ENG_MIX_001; priority=core; reject=Reject final homogeneous mixtures without mixing trajectory.; hard_negative_family=molecular diffusion only; precipitation; laminar reversible mixing; capability_label=DMR,DMR,,,58
static mixer dye stretching folding video,engineering_operational_systems,__construct_after_principle_video_gate__,engineering_operational_systems,mixing_dispersion_and_wetting,0,60,Colored fluids or particles are stretched into filaments and distributed through the volume.,principle_id=ENG_MIX_001; priority=core; reject=Reject final homogeneous mixtures without mixing trajectory.; hard_negative_family=molecular diffusion only; precipitation; laminar reversible mixing; capability_label=DMR,principle_id=ENG_MIX_001; priority=core; reject=Reject final homogeneous mixtures without mixing trajectory.; hard_negative_family=molecular diffusion only; precipitation; laminar reversible mixing; capability_label=DMR,DMR,,,59
valve flow control transparent video,engineering_operational_systems,__construct_after_principle_video_gate__,engineering_operational_systems,pressure_flow_and_process_control,0,60,"Valve position changes are followed by flow-rate, jet, or level changes.",principle_id=ENG_PRS_001; priority=core; reject=Reject static valve cutaways without fluid response.; hard_negative_family=Venturi physics only; pump; siphon; capability_label=DMR,principle_id=ENG_PRS_001; priority=core; reject=Reject static valve cutaways without fluid response.; hard_negative_family=Venturi physics only; pump; siphon; capability_label=DMR,DMR,,,60
flow control valve pressure drop video,engineering_operational_systems,__construct_after_principle_video_gate__,engineering_operational_systems,pressure_flow_and_process_control,0,60,"Valve position changes are followed by flow-rate, jet, or level changes.",principle_id=ENG_PRS_001; priority=core; reject=Reject static valve cutaways without fluid response.; hard_negative_family=Venturi physics only; pump; siphon; capability_label=DMR,principle_id=ENG_PRS_001; priority=core; reject=Reject static valve cutaways without fluid response.; hard_negative_family=Venturi physics only; pump; siphon; capability_label=DMR,DMR,,,61
cavitation propeller slow motion,engineering_operational_systems,__construct_after_dcr_video_gate__,engineering_operational_systems,pressure_flow_and_process_control,0,60,"Bubbles appear near a propeller, valve, or pump and collapse or cloud dynamically.",capability_label=DCR; dynamic_concept_id=DCR_ENG_CAV_001; linked_principle_id=ENG_PRS_001; aliases=pump cavitation; vapor bubble collapse; propeller cavitation; reject=Reject clips with injected air bubbles but no pressure-driven collapse.; hard_negative_concepts=gas evolution; boiling; aeration,capability_label=DCR; dynamic_concept_id=DCR_ENG_CAV_001; linked_principle_id=ENG_PRS_001; aliases=pump cavitation; vapor bubble collapse; propeller cavitation; reject=Reject clips with injected air bubbles but no pressure-driven collapse.; hard_negative_concepts=gas evolution; boiling; aeration,DCR,DCR_ENG_CAV_001,cavitation,62
hot forging plastic deformation video,engineering_operational_systems,__construct_after_principle_video_gate__,engineering_operational_systems,thermal_process_control,0,60,Heated workpiece deforms progressively under hammer/press blows.,principle_id=ENG_THM_001; priority=core; reject=Reject cold hammering or decorative final shapes without deformation sequence.; hard_negative_family=thermal expansion; cutting; welding; capability_label=DMR,principle_id=ENG_THM_001; priority=core; reject=Reject cold hammering or decorative final shapes without deformation sequence.; hard_negative_family=thermal expansion; cutting; welding; capability_label=DMR,DMR,,,63
heated metal hammer forging slow motion,engineering_operational_systems,__construct_after_principle_video_gate__,engineering_operational_systems,thermal_process_control,0,60,Heated workpiece deforms progressively under hammer/press blows.,principle_id=ENG_THM_001; priority=core; reject=Reject cold hammering or decorative final shapes without deformation sequence.; hard_negative_family=thermal expansion; cutting; welding; capability_label=DMR,principle_id=ENG_THM_001; priority=core; reject=Reject cold hammering or decorative final shapes without deformation sequence.; hard_negative_family=thermal expansion; cutting; welding; capability_label=DMR,DMR,,,64
metal cutting chip formation slow motion,engineering_operational_systems,__construct_after_principle_video_gate__,engineering_operational_systems,tooling_force_and_precision,0,60,Tool advances and continuous or segmented chips form and evacuate.,principle_id=ENG_TOOL_001; priority=core; reject=Reject finished cuts without visible chip formation.; hard_negative_family=fracture impact; drilling; polishing; capability_label=DMR,principle_id=ENG_TOOL_001; priority=core; reject=Reject finished cuts without visible chip formation.; hard_negative_family=fracture impact; drilling; polishing; capability_label=DMR,DMR,,,65
orthogonal cutting shear plane video,engineering_operational_systems,__construct_after_principle_video_gate__,engineering_operational_systems,tooling_force_and_precision,0,60,Tool advances and continuous or segmented chips form and evacuate.,principle_id=ENG_TOOL_001; priority=core; reject=Reject finished cuts without visible chip formation.; hard_negative_family=fracture impact; drilling; polishing; capability_label=DMR,principle_id=ENG_TOOL_001; priority=core; reject=Reject finished cuts without visible chip formation.; hard_negative_family=fracture impact; drilling; polishing; capability_label=DMR,DMR,,,66
built up edge machining video,engineering_operational_systems,__construct_after_dcr_video_gate__,engineering_operational_systems,tooling_force_and_precision,0,60,Chip/tool contact shows adhesion growth and sudden detachment at the cutting edge.,capability_label=DCR; dynamic_concept_id=DCR_ENG_BUE_001; linked_principle_id=ENG_TOOL_001; aliases=BUE; built up edge machining; chip adhesion; reject=Reject clips without visible tool-edge adhesion dynamics.; hard_negative_concepts=continuous chip; chatter; tool wear only,capability_label=DCR; dynamic_concept_id=DCR_ENG_BUE_001; linked_principle_id=ENG_TOOL_001; aliases=BUE; built up edge machining; chip adhesion; reject=Reject clips without visible tool-edge adhesion dynamics.; hard_negative_concepts=continuous chip; chatter; tool wear only,DCR,DCR_ENG_BUE_001,built-up edge,67
momentum transfer collision slow motion,physics_physical_systems,__construct_after_principle_video_gate__,physics_physical_systems,collisions_and_momentum,0,60,Pre- and post-impact velocities/directions of colliding bodies visibly change.,principle_id=PHY_COL_001; priority=core; reject=Reject impacts without clear before/after motion or pure text diagrams.; hard_negative_family=friction slowing; gravitational fall; fluid drag; capability_label=DMR,principle_id=PHY_COL_001; priority=core; reject=Reject impacts without clear before/after motion or pure text diagrams.; hard_negative_family=friction slowing; gravitational fall; fluid drag; capability_label=DMR,DMR,,,68
two cart collision momentum video,physics_physical_systems,__construct_after_principle_video_gate__,physics_physical_systems,collisions_and_momentum,0,60,Pre- and post-impact velocities/directions of colliding bodies visibly change.,principle_id=PHY_COL_001; priority=core; reject=Reject impacts without clear before/after motion or pure text diagrams.; hard_negative_family=friction slowing; gravitational fall; fluid drag; capability_label=DMR,principle_id=PHY_COL_001; priority=core; reject=Reject impacts without clear before/after motion or pure text diagrams.; hard_negative_family=friction slowing; gravitational fall; fluid drag; capability_label=DMR,DMR,,,69
magnetic field alignment particles video,physics_physical_systems,__construct_after_principle_video_gate__,physics_physical_systems,electromagnetism_and_fields,0,60,"Needles, particles, or domains rotate or align when field direction changes.",principle_id=PHY_EM_001; priority=core; reject=Reject clips with magnets touching objects directly without field-driven alignment.; hard_negative_family=electric-field migration; gravity; fluid flow; capability_label=DMR,principle_id=PHY_EM_001; priority=core; reject=Reject clips with magnets touching objects directly without field-driven alignment.; hard_negative_family=electric-field migration; gravity; fluid flow; capability_label=DMR,DMR,,,70
magnetic dipole torque alignment video,physics_physical_systems,__construct_after_principle_video_gate__,physics_physical_systems,electromagnetism_and_fields,0,60,"Needles, particles, or domains rotate or align when field direction changes.",principle_id=PHY_EM_001; priority=core; reject=Reject clips with magnets touching objects directly without field-driven alignment.; hard_negative_family=electric-field migration; gravity; fluid flow; capability_label=DMR,principle_id=PHY_EM_001; priority=core; reject=Reject clips with magnets touching objects directly without field-driven alignment.; hard_negative_family=electric-field migration; gravity; fluid flow; capability_label=DMR,DMR,,,71
Venturi effect manometer video,physics_physical_systems,__construct_after_principle_video_gate__,physics_physical_systems,fluids_pressure_and_buoyancy,0,60,Manometer/liquid column or pressure indicator changes when flow starts or constriction speed increases.,principle_id=PHY_FLU_001; priority=core; reject=Reject videos showing only a pipe shape without flow or pressure response.; hard_negative_family=capillary rise; buoyancy; siphon; capability_label=DMR,principle_id=PHY_FLU_001; priority=core; reject=Reject videos showing only a pipe shape without flow or pressure response.; hard_negative_family=capillary rise; buoyancy; siphon; capability_label=DMR,DMR,,,72
Bernoulli pressure drop constriction video,physics_physical_systems,__construct_after_principle_video_gate__,physics_physical_systems,fluids_pressure_and_buoyancy,0,60,Manometer/liquid column or pressure indicator changes when flow starts or constriction speed increases.,principle_id=PHY_FLU_001; priority=core; reject=Reject videos showing only a pipe shape without flow or pressure response.; hard_negative_family=capillary rise; buoyancy; siphon; capability_label=DMR,principle_id=PHY_FLU_001; priority=core; reject=Reject videos showing only a pipe shape without flow or pressure response.; hard_negative_family=capillary rise; buoyancy; siphon; capability_label=DMR,DMR,,,73
Rayleigh Taylor instability video,physics_physical_systems,__construct_after_dcr_video_gate__,physics_physical_systems,fluids_pressure_and_buoyancy,0,60,Finger-like plumes grow downward/upward from an unstable density interface.,capability_label=DCR; dynamic_concept_id=DCR_PHY_RT_001; linked_principle_id=PHY_FLU_002; aliases=Rayleigh Taylor fingers; density inversion plumes; reject=Reject clips with no visible interface evolution.; hard_negative_concepts=diffusion; convection cell; simple pouring,capability_label=DCR; dynamic_concept_id=DCR_PHY_RT_001; linked_principle_id=PHY_FLU_002; aliases=Rayleigh Taylor fingers; density inversion plumes; reject=Reject clips with no visible interface evolution.; hard_negative_concepts=diffusion; convection cell; simple pouring,DCR,DCR_PHY_RT_001,Rayleigh-Taylor instability,74
free fall acceleration slow motion,physics_physical_systems,__construct_after_principle_video_gate__,physics_physical_systems,motion_forces_and_energy,0,60,Frame-to-frame downward displacement increases or tracked velocity increases during fall.,"principle_id=PHY_FOR_001; priority=core; reject=Reject static falling-object images, title-only gravity claims, and clips where the object is already moving without visible acceleration.; hard_negative_family=constant velocity; buoyant rise; projectile horizontal component; capability_label=DMR","principle_id=PHY_FOR_001; priority=core; reject=Reject static falling-object images, title-only gravity claims, and clips where the object is already moving without visible acceleration.; hard_negative_family=constant velocity; buoyant rise; projectile horizontal component; capability_label=DMR",DMR,,,75
falling object increasing speed video,physics_physical_systems,__construct_after_principle_video_gate__,physics_physical_systems,motion_forces_and_energy,0,60,Frame-to-frame downward displacement increases or tracked velocity increases during fall.,"principle_id=PHY_FOR_001; priority=core; reject=Reject static falling-object images, title-only gravity claims, and clips where the object is already moving without visible acceleration.; hard_negative_family=constant velocity; buoyant rise; projectile horizontal component; capability_label=DMR","principle_id=PHY_FOR_001; priority=core; reject=Reject static falling-object images, title-only gravity claims, and clips where the object is already moving without visible acceleration.; hard_negative_family=constant velocity; buoyant rise; projectile horizontal component; capability_label=DMR",DMR,,,76
banana kick slow motion,physics_physical_systems,__construct_after_dcr_video_gate__,physics_physical_systems,motion_forces_and_energy,0,60,A spinning ball follows a visibly curved path after launch.,capability_label=DCR; dynamic_concept_id=DCR_PHY_MAGNUS_001; linked_principle_id=PHY_FOR_002; aliases=banana shot; curveball; bending free kick; Magnus kick; reject=Reject clips without visible curved trajectory or without evidence of spin.; hard_negative_concepts=ordinary projectile arc; knuckleball; straight kick,capability_label=DCR; dynamic_concept_id=DCR_PHY_MAGNUS_001; linked_principle_id=PHY_FOR_002; aliases=banana shot; curveball; bending free kick; Magnus kick; reject=Reject clips without visible curved trajectory or without evidence of spin.; hard_negative_concepts=ordinary projectile arc; knuckleball; straight kick,DCR,DCR_PHY_MAGNUS_001,banana kick / curveball,77
pendulum energy transfer slow motion,physics_physical_systems,__construct_after_principle_video_gate__,physics_physical_systems,oscillation_rotation_and_vibration,0,60,Speed is highest near the bottom and lowest near the turning points over repeated cycles.,principle_id=PHY_OSC_001; priority=core; reject=Reject static pendulum images or clips without at least one full swing.; hard_negative_family=linear fall; rotating disk; fluid wave; capability_label=DMR,principle_id=PHY_OSC_001; priority=core; reject=Reject static pendulum images or clips without at least one full swing.; hard_negative_family=linear fall; rotating disk; fluid wave; capability_label=DMR,DMR,,,78
pendulum kinetic potential energy video,physics_physical_systems,__construct_after_principle_video_gate__,physics_physical_systems,oscillation_rotation_and_vibration,0,60,Speed is highest near the bottom and lowest near the turning points over repeated cycles.,principle_id=PHY_OSC_001; priority=core; reject=Reject static pendulum images or clips without at least one full swing.; hard_negative_family=linear fall; rotating disk; fluid wave; capability_label=DMR,principle_id=PHY_OSC_001; priority=core; reject=Reject static pendulum images or clips without at least one full swing.; hard_negative_family=linear fall; rotating disk; fluid wave; capability_label=DMR,DMR,,,79
twisting dive slow motion,physics_physical_systems,__construct_after_dcr_video_gate__,physics_physical_systems,oscillation_rotation_and_vibration,0,60,"The diver transitions through takeoff, somersault, twist, and entry.","capability_label=DCR; dynamic_concept_id=DCR_PHY_DIVE_001; linked_principle_id=PHY_OSC_003; aliases=twisting dive; platform dive twist; springboard twist; reject=Reject clips missing takeoff or entry, or where twist count is not visible.; hard_negative_concepts=plain somersault; cartwheel dive; static pose","capability_label=DCR; dynamic_concept_id=DCR_PHY_DIVE_001; linked_principle_id=PHY_OSC_003; aliases=twisting dive; platform dive twist; springboard twist; reject=Reject clips missing takeoff or entry, or where twist count is not visible.; hard_negative_concepts=plain somersault; cartwheel dive; static pose",DCR,DCR_PHY_DIVE_001,somersault twist dive,80
surface tension droplet relaxation slow motion,physics_physical_systems,__construct_after_principle_video_gate__,physics_physical_systems,surface_and_capillary_processes,0,60,"Elongated drops retract, oscillate, or relax toward rounder shapes.",principle_id=PHY_SUR_001; priority=core; reject=Reject still droplets or splash-only clips without relaxation dynamics.; hard_negative_family=gravity fall; wetting spread; evaporation; capability_label=DMR,principle_id=PHY_SUR_001; priority=core; reject=Reject still droplets or splash-only clips without relaxation dynamics.; hard_negative_family=gravity fall; wetting spread; evaporation; capability_label=DMR,DMR,,,81
liquid bridge surface tension retraction video,physics_physical_systems,__construct_after_principle_video_gate__,physics_physical_systems,surface_and_capillary_processes,0,60,"Elongated drops retract, oscillate, or relax toward rounder shapes.",principle_id=PHY_SUR_001; priority=core; reject=Reject still droplets or splash-only clips without relaxation dynamics.; hard_negative_family=gravity fall; wetting spread; evaporation; capability_label=DMR,principle_id=PHY_SUR_001; priority=core; reject=Reject still droplets or splash-only clips without relaxation dynamics.; hard_negative_family=gravity fall; wetting spread; evaporation; capability_label=DMR,DMR,,,82
capillary rise time lapse,physics_physical_systems,__construct_after_dcr_video_gate__,physics_physical_systems,surface_and_capillary_processes,0,60,"A liquid front rises or advances through a narrow tube, paper, or porous structure.",capability_label=DCR; dynamic_concept_id=DCR_PHY_CAP_001; linked_principle_id=PHY_SUR_002; aliases=capillary action; wicking front; paper chromatography rise; reject=Reject clips where liquid is simply poured or already at final height.; hard_negative_concepts=bulk pouring; diffusion cloud; surface beading,capability_label=DCR; dynamic_concept_id=DCR_PHY_CAP_001; linked_principle_id=PHY_SUR_002; aliases=capillary action; wicking front; paper chromatography rise; reject=Reject clips where liquid is simply poured or already at final height.; hard_negative_concepts=bulk pouring; diffusion cloud; surface beading,DCR,DCR_PHY_CAP_001,capillary rise,83
bimetallic strip thermal expansion video,physics_physical_systems,__construct_after_principle_video_gate__,physics_physical_systems,thermal_physical_response,0,60,Composite strip or bonded structure curves as temperature changes.,principle_id=PHY_THR_001; priority=core; reject=Reject heating clips without visible deformation or temperature-linked response.; hard_negative_family=plastic deformation by force; pendulum; melting; capability_label=DMR,principle_id=PHY_THR_001; priority=core; reject=Reject heating clips without visible deformation or temperature-linked response.; hard_negative_family=plastic deformation by force; pendulum; melting; capability_label=DMR,DMR,,,84
differential thermal expansion bending video,physics_physical_systems,__construct_after_principle_video_gate__,physics_physical_systems,thermal_physical_response,0,60,Composite strip or bonded structure curves as temperature changes.,principle_id=PHY_THR_001; priority=core; reject=Reject heating clips without visible deformation or temperature-linked response.; hard_negative_family=plastic deformation by force; pendulum; melting; capability_label=DMR,principle_id=PHY_THR_001; priority=core; reject=Reject heating clips without visible deformation or temperature-linked response.; hard_negative_family=plastic deformation by force; pendulum; melting; capability_label=DMR,DMR,,,85
Leidenfrost effect droplet slow motion,physics_physical_systems,__construct_after_dcr_video_gate__,physics_physical_systems,thermal_physical_response,0,60,"Droplets skitter, glide, or persist on a hot surface instead of immediately boiling away.",capability_label=DCR; dynamic_concept_id=DCR_PHY_LEIDEN_001; linked_principle_id=PHY_THR_002; aliases=Leidenfrost droplet; vapor cushion droplet; reject=Reject ordinary boiling without gliding or vapor-layer behavior.; hard_negative_concepts=ordinary boiling; wetting spread; evaporation,capability_label=DCR; dynamic_concept_id=DCR_PHY_LEIDEN_001; linked_principle_id=PHY_THR_002; aliases=Leidenfrost droplet; vapor cushion droplet; reject=Reject ordinary boiling without gliding or vapor-layer behavior.; hard_negative_concepts=ordinary boiling; wetting spread; evaporation,DCR,DCR_PHY_LEIDEN_001,Leidenfrost effect,86
peristaltic locomotion caterpillar time lapse,biology_living_systems,__construct_after_principle_video_gate__,biology_living_systems,animal_locomotion_and_biomechanics,0,60,Soft body shortens/extends in waves while contact points shift and the body advances.,principle_id=BIO_LOC_002; priority=core; reject=Reject legged walking where no contraction wave is visible.; hard_negative_family=jet propulsion; tripod gait; passive drift; capability_label=DMR,principle_id=BIO_LOC_002; priority=core; reject=Reject legged walking where no contraction wave is visible.; hard_negative_family=jet propulsion; tripod gait; passive drift; capability_label=DMR,DMR,,,87
earthworm peristaltic crawling video,biology_living_systems,__construct_after_principle_video_gate__,biology_living_systems,animal_locomotion_and_biomechanics,0,60,Soft body shortens/extends in waves while contact points shift and the body advances.,principle_id=BIO_LOC_002; priority=core; reject=Reject legged walking where no contraction wave is visible.; hard_negative_family=jet propulsion; tripod gait; passive drift; capability_label=DMR,principle_id=BIO_LOC_002; priority=core; reject=Reject legged walking where no contraction wave is visible.; hard_negative_family=jet propulsion; tripod gait; passive drift; capability_label=DMR,DMR,,,88
squid jet propulsion slow motion,biology_living_systems,__construct_after_dcr_video_gate__,biology_living_systems,animal_locomotion_and_biomechanics,0,60,A bell or mantle contracts and the body moves opposite the expelled fluid.,capability_label=DCR; dynamic_concept_id=DCR_BIO_JET_001; linked_principle_id=BIO_LOC_001; aliases=jellyfish propulsion; squid jetting; reject=Reject swimming clips without visible contraction-pulse displacement.; hard_negative_concepts=flapping lift; undulation; crawling,capability_label=DCR; dynamic_concept_id=DCR_BIO_JET_001; linked_principle_id=BIO_LOC_001; aliases=jellyfish propulsion; squid jetting; reject=Reject swimming clips without visible contraction-pulse displacement.; hard_negative_concepts=flapping lift; undulation; crawling,DCR,DCR_BIO_JET_001,jet propulsion swimming,89
cytokinesis contractile ring time lapse,biology_living_systems,__construct_after_principle_video_gate__,biology_living_systems,germination_and_development,0,60,A cleavage furrow deepens until one cell becomes two.,principle_id=BIO_CELL_002; priority=core; reject=Reject static two-cell images or pure animation without real dynamics.; hard_negative_family=mitosis chromosome motion; apoptosis; cell migration; capability_label=DMR,principle_id=BIO_CELL_002; priority=core; reject=Reject static two-cell images or pure animation without real dynamics.; hard_negative_family=mitosis chromosome motion; apoptosis; cell migration; capability_label=DMR,DMR,,,90
cell cleavage furrow live imaging,biology_living_systems,__construct_after_principle_video_gate__,biology_living_systems,germination_and_development,0,60,A cleavage furrow deepens until one cell becomes two.,principle_id=BIO_CELL_002; priority=core; reject=Reject static two-cell images or pure animation without real dynamics.; hard_negative_family=mitosis chromosome motion; apoptosis; cell migration; capability_label=DMR,principle_id=BIO_CELL_002; priority=core; reject=Reject static two-cell images or pure animation without real dynamics.; hard_negative_family=mitosis chromosome motion; apoptosis; cell migration; capability_label=DMR,DMR,,,91
cell division mitosis microscopy video,biology_living_systems,__construct_after_dcr_video_gate__,biology_living_systems,germination_and_development,0,60,"Chromosomes align, separate, and move to opposite poles.",capability_label=DCR; dynamic_concept_id=DCR_BIO_MITOSIS_001; linked_principle_id=BIO_CELL_001; aliases=cell division mitosis; chromosome segregation; reject=Reject static diagrams or clips without chromosome movement.; hard_negative_concepts=cytokinesis only; cell migration; apoptosis,capability_label=DCR; dynamic_concept_id=DCR_BIO_MITOSIS_001; linked_principle_id=BIO_CELL_001; aliases=cell division mitosis; chromosome segregation; reject=Reject static diagrams or clips without chromosome movement.; hard_negative_concepts=cytokinesis only; cell migration; apoptosis,DCR,DCR_BIO_MITOSIS_001,mitosis,92
immune cell crawling microscopy,biology_living_systems,__construct_after_principle_video_gate__,biology_living_systems,organism_behavior_and_taxis,0,60,"Leading edge protrudes, adhesions shift, rear retracts, and the cell body translocates.",principle_id=BIO_CELL_003; priority=core; reject=Reject random cell shape changes without net displacement.; hard_negative_family=Brownian motion; ciliary swimming; mitosis; capability_label=DMR,principle_id=BIO_CELL_003; priority=core; reject=Reject random cell shape changes without net displacement.; hard_negative_family=Brownian motion; ciliary swimming; mitosis; capability_label=DMR,DMR,,,93
chemotaxis cell migration gradient time lapse,biology_living_systems,__construct_after_principle_video_gate__,biology_living_systems,organism_behavior_and_taxis,0,60,Trajectories accumulate toward/away from a chemical source or gradient.,principle_id=BIO_TAX_001; priority=core; reject=Reject random wandering without gradient cue.; hard_negative_family=phototaxis; Brownian motion; thermotaxis; capability_label=DMR,principle_id=BIO_TAX_001; priority=core; reject=Reject random wandering without gradient cue.; hard_negative_family=phototaxis; Brownian motion; thermotaxis; capability_label=DMR,DMR,,,94
courtship display animal behavior video,biology_living_systems,__construct_after_dcr_video_gate__,biology_living_systems,organism_behavior_and_taxis,0,60,The animal performs a repeated display sequence toward a potential mate or rival.,capability_label=DCR; dynamic_concept_id=DCR_BIO_DISPLAY_001; linked_principle_id=BIO_TAX_004; aliases=mating display; courtship dance; lek display; reject=Reject generic walking or flight without display context and sequence.; hard_negative_concepts=foraging; locomotion; aggression display,capability_label=DCR; dynamic_concept_id=DCR_BIO_DISPLAY_001; linked_principle_id=BIO_TAX_004; aliases=mating display; courtship dance; lek display; reject=Reject generic walking or flight without display context and sequence.; hard_negative_concepts=foraging; locomotion; aggression display,DCR,DCR_BIO_DISPLAY_001,courtship display,95
photosynthesis rate bubbles light video,biology_living_systems,__construct_after_principle_video_gate__,biology_living_systems,plant_growth_and_tropisms,0,60,Oxygen bubbles increase after light exposure or light intensity changes.,principle_id=BIO_ENE_001; priority=core; reject=Reject generic plant growth videos or final gas collection only.; hard_negative_family=respiration CO2; boiling; gas evolution chemistry; capability_label=DMR,principle_id=BIO_ENE_001; priority=core; reject=Reject generic plant growth videos or final gas collection only.; hard_negative_family=respiration CO2; boiling; gas evolution chemistry; capability_label=DMR,DMR,,,96
phototropism plant shoot bending time lapse,biology_living_systems,__construct_after_principle_video_gate__,biology_living_systems,plant_growth_and_tropisms,0,60,Shoot curvature gradually changes toward a visible or known light source.,principle_id=BIO_TRO_001; priority=core; reject=Reject normal vertical growth without directional stimulus.; hard_negative_family=circumnutation; germination; stomata; capability_label=DMR,principle_id=BIO_TRO_001; priority=core; reject=Reject normal vertical growth without directional stimulus.; hard_negative_family=circumnutation; germination; stomata; capability_label=DMR,DMR,,,97
plant gravitropism reorientation video,biology_living_systems,__construct_after_dcr_video_gate__,biology_living_systems,plant_growth_and_tropisms,0,60,Roots or shoots curve after the plant is rotated.,capability_label=DCR; dynamic_concept_id=DCR_BIO_GRAVI_001; linked_principle_id=BIO_TRO_002; aliases=geotropism; root gravitropism; shoot gravitropism; reject=Reject clips without a rotation/reorientation event.; hard_negative_concepts=phototropism; hydrotropism; simple elongation,capability_label=DCR; dynamic_concept_id=DCR_BIO_GRAVI_001; linked_principle_id=BIO_TRO_002; aliases=geotropism; root gravitropism; shoot gravitropism; reject=Reject clips without a rotation/reorientation event.; hard_negative_concepts=phototropism; hydrotropism; simple elongation,DCR,DCR_BIO_GRAVI_001,gravitropism,98
Venus flytrap closure trigger hair video,biology_living_systems,__construct_after_principle_video_gate__,biology_living_systems,plant_nastic_movements,0,60,Touch is followed by rapid closure or bending independent of stimulus direction.,principle_id=BIO_NAS_001; priority=core; reject=Reject closed-only/open-only frames or clips where touch is not visible.; hard_negative_family=thigmotropism; phototropism; wilting; capability_label=DMR,principle_id=BIO_NAS_001; priority=core; reject=Reject closed-only/open-only frames or clips where touch is not visible.; hard_negative_family=thigmotropism; phototropism; wilting; capability_label=DMR,DMR,,,99
nyctinasty leaf movement time lapse,biology_living_systems,__construct_after_principle_video_gate__,biology_living_systems,plant_nastic_movements,0,60,Leaves open/close or change angle over day-night transitions.,principle_id=BIO_NAS_002; priority=core; reject=Reject generic wind movement or one-state leaf images.; hard_negative_family=phototropism; wilting; touch response; capability_label=DMR,principle_id=BIO_NAS_002; priority=core; reject=Reject generic wind movement or one-state leaf images.; hard_negative_family=phototropism; wilting; touch response; capability_label=DMR,DMR,,,100
Elodea plasmolysis time lapse,biology_living_systems,__construct_after_principle_video_gate__,biology_living_systems,plant_water_relations_and_turgor,0,60,Protoplast shrinks away from cell wall in hypertonic solution and recovers in water.,principle_id=BIO_TRA_001; priority=core; reject=Reject single final plasmolyzed images or label-only school videos.; hard_negative_family=cytoplasmic streaming; stomata; diffusion in water; capability_label=DMR,principle_id=BIO_TRA_001; priority=core; reject=Reject single final plasmolyzed images or label-only school videos.; hard_negative_family=cytoplasmic streaming; stomata; diffusion in water; capability_label=DMR,DMR,,,101
stomata opening closing guard cell turgor time lapse,biology_living_systems,__construct_after_principle_video_gate__,biology_living_systems,plant_water_relations_and_turgor,0,60,Stomatal aperture increases or decreases as guard cells change shape.,principle_id=BIO_TRA_002; priority=core; reject=Reject static stomata views or graphs without visible pore change.; hard_negative_family=phototropism; plasmolysis; leaf folding; capability_label=DMR,principle_id=BIO_TRA_002; priority=core; reject=Reject static stomata views or graphs without visible pore change.; hard_negative_family=phototropism; plasmolysis; leaf folding; capability_label=DMR,DMR,,,102
plant cell plasmolysis video,biology_living_systems,__construct_after_dcr_video_gate__,biology_living_systems,plant_water_relations_and_turgor,0,60,The protoplast shrinks away from the cell wall and may recover in water.,capability_label=DCR; dynamic_concept_id=DCR_BIO_PLASM_001; linked_principle_id=BIO_TRA_001; aliases=plasmolysis; deplasmolysis; plant cell osmotic shrinkage; reject=Reject single final plasmolyzed images or label-only clips.; hard_negative_concepts=cytoplasmic streaming; cell division; diffusion dye,capability_label=DCR; dynamic_concept_id=DCR_BIO_PLASM_001; linked_principle_id=BIO_TRA_001; aliases=plasmolysis; deplasmolysis; plant cell osmotic shrinkage; reject=Reject single final plasmolyzed images or label-only clips.; hard_negative_concepts=cytoplasmic streaming; cell division; diffusion dye,DCR,DCR_BIO_PLASM_001,plasmolysis and deplasmolysis,103
microfluidic diffusion video,chemistry_materials_change,__construct_after_principle_video_gate__,chemistry_materials_change,diffusion_mixing_and_transport,0,60,Dye or solute front broadens from high concentration to low concentration.,principle_id=CHM_DIF_001; priority=core; reject=Reject turbulent stirring when diffusion cannot be separated.; hard_negative_family=vortex mixing; precipitation; convection; capability_label=DMR,principle_id=CHM_DIF_001; priority=core; reject=Reject turbulent stirring when diffusion cannot be separated.; hard_negative_family=vortex mixing; precipitation; convection; capability_label=DMR,DMR,,,104
laminar mixing stretching folding dye video,chemistry_materials_change,__construct_after_principle_video_gate__,chemistry_materials_change,diffusion_mixing_and_transport,0,60,Colored bands elongate into thin layers and may reverse under reversed shear.,principle_id=CHM_DIF_002; priority=core; reject=Reject fully turbulent mixing or simple shaking.; hard_negative_family=diffusion only; vortex turbulence; precipitation; capability_label=DMR,principle_id=CHM_DIF_002; priority=core; reject=Reject fully turbulent mixing or simple shaking.; hard_negative_family=diffusion only; vortex turbulence; precipitation; capability_label=DMR,DMR,,,105
reversible laminar mixing video,chemistry_materials_change,__construct_after_dcr_video_gate__,chemistry_materials_change,diffusion_mixing_and_transport,0,60,Colored bands elongate into layers and may reverse when shear is reversed.,capability_label=DCR; dynamic_concept_id=DCR_CHEM_DIFF_001; linked_principle_id=CHM_DIF_002; aliases=reversible laminar mixing; viscous folding; reject=Reject simple shaking or turbulent mixing clips.; hard_negative_concepts=turbulent mixing; diffusion only; precipitation,capability_label=DCR; dynamic_concept_id=DCR_CHEM_DIFF_001; linked_principle_id=CHM_DIF_002; aliases=reversible laminar mixing; viscous folding; reject=Reject simple shaking or turbulent mixing clips.; hard_negative_concepts=turbulent mixing; diffusion only; precipitation,DCR,DCR_CHEM_DIFF_001,Taylor-Couette laminar mixing,106
hydrogen gas evolution reaction video,chemistry_materials_change,__construct_after_principle_video_gate__,chemistry_materials_change,gas_evolution_and_combustion,0,60,"Bubbles nucleate and rise, foam grows, or liquid volume changes after reactants meet.",principle_id=CHM_GAS_001; priority=core; reject=Reject ordinary boiling or pre-existing bubbles.; hard_negative_family=boiling; precipitation; diffusion; capability_label=DMR,principle_id=CHM_GAS_001; priority=core; reject=Reject ordinary boiling or pre-existing bubbles.; hard_negative_family=boiling; precipitation; diffusion; capability_label=DMR,DMR,,,107
flame extinction oxygen deprivation video,chemistry_materials_change,__construct_after_principle_video_gate__,chemistry_materials_change,gas_evolution_and_combustion,0,60,"Flame appears, propagates, or extinguishes after oxygen/fuel/temperature changes.",principle_id=CHM_GAS_002; priority=core; reject=Reject clips that only show a flame without causal change.; hard_negative_family=redox color; evaporation; glow without flame; capability_label=DMR,principle_id=CHM_GAS_002; priority=core; reject=Reject clips that only show a flame without causal change.; hard_negative_family=redox color; evaporation; glow without flame; capability_label=DMR,DMR,,,108
heat softening material deformation video,chemistry_materials_change,__construct_after_principle_video_gate__,chemistry_materials_change,material_deformation_and_response,0,60,"Material deforms, sags, flows, or breaks as temperature increases.",principle_id=CHM_MAT_002; priority=core; reject=Reject post-heating final shape without thermal sequence.; hard_negative_family=mechanical cutting; crystallization; combustion; capability_label=DMR,principle_id=CHM_MAT_002; priority=core; reject=Reject post-heating final shape without thermal sequence.; hard_negative_family=mechanical cutting; crystallization; combustion; capability_label=DMR,DMR,,,109
polymer melting deformation time lapse,chemistry_materials_change,__construct_after_principle_video_gate__,chemistry_materials_change,material_deformation_and_response,0,60,"Material deforms, sags, flows, or breaks as temperature increases.",principle_id=CHM_MAT_002; priority=core; reject=Reject post-heating final shape without thermal sequence.; hard_negative_family=mechanical cutting; crystallization; combustion; capability_label=DMR,principle_id=CHM_MAT_002; priority=core; reject=Reject post-heating final shape without thermal sequence.; hard_negative_family=mechanical cutting; crystallization; combustion; capability_label=DMR,DMR,,,110
non Newtonian fluid impact video,chemistry_materials_change,__construct_after_dcr_video_gate__,chemistry_materials_change,material_deformation_and_response,0,60,The same material flows slowly but resists or fractures under rapid impact.,capability_label=DCR; dynamic_concept_id=DCR_CHEM_THICK_001; linked_principle_id=CHM_MAT_001; aliases=non-Newtonian fluid impact; oobleck solid-like impact; reject=Reject clips showing only slow pouring or only a static impact aftermath.; hard_negative_concepts=high viscosity liquid; gel; plastic clay,capability_label=DCR; dynamic_concept_id=DCR_CHEM_THICK_001; linked_principle_id=CHM_MAT_001; aliases=non-Newtonian fluid impact; oobleck solid-like impact; reject=Reject clips showing only slow pouring or only a static impact aftermath.; hard_negative_concepts=high viscosity liquid; gel; plastic clay,DCR,DCR_CHEM_THICK_001,shear thickening,111
sodium acetate crystallization video,chemistry_materials_change,__construct_after_principle_video_gate__,chemistry_materials_change,phase_change_and_crystallization,0,60,Crystal nuclei appear and faces/fronts expand through solution.,principle_id=CHM_PHA_001; priority=core; reject=Reject static crystals or source-only crystallization titles.; hard_negative_family=precipitation cloud; dye diffusion; melting only; capability_label=DMR,principle_id=CHM_PHA_001; priority=core; reject=Reject static crystals or source-only crystallization titles.; hard_negative_family=precipitation cloud; dye diffusion; melting only; capability_label=DMR,DMR,,,112
solidification front time lapse,chemistry_materials_change,__construct_after_principle_video_gate__,chemistry_materials_change,phase_change_and_crystallization,0,60,A visible solid-liquid boundary advances or dendrites grow.,principle_id=CHM_PHA_002; priority=core; reject=Reject final frozen samples without front propagation.; hard_negative_family=precipitation; evaporation; gas evolution; capability_label=DMR,principle_id=CHM_PHA_002; priority=core; reject=Reject final frozen samples without front propagation.; hard_negative_family=precipitation; evaporation; gas evolution; capability_label=DMR,DMR,,,113
metal dendrite growth video,chemistry_materials_change,__construct_after_dcr_video_gate__,chemistry_materials_change,phase_change_and_crystallization,0,60,Branching crystals extend from nucleation sites over time.,capability_label=DCR; dynamic_concept_id=DCR_CHEM_DEND_001; linked_principle_id=CHM_PHA_002; aliases=dendrite growth; branching crystal growth; metal dendrites; reject=Reject final crystals without visible growth sequence.; hard_negative_concepts=precipitate cloud; final crystal; random sediment,capability_label=DCR; dynamic_concept_id=DCR_CHEM_DEND_001; linked_principle_id=CHM_PHA_002; aliases=dendrite growth; branching crystal growth; metal dendrites; reject=Reject final crystals without visible growth sequence.; hard_negative_concepts=precipitate cloud; final crystal; random sediment,DCR,DCR_CHEM_DEND_001,dendritic crystal growth,114
lead iodide precipitation video,chemistry_materials_change,__construct_after_principle_video_gate__,chemistry_materials_change,precipitation_and_solubility,0,60,Solutions become cloudy or solid particles appear after mixing.,principle_id=CHM_PRE_001; priority=core; reject=Reject if the solid is already present before mixing or the identity is only in source text.; hard_negative_family=gas bubbles; dye diffusion; crystallization front; capability_label=DMR,principle_id=CHM_PRE_001; priority=core; reject=Reject if the solid is already present before mixing or the identity is only in source text.; hard_negative_family=gas bubbles; dye diffusion; crystallization front; capability_label=DMR,DMR,,,115
diffusion precipitation band reaction video,chemistry_materials_change,__construct_after_principle_video_gate__,chemistry_materials_change,precipitation_and_solubility,0,60,"Solid appears where two liquids meet, often as rings, tubes, or membranes.",principle_id=CHM_PRE_002; priority=core; reject=Reject bulk turbidity without visible interface or local formation.; hard_negative_family=homogeneous crystallization; pH color; gas evolution; capability_label=DMR,principle_id=CHM_PRE_002; priority=core; reject=Reject bulk turbidity without visible interface or local formation.; hard_negative_family=homogeneous crystallization; pH color; gas evolution; capability_label=DMR,DMR,,,116
silicate garden precipitation tubes video,chemistry_materials_change,__construct_after_dcr_video_gate__,chemistry_materials_change,precipitation_and_solubility,0,60,Colored tubular or branching structures grow upward/outward in solution.,capability_label=DCR; dynamic_concept_id=DCR_CHEM_GARDEN_001; linked_principle_id=CHM_PRE_002; aliases=silicate garden; precipitation tubes; crystal garden; reject=Reject static finished gardens without growth sequence.; hard_negative_concepts=ordinary crystallization; dye diffusion; bubbles,capability_label=DCR; dynamic_concept_id=DCR_CHEM_GARDEN_001; linked_principle_id=CHM_PRE_002; aliases=silicate garden; precipitation tubes; crystal garden; reject=Reject static finished gardens without growth sequence.; hard_negative_concepts=ordinary crystallization; dye diffusion; bubbles,DCR,DCR_CHEM_GARDEN_001,chemical garden,117
Benedict test reducing sugar precipitate video,chemistry_materials_change,__construct_after_principle_video_gate__,chemistry_materials_change,redox_and_endpoint_reactions,0,60,Blue reagent changes toward orange-red and precipitate forms during heating.,principle_id=CHM_RED_002; priority=core; reject=Reject if only final tube colors are shown or source text supplies all chemistry.; hard_negative_family=iodine clock; pH indicator; simple dye mixing; capability_label=DMR,principle_id=CHM_RED_002; priority=core; reject=Reject if only final tube colors are shown or source text supplies all chemistry.; hard_negative_family=iodine clock; pH indicator; simple dye mixing; capability_label=DMR,DMR,,,118
Benedict reagent color change heating video,chemistry_materials_change,__construct_after_principle_video_gate__,chemistry_materials_change,redox_and_endpoint_reactions,0,60,Blue reagent changes toward orange-red and precipitate forms during heating.,principle_id=CHM_RED_002; priority=core; reject=Reject if only final tube colors are shown or source text supplies all chemistry.; hard_negative_family=iodine clock; pH indicator; simple dye mixing; capability_label=DMR,principle_id=CHM_RED_002; priority=core; reject=Reject if only final tube colors are shown or source text supplies all chemistry.; hard_negative_family=iodine clock; pH indicator; simple dye mixing; capability_label=DMR,DMR,,,119
Benedict reagent precipitate heating video,chemistry_materials_change,__construct_after_dcr_video_gate__,chemistry_materials_change,redox_and_endpoint_reactions,0,60,Blue solution changes toward orange-red with precipitate formation while heated.,capability_label=DCR; dynamic_concept_id=DCR_CHEM_BENEDICT_001; linked_principle_id=CHM_RED_002; aliases=Benedict reagent; reducing sugar test; reject=Reject final tube comparisons without the heating transition.; hard_negative_concepts=iodine test; pH indicator; simple boiling,capability_label=DCR; dynamic_concept_id=DCR_CHEM_BENEDICT_001; linked_principle_id=CHM_RED_002; aliases=Benedict reagent; reducing sugar test; reject=Reject final tube comparisons without the heating transition.; hard_negative_concepts=iodine test; pH indicator; simple boiling,DCR,DCR_CHEM_BENEDICT_001,Benedict test positive reaction,120
glacier movement markers time lapse,earth_environmental_systems,__construct_after_principle_video_gate__,earth_environmental_systems,cryosphere_and_seasonal_change,0,60,"Ice features, crevasses, or markers move over time.",principle_id=EAR_CRY_001; priority=core; reject=Reject glacier scenery without measurable motion.; hard_negative_family=river flow; avalanche; calving only; capability_label=DMR,principle_id=EAR_CRY_001; priority=core; reject=Reject glacier scenery without measurable motion.; hard_negative_family=river flow; avalanche; calving only; capability_label=DMR,DMR,,,121
glacier calving slow motion,earth_environmental_systems,__construct_after_principle_video_gate__,earth_environmental_systems,cryosphere_and_seasonal_change,0,60,Cracks widen and a block breaks from the glacier front into water.,principle_id=EAR_CRY_002; priority=core; reject=Reject clips that only show floating ice after detachment.; hard_negative_family=landslide; freeze-thaw; wave breaking; capability_label=DMR,principle_id=EAR_CRY_002; priority=core; reject=Reject clips that only show floating ice after detachment.; hard_negative_family=landslide; freeze-thaw; wave breaking; capability_label=DMR,DMR,,,122
iceberg calving slow motion,earth_environmental_systems,__construct_after_dcr_video_gate__,earth_environmental_systems,cryosphere_and_seasonal_change,0,60,"An ice front cracks, detaches, falls, and generates waves or roll-over.",capability_label=DCR; dynamic_concept_id=DCR_EAR_GLCALV_001; linked_principle_id=EAR_CRY_002; aliases=iceberg calving; ice cliff collapse; reject=Reject clips showing only floating ice after detachment.; hard_negative_concepts=avalanche; ordinary wave; glacier flow,capability_label=DCR; dynamic_concept_id=DCR_EAR_GLCALV_001; linked_principle_id=EAR_CRY_002; aliases=iceberg calving; ice cliff collapse; reject=Reject clips showing only floating ice after detachment.; hard_negative_concepts=avalanche; ordinary wave; glacier flow,DCR,DCR_EAR_GLCALV_001,glacier calving,123
hunting behavior prey escape video,earth_environmental_systems,__construct_after_principle_video_gate__,earth_environmental_systems,ecosystem_interactions,0,60,"Predator approaches, accelerates or strikes, prey escapes or is captured.",principle_id=EAR_ECO_001; priority=core; reject=Reject simple co-presence of organisms without interaction sequence.; hard_negative_family=pollination; taxis; passive movement; capability_label=DMR,principle_id=EAR_ECO_001; priority=core; reject=Reject simple co-presence of organisms without interaction sequence.; hard_negative_family=pollination; taxis; passive movement; capability_label=DMR,DMR,,,124
pollination insect flower contact slow motion,earth_environmental_systems,__construct_after_principle_video_gate__,earth_environmental_systems,ecosystem_interactions,0,60,Visitor contacts anthers/stigma and then moves away or to another flower.,principle_id=EAR_ECO_002; priority=core; reject=Reject flower visitor videos without contact to reproductive parts.; hard_negative_family=feeding only; phototaxis; wind; capability_label=DMR,principle_id=EAR_ECO_002; priority=core; reject=Reject flower visitor videos without contact to reproductive parts.; hard_negative_family=feeding only; phototaxis; wind; capability_label=DMR,DMR,,,125
grain entrainment by water flow video,earth_environmental_systems,__construct_after_principle_video_gate__,earth_environmental_systems,erosion_transport_and_deposition,0,60,"Grains transition from rest to rolling, saltation, or suspension as flow increases.",principle_id=EAR_ERO_001; priority=core; reject=Reject sediment already moving without flow change or threshold evidence.; hard_negative_family=debris flow; diffusion; landslide; capability_label=DMR,principle_id=EAR_ERO_001; priority=core; reject=Reject sediment already moving without flow change or threshold evidence.; hard_negative_family=debris flow; diffusion; landslide; capability_label=DMR,DMR,,,126
sediment sorting flume experiment video,earth_environmental_systems,__construct_after_principle_video_gate__,earth_environmental_systems,erosion_transport_and_deposition,0,60,Particles separate spatially or layers form as flow slows.,principle_id=EAR_ERO_002; priority=core; reject=Reject final sorted samples without movement/deposition sequence.; hard_negative_family=filtration; granular vibration; chemical precipitation; capability_label=DMR,principle_id=EAR_ERO_002; priority=core; reject=Reject final sorted samples without movement/deposition sequence.; hard_negative_family=filtration; granular vibration; chemical precipitation; capability_label=DMR,DMR,,,127
sand grain saltation slow motion,earth_environmental_systems,__construct_after_dcr_video_gate__,earth_environmental_systems,erosion_transport_and_deposition,0,60,Particles transition from rest to bouncing/hopping transport above a bed.,capability_label=DCR; dynamic_concept_id=DCR_EAR_SALT_001; linked_principle_id=EAR_ERO_001; aliases=grain saltation; sand hopping; bedload saltation; reject=Reject videos where grains are already moving without visible saltation.; hard_negative_concepts=suspension cloud; landslide; simple settling,capability_label=DCR; dynamic_concept_id=DCR_EAR_SALT_001; linked_principle_id=EAR_ERO_001; aliases=grain saltation; sand hopping; bedload saltation; reject=Reject videos where grains are already moving without visible saltation.; hard_negative_concepts=suspension cloud; landslide; simple settling,DCR,DCR_EAR_SALT_001,sediment saltation,128
soil slope collapse time lapse,earth_environmental_systems,__construct_after_principle_video_gate__,earth_environmental_systems,geology_and_geophysical_change,0,60,"Cracks, deformation, and mass movement develop downslope.",principle_id=EAR_GEO_001; priority=core; reject=Reject post-landslide aftermath without failure sequence.; hard_negative_family=debris flow transport; erosion; glacier calving; capability_label=DMR,principle_id=EAR_GEO_001; priority=core; reject=Reject post-landslide aftermath without failure sequence.; hard_negative_family=debris flow transport; erosion; glacier calving; capability_label=DMR,DMR,,,129
pyroclastic density current experiment video,earth_environmental_systems,__construct_after_principle_video_gate__,earth_environmental_systems,geology_and_geophysical_change,0,60,Dense current advances along the ground with a leading front and suspended particles.,principle_id=EAR_GEO_002; priority=core; reject=Reject smoke plumes rising vertically without ground-hugging current.; hard_negative_family=lava flow; debris slide; steam convection; capability_label=DMR,principle_id=EAR_GEO_002; priority=core; reject=Reject smoke plumes rising vertically without ground-hugging current.; hard_negative_family=lava flow; debris slide; steam convection; capability_label=DMR,DMR,,,130
pyroclastic density current footage,earth_environmental_systems,__construct_after_dcr_video_gate__,earth_environmental_systems,geology_and_geophysical_change,0,60,A ground-hugging ash cloud accelerates downslope from a volcanic source.,capability_label=DCR; dynamic_concept_id=DCR_EAR_PYRO_001; linked_principle_id=EAR_GEO_002; aliases=pyroclastic flow; ash gravity current; reject=Reject vertical ash plumes without ground-hugging flow.; hard_negative_concepts=ash plume rise; landslide dust; cloud shadow,capability_label=DCR; dynamic_concept_id=DCR_EAR_PYRO_001; linked_principle_id=EAR_GEO_002; aliases=pyroclastic flow; ash gravity current; reject=Reject vertical ash plumes without ground-hugging flow.; hard_negative_concepts=ash plume rise; landslide dust; cloud shadow,DCR,DCR_EAR_PYRO_001,pyroclastic density current,131
water flowing downslope channel formation video,earth_environmental_systems,__construct_after_principle_video_gate__,earth_environmental_systems,hydrology_and_flow_processes,0,60,"Water gathers, accelerates downslope, and forms rills or channels.",principle_id=EAR_HYD_001; priority=core; reject=Reject standing water or generic rain without flow paths.; hard_negative_family=capillary absorption; seepage only; wave motion; capability_label=DMR,principle_id=EAR_HYD_001; priority=core; reject=Reject standing water or generic rain without flow paths.; hard_negative_family=capillary absorption; seepage only; wave motion; capability_label=DMR,DMR,,,132
soil infiltration wetting front time lapse,earth_environmental_systems,__construct_after_principle_video_gate__,earth_environmental_systems,hydrology_and_flow_processes,0,60,Water level drops and a visible wetting boundary moves downward or laterally.,principle_id=EAR_HYD_002; priority=core; reject=Reject top-surface wetting without internal front movement.; hard_negative_family=surface runoff; capillary tube; sediment transport; capability_label=DMR,principle_id=EAR_HYD_002; priority=core; reject=Reject top-surface wetting without internal front movement.; hard_negative_family=surface runoff; capillary tube; sediment transport; capability_label=DMR,DMR,,,133
meander erosion deposition video,earth_environmental_systems,__construct_after_dcr_video_gate__,earth_environmental_systems,hydrology_and_flow_processes,0,60,A channel bend shifts laterally or cutbank/point-bar changes over time.,capability_label=DCR; dynamic_concept_id=DCR_EAR_MEANDER_001; linked_principle_id=EAR_HYD_001; aliases=river meander migration; cutbank erosion point bar deposition; reject=Reject static aerial images without change over time.; hard_negative_concepts=straight runoff; delta growth; debris flow,capability_label=DCR; dynamic_concept_id=DCR_EAR_MEANDER_001; linked_principle_id=EAR_HYD_001; aliases=river meander migration; cutbank erosion point bar deposition; reject=Reject static aerial images without change over time.; hard_negative_concepts=straight runoff; delta growth; debris flow,DCR,DCR_EAR_MEANDER_001,meander migration,134
atmospheric convection cloud video,earth_environmental_systems,__construct_after_principle_video_gate__,earth_environmental_systems,weather_and_atmospheric_dynamics,0,60,"Clouds initiate, rise, billow, and deepen vertically.",principle_id=EAR_WEA_001; priority=core; reject=Reject scenic clouds drifting with no growth or vertical development.; hard_negative_family=fog advection; smoke plume; rain band; capability_label=DMR,principle_id=EAR_WEA_001; priority=core; reject=Reject scenic clouds drifting with no growth or vertical development.; hard_negative_family=fog advection; smoke plume; rain band; capability_label=DMR,DMR,,,135
cloud vortex rotation time lapse,earth_environmental_systems,__construct_after_principle_video_gate__,earth_environmental_systems,weather_and_atmospheric_dynamics,0,60,Cloud bands rotate around a center or funnel-like structure develops.,principle_id=EAR_WEA_002; priority=core; reject=Reject static satellite images or non-rotating cloud drift.; hard_negative_family=linear front motion; river flow; smoke; capability_label=DMR,principle_id=EAR_WEA_002; priority=core; reject=Reject static satellite images or non-rotating cloud drift.; hard_negative_family=linear front motion; river flow; smoke; capability_label=DMR,DMR,,,136
microburst video rain shaft outflow,earth_environmental_systems,__construct_after_dcr_video_gate__,earth_environmental_systems,weather_and_atmospheric_dynamics,0,60,Cloud or precipitation core descends and surface outflow spreads radially.,capability_label=DCR; dynamic_concept_id=DCR_EAR_DOWN_001; linked_principle_id=EAR_WEA_001; aliases=microburst; descending storm outflow; reject=Reject clips without descending/outward flow evidence.; hard_negative_concepts=tornado; supercell rotation; ordinary rain shaft,capability_label=DCR; dynamic_concept_id=DCR_EAR_DOWN_001; linked_principle_id=EAR_WEA_001; aliases=microburst; descending storm outflow; reject=Reject clips without descending/outward flow evidence.; hard_negative_concepts=tornado; supercell rotation; ordinary rain shaft,DCR,DCR_EAR_DOWN_001,downburst,137
membrane filtration particle retention video,engineering_operational_systems,__construct_after_principle_video_gate__,engineering_operational_systems,filtration_and_separation,0,60,Filtrate passes through while a solid cake accumulates upstream.,principle_id=ENG_SEP_001; priority=core; reject=Reject final filtered beakers without cake formation or fluid passage.; hard_negative_family=sedimentation; sieving; diffusion; capability_label=DMR,principle_id=ENG_SEP_001; priority=core; reject=Reject final filtered beakers without cake formation or fluid passage.; hard_negative_family=sedimentation; sieving; diffusion; capability_label=DMR,DMR,,,138
sedimentation separation time lapse,engineering_operational_systems,__construct_after_principle_video_gate__,engineering_operational_systems,filtration_and_separation,0,60,Suspension clears from top while particles accumulate at bottom.,principle_id=ENG_SEP_002; priority=core; reject=Reject shaking or centrifuge if gravity settling is not the mechanism.; hard_negative_family=precipitation; filtration; centrifugation; capability_label=DMR,principle_id=ENG_SEP_002; priority=core; reject=Reject shaking or centrifuge if gravity settling is not the mechanism.; hard_negative_family=precipitation; filtration; centrifugation; capability_label=DMR,DMR,,,139
cake filtration time lapse,engineering_operational_systems,__construct_after_dcr_video_gate__,engineering_operational_systems,filtration_and_separation,0,60,A visible layer grows on the filter while filtrate flow changes.,capability_label=DCR; dynamic_concept_id=DCR_ENG_FIL_001; linked_principle_id=ENG_SEP_001; aliases=cake filtration; filter clogging front; reject=Reject clips showing only clean or final dirty filters.; hard_negative_concepts=sedimentation; simple pouring; centrifugation,capability_label=DCR; dynamic_concept_id=DCR_ENG_FIL_001; linked_principle_id=ENG_SEP_001; aliases=cake filtration; filter clogging front; reject=Reject clips showing only clean or final dirty filters.; hard_negative_concepts=sedimentation; simple pouring; centrifugation,DCR,DCR_ENG_FIL_001,filter cake formation,140
straight line linkage mechanism video,engineering_operational_systems,__construct_after_principle_video_gate__,engineering_operational_systems,machines_control_and_failure_modes,0,60,"Input crank rotates while output point follows a bounded, straight, oscillating, or pick-and-place trajectory.",principle_id=ENG_MCH_001; priority=core; reject=Reject pure physics pendulums or animations without input-output transformation.; hard_negative_family=gear train; cam follower; free rotation; capability_label=DMR,principle_id=ENG_MCH_001; priority=core; reject=Reject pure physics pendulums or animations without input-output transformation.; hard_negative_family=gear train; cam follower; free rotation; capability_label=DMR,DMR,,,141
cam follower mechanism slow motion,engineering_operational_systems,__construct_after_principle_video_gate__,engineering_operational_systems,machines_control_and_failure_modes,0,60,"Rotating cam makes a follower rise, dwell, and fall.",principle_id=ENG_MCH_002; priority=core; reject=Reject rotating disks without follower contact.; hard_negative_family=linkage; gear ratio; pendulum; capability_label=DMR,principle_id=ENG_MCH_002; priority=core; reject=Reject rotating disks without follower contact.; hard_negative_family=linkage; gear ratio; pendulum; capability_label=DMR,DMR,,,142
lathe chatter slow motion,engineering_operational_systems,__construct_after_dcr_video_gate__,engineering_operational_systems,machines_control_and_failure_modes,0,60,Tool or workpiece oscillates visibly with changing sound/surface pattern.,capability_label=DCR; dynamic_concept_id=DCR_ENG_CHATTER_001; linked_principle_id=ENG_FAIL_001; aliases=chatter vibration; regenerative chatter; reject=Reject clips with only final surface marks and no dynamic vibration.; hard_negative_concepts=steady cutting; built-up edge; resonance demo without cutting,capability_label=DCR; dynamic_concept_id=DCR_ENG_CHATTER_001; linked_principle_id=ENG_FAIL_001; aliases=chatter vibration; regenerative chatter; reject=Reject clips with only final surface marks and no dynamic vibration.; hard_negative_concepts=steady cutting; built-up edge; resonance demo without cutting,DCR,DCR_ENG_CHATTER_001,machining chatter,143
impeller mixing dispersion video,engineering_operational_systems,__construct_after_principle_video_gate__,engineering_operational_systems,mixing_dispersion_and_wetting,0,60,Colored fluids or particles are stretched into filaments and distributed through the volume.,principle_id=ENG_MIX_001; priority=core; reject=Reject final homogeneous mixtures without mixing trajectory.; hard_negative_family=molecular diffusion only; precipitation; laminar reversible mixing; capability_label=DMR,principle_id=ENG_MIX_001; priority=core; reject=Reject final homogeneous mixtures without mixing trajectory.; hard_negative_family=molecular diffusion only; precipitation; laminar reversible mixing; capability_label=DMR,DMR,,,144
spray coating droplet deposition slow motion,engineering_operational_systems,__construct_after_principle_video_gate__,engineering_operational_systems,mixing_dispersion_and_wetting,0,60,"Droplets impact, spread, merge, and form a continuous layer.",principle_id=ENG_MIX_002; priority=core; reject=Reject isolated physics droplet demos unless process goal is coating or cleaning.; hard_negative_family=capillary rise; rain drops; diffusion; capability_label=DMR,principle_id=ENG_MIX_002; priority=core; reject=Reject isolated physics droplet demos unless process goal is coating or cleaning.; hard_negative_family=capillary rise; rain drops; diffusion; capability_label=DMR,DMR,,,145
transparent ball valve water flow,engineering_operational_systems,__construct_after_principle_video_gate__,engineering_operational_systems,pressure_flow_and_process_control,0,60,"Valve position changes are followed by flow-rate, jet, or level changes.",principle_id=ENG_PRS_001; priority=core; reject=Reject static valve cutaways without fluid response.; hard_negative_family=Venturi physics only; pump; siphon; capability_label=DMR,principle_id=ENG_PRS_001; priority=core; reject=Reject static valve cutaways without fluid response.; hard_negative_family=Venturi physics only; pump; siphon; capability_label=DMR,DMR,,,146
peristaltic pump flow visualization video,engineering_operational_systems,__construct_after_principle_video_gate__,engineering_operational_systems,pressure_flow_and_process_control,0,60,"Piston, diaphragm, peristaltic rollers, or impeller motion drives visible one-way flow.",principle_id=ENG_PRS_002; priority=core; reject=Reject source-only pump videos without visible fluid movement.; hard_negative_family=siphon; capillary action; open-channel flow; capability_label=DMR,principle_id=ENG_PRS_002; priority=core; reject=Reject source-only pump videos without visible fluid movement.; hard_negative_family=siphon; capillary action; open-channel flow; capability_label=DMR,DMR,,,147
pump cavitation video,engineering_operational_systems,__construct_after_dcr_video_gate__,engineering_operational_systems,pressure_flow_and_process_control,0,60,"Bubbles appear near a propeller, valve, or pump and collapse or cloud dynamically.",capability_label=DCR; dynamic_concept_id=DCR_ENG_CAV_001; linked_principle_id=ENG_PRS_001; aliases=pump cavitation; vapor bubble collapse; propeller cavitation; reject=Reject clips with injected air bubbles but no pressure-driven collapse.; hard_negative_concepts=gas evolution; boiling; aeration,capability_label=DCR; dynamic_concept_id=DCR_ENG_CAV_001; linked_principle_id=ENG_PRS_001; aliases=pump cavitation; vapor bubble collapse; propeller cavitation; reject=Reject clips with injected air bubbles but no pressure-driven collapse.; hard_negative_concepts=gas evolution; boiling; aeration,DCR,DCR_ENG_CAV_001,cavitation,148
press forging red hot steel video,engineering_operational_systems,__construct_after_principle_video_gate__,engineering_operational_systems,thermal_process_control,0,60,Heated workpiece deforms progressively under hammer/press blows.,principle_id=ENG_THM_001; priority=core; reject=Reject cold hammering or decorative final shapes without deformation sequence.; hard_negative_family=thermal expansion; cutting; welding; capability_label=DMR,principle_id=ENG_THM_001; priority=core; reject=Reject cold hammering or decorative final shapes without deformation sequence.; hard_negative_family=thermal expansion; cutting; welding; capability_label=DMR,DMR,,,149
quenching hot steel cooling video,engineering_operational_systems,__construct_after_principle_video_gate__,engineering_operational_systems,thermal_process_control,0,60,"Hot part is immersed, vapor/boiling forms, and cooling progresses rapidly.",principle_id=ENG_THM_002; priority=core; reject=Reject simple dunking with no thermal response or material context.; hard_negative_family=Leidenfrost droplet; forging; welding; capability_label=DMR,principle_id=ENG_THM_002; priority=core; reject=Reject simple dunking with no thermal response or material context.; hard_negative_family=Leidenfrost droplet; forging; welding; capability_label=DMR,DMR,,,150
lathe chip formation slow motion,engineering_operational_systems,__construct_after_principle_video_gate__,engineering_operational_systems,tooling_force_and_precision,0,60,Tool advances and continuous or segmented chips form and evacuate.,principle_id=ENG_TOOL_001; priority=core; reject=Reject finished cuts without visible chip formation.; hard_negative_family=fracture impact; drilling; polishing; capability_label=DMR,principle_id=ENG_TOOL_001; priority=core; reject=Reject finished cuts without visible chip formation.; hard_negative_family=fracture impact; drilling; polishing; capability_label=DMR,DMR,,,151
drilling chip evacuation slow motion,engineering_operational_systems,__construct_after_principle_video_gate__,engineering_operational_systems,tooling_force_and_precision,0,60,"Drill rotates, advances, and chips evacuate from the hole.",principle_id=ENG_TOOL_002; priority=core; reject=Reject hole already made or no visible chips.; hard_negative_family=sawing; cutting only; melting; capability_label=DMR,principle_id=ENG_TOOL_002; priority=core; reject=Reject hole already made or no visible chips.; hard_negative_family=sawing; cutting only; melting; capability_label=DMR,DMR,,,152
BUE cutting tool slow motion,engineering_operational_systems,__construct_after_dcr_video_gate__,engineering_operational_systems,tooling_force_and_precision,0,60,Chip/tool contact shows adhesion growth and sudden detachment at the cutting edge.,capability_label=DCR; dynamic_concept_id=DCR_ENG_BUE_001; linked_principle_id=ENG_TOOL_001; aliases=BUE; built up edge machining; chip adhesion; reject=Reject clips without visible tool-edge adhesion dynamics.; hard_negative_concepts=continuous chip; chatter; tool wear only,capability_label=DCR; dynamic_concept_id=DCR_ENG_BUE_001; linked_principle_id=ENG_TOOL_001; aliases=BUE; built up edge machining; chip adhesion; reject=Reject clips without visible tool-edge adhesion dynamics.; hard_negative_concepts=continuous chip; chatter; tool wear only,DCR,DCR_ENG_BUE_001,built-up edge,153
Newton cradle momentum transfer video,physics_physical_systems,__construct_after_principle_video_gate__,physics_physical_systems,collisions_and_momentum,0,60,Pre- and post-impact velocities/directions of colliding bodies visibly change.,principle_id=PHY_COL_001; priority=core; reject=Reject impacts without clear before/after motion or pure text diagrams.; hard_negative_family=friction slowing; gravitational fall; fluid drag; capability_label=DMR,principle_id=PHY_COL_001; priority=core; reject=Reject impacts without clear before/after motion or pure text diagrams.; hard_negative_family=friction slowing; gravitational fall; fluid drag; capability_label=DMR,DMR,,,154
inelastic collision deformation slow motion,physics_physical_systems,__construct_after_principle_video_gate__,physics_physical_systems,collisions_and_momentum,0,60,"Objects deform, stick, fragment, or rebound with lower speed after impact.",principle_id=PHY_COL_002; priority=core; reject=Reject elastic rebounds with no visible energy loss.; hard_negative_family=elastic collision; fracture only; free fall; capability_label=DMR,principle_id=PHY_COL_002; priority=core; reject=Reject elastic rebounds with no visible energy loss.; hard_negative_family=elastic collision; fracture only; free fall; capability_label=DMR,DMR,,,155
ferrofluid magnetic field motion video,physics_physical_systems,__construct_after_principle_video_gate__,physics_physical_systems,electromagnetism_and_fields,0,60,"Needles, particles, or domains rotate or align when field direction changes.",principle_id=PHY_EM_001; priority=core; reject=Reject clips with magnets touching objects directly without field-driven alignment.; hard_negative_family=electric-field migration; gravity; fluid flow; capability_label=DMR,principle_id=PHY_EM_001; priority=core; reject=Reject clips with magnets touching objects directly without field-driven alignment.; hard_negative_family=electric-field migration; gravity; fluid flow; capability_label=DMR,DMR,,,156
electric field charged droplet motion video,physics_physical_systems,__construct_after_principle_video_gate__,physics_physical_systems,electromagnetism_and_fields,0,60,Particles/droplets move along field lines or deform between electrodes.,principle_id=PHY_EM_002; priority=core; reject=Reject clips where electrodes are visible but no field-driven motion occurs.; hard_negative_family=magnetic alignment; diffusion; buoyancy; capability_label=DMR,principle_id=PHY_EM_002; priority=core; reject=Reject clips where electrodes are visible but no field-driven motion occurs.; hard_negative_family=magnetic alignment; diffusion; buoyancy; capability_label=DMR,DMR,,,157
buoyancy density float sink experiment video,physics_physical_systems,__construct_after_principle_video_gate__,physics_physical_systems,fluids_pressure_and_buoyancy,0,60,"Object sinks, floats, or reaches neutral buoyancy as density/ballast changes.",principle_id=PHY_FLU_002; priority=core; reject=Reject generic boats moving without density or displacement change.; hard_negative_family=surface tension support; propulsion; pressure-driven flow; capability_label=DMR,principle_id=PHY_FLU_002; priority=core; reject=Reject generic boats moving without density or displacement change.; hard_negative_family=surface tension support; propulsion; pressure-driven flow; capability_label=DMR,DMR,,,158
ballast buoyancy demonstration video,physics_physical_systems,__construct_after_principle_video_gate__,physics_physical_systems,fluids_pressure_and_buoyancy,0,60,"Object sinks, floats, or reaches neutral buoyancy as density/ballast changes.",principle_id=PHY_FLU_002; priority=core; reject=Reject generic boats moving without density or displacement change.; hard_negative_family=surface tension support; propulsion; pressure-driven flow; capability_label=DMR,principle_id=PHY_FLU_002; priority=core; reject=Reject generic boats moving without density or displacement change.; hard_negative_family=surface tension support; propulsion; pressure-driven flow; capability_label=DMR,DMR,,,159
density inversion plume video,physics_physical_systems,__construct_after_dcr_video_gate__,physics_physical_systems,fluids_pressure_and_buoyancy,0,60,Finger-like plumes grow downward/upward from an unstable density interface.,capability_label=DCR; dynamic_concept_id=DCR_PHY_RT_001; linked_principle_id=PHY_FLU_002; aliases=Rayleigh Taylor fingers; density inversion plumes; reject=Reject clips with no visible interface evolution.; hard_negative_concepts=diffusion; convection cell; simple pouring,capability_label=DCR; dynamic_concept_id=DCR_PHY_RT_001; linked_principle_id=PHY_FLU_002; aliases=Rayleigh Taylor fingers; density inversion plumes; reject=Reject clips with no visible interface evolution.; hard_negative_concepts=diffusion; convection cell; simple pouring,DCR,DCR_PHY_RT_001,Rayleigh-Taylor instability,160
gravity acceleration experiment video,physics_physical_systems,__construct_after_principle_video_gate__,physics_physical_systems,motion_forces_and_energy,0,60,Frame-to-frame downward displacement increases or tracked velocity increases during fall.,"principle_id=PHY_FOR_001; priority=core; reject=Reject static falling-object images, title-only gravity claims, and clips where the object is already moving without visible acceleration.; hard_negative_family=constant velocity; buoyant rise; projectile horizontal component; capability_label=DMR","principle_id=PHY_FOR_001; priority=core; reject=Reject static falling-object images, title-only gravity claims, and clips where the object is already moving without visible acceleration.; hard_negative_family=constant velocity; buoyant rise; projectile horizontal component; capability_label=DMR",DMR,,,161
projectile motion parabolic trajectory slow motion,physics_physical_systems,__construct_after_principle_video_gate__,physics_physical_systems,motion_forces_and_energy,0,60,The object follows a parabolic arc or tracked trajectory with independent horizontal and vertical components.,principle_id=PHY_FOR_002; priority=core; reject=Reject clips without visible trajectory or where propulsion continues after launch.; hard_negative_family=free fall only; powered flight; rolling on ramp; capability_label=DMR,principle_id=PHY_FOR_002; priority=core; reject=Reject clips without visible trajectory or where propulsion continues after launch.; hard_negative_family=free fall only; powered flight; rolling on ramp; capability_label=DMR,DMR,,,162
curveball slow motion baseball,physics_physical_systems,__construct_after_dcr_video_gate__,physics_physical_systems,motion_forces_and_energy,0,60,A spinning ball follows a visibly curved path after launch.,capability_label=DCR; dynamic_concept_id=DCR_PHY_MAGNUS_001; linked_principle_id=PHY_FOR_002; aliases=banana shot; curveball; bending free kick; Magnus kick; reject=Reject clips without visible curved trajectory or without evidence of spin.; hard_negative_concepts=ordinary projectile arc; knuckleball; straight kick,capability_label=DCR; dynamic_concept_id=DCR_PHY_MAGNUS_001; linked_principle_id=PHY_FOR_002; aliases=banana shot; curveball; bending free kick; Magnus kick; reject=Reject clips without visible curved trajectory or without evidence of spin.; hard_negative_concepts=ordinary projectile arc; knuckleball; straight kick,DCR,DCR_PHY_MAGNUS_001,banana kick / curveball,163
damped oscillation amplitude decay video,physics_physical_systems,__construct_after_principle_video_gate__,physics_physical_systems,oscillation_rotation_and_vibration,0,60,Oscillation amplitude shrinks across cycles.,principle_id=PHY_OSC_002; priority=core; reject=Reject clips where amplitude is externally held constant.; hard_negative_family=resonance growth; chaotic pendulum; constant forced oscillation; capability_label=DMR,principle_id=PHY_OSC_002; priority=core; reject=Reject clips where amplitude is externally held constant.; hard_negative_family=resonance growth; chaotic pendulum; constant forced oscillation; capability_label=DMR,DMR,,,164
damped pendulum time lapse,physics_physical_systems,__construct_after_principle_video_gate__,physics_physical_systems,oscillation_rotation_and_vibration,0,60,Oscillation amplitude shrinks across cycles.,principle_id=PHY_OSC_002; priority=core; reject=Reject clips where amplitude is externally held constant.; hard_negative_family=resonance growth; chaotic pendulum; constant forced oscillation; capability_label=DMR,principle_id=PHY_OSC_002; priority=core; reject=Reject clips where amplitude is externally held constant.; hard_negative_family=resonance growth; chaotic pendulum; constant forced oscillation; capability_label=DMR,DMR,,,165
platform diving twist slow motion,physics_physical_systems,__construct_after_dcr_video_gate__,physics_physical_systems,oscillation_rotation_and_vibration,0,60,"The diver transitions through takeoff, somersault, twist, and entry.","capability_label=DCR; dynamic_concept_id=DCR_PHY_DIVE_001; linked_principle_id=PHY_OSC_003; aliases=twisting dive; platform dive twist; springboard twist; reject=Reject clips missing takeoff or entry, or where twist count is not visible.; hard_negative_concepts=plain somersault; cartwheel dive; static pose","capability_label=DCR; dynamic_concept_id=DCR_PHY_DIVE_001; linked_principle_id=PHY_OSC_003; aliases=twisting dive; platform dive twist; springboard twist; reject=Reject clips missing takeoff or entry, or where twist count is not visible.; hard_negative_concepts=plain somersault; cartwheel dive; static pose",DCR,DCR_PHY_DIVE_001,somersault twist dive,166
capillary action liquid rise time lapse,physics_physical_systems,__construct_after_principle_video_gate__,physics_physical_systems,surface_and_capillary_processes,0,60,"Liquid front rises or advances through a tube, paper, or porous medium.",principle_id=PHY_SUR_002; priority=core; reject=Reject non-porous droplet rolling or source-only capillary titles.; hard_negative_family=bulk pouring; diffusion only; surface beading; capability_label=DMR,principle_id=PHY_SUR_002; priority=core; reject=Reject non-porous droplet rolling or source-only capillary titles.; hard_negative_family=bulk pouring; diffusion only; surface beading; capability_label=DMR,DMR,,,167
paper wicking capillary action video,physics_physical_systems,__construct_after_principle_video_gate__,physics_physical_systems,surface_and_capillary_processes,0,60,"Liquid front rises or advances through a tube, paper, or porous medium.",principle_id=PHY_SUR_002; priority=core; reject=Reject non-porous droplet rolling or source-only capillary titles.; hard_negative_family=bulk pouring; diffusion only; surface beading; capability_label=DMR,principle_id=PHY_SUR_002; priority=core; reject=Reject non-porous droplet rolling or source-only capillary titles.; hard_negative_family=bulk pouring; diffusion only; surface beading; capability_label=DMR,DMR,,,168
paper wicking capillary action video,physics_physical_systems,__construct_after_dcr_video_gate__,physics_physical_systems,surface_and_capillary_processes,0,60,"A liquid front rises or advances through a narrow tube, paper, or porous structure.",capability_label=DCR; dynamic_concept_id=DCR_PHY_CAP_001; linked_principle_id=PHY_SUR_002; aliases=capillary action; wicking front; paper chromatography rise; reject=Reject clips where liquid is simply poured or already at final height.; hard_negative_concepts=bulk pouring; diffusion cloud; surface beading,capability_label=DCR; dynamic_concept_id=DCR_PHY_CAP_001; linked_principle_id=PHY_SUR_002; aliases=capillary action; wicking front; paper chromatography rise; reject=Reject clips where liquid is simply poured or already at final height.; hard_negative_concepts=bulk pouring; diffusion cloud; surface beading,DCR,DCR_PHY_CAP_001,capillary rise,169
Leidenfrost droplet skittering slow motion,physics_physical_systems,__construct_after_principle_video_gate__,physics_physical_systems,thermal_physical_response,0,60,Droplet skitters or survives on a very hot surface while vapor supports it.,principle_id=PHY_THR_002; priority=core; reject=Reject ordinary boiling droplets without vapor-layer gliding.; hard_negative_family=wetting spread; evaporation plume; capillary action; capability_label=DMR,principle_id=PHY_THR_002; priority=core; reject=Reject ordinary boiling droplets without vapor-layer gliding.; hard_negative_family=wetting spread; evaporation plume; capillary action; capability_label=DMR,DMR,,,170
Leidenfrost effect hot plate video,physics_physical_systems,__construct_after_principle_video_gate__,physics_physical_systems,thermal_physical_response,0,60,Droplet skitters or survives on a very hot surface while vapor supports it.,principle_id=PHY_THR_002; priority=core; reject=Reject ordinary boiling droplets without vapor-layer gliding.; hard_negative_family=wetting spread; evaporation plume; capillary action; capability_label=DMR,principle_id=PHY_THR_002; priority=core; reject=Reject ordinary boiling droplets without vapor-layer gliding.; hard_negative_family=wetting spread; evaporation plume; capillary action; capability_label=DMR,DMR,,,171
Leidenfrost droplet hot plate video,physics_physical_systems,__construct_after_dcr_video_gate__,physics_physical_systems,thermal_physical_response,0,60,"Droplets skitter, glide, or persist on a hot surface instead of immediately boiling away.",capability_label=DCR; dynamic_concept_id=DCR_PHY_LEIDEN_001; linked_principle_id=PHY_THR_002; aliases=Leidenfrost droplet; vapor cushion droplet; reject=Reject ordinary boiling without gliding or vapor-layer behavior.; hard_negative_concepts=ordinary boiling; wetting spread; evaporation,capability_label=DCR; dynamic_concept_id=DCR_PHY_LEIDEN_001; linked_principle_id=PHY_THR_002; aliases=Leidenfrost droplet; vapor cushion droplet; reject=Reject ordinary boiling without gliding or vapor-layer behavior.; hard_negative_concepts=ordinary boiling; wetting spread; evaporation,DCR,DCR_PHY_LEIDEN_001,Leidenfrost effect,172
soft body contraction wave locomotion,biology_living_systems,__construct_after_principle_video_gate__,biology_living_systems,animal_locomotion_and_biomechanics,0,60,Soft body shortens/extends in waves while contact points shift and the body advances.,principle_id=BIO_LOC_002; priority=core; reject=Reject legged walking where no contraction wave is visible.; hard_negative_family=jet propulsion; tripod gait; passive drift; capability_label=DMR,principle_id=BIO_LOC_002; priority=core; reject=Reject legged walking where no contraction wave is visible.; hard_negative_family=jet propulsion; tripod gait; passive drift; capability_label=DMR,DMR,,,173
flapping wing takeoff lift slow motion,biology_living_systems,__construct_after_principle_video_gate__,biology_living_systems,animal_locomotion_and_biomechanics,0,60,Wingbeats begin or intensify before lift-off or sustained flight.,principle_id=BIO_LOC_003; priority=core; reject=Reject gliding or leg-only jumps with passive wings.; hard_negative_family=leg jump; passive gliding; swimming; capability_label=DMR,principle_id=BIO_LOC_003; priority=core; reject=Reject gliding or leg-only jumps with passive wings.; hard_negative_family=leg jump; passive gliding; swimming; capability_label=DMR,DMR,,,174
bell contraction swimming video,biology_living_systems,__construct_after_dcr_video_gate__,biology_living_systems,animal_locomotion_and_biomechanics,0,60,A bell or mantle contracts and the body moves opposite the expelled fluid.,capability_label=DCR; dynamic_concept_id=DCR_BIO_JET_001; linked_principle_id=BIO_LOC_001; aliases=jellyfish propulsion; squid jetting; reject=Reject swimming clips without visible contraction-pulse displacement.; hard_negative_concepts=flapping lift; undulation; crawling,capability_label=DCR; dynamic_concept_id=DCR_BIO_JET_001; linked_principle_id=BIO_LOC_001; aliases=jellyfish propulsion; squid jetting; reject=Reject swimming clips without visible contraction-pulse displacement.; hard_negative_concepts=flapping lift; undulation; crawling,DCR,DCR_BIO_JET_001,jet propulsion swimming,175
cellular respiration CO2 indicator color change video,biology_living_systems,__construct_after_principle_video_gate__,biology_living_systems,germination_and_development,0,60,CO2 indicator or sensor changes over time due to living tissue or microbes.,principle_id=BIO_ENE_002; priority=core; reject=Reject simple fermentation foam unless respiration mechanism and control are visible.; hard_negative_family=photosynthesis oxygen; acid-base demo; combustion; capability_label=DMR,principle_id=BIO_ENE_002; priority=core; reject=Reject simple fermentation foam unless respiration mechanism and control are visible.; hard_negative_family=photosynthesis oxygen; acid-base demo; combustion; capability_label=DMR,DMR,,,176
yeast respiration CO2 indicator video,biology_living_systems,__construct_after_principle_video_gate__,biology_living_systems,germination_and_development,0,60,CO2 indicator or sensor changes over time due to living tissue or microbes.,principle_id=BIO_ENE_002; priority=core; reject=Reject simple fermentation foam unless respiration mechanism and control are visible.; hard_negative_family=photosynthesis oxygen; acid-base demo; combustion; capability_label=DMR,principle_id=BIO_ENE_002; priority=core; reject=Reject simple fermentation foam unless respiration mechanism and control are visible.; hard_negative_family=photosynthesis oxygen; acid-base demo; combustion; capability_label=DMR,DMR,,,177
mitosis time lapse chromosomes,biology_living_systems,__construct_after_dcr_video_gate__,biology_living_systems,germination_and_development,0,60,"Chromosomes align, separate, and move to opposite poles.",capability_label=DCR; dynamic_concept_id=DCR_BIO_MITOSIS_001; linked_principle_id=BIO_CELL_001; aliases=cell division mitosis; chromosome segregation; reject=Reject static diagrams or clips without chromosome movement.; hard_negative_concepts=cytokinesis only; cell migration; apoptosis,capability_label=DCR; dynamic_concept_id=DCR_BIO_MITOSIS_001; linked_principle_id=BIO_CELL_001; aliases=cell division mitosis; chromosome segregation; reject=Reject static diagrams or clips without chromosome movement.; hard_negative_concepts=cytokinesis only; cell migration; apoptosis,DCR,DCR_BIO_MITOSIS_001,mitosis,178
bacterial chemotaxis microfluidic gradient video,biology_living_systems,__construct_after_principle_video_gate__,biology_living_systems,organism_behavior_and_taxis,0,60,Trajectories accumulate toward/away from a chemical source or gradient.,principle_id=BIO_TAX_001; priority=core; reject=Reject random wandering without gradient cue.; hard_negative_family=phototaxis; Brownian motion; thermotaxis; capability_label=DMR,principle_id=BIO_TAX_001; priority=core; reject=Reject random wandering without gradient cue.; hard_negative_family=phototaxis; Brownian motion; thermotaxis; capability_label=DMR,DMR,,,179
neutrophil chemotaxis time lapse,biology_living_systems,__construct_after_principle_video_gate__,biology_living_systems,organism_behavior_and_taxis,0,60,Trajectories accumulate toward/away from a chemical source or gradient.,principle_id=BIO_TAX_001; priority=core; reject=Reject random wandering without gradient cue.; hard_negative_family=phototaxis; Brownian motion; thermotaxis; capability_label=DMR,principle_id=BIO_TAX_001; priority=core; reject=Reject random wandering without gradient cue.; hard_negative_family=phototaxis; Brownian motion; thermotaxis; capability_label=DMR,DMR,,,180
mating dance display video,biology_living_systems,__construct_after_dcr_video_gate__,biology_living_systems,organism_behavior_and_taxis,0,60,The animal performs a repeated display sequence toward a potential mate or rival.,capability_label=DCR; dynamic_concept_id=DCR_BIO_DISPLAY_001; linked_principle_id=BIO_TAX_004; aliases=mating display; courtship dance; lek display; reject=Reject generic walking or flight without display context and sequence.; hard_negative_concepts=foraging; locomotion; aggression display,capability_label=DCR; dynamic_concept_id=DCR_BIO_DISPLAY_001; linked_principle_id=BIO_TAX_004; aliases=mating display; courtship dance; lek display; reject=Reject generic walking or flight without display context and sequence.; hard_negative_concepts=foraging; locomotion; aggression display,DCR,DCR_BIO_DISPLAY_001,courtship display,181
plant growing toward light time lapse,biology_living_systems,__construct_after_principle_video_gate__,biology_living_systems,plant_growth_and_tropisms,0,60,Shoot curvature gradually changes toward a visible or known light source.,principle_id=BIO_TRO_001; priority=core; reject=Reject normal vertical growth without directional stimulus.; hard_negative_family=circumnutation; germination; stomata; capability_label=DMR,principle_id=BIO_TRO_001; priority=core; reject=Reject normal vertical growth without directional stimulus.; hard_negative_family=circumnutation; germination; stomata; capability_label=DMR,DMR,,,182
root gravitropism time lapse,biology_living_systems,__construct_after_principle_video_gate__,biology_living_systems,plant_growth_and_tropisms,0,60,Root tip curves downward or shoot curves upward after rotation.,principle_id=BIO_TRO_002; priority=core; reject=Reject clips without reorientation or gravity-relative change.; hard_negative_family=phototropism; hydrotropism; circumnutation; capability_label=DMR,principle_id=BIO_TRO_002; priority=core; reject=Reject clips without reorientation or gravity-relative change.; hard_negative_family=phototropism; hydrotropism; circumnutation; capability_label=DMR,DMR,,,183
geotropism time lapse,biology_living_systems,__construct_after_dcr_video_gate__,biology_living_systems,plant_growth_and_tropisms,0,60,Roots or shoots curve after the plant is rotated.,capability_label=DCR; dynamic_concept_id=DCR_BIO_GRAVI_001; linked_principle_id=BIO_TRO_002; aliases=geotropism; root gravitropism; shoot gravitropism; reject=Reject clips without a rotation/reorientation event.; hard_negative_concepts=phototropism; hydrotropism; simple elongation,capability_label=DCR; dynamic_concept_id=DCR_BIO_GRAVI_001; linked_principle_id=BIO_TRO_002; aliases=geotropism; root gravitropism; shoot gravitropism; reject=Reject clips without a rotation/reorientation event.; hard_negative_concepts=phototropism; hydrotropism; simple elongation,DCR,DCR_BIO_GRAVI_001,gravitropism,184
Oxalis leaf sleep movement video,biology_living_systems,__construct_after_principle_video_gate__,biology_living_systems,plant_nastic_movements,0,60,Leaves open/close or change angle over day-night transitions.,principle_id=BIO_NAS_002; priority=core; reject=Reject generic wind movement or one-state leaf images.; hard_negative_family=phototropism; wilting; touch response; capability_label=DMR,principle_id=BIO_NAS_002; priority=core; reject=Reject generic wind movement or one-state leaf images.; hard_negative_family=phototropism; wilting; touch response; capability_label=DMR,DMR,,,185
circadian plant leaf movement time lapse,biology_living_systems,__construct_after_principle_video_gate__,biology_living_systems,plant_nastic_movements,0,60,Leaves open/close or change angle over day-night transitions.,principle_id=BIO_NAS_002; priority=core; reject=Reject generic wind movement or one-state leaf images.; hard_negative_family=phototropism; wilting; touch response; capability_label=DMR,principle_id=BIO_NAS_002; priority=core; reject=Reject generic wind movement or one-state leaf images.; hard_negative_family=phototropism; wilting; touch response; capability_label=DMR,DMR,,,186
stomatal aperture time lapse microscopy,biology_living_systems,__construct_after_principle_video_gate__,biology_living_systems,plant_water_relations_and_turgor,0,60,Stomatal aperture increases or decreases as guard cells change shape.,principle_id=BIO_TRA_002; priority=core; reject=Reject static stomata views or graphs without visible pore change.; hard_negative_family=phototropism; plasmolysis; leaf folding; capability_label=DMR,principle_id=BIO_TRA_002; priority=core; reject=Reject static stomata views or graphs without visible pore change.; hard_negative_family=phototropism; plasmolysis; leaf folding; capability_label=DMR,DMR,,,187
Elodea cytoplasmic streaming chloroplast movement video,biology_living_systems,__construct_after_principle_video_gate__,biology_living_systems,plant_water_relations_and_turgor,0,60,Chloroplasts or granules circulate along cell boundaries or strands.,principle_id=BIO_TRA_003; priority=core; reject=Reject if movement is only camera drift or Brownian jitter.; hard_negative_family=plasmolysis; diffusion; mitosis; capability_label=DMR,principle_id=BIO_TRA_003; priority=core; reject=Reject if movement is only camera drift or Brownian jitter.; hard_negative_family=plasmolysis; diffusion; mitosis; capability_label=DMR,DMR,,,188
onion cell plasmolysis time lapse,biology_living_systems,__construct_after_dcr_video_gate__,biology_living_systems,plant_water_relations_and_turgor,0,60,The protoplast shrinks away from the cell wall and may recover in water.,capability_label=DCR; dynamic_concept_id=DCR_BIO_PLASM_001; linked_principle_id=BIO_TRA_001; aliases=plasmolysis; deplasmolysis; plant cell osmotic shrinkage; reject=Reject single final plasmolyzed images or label-only clips.; hard_negative_concepts=cytoplasmic streaming; cell division; diffusion dye,capability_label=DCR; dynamic_concept_id=DCR_BIO_PLASM_001; linked_principle_id=BIO_TRA_001; aliases=plasmolysis; deplasmolysis; plant cell osmotic shrinkage; reject=Reject single final plasmolyzed images or label-only clips.; hard_negative_concepts=cytoplasmic streaming; cell division; diffusion dye,DCR,DCR_BIO_PLASM_001,plasmolysis and deplasmolysis,189
reversible laminar mixing video,chemistry_materials_change,__construct_after_principle_video_gate__,chemistry_materials_change,diffusion_mixing_and_transport,0,60,Colored bands elongate into thin layers and may reverse under reversed shear.,principle_id=CHM_DIF_002; priority=core; reject=Reject fully turbulent mixing or simple shaking.; hard_negative_family=diffusion only; vortex turbulence; precipitation; capability_label=DMR,principle_id=CHM_DIF_002; priority=core; reject=Reject fully turbulent mixing or simple shaking.; hard_negative_family=diffusion only; vortex turbulence; precipitation; capability_label=DMR,DMR,,,190
Taylor Couette mixing dye video,chemistry_materials_change,__construct_after_principle_video_gate__,chemistry_materials_change,diffusion_mixing_and_transport,0,60,Colored bands elongate into thin layers and may reverse under reversed shear.,principle_id=CHM_DIF_002; priority=core; reject=Reject fully turbulent mixing or simple shaking.; hard_negative_family=diffusion only; vortex turbulence; precipitation; capability_label=DMR,principle_id=CHM_DIF_002; priority=core; reject=Reject fully turbulent mixing or simple shaking.; hard_negative_family=diffusion only; vortex turbulence; precipitation; capability_label=DMR,DMR,,,191
viscous laminar mixing folding video,chemistry_materials_change,__construct_after_dcr_video_gate__,chemistry_materials_change,diffusion_mixing_and_transport,0,60,Colored bands elongate into layers and may reverse when shear is reversed.,capability_label=DCR; dynamic_concept_id=DCR_CHEM_DIFF_001; linked_principle_id=CHM_DIF_002; aliases=reversible laminar mixing; viscous folding; reject=Reject simple shaking or turbulent mixing clips.; hard_negative_concepts=turbulent mixing; diffusion only; precipitation,capability_label=DCR; dynamic_concept_id=DCR_CHEM_DIFF_001; linked_principle_id=CHM_DIF_002; aliases=reversible laminar mixing; viscous folding; reject=Reject simple shaking or turbulent mixing clips.; hard_negative_concepts=turbulent mixing; diffusion only; precipitation,DCR,DCR_CHEM_DIFF_001,Taylor-Couette laminar mixing,192
combustion reaction ignition video,chemistry_materials_change,__construct_after_principle_video_gate__,chemistry_materials_change,gas_evolution_and_combustion,0,60,"Flame appears, propagates, or extinguishes after oxygen/fuel/temperature changes.",principle_id=CHM_GAS_002; priority=core; reject=Reject clips that only show a flame without causal change.; hard_negative_family=redox color; evaporation; glow without flame; capability_label=DMR,principle_id=CHM_GAS_002; priority=core; reject=Reject clips that only show a flame without causal change.; hard_negative_family=redox color; evaporation; glow without flame; capability_label=DMR,DMR,,,193
hydrogen gas ignition bubbles video,chemistry_materials_change,__construct_after_principle_video_gate__,chemistry_materials_change,gas_evolution_and_combustion,0,60,"Flame appears, propagates, or extinguishes after oxygen/fuel/temperature changes.",principle_id=CHM_GAS_002; priority=core; reject=Reject clips that only show a flame without causal change.; hard_negative_family=redox color; evaporation; glow without flame; capability_label=DMR,principle_id=CHM_GAS_002; priority=core; reject=Reject clips that only show a flame without causal change.; hard_negative_family=redox color; evaporation; glow without flame; capability_label=DMR,DMR,,,194
glass softening heat shaping video,chemistry_materials_change,__construct_after_principle_video_gate__,chemistry_materials_change,material_deformation_and_response,0,60,"Material deforms, sags, flows, or breaks as temperature increases.",principle_id=CHM_MAT_002; priority=core; reject=Reject post-heating final shape without thermal sequence.; hard_negative_family=mechanical cutting; crystallization; combustion; capability_label=DMR,principle_id=CHM_MAT_002; priority=core; reject=Reject post-heating final shape without thermal sequence.; hard_negative_family=mechanical cutting; crystallization; combustion; capability_label=DMR,DMR,,,195
cornstarch water impact slow motion,chemistry_materials_change,__construct_after_dcr_video_gate__,chemistry_materials_change,material_deformation_and_response,0,60,The same material flows slowly but resists or fractures under rapid impact.,capability_label=DCR; dynamic_concept_id=DCR_CHEM_THICK_001; linked_principle_id=CHM_MAT_001; aliases=non-Newtonian fluid impact; oobleck solid-like impact; reject=Reject clips showing only slow pouring or only a static impact aftermath.; hard_negative_concepts=high viscosity liquid; gel; plastic clay,capability_label=DCR; dynamic_concept_id=DCR_CHEM_THICK_001; linked_principle_id=CHM_MAT_001; aliases=non-Newtonian fluid impact; oobleck solid-like impact; reject=Reject clips showing only slow pouring or only a static impact aftermath.; hard_negative_concepts=high viscosity liquid; gel; plastic clay,DCR,DCR_CHEM_THICK_001,shear thickening,196
ice crystal growth time lapse,chemistry_materials_change,__construct_after_principle_video_gate__,chemistry_materials_change,phase_change_and_crystallization,0,60,A visible solid-liquid boundary advances or dendrites grow.,principle_id=CHM_PHA_002; priority=core; reject=Reject final frozen samples without front propagation.; hard_negative_family=precipitation; evaporation; gas evolution; capability_label=DMR,principle_id=CHM_PHA_002; priority=core; reject=Reject final frozen samples without front propagation.; hard_negative_family=precipitation; evaporation; gas evolution; capability_label=DMR,DMR,,,197
freezing front propagation video,chemistry_materials_change,__construct_after_principle_video_gate__,chemistry_materials_change,phase_change_and_crystallization,0,60,A visible solid-liquid boundary advances or dendrites grow.,principle_id=CHM_PHA_002; priority=core; reject=Reject final frozen samples without front propagation.; hard_negative_family=precipitation; evaporation; gas evolution; capability_label=DMR,principle_id=CHM_PHA_002; priority=core; reject=Reject final frozen samples without front propagation.; hard_negative_family=precipitation; evaporation; gas evolution; capability_label=DMR,DMR,,,198
ice dendrite growth microscopy,chemistry_materials_change,__construct_after_dcr_video_gate__,chemistry_materials_change,phase_change_and_crystallization,0,60,Branching crystals extend from nucleation sites over time.,capability_label=DCR; dynamic_concept_id=DCR_CHEM_DEND_001; linked_principle_id=CHM_PHA_002; aliases=dendrite growth; branching crystal growth; metal dendrites; reject=Reject final crystals without visible growth sequence.; hard_negative_concepts=precipitate cloud; final crystal; random sediment,capability_label=DCR; dynamic_concept_id=DCR_CHEM_DEND_001; linked_principle_id=CHM_PHA_002; aliases=dendrite growth; branching crystal growth; metal dendrites; reject=Reject final crystals without visible growth sequence.; hard_negative_concepts=precipitate cloud; final crystal; random sediment,DCR,DCR_CHEM_DEND_001,dendritic crystal growth,199
chemical garden precipitation tube growth video,chemistry_materials_change,__construct_after_principle_video_gate__,chemistry_materials_change,precipitation_and_solubility,0,60,"Solid appears where two liquids meet, often as rings, tubes, or membranes.",principle_id=CHM_PRE_002; priority=core; reject=Reject bulk turbidity without visible interface or local formation.; hard_negative_family=homogeneous crystallization; pH color; gas evolution; capability_label=DMR,principle_id=CHM_PRE_002; priority=core; reject=Reject bulk turbidity without visible interface or local formation.; hard_negative_family=homogeneous crystallization; pH color; gas evolution; capability_label=DMR,DMR,,,200
Liesegang ring precipitation time lapse,chemistry_materials_change,__construct_after_principle_video_gate__,chemistry_materials_change,precipitation_and_solubility,0,60,"Solid appears where two liquids meet, often as rings, tubes, or membranes.",principle_id=CHM_PRE_002; priority=core; reject=Reject bulk turbidity without visible interface or local formation.; hard_negative_family=homogeneous crystallization; pH color; gas evolution; capability_label=DMR,principle_id=CHM_PRE_002; priority=core; reject=Reject bulk turbidity without visible interface or local formation.; hard_negative_family=homogeneous crystallization; pH color; gas evolution; capability_label=DMR,DMR,,,201
crystal garden growth video,chemistry_materials_change,__construct_after_dcr_video_gate__,chemistry_materials_change,precipitation_and_solubility,0,60,Colored tubular or branching structures grow upward/outward in solution.,capability_label=DCR; dynamic_concept_id=DCR_CHEM_GARDEN_001; linked_principle_id=CHM_PRE_002; aliases=silicate garden; precipitation tubes; crystal garden; reject=Reject static finished gardens without growth sequence.; hard_negative_concepts=ordinary crystallization; dye diffusion; bubbles,capability_label=DCR; dynamic_concept_id=DCR_CHEM_GARDEN_001; linked_principle_id=CHM_PRE_002; aliases=silicate garden; precipitation tubes; crystal garden; reject=Reject static finished gardens without growth sequence.; hard_negative_concepts=ordinary crystallization; dye diffusion; bubbles,DCR,DCR_CHEM_GARDEN_001,chemical garden,202
chemical traffic light reaction color cycle video,chemistry_materials_change,__construct_after_principle_video_gate__,chemistry_materials_change,redox_and_endpoint_reactions,0,60,Shaking/resting or reagent changes produce reversible color transitions.,principle_id=CHM_RED_003; priority=core; reject=Reject one-way color changes without redox-cycle evidence.; hard_negative_family=precipitation; crystallization; combustion; capability_label=DMR,principle_id=CHM_RED_003; priority=core; reject=Reject one-way color changes without redox-cycle evidence.; hard_negative_family=precipitation; crystallization; combustion; capability_label=DMR,DMR,,,203
blue bottle reaction reversible color video,chemistry_materials_change,__construct_after_principle_video_gate__,chemistry_materials_change,redox_and_endpoint_reactions,0,60,Shaking/resting or reagent changes produce reversible color transitions.,principle_id=CHM_RED_003; priority=core; reject=Reject one-way color changes without redox-cycle evidence.; hard_negative_family=precipitation; crystallization; combustion; capability_label=DMR,principle_id=CHM_RED_003; priority=core; reject=Reject one-way color changes without redox-cycle evidence.; hard_negative_family=precipitation; crystallization; combustion; capability_label=DMR,DMR,,,204
Benedict positive test video,chemistry_materials_change,__construct_after_dcr_video_gate__,chemistry_materials_change,redox_and_endpoint_reactions,0,60,Blue solution changes toward orange-red with precipitate formation while heated.,capability_label=DCR; dynamic_concept_id=DCR_CHEM_BENEDICT_001; linked_principle_id=CHM_RED_002; aliases=Benedict reagent; reducing sugar test; reject=Reject final tube comparisons without the heating transition.; hard_negative_concepts=iodine test; pH indicator; simple boiling,capability_label=DCR; dynamic_concept_id=DCR_CHEM_BENEDICT_001; linked_principle_id=CHM_RED_002; aliases=Benedict reagent; reducing sugar test; reject=Reject final tube comparisons without the heating transition.; hard_negative_concepts=iodine test; pH indicator; simple boiling,DCR,DCR_CHEM_BENEDICT_001,Benedict test positive reaction,205
iceberg calving fracture video,earth_environmental_systems,__construct_after_principle_video_gate__,earth_environmental_systems,cryosphere_and_seasonal_change,0,60,Cracks widen and a block breaks from the glacier front into water.,principle_id=EAR_CRY_002; priority=core; reject=Reject clips that only show floating ice after detachment.; hard_negative_family=landslide; freeze-thaw; wave breaking; capability_label=DMR,principle_id=EAR_CRY_002; priority=core; reject=Reject clips that only show floating ice after detachment.; hard_negative_family=landslide; freeze-thaw; wave breaking; capability_label=DMR,DMR,,,206
glacier front collapse video,earth_environmental_systems,__construct_after_principle_video_gate__,earth_environmental_systems,cryosphere_and_seasonal_change,0,60,Cracks widen and a block breaks from the glacier front into water.,principle_id=EAR_CRY_002; priority=core; reject=Reject clips that only show floating ice after detachment.; hard_negative_family=landslide; freeze-thaw; wave breaking; capability_label=DMR,principle_id=EAR_CRY_002; priority=core; reject=Reject clips that only show floating ice after detachment.; hard_negative_family=landslide; freeze-thaw; wave breaking; capability_label=DMR,DMR,,,207
glacier front collapse video,earth_environmental_systems,__construct_after_dcr_video_gate__,earth_environmental_systems,cryosphere_and_seasonal_change,0,60,"An ice front cracks, detaches, falls, and generates waves or roll-over.",capability_label=DCR; dynamic_concept_id=DCR_EAR_GLCALV_001; linked_principle_id=EAR_CRY_002; aliases=iceberg calving; ice cliff collapse; reject=Reject clips showing only floating ice after detachment.; hard_negative_concepts=avalanche; ordinary wave; glacier flow,capability_label=DCR; dynamic_concept_id=DCR_EAR_GLCALV_001; linked_principle_id=EAR_CRY_002; aliases=iceberg calving; ice cliff collapse; reject=Reject clips showing only floating ice after detachment.; hard_negative_concepts=avalanche; ordinary wave; glacier flow,DCR,DCR_EAR_GLCALV_001,glacier calving,208
bee pollination anther stigma contact video,earth_environmental_systems,__construct_after_principle_video_gate__,earth_environmental_systems,ecosystem_interactions,0,60,Visitor contacts anthers/stigma and then moves away or to another flower.,principle_id=EAR_ECO_002; priority=core; reject=Reject flower visitor videos without contact to reproductive parts.; hard_negative_family=feeding only; phototaxis; wind; capability_label=DMR,principle_id=EAR_ECO_002; priority=core; reject=Reject flower visitor videos without contact to reproductive parts.; hard_negative_family=feeding only; phototaxis; wind; capability_label=DMR,DMR,,,209
flower visitor pollen transfer video,earth_environmental_systems,__construct_after_principle_video_gate__,earth_environmental_systems,ecosystem_interactions,0,60,Visitor contacts anthers/stigma and then moves away or to another flower.,principle_id=EAR_ECO_002; priority=core; reject=Reject flower visitor videos without contact to reproductive parts.; hard_negative_family=feeding only; phototaxis; wind; capability_label=DMR,principle_id=EAR_ECO_002; priority=core; reject=Reject flower visitor videos without contact to reproductive parts.; hard_negative_family=feeding only; phototaxis; wind; capability_label=DMR,DMR,,,210
particle settling sorting time lapse,earth_environmental_systems,__construct_after_principle_video_gate__,earth_environmental_systems,erosion_transport_and_deposition,0,60,Particles separate spatially or layers form as flow slows.,principle_id=EAR_ERO_002; priority=core; reject=Reject final sorted samples without movement/deposition sequence.; hard_negative_family=filtration; granular vibration; chemical precipitation; capability_label=DMR,principle_id=EAR_ERO_002; priority=core; reject=Reject final sorted samples without movement/deposition sequence.; hard_negative_family=filtration; granular vibration; chemical precipitation; capability_label=DMR,DMR,,,211
delta deposition flume video,earth_environmental_systems,__construct_after_principle_video_gate__,earth_environmental_systems,erosion_transport_and_deposition,0,60,Particles separate spatially or layers form as flow slows.,principle_id=EAR_ERO_002; priority=core; reject=Reject final sorted samples without movement/deposition sequence.; hard_negative_family=filtration; granular vibration; chemical precipitation; capability_label=DMR,principle_id=EAR_ERO_002; priority=core; reject=Reject final sorted samples without movement/deposition sequence.; hard_negative_family=filtration; granular vibration; chemical precipitation; capability_label=DMR,DMR,,,212
bedload saltation video,earth_environmental_systems,__construct_after_dcr_video_gate__,earth_environmental_systems,erosion_transport_and_deposition,0,60,Particles transition from rest to bouncing/hopping transport above a bed.,capability_label=DCR; dynamic_concept_id=DCR_EAR_SALT_001; linked_principle_id=EAR_ERO_001; aliases=grain saltation; sand hopping; bedload saltation; reject=Reject videos where grains are already moving without visible saltation.; hard_negative_concepts=suspension cloud; landslide; simple settling,capability_label=DCR; dynamic_concept_id=DCR_EAR_SALT_001; linked_principle_id=EAR_ERO_001; aliases=grain saltation; sand hopping; bedload saltation; reject=Reject videos where grains are already moving without visible saltation.; hard_negative_concepts=suspension cloud; landslide; simple settling,DCR,DCR_EAR_SALT_001,sediment saltation,213
pyroclastic flow analogue flume video,earth_environmental_systems,__construct_after_principle_video_gate__,earth_environmental_systems,geology_and_geophysical_change,0,60,Dense current advances along the ground with a leading front and suspended particles.,principle_id=EAR_GEO_002; priority=core; reject=Reject smoke plumes rising vertically without ground-hugging current.; hard_negative_family=lava flow; debris slide; steam convection; capability_label=DMR,principle_id=EAR_GEO_002; priority=core; reject=Reject smoke plumes rising vertically without ground-hugging current.; hard_negative_family=lava flow; debris slide; steam convection; capability_label=DMR,DMR,,,214
particle laden gravity current video,earth_environmental_systems,__construct_after_principle_video_gate__,earth_environmental_systems,geology_and_geophysical_change,0,60,Dense current advances along the ground with a leading front and suspended particles.,principle_id=EAR_GEO_002; priority=core; reject=Reject smoke plumes rising vertically without ground-hugging current.; hard_negative_family=lava flow; debris slide; steam convection; capability_label=DMR,principle_id=EAR_GEO_002; priority=core; reject=Reject smoke plumes rising vertically without ground-hugging current.; hard_negative_family=lava flow; debris slide; steam convection; capability_label=DMR,DMR,,,215
volcanic ash gravity current video,earth_environmental_systems,__construct_after_dcr_video_gate__,earth_environmental_systems,geology_and_geophysical_change,0,60,A ground-hugging ash cloud accelerates downslope from a volcanic source.,capability_label=DCR; dynamic_concept_id=DCR_EAR_PYRO_001; linked_principle_id=EAR_GEO_002; aliases=pyroclastic flow; ash gravity current; reject=Reject vertical ash plumes without ground-hugging flow.; hard_negative_concepts=ash plume rise; landslide dust; cloud shadow,capability_label=DCR; dynamic_concept_id=DCR_EAR_PYRO_001; linked_principle_id=EAR_GEO_002; aliases=pyroclastic flow; ash gravity current; reject=Reject vertical ash plumes without ground-hugging flow.; hard_negative_concepts=ash plume rise; landslide dust; cloud shadow,DCR,DCR_EAR_PYRO_001,pyroclastic density current,216
porous soil water infiltration video,earth_environmental_systems,__construct_after_principle_video_gate__,earth_environmental_systems,hydrology_and_flow_processes,0,60,Water level drops and a visible wetting boundary moves downward or laterally.,principle_id=EAR_HYD_002; priority=core; reject=Reject top-surface wetting without internal front movement.; hard_negative_family=surface runoff; capillary tube; sediment transport; capability_label=DMR,principle_id=EAR_HYD_002; priority=core; reject=Reject top-surface wetting without internal front movement.; hard_negative_family=surface runoff; capillary tube; sediment transport; capability_label=DMR,DMR,,,217
stream table meander migration,earth_environmental_systems,__construct_after_dcr_video_gate__,earth_environmental_systems,hydrology_and_flow_processes,0,60,A channel bend shifts laterally or cutbank/point-bar changes over time.,capability_label=DCR; dynamic_concept_id=DCR_EAR_MEANDER_001; linked_principle_id=EAR_HYD_001; aliases=river meander migration; cutbank erosion point bar deposition; reject=Reject static aerial images without change over time.; hard_negative_concepts=straight runoff; delta growth; debris flow,capability_label=DCR; dynamic_concept_id=DCR_EAR_MEANDER_001; linked_principle_id=EAR_HYD_001; aliases=river meander migration; cutbank erosion point bar deposition; reject=Reject static aerial images without change over time.; hard_negative_concepts=straight runoff; delta growth; debris flow,DCR,DCR_EAR_MEANDER_001,meander migration,218
cyclone cloud bands rotation video,earth_environmental_systems,__construct_after_principle_video_gate__,earth_environmental_systems,weather_and_atmospheric_dynamics,0,60,Cloud bands rotate around a center or funnel-like structure develops.,principle_id=EAR_WEA_002; priority=core; reject=Reject static satellite images or non-rotating cloud drift.; hard_negative_family=linear front motion; river flow; smoke; capability_label=DMR,principle_id=EAR_WEA_002; priority=core; reject=Reject static satellite images or non-rotating cloud drift.; hard_negative_family=linear front motion; river flow; smoke; capability_label=DMR,DMR,,,219
tornado formation cloud rotation video,earth_environmental_systems,__construct_after_principle_video_gate__,earth_environmental_systems,weather_and_atmospheric_dynamics,0,60,Cloud bands rotate around a center or funnel-like structure develops.,principle_id=EAR_WEA_002; priority=core; reject=Reject static satellite images or non-rotating cloud drift.; hard_negative_family=linear front motion; river flow; smoke; capability_label=DMR,principle_id=EAR_WEA_002; priority=core; reject=Reject static satellite images or non-rotating cloud drift.; hard_negative_family=linear front motion; river flow; smoke; capability_label=DMR,DMR,,,220
downburst cloud motion video,earth_environmental_systems,__construct_after_dcr_video_gate__,earth_environmental_systems,weather_and_atmospheric_dynamics,0,60,Cloud or precipitation core descends and surface outflow spreads radially.,capability_label=DCR; dynamic_concept_id=DCR_EAR_DOWN_001; linked_principle_id=EAR_WEA_001; aliases=microburst; descending storm outflow; reject=Reject clips without descending/outward flow evidence.; hard_negative_concepts=tornado; supercell rotation; ordinary rain shaft,capability_label=DCR; dynamic_concept_id=DCR_EAR_DOWN_001; linked_principle_id=EAR_WEA_001; aliases=microburst; descending storm outflow; reject=Reject clips without descending/outward flow evidence.; hard_negative_concepts=tornado; supercell rotation; ordinary rain shaft,DCR,DCR_EAR_DOWN_001,downburst,221
settling column particles time lapse,engineering_operational_systems,__construct_after_principle_video_gate__,engineering_operational_systems,filtration_and_separation,0,60,Suspension clears from top while particles accumulate at bottom.,principle_id=ENG_SEP_002; priority=core; reject=Reject shaking or centrifuge if gravity settling is not the mechanism.; hard_negative_family=precipitation; filtration; centrifugation; capability_label=DMR,principle_id=ENG_SEP_002; priority=core; reject=Reject shaking or centrifuge if gravity settling is not the mechanism.; hard_negative_family=precipitation; filtration; centrifugation; capability_label=DMR,DMR,,,222
clarification suspension settling video,engineering_operational_systems,__construct_after_principle_video_gate__,engineering_operational_systems,filtration_and_separation,0,60,Suspension clears from top while particles accumulate at bottom.,principle_id=ENG_SEP_002; priority=core; reject=Reject shaking or centrifuge if gravity settling is not the mechanism.; hard_negative_family=precipitation; filtration; centrifugation; capability_label=DMR,principle_id=ENG_SEP_002; priority=core; reject=Reject shaking or centrifuge if gravity settling is not the mechanism.; hard_negative_family=precipitation; filtration; centrifugation; capability_label=DMR,DMR,,,223
filter clogging particles video,engineering_operational_systems,__construct_after_dcr_video_gate__,engineering_operational_systems,filtration_and_separation,0,60,A visible layer grows on the filter while filtrate flow changes.,capability_label=DCR; dynamic_concept_id=DCR_ENG_FIL_001; linked_principle_id=ENG_SEP_001; aliases=cake filtration; filter clogging front; reject=Reject clips showing only clean or final dirty filters.; hard_negative_concepts=sedimentation; simple pouring; centrifugation,capability_label=DCR; dynamic_concept_id=DCR_ENG_FIL_001; linked_principle_id=ENG_SEP_001; aliases=cake filtration; filter clogging front; reject=Reject clips showing only clean or final dirty filters.; hard_negative_concepts=sedimentation; simple pouring; centrifugation,DCR,DCR_ENG_FIL_001,filter cake formation,224
cam profile follower rise dwell fall video,engineering_operational_systems,__construct_after_principle_video_gate__,engineering_operational_systems,machines_control_and_failure_modes,0,60,"Rotating cam makes a follower rise, dwell, and fall.",principle_id=ENG_MCH_002; priority=core; reject=Reject rotating disks without follower contact.; hard_negative_family=linkage; gear ratio; pendulum; capability_label=DMR,principle_id=ENG_MCH_002; priority=core; reject=Reject rotating disks without follower contact.; hard_negative_family=linkage; gear ratio; pendulum; capability_label=DMR,DMR,,,225
valve cam mechanism animation,engineering_operational_systems,__construct_after_principle_video_gate__,engineering_operational_systems,machines_control_and_failure_modes,0,60,"Rotating cam makes a follower rise, dwell, and fall.",principle_id=ENG_MCH_002; priority=core; reject=Reject rotating disks without follower contact.; hard_negative_family=linkage; gear ratio; pendulum; capability_label=DMR,principle_id=ENG_MCH_002; priority=core; reject=Reject rotating disks without follower contact.; hard_negative_family=linkage; gear ratio; pendulum; capability_label=DMR,DMR,,,226
milling chatter vibration video,engineering_operational_systems,__construct_after_dcr_video_gate__,engineering_operational_systems,machines_control_and_failure_modes,0,60,Tool or workpiece oscillates visibly with changing sound/surface pattern.,capability_label=DCR; dynamic_concept_id=DCR_ENG_CHATTER_001; linked_principle_id=ENG_FAIL_001; aliases=chatter vibration; regenerative chatter; reject=Reject clips with only final surface marks and no dynamic vibration.; hard_negative_concepts=steady cutting; built-up edge; resonance demo without cutting,capability_label=DCR; dynamic_concept_id=DCR_ENG_CHATTER_001; linked_principle_id=ENG_FAIL_001; aliases=chatter vibration; regenerative chatter; reject=Reject clips with only final surface marks and no dynamic vibration.; hard_negative_concepts=steady cutting; built-up edge; resonance demo without cutting,DCR,DCR_ENG_CHATTER_001,machining chatter,227
coating wetting contact angle video,engineering_operational_systems,__construct_after_principle_video_gate__,engineering_operational_systems,mixing_dispersion_and_wetting,0,60,"Droplets impact, spread, merge, and form a continuous layer.",principle_id=ENG_MIX_002; priority=core; reject=Reject isolated physics droplet demos unless process goal is coating or cleaning.; hard_negative_family=capillary rise; rain drops; diffusion; capability_label=DMR,principle_id=ENG_MIX_002; priority=core; reject=Reject isolated physics droplet demos unless process goal is coating or cleaning.; hard_negative_family=capillary rise; rain drops; diffusion; capability_label=DMR,DMR,,,228
droplet coalescence coating film video,engineering_operational_systems,__construct_after_principle_video_gate__,engineering_operational_systems,mixing_dispersion_and_wetting,0,60,"Droplets impact, spread, merge, and form a continuous layer.",principle_id=ENG_MIX_002; priority=core; reject=Reject isolated physics droplet demos unless process goal is coating or cleaning.; hard_negative_family=capillary rise; rain drops; diffusion; capability_label=DMR,principle_id=ENG_MIX_002; priority=core; reject=Reject isolated physics droplet demos unless process goal is coating or cleaning.; hard_negative_family=capillary rise; rain drops; diffusion; capability_label=DMR,DMR,,,229
diaphragm pump transparent flow video,engineering_operational_systems,__construct_after_principle_video_gate__,engineering_operational_systems,pressure_flow_and_process_control,0,60,"Piston, diaphragm, peristaltic rollers, or impeller motion drives visible one-way flow.",principle_id=ENG_PRS_002; priority=core; reject=Reject source-only pump videos without visible fluid movement.; hard_negative_family=siphon; capillary action; open-channel flow; capability_label=DMR,principle_id=ENG_PRS_002; priority=core; reject=Reject source-only pump videos without visible fluid movement.; hard_negative_family=siphon; capillary action; open-channel flow; capability_label=DMR,DMR,,,230
piston pump one way valve video,engineering_operational_systems,__construct_after_principle_video_gate__,engineering_operational_systems,pressure_flow_and_process_control,0,60,"Piston, diaphragm, peristaltic rollers, or impeller motion drives visible one-way flow.",principle_id=ENG_PRS_002; priority=core; reject=Reject source-only pump videos without visible fluid movement.; hard_negative_family=siphon; capillary action; open-channel flow; capability_label=DMR,principle_id=ENG_PRS_002; priority=core; reject=Reject source-only pump videos without visible fluid movement.; hard_negative_family=siphon; capillary action; open-channel flow; capability_label=DMR,DMR,,,231
cavitation bubble collapse video,engineering_operational_systems,__construct_after_dcr_video_gate__,engineering_operational_systems,pressure_flow_and_process_control,0,60,"Bubbles appear near a propeller, valve, or pump and collapse or cloud dynamically.",capability_label=DCR; dynamic_concept_id=DCR_ENG_CAV_001; linked_principle_id=ENG_PRS_001; aliases=pump cavitation; vapor bubble collapse; propeller cavitation; reject=Reject clips with injected air bubbles but no pressure-driven collapse.; hard_negative_concepts=gas evolution; boiling; aeration,capability_label=DCR; dynamic_concept_id=DCR_ENG_CAV_001; linked_principle_id=ENG_PRS_001; aliases=pump cavitation; vapor bubble collapse; propeller cavitation; reject=Reject clips with injected air bubbles but no pressure-driven collapse.; hard_negative_concepts=gas evolution; boiling; aeration,DCR,DCR_ENG_CAV_001,cavitation,232
heat treatment quench boiling video,engineering_operational_systems,__construct_after_principle_video_gate__,engineering_operational_systems,thermal_process_control,0,60,"Hot part is immersed, vapor/boiling forms, and cooling progresses rapidly.",principle_id=ENG_THM_002; priority=core; reject=Reject simple dunking with no thermal response or material context.; hard_negative_family=Leidenfrost droplet; forging; welding; capability_label=DMR,principle_id=ENG_THM_002; priority=core; reject=Reject simple dunking with no thermal response or material context.; hard_negative_family=Leidenfrost droplet; forging; welding; capability_label=DMR,DMR,,,233
steel quench vapor blanket video,engineering_operational_systems,__construct_after_principle_video_gate__,engineering_operational_systems,thermal_process_control,0,60,"Hot part is immersed, vapor/boiling forms, and cooling progresses rapidly.",principle_id=ENG_THM_002; priority=core; reject=Reject simple dunking with no thermal response or material context.; hard_negative_family=Leidenfrost droplet; forging; welding; capability_label=DMR,principle_id=ENG_THM_002; priority=core; reject=Reject simple dunking with no thermal response or material context.; hard_negative_family=Leidenfrost droplet; forging; welding; capability_label=DMR,DMR,,,234
drill bit cutting chips video,engineering_operational_systems,__construct_after_principle_video_gate__,engineering_operational_systems,tooling_force_and_precision,0,60,"Drill rotates, advances, and chips evacuate from the hole.",principle_id=ENG_TOOL_002; priority=core; reject=Reject hole already made or no visible chips.; hard_negative_family=sawing; cutting only; melting; capability_label=DMR,principle_id=ENG_TOOL_002; priority=core; reject=Reject hole already made or no visible chips.; hard_negative_family=sawing; cutting only; melting; capability_label=DMR,DMR,,,235
machining drilling process slow motion,engineering_operational_systems,__construct_after_principle_video_gate__,engineering_operational_systems,tooling_force_and_precision,0,60,"Drill rotates, advances, and chips evacuate from the hole.",principle_id=ENG_TOOL_002; priority=core; reject=Reject hole already made or no visible chips.; hard_negative_family=sawing; cutting only; melting; capability_label=DMR,principle_id=ENG_TOOL_002; priority=core; reject=Reject hole already made or no visible chips.; hard_negative_family=sawing; cutting only; melting; capability_label=DMR,DMR,,,236
built-up edge chip formation video,engineering_operational_systems,__construct_after_dcr_video_gate__,engineering_operational_systems,tooling_force_and_precision,0,60,Chip/tool contact shows adhesion growth and sudden detachment at the cutting edge.,capability_label=DCR; dynamic_concept_id=DCR_ENG_BUE_001; linked_principle_id=ENG_TOOL_001; aliases=BUE; built up edge machining; chip adhesion; reject=Reject clips without visible tool-edge adhesion dynamics.; hard_negative_concepts=continuous chip; chatter; tool wear only,capability_label=DCR; dynamic_concept_id=DCR_ENG_BUE_001; linked_principle_id=ENG_TOOL_001; aliases=BUE; built up edge machining; chip adhesion; reject=Reject clips without visible tool-edge adhesion dynamics.; hard_negative_concepts=continuous chip; chatter; tool wear only,DCR,DCR_ENG_BUE_001,built-up edge,237
clay collision sticking video,physics_physical_systems,__construct_after_principle_video_gate__,physics_physical_systems,collisions_and_momentum,0,60,"Objects deform, stick, fragment, or rebound with lower speed after impact.",principle_id=PHY_COL_002; priority=core; reject=Reject elastic rebounds with no visible energy loss.; hard_negative_family=elastic collision; fracture only; free fall; capability_label=DMR,principle_id=PHY_COL_002; priority=core; reject=Reject elastic rebounds with no visible energy loss.; hard_negative_family=elastic collision; fracture only; free fall; capability_label=DMR,DMR,,,238
crash kinetic energy deformation video,physics_physical_systems,__construct_after_principle_video_gate__,physics_physical_systems,collisions_and_momentum,0,60,"Objects deform, stick, fragment, or rebound with lower speed after impact.",principle_id=PHY_COL_002; priority=core; reject=Reject elastic rebounds with no visible energy loss.; hard_negative_family=elastic collision; fracture only; free fall; capability_label=DMR,principle_id=PHY_COL_002; priority=core; reject=Reject elastic rebounds with no visible energy loss.; hard_negative_family=elastic collision; fracture only; free fall; capability_label=DMR,DMR,,,239
electrophoresis particle migration video,physics_physical_systems,__construct_after_principle_video_gate__,physics_physical_systems,electromagnetism_and_fields,0,60,Particles/droplets move along field lines or deform between electrodes.,principle_id=PHY_EM_002; priority=core; reject=Reject clips where electrodes are visible but no field-driven motion occurs.; hard_negative_family=magnetic alignment; diffusion; buoyancy; capability_label=DMR,principle_id=PHY_EM_002; priority=core; reject=Reject clips where electrodes are visible but no field-driven motion occurs.; hard_negative_family=magnetic alignment; diffusion; buoyancy; capability_label=DMR,DMR,,,240
neutral buoyancy video,physics_physical_systems,__construct_after_principle_video_gate__,physics_physical_systems,fluids_pressure_and_buoyancy,0,60,"Object sinks, floats, or reaches neutral buoyancy as density/ballast changes.",principle_id=PHY_FLU_002; priority=core; reject=Reject generic boats moving without density or displacement change.; hard_negative_family=surface tension support; propulsion; pressure-driven flow; capability_label=DMR,principle_id=PHY_FLU_002; priority=core; reject=Reject generic boats moving without density or displacement change.; hard_negative_family=surface tension support; propulsion; pressure-driven flow; capability_label=DMR,DMR,,,241
siphon pressure gradient flow video,physics_physical_systems,__construct_after_principle_video_gate__,physics_physical_systems,fluids_pressure_and_buoyancy,0,60,Liquid continues moving through a tube across height differences with visible level changes.,principle_id=PHY_FLU_003; priority=core; reject=Reject source-only siphon claims where no flow path or level change is visible.; hard_negative_family=capillary rise; pump-driven flow; diffusion; capability_label=DMR,principle_id=PHY_FLU_003; priority=core; reject=Reject source-only siphon claims where no flow path or level change is visible.; hard_negative_family=capillary rise; pump-driven flow; diffusion; capability_label=DMR,DMR,,,242
Rayleigh Taylor fingers experiment,physics_physical_systems,__construct_after_dcr_video_gate__,physics_physical_systems,fluids_pressure_and_buoyancy,0,60,Finger-like plumes grow downward/upward from an unstable density interface.,capability_label=DCR; dynamic_concept_id=DCR_PHY_RT_001; linked_principle_id=PHY_FLU_002; aliases=Rayleigh Taylor fingers; density inversion plumes; reject=Reject clips with no visible interface evolution.; hard_negative_concepts=diffusion; convection cell; simple pouring,capability_label=DCR; dynamic_concept_id=DCR_PHY_RT_001; linked_principle_id=PHY_FLU_002; aliases=Rayleigh Taylor fingers; density inversion plumes; reject=Reject clips with no visible interface evolution.; hard_negative_concepts=diffusion; convection cell; simple pouring,DCR,DCR_PHY_RT_001,Rayleigh-Taylor instability,243
projectile motion tracking video,physics_physical_systems,__construct_after_principle_video_gate__,physics_physical_systems,motion_forces_and_energy,0,60,The object follows a parabolic arc or tracked trajectory with independent horizontal and vertical components.,principle_id=PHY_FOR_002; priority=core; reject=Reject clips without visible trajectory or where propulsion continues after launch.; hard_negative_family=free fall only; powered flight; rolling on ramp; capability_label=DMR,principle_id=PHY_FOR_002; priority=core; reject=Reject clips without visible trajectory or where propulsion continues after launch.; hard_negative_family=free fall only; powered flight; rolling on ramp; capability_label=DMR,DMR,,,244
ball projectile motion experiment,physics_physical_systems,__construct_after_principle_video_gate__,physics_physical_systems,motion_forces_and_energy,0,60,The object follows a parabolic arc or tracked trajectory with independent horizontal and vertical components.,principle_id=PHY_FOR_002; priority=core; reject=Reject clips without visible trajectory or where propulsion continues after launch.; hard_negative_family=free fall only; powered flight; rolling on ramp; capability_label=DMR,principle_id=PHY_FOR_002; priority=core; reject=Reject clips without visible trajectory or where propulsion continues after launch.; hard_negative_family=free fall only; powered flight; rolling on ramp; capability_label=DMR,DMR,,,245
Magnus effect soccer free kick video,physics_physical_systems,__construct_after_dcr_video_gate__,physics_physical_systems,motion_forces_and_energy,0,60,A spinning ball follows a visibly curved path after launch.,capability_label=DCR; dynamic_concept_id=DCR_PHY_MAGNUS_001; linked_principle_id=PHY_FOR_002; aliases=banana shot; curveball; bending free kick; Magnus kick; reject=Reject clips without visible curved trajectory or without evidence of spin.; hard_negative_concepts=ordinary projectile arc; knuckleball; straight kick,capability_label=DCR; dynamic_concept_id=DCR_PHY_MAGNUS_001; linked_principle_id=PHY_FOR_002; aliases=banana shot; curveball; bending free kick; Magnus kick; reject=Reject clips without visible curved trajectory or without evidence of spin.; hard_negative_concepts=ordinary projectile arc; knuckleball; straight kick,DCR,DCR_PHY_MAGNUS_001,banana kick / curveball,246
spring mass damping experiment,physics_physical_systems,__construct_after_principle_video_gate__,physics_physical_systems,oscillation_rotation_and_vibration,0,60,Oscillation amplitude shrinks across cycles.,principle_id=PHY_OSC_002; priority=core; reject=Reject clips where amplitude is externally held constant.; hard_negative_family=resonance growth; chaotic pendulum; constant forced oscillation; capability_label=DMR,principle_id=PHY_OSC_002; priority=core; reject=Reject clips where amplitude is externally held constant.; hard_negative_family=resonance growth; chaotic pendulum; constant forced oscillation; capability_label=DMR,DMR,,,247
resonance amplitude growth experiment video,physics_physical_systems,__construct_after_principle_video_gate__,physics_physical_systems,oscillation_rotation_and_vibration,0,60,Amplitude grows under a repeated external drive near the resonant frequency.,principle_id=PHY_OSC_003; priority=core; reject=Reject videos that only show large vibration without a drive-frequency relation.; hard_negative_family=damping decay; collision rebound; random vibration; capability_label=DMR,principle_id=PHY_OSC_003; priority=core; reject=Reject videos that only show large vibration without a drive-frequency relation.; hard_negative_family=damping decay; collision rebound; random vibration; capability_label=DMR,DMR,,,248
springboard somersault twist video,physics_physical_systems,__construct_after_dcr_video_gate__,physics_physical_systems,oscillation_rotation_and_vibration,0,60,"The diver transitions through takeoff, somersault, twist, and entry.","capability_label=DCR; dynamic_concept_id=DCR_PHY_DIVE_001; linked_principle_id=PHY_OSC_003; aliases=twisting dive; platform dive twist; springboard twist; reject=Reject clips missing takeoff or entry, or where twist count is not visible.; hard_negative_concepts=plain somersault; cartwheel dive; static pose","capability_label=DCR; dynamic_concept_id=DCR_PHY_DIVE_001; linked_principle_id=PHY_OSC_003; aliases=twisting dive; platform dive twist; springboard twist; reject=Reject clips missing takeoff or entry, or where twist count is not visible.; hard_negative_concepts=plain somersault; cartwheel dive; static pose",DCR,DCR_PHY_DIVE_001,somersault twist dive,249
capillary rise tube experiment,physics_physical_systems,__construct_after_principle_video_gate__,physics_physical_systems,surface_and_capillary_processes,0,60,"Liquid front rises or advances through a tube, paper, or porous medium.",principle_id=PHY_SUR_002; priority=core; reject=Reject non-porous droplet rolling or source-only capillary titles.; hard_negative_family=bulk pouring; diffusion only; surface beading; capability_label=DMR,principle_id=PHY_SUR_002; priority=core; reject=Reject non-porous droplet rolling or source-only capillary titles.; hard_negative_family=bulk pouring; diffusion only; surface beading; capability_label=DMR,DMR,,,250
contact angle wetting droplet spreading video,physics_physical_systems,__construct_after_principle_video_gate__,physics_physical_systems,surface_and_capillary_processes,0,60,"Droplet contact angle decreases, spreads, or switches from rebound to wetting.",principle_id=PHY_SUR_003; priority=core; reject=Reject clips showing a final wet surface without spreading over time.; hard_negative_family=capillary rise; evaporation; precipitation; capability_label=DMR,principle_id=PHY_SUR_003; priority=core; reject=Reject clips showing a final wet surface without spreading over time.; hard_negative_family=capillary rise; evaporation; precipitation; capability_label=DMR,DMR,,,251
capillary action tube video,physics_physical_systems,__construct_after_dcr_video_gate__,physics_physical_systems,surface_and_capillary_processes,0,60,"A liquid front rises or advances through a narrow tube, paper, or porous structure.",capability_label=DCR; dynamic_concept_id=DCR_PHY_CAP_001; linked_principle_id=PHY_SUR_002; aliases=capillary action; wicking front; paper chromatography rise; reject=Reject clips where liquid is simply poured or already at final height.; hard_negative_concepts=bulk pouring; diffusion cloud; surface beading,capability_label=DCR; dynamic_concept_id=DCR_PHY_CAP_001; linked_principle_id=PHY_SUR_002; aliases=capillary action; wicking front; paper chromatography rise; reject=Reject clips where liquid is simply poured or already at final height.; hard_negative_concepts=bulk pouring; diffusion cloud; surface beading,DCR,DCR_PHY_CAP_001,capillary rise,252
water droplet skittering hot pan,physics_physical_systems,__construct_after_dcr_video_gate__,physics_physical_systems,thermal_physical_response,0,60,"Droplets skitter, glide, or persist on a hot surface instead of immediately boiling away.",capability_label=DCR; dynamic_concept_id=DCR_PHY_LEIDEN_001; linked_principle_id=PHY_THR_002; aliases=Leidenfrost droplet; vapor cushion droplet; reject=Reject ordinary boiling without gliding or vapor-layer behavior.; hard_negative_concepts=ordinary boiling; wetting spread; evaporation,capability_label=DCR; dynamic_concept_id=DCR_PHY_LEIDEN_001; linked_principle_id=PHY_THR_002; aliases=Leidenfrost droplet; vapor cushion droplet; reject=Reject ordinary boiling without gliding or vapor-layer behavior.; hard_negative_concepts=ordinary boiling; wetting spread; evaporation,DCR,DCR_PHY_LEIDEN_001,Leidenfrost effect,253
insect takeoff wingbeats slow motion,biology_living_systems,__construct_after_principle_video_gate__,biology_living_systems,animal_locomotion_and_biomechanics,0,60,Wingbeats begin or intensify before lift-off or sustained flight.,principle_id=BIO_LOC_003; priority=core; reject=Reject gliding or leg-only jumps with passive wings.; hard_negative_family=leg jump; passive gliding; swimming; capability_label=DMR,principle_id=BIO_LOC_003; priority=core; reject=Reject gliding or leg-only jumps with passive wings.; hard_negative_family=leg jump; passive gliding; swimming; capability_label=DMR,DMR,,,254
bee takeoff slow motion lift,biology_living_systems,__construct_after_principle_video_gate__,biology_living_systems,animal_locomotion_and_biomechanics,0,60,Wingbeats begin or intensify before lift-off or sustained flight.,principle_id=BIO_LOC_003; priority=core; reject=Reject gliding or leg-only jumps with passive wings.; hard_negative_family=leg jump; passive gliding; swimming; capability_label=DMR,principle_id=BIO_LOC_003; priority=core; reject=Reject gliding or leg-only jumps with passive wings.; hard_negative_family=leg jump; passive gliding; swimming; capability_label=DMR,DMR,,,255
seed respiration carbon dioxide indicator video,biology_living_systems,__construct_after_principle_video_gate__,biology_living_systems,germination_and_development,0,60,CO2 indicator or sensor changes over time due to living tissue or microbes.,principle_id=BIO_ENE_002; priority=core; reject=Reject simple fermentation foam unless respiration mechanism and control are visible.; hard_negative_family=photosynthesis oxygen; acid-base demo; combustion; capability_label=DMR,principle_id=BIO_ENE_002; priority=core; reject=Reject simple fermentation foam unless respiration mechanism and control are visible.; hard_negative_family=photosynthesis oxygen; acid-base demo; combustion; capability_label=DMR,DMR,,,256
zebrafish embryo development time lapse,biology_living_systems,__construct_after_principle_video_gate__,biology_living_systems,germination_and_development,0,60,"Cleavage, gastrulation, or tissue formation is visible over time.",principle_id=BIO_DEV_001; priority=core; reject=Reject final embryo stage slides or pure text overlays.; hard_negative_family=plant germination; cell migration only; mitosis isolated; capability_label=DMR,principle_id=BIO_DEV_001; priority=core; reject=Reject final embryo stage slides or pure text overlays.; hard_negative_family=plant germination; cell migration only; mitosis isolated; capability_label=DMR,DMR,,,257
phototaxis microorganism light stimulus video,biology_living_systems,__construct_after_principle_video_gate__,biology_living_systems,organism_behavior_and_taxis,0,60,Organisms redistribute toward/away from a light source or stimulus marker.,principle_id=BIO_TAX_002; priority=core; reject=Reject clips with a lamp but no moving organisms or no directional redistribution.; hard_negative_family=phototropism; random walk; chemotaxis; capability_label=DMR,principle_id=BIO_TAX_002; priority=core; reject=Reject clips with a lamp but no moving organisms or no directional redistribution.; hard_negative_family=phototropism; random walk; chemotaxis; capability_label=DMR,DMR,,,258
Euglena phototaxis video,biology_living_systems,__construct_after_principle_video_gate__,biology_living_systems,organism_behavior_and_taxis,0,60,Organisms redistribute toward/away from a light source or stimulus marker.,principle_id=BIO_TAX_002; priority=core; reject=Reject clips with a lamp but no moving organisms or no directional redistribution.; hard_negative_family=phototropism; random walk; chemotaxis; capability_label=DMR,principle_id=BIO_TAX_002; priority=core; reject=Reject clips with a lamp but no moving organisms or no directional redistribution.; hard_negative_family=phototropism; random walk; chemotaxis; capability_label=DMR,DMR,,,259
dynamic mimicry animal video,biology_living_systems,__construct_after_dcr_video_gate__,biology_living_systems,organism_behavior_and_taxis,0,60,The organism changes motion or posture to resemble another dynamic target.,capability_label=DCR; dynamic_concept_id=DCR_BIO_MIMIC_001; linked_principle_id=BIO_TAX_004; aliases=motion mimicry; behavioral mimicry; reject=Reject purely static camouflage.; hard_negative_concepts=camouflage stillness; courtship display; simple escape,capability_label=DCR; dynamic_concept_id=DCR_BIO_MIMIC_001; linked_principle_id=BIO_TAX_004; aliases=motion mimicry; behavioral mimicry; reject=Reject purely static camouflage.; hard_negative_concepts=camouflage stillness; courtship display; simple escape,DCR,DCR_BIO_MIMIC_001,dynamic mimicry,260
plant gravitropism reorientation video,biology_living_systems,__construct_after_principle_video_gate__,biology_living_systems,plant_growth_and_tropisms,0,60,Root tip curves downward or shoot curves upward after rotation.,principle_id=BIO_TRO_002; priority=core; reject=Reject clips without reorientation or gravity-relative change.; hard_negative_family=phototropism; hydrotropism; circumnutation; capability_label=DMR,principle_id=BIO_TRO_002; priority=core; reject=Reject clips without reorientation or gravity-relative change.; hard_negative_family=phototropism; hydrotropism; circumnutation; capability_label=DMR,DMR,,,261
shoot gravitropism time lapse,biology_living_systems,__construct_after_principle_video_gate__,biology_living_systems,plant_growth_and_tropisms,0,60,Root tip curves downward or shoot curves upward after rotation.,principle_id=BIO_TRO_002; priority=core; reject=Reject clips without reorientation or gravity-relative change.; hard_negative_family=phototropism; hydrotropism; circumnutation; capability_label=DMR,principle_id=BIO_TRO_002; priority=core; reject=Reject clips without reorientation or gravity-relative change.; hard_negative_family=phototropism; hydrotropism; circumnutation; capability_label=DMR,DMR,,,262
phototropism time lapse plant bending light,biology_living_systems,__construct_after_dcr_video_gate__,biology_living_systems,plant_growth_and_tropisms,0,60,A shoot bends progressively toward a light source over time.,capability_label=DCR; dynamic_concept_id=DCR_BIO_PHOTO_001; linked_principle_id=BIO_TRO_001; aliases=shoot phototropism; plant bends toward light; reject=Reject clips without visible directional light or bending progression.; hard_negative_concepts=gravitropism; nastic folding; ordinary growth,capability_label=DCR; dynamic_concept_id=DCR_BIO_PHOTO_001; linked_principle_id=BIO_TRO_001; aliases=shoot phototropism; plant bends toward light; reject=Reject clips without visible directional light or bending progression.; hard_negative_concepts=gravitropism; nastic folding; ordinary growth,DCR,DCR_BIO_PHOTO_001,phototropism,263
cytoplasmic streaming plant cell microscopy,biology_living_systems,__construct_after_principle_video_gate__,biology_living_systems,plant_water_relations_and_turgor,0,60,Chloroplasts or granules circulate along cell boundaries or strands.,principle_id=BIO_TRA_003; priority=core; reject=Reject if movement is only camera drift or Brownian jitter.; hard_negative_family=plasmolysis; diffusion; mitosis; capability_label=DMR,principle_id=BIO_TRA_003; priority=core; reject=Reject if movement is only camera drift or Brownian jitter.; hard_negative_family=plasmolysis; diffusion; mitosis; capability_label=DMR,DMR,,,264
cytoplasmic streaming chloroplast video,biology_living_systems,__construct_after_dcr_video_gate__,biology_living_systems,plant_water_relations_and_turgor,0,60,Chloroplasts or organelles circulate along cell edges or tracks.,capability_label=DCR; dynamic_concept_id=DCR_BIO_STREAM_001; linked_principle_id=BIO_TRA_003; aliases=cyclosis; chloroplast streaming; reject=Reject clips where organelle motion is not visible.; hard_negative_concepts=Brownian motion; cell division; camera drift,capability_label=DCR; dynamic_concept_id=DCR_BIO_STREAM_001; linked_principle_id=BIO_TRA_003; aliases=cyclosis; chloroplast streaming; reject=Reject clips where organelle motion is not visible.; hard_negative_concepts=Brownian motion; cell division; camera drift,DCR,DCR_BIO_STREAM_001,cytoplasmic streaming,265
chemical chameleon reaction video,chemistry_materials_change,__construct_after_principle_video_gate__,chemistry_materials_change,redox_and_endpoint_reactions,0,60,Shaking/resting or reagent changes produce reversible color transitions.,principle_id=CHM_RED_003; priority=core; reject=Reject one-way color changes without redox-cycle evidence.; hard_negative_family=precipitation; crystallization; combustion; capability_label=DMR,principle_id=CHM_RED_003; priority=core; reject=Reject one-way color changes without redox-cycle evidence.; hard_negative_family=precipitation; crystallization; combustion; capability_label=DMR,DMR,,,266
blue bottle reaction video,chemistry_materials_change,__construct_after_dcr_video_gate__,chemistry_materials_change,redox_and_endpoint_reactions,0,60,Shaking turns the solution blue and resting fades it repeatedly.,capability_label=DCR; dynamic_concept_id=DCR_CHEM_BLUE_001; linked_principle_id=CHM_RED_003; aliases=redox color cycle; blue bottle experiment; reject=Reject non-cyclic one-way color changes.; hard_negative_concepts=one-way dye mixing; iodine clock; precipitation,capability_label=DCR; dynamic_concept_id=DCR_CHEM_BLUE_001; linked_principle_id=CHM_RED_003; aliases=redox color cycle; blue bottle experiment; reject=Reject non-cyclic one-way color changes.; hard_negative_concepts=one-way dye mixing; iodine clock; precipitation,DCR,DCR_CHEM_BLUE_001,blue bottle reaction,267
lava flow crust folding time lapse,earth_environmental_systems,__construct_after_principle_video_gate__,earth_environmental_systems,geology_and_geophysical_change,0,60,"Surface crust wrinkles, breaks, or folds as the flow front moves.",principle_id=EAR_GEO_003; priority=core; reject=Reject static lava images or glow-only clips.; hard_negative_family=pyroclastic current; mudflow; glacier; capability_label=DMR,principle_id=EAR_GEO_003; priority=core; reject=Reject static lava images or glow-only clips.; hard_negative_family=pyroclastic current; mudflow; glacier; capability_label=DMR,DMR,,,268
pahoehoe lava flow time lapse,earth_environmental_systems,__construct_after_principle_video_gate__,earth_environmental_systems,geology_and_geophysical_change,0,60,"Surface crust wrinkles, breaks, or folds as the flow front moves.",principle_id=EAR_GEO_003; priority=core; reject=Reject static lava images or glow-only clips.; hard_negative_family=pyroclastic current; mudflow; glacier; capability_label=DMR,principle_id=EAR_GEO_003; priority=core; reject=Reject static lava images or glow-only clips.; hard_negative_family=pyroclastic current; mudflow; glacier; capability_label=DMR,DMR,,,269
supercell thunderstorm time lapse rotation,earth_environmental_systems,__construct_after_dcr_video_gate__,earth_environmental_systems,weather_and_atmospheric_dynamics,0,60,Cloud base or storm structure rotates persistently with organized inflow/outflow.,capability_label=DCR; dynamic_concept_id=DCR_EAR_SUPER_001; linked_principle_id=EAR_WEA_002; aliases=rotating supercell; mesocyclone; reject=Reject clips with dramatic clouds but no rotation sequence.; hard_negative_concepts=downburst; ordinary cumulus; dust devil,capability_label=DCR; dynamic_concept_id=DCR_EAR_SUPER_001; linked_principle_id=EAR_WEA_002; aliases=rotating supercell; mesocyclone; reject=Reject clips with dramatic clouds but no rotation sequence.; hard_negative_concepts=downburst; ordinary cumulus; dust devil,DCR,DCR_EAR_SUPER_001,supercell thunderstorm,270
Brazil nut effect granular segregation video,engineering_operational_systems,__construct_after_principle_video_gate__,engineering_operational_systems,filtration_and_separation,0,60,Larger particles rise or appear at the top under repeated shaking.,principle_id=ENG_SEP_003; priority=core; reject=Reject static layered bins or manual sorting.; hard_negative_family=sediment sorting; sieving; buoyancy; capability_label=DMR,principle_id=ENG_SEP_003; priority=core; reject=Reject static layered bins or manual sorting.; hard_negative_family=sediment sorting; sieving; buoyancy; capability_label=DMR,DMR,,,271
vibrated granular mixture size segregation video,engineering_operational_systems,__construct_after_principle_video_gate__,engineering_operational_systems,filtration_and_separation,0,60,Larger particles rise or appear at the top under repeated shaking.,principle_id=ENG_SEP_003; priority=core; reject=Reject static layered bins or manual sorting.; hard_negative_family=sediment sorting; sieving; buoyancy; capability_label=DMR,principle_id=ENG_SEP_003; priority=core; reject=Reject static layered bins or manual sorting.; hard_negative_family=sediment sorting; sieving; buoyancy; capability_label=DMR,DMR,,,272
Brazil nut effect vibration video,engineering_operational_systems,__construct_after_dcr_video_gate__,engineering_operational_systems,filtration_and_separation,0,60,Large particles rise or size layers form under shaking.,capability_label=DCR; dynamic_concept_id=DCR_ENG_GRAN_001; linked_principle_id=ENG_SEP_003; aliases=granular segregation; vibration size segregation; reject=Reject clips with pre-sorted layers only.; hard_negative_concepts=sedimentation; mixing; static stratification,capability_label=DCR; dynamic_concept_id=DCR_ENG_GRAN_001; linked_principle_id=ENG_SEP_003; aliases=granular segregation; vibration size segregation; reject=Reject clips with pre-sorted layers only.; hard_negative_concepts=sedimentation; mixing; static stratification,DCR,DCR_ENG_GRAN_001,Brazil nut effect,273
clock escapement mechanism slow motion,engineering_operational_systems,__construct_after_principle_video_gate__,engineering_operational_systems,machines_control_and_failure_modes,0,60,Oscillator motion locks/unlocks teeth and gear advances one step at a time.,principle_id=ENG_MCH_003; priority=core; reject=Reject clock face videos with no visible escapement action.; hard_negative_family=gear train; ratchet; pendulum only; capability_label=DMR,principle_id=ENG_MCH_003; priority=core; reject=Reject clock face videos with no visible escapement action.; hard_negative_family=gear train; ratchet; pendulum only; capability_label=DMR,DMR,,,274
anchor escapement gear step video,engineering_operational_systems,__construct_after_principle_video_gate__,engineering_operational_systems,machines_control_and_failure_modes,0,60,Oscillator motion locks/unlocks teeth and gear advances one step at a time.,principle_id=ENG_MCH_003; priority=core; reject=Reject clock face videos with no visible escapement action.; hard_negative_family=gear train; ratchet; pendulum only; capability_label=DMR,principle_id=ENG_MCH_003; priority=core; reject=Reject clock face videos with no visible escapement action.; hard_negative_family=gear train; ratchet; pendulum only; capability_label=DMR,DMR,,,275
PID overshoot control system video,engineering_operational_systems,__construct_after_dcr_video_gate__,engineering_operational_systems,machines_control_and_failure_modes,0,60,A controlled variable rises past target and oscillates or settles back.,capability_label=DCR; dynamic_concept_id=DCR_ENG_PID_001; linked_principle_id=ENG_PRS_003; aliases=control overshoot; feedback overshoot; setpoint overshoot; reject=Reject clips without visible target/setpoint or response trace.; hard_negative_concepts=steady tracking; random vibration; open-loop motion,capability_label=DCR; dynamic_concept_id=DCR_ENG_PID_001; linked_principle_id=ENG_PRS_003; aliases=control overshoot; feedback overshoot; setpoint overshoot; reject=Reject clips without visible target/setpoint or response trace.; hard_negative_concepts=steady tracking; random vibration; open-loop motion,DCR,DCR_ENG_PID_001,PID overshoot,276
feedback control valve level system video,engineering_operational_systems,__construct_after_principle_video_gate__,engineering_operational_systems,pressure_flow_and_process_control,0,60,A disturbance or setpoint change is followed by actuator response and variable stabilization.,principle_id=ENG_PRS_003; priority=core; reject=Reject manually adjusted controls without closed-loop response.; hard_negative_family=open-loop valve; pressure relief; natural flow; capability_label=DMR,principle_id=ENG_PRS_003; priority=core; reject=Reject manually adjusted controls without closed-loop response.; hard_negative_family=open-loop valve; pressure relief; natural flow; capability_label=DMR,DMR,,,277
PID level control tank video,engineering_operational_systems,__construct_after_principle_video_gate__,engineering_operational_systems,pressure_flow_and_process_control,0,60,A disturbance or setpoint change is followed by actuator response and variable stabilization.,principle_id=ENG_PRS_003; priority=core; reject=Reject manually adjusted controls without closed-loop response.; hard_negative_family=open-loop valve; pressure relief; natural flow; capability_label=DMR,principle_id=ENG_PRS_003; priority=core; reject=Reject manually adjusted controls without closed-loop response.; hard_negative_family=open-loop valve; pressure relief; natural flow; capability_label=DMR,DMR,,,278
water hammer pipe vibration video,engineering_operational_systems,__construct_after_dcr_video_gate__,engineering_operational_systems,pressure_flow_and_process_control,0,60,"Valve closure or flow interruption is followed by visible pipe vibration, pressure spike, or banging.",capability_label=DCR; dynamic_concept_id=DCR_ENG_WATER_001; linked_principle_id=ENG_PRS_003; aliases=hydraulic shock; pipe water hammer; reject=Reject clips without a flow-change trigger.; hard_negative_concepts=steady pump flow; cavitation; ordinary vibration,capability_label=DCR; dynamic_concept_id=DCR_ENG_WATER_001; linked_principle_id=ENG_PRS_003; aliases=hydraulic shock; pipe water hammer; reject=Reject clips without a flow-change trigger.; hard_negative_concepts=steady pump flow; cavitation; ordinary vibration,DCR,DCR_ENG_WATER_001,water hammer,279
transparent siphon liquid level video,physics_physical_systems,__construct_after_principle_video_gate__,physics_physical_systems,fluids_pressure_and_buoyancy,0,60,Liquid continues moving through a tube across height differences with visible level changes.,principle_id=PHY_FLU_003; priority=core; reject=Reject source-only siphon claims where no flow path or level change is visible.; hard_negative_family=capillary rise; pump-driven flow; diffusion; capability_label=DMR,principle_id=PHY_FLU_003; priority=core; reject=Reject source-only siphon claims where no flow path or level change is visible.; hard_negative_family=capillary rise; pump-driven flow; diffusion; capability_label=DMR,DMR,,,280
transparent siphon demonstration video,physics_physical_systems,__construct_after_dcr_video_gate__,physics_physical_systems,fluids_pressure_and_buoyancy,0,60,Liquid continues through an inverted tube with visible source/drain level changes.,capability_label=DCR; dynamic_concept_id=DCR_PHY_SIPHON_001; linked_principle_id=PHY_FLU_003; aliases=siphon flow; self-sustaining siphon; reject=Reject clips where flow is pump-driven or not visibly continuous after priming.; hard_negative_concepts=pump flow; capillary rise; simple pouring,capability_label=DCR; dynamic_concept_id=DCR_PHY_SIPHON_001; linked_principle_id=PHY_FLU_003; aliases=siphon flow; self-sustaining siphon; reject=Reject clips where flow is pump-driven or not visibly continuous after priming.; hard_negative_concepts=pump flow; capillary rise; simple pouring,DCR,DCR_PHY_SIPHON_001,siphon,281
friction deceleration sliding block experiment,physics_physical_systems,__construct_after_principle_video_gate__,physics_physical_systems,motion_forces_and_energy,0,60,Sliding object decelerates until rest or thermal/frictional effects are visible.,principle_id=PHY_FOR_003; priority=core; reject=Reject clips that only show a stationary rough surface or a single final rest state.; hard_negative_family=air drag; elastic collision; rolling without slip; capability_label=DMR,principle_id=PHY_FOR_003; priority=core; reject=Reject clips that only show a stationary rough surface or a single final rest state.; hard_negative_family=air drag; elastic collision; rolling without slip; capability_label=DMR,DMR,,,282
sliding object slows down due to friction video,physics_physical_systems,__construct_after_principle_video_gate__,physics_physical_systems,motion_forces_and_energy,0,60,Sliding object decelerates until rest or thermal/frictional effects are visible.,principle_id=PHY_FOR_003; priority=core; reject=Reject clips that only show a stationary rough surface or a single final rest state.; hard_negative_family=air drag; elastic collision; rolling without slip; capability_label=DMR,principle_id=PHY_FOR_003; priority=core; reject=Reject clips that only show a stationary rough surface or a single final rest state.; hard_negative_family=air drag; elastic collision; rolling without slip; capability_label=DMR,DMR,,,283
driven oscillator resonance video,physics_physical_systems,__construct_after_principle_video_gate__,physics_physical_systems,oscillation_rotation_and_vibration,0,60,Amplitude grows under a repeated external drive near the resonant frequency.,principle_id=PHY_OSC_003; priority=core; reject=Reject videos that only show large vibration without a drive-frequency relation.; hard_negative_family=damping decay; collision rebound; random vibration; capability_label=DMR,principle_id=PHY_OSC_003; priority=core; reject=Reject videos that only show large vibration without a drive-frequency relation.; hard_negative_family=damping decay; collision rebound; random vibration; capability_label=DMR,DMR,,,284
mechanical resonance slow motion,physics_physical_systems,__construct_after_principle_video_gate__,physics_physical_systems,oscillation_rotation_and_vibration,0,60,Amplitude grows under a repeated external drive near the resonant frequency.,principle_id=PHY_OSC_003; priority=core; reject=Reject videos that only show large vibration without a drive-frequency relation.; hard_negative_family=damping decay; collision rebound; random vibration; capability_label=DMR,principle_id=PHY_OSC_003; priority=core; reject=Reject videos that only show large vibration without a drive-frequency relation.; hard_negative_family=damping decay; collision rebound; random vibration; capability_label=DMR,DMR,,,285
triple Axel slow motion,physics_physical_systems,__construct_after_dcr_video_gate__,physics_physical_systems,oscillation_rotation_and_vibration,0,60,"Forward outside-edge takeoff, multiple airborne rotations, and backward landing are visible.",capability_label=DCR; dynamic_concept_id=DCR_PHY_SKATE_001; linked_principle_id=PHY_OSC_003; aliases=Axel jump; figure skating Axel; 3A; reject=Reject clips where the full takeoff-to-landing sequence is not visible.; hard_negative_concepts=toe loop; Salchow; double Axel,capability_label=DCR; dynamic_concept_id=DCR_PHY_SKATE_001; linked_principle_id=PHY_OSC_003; aliases=Axel jump; figure skating Axel; 3A; reject=Reject clips where the full takeoff-to-landing sequence is not visible.; hard_negative_concepts=toe loop; Salchow; double Axel,DCR,DCR_PHY_SKATE_001,triple Axel,286
droplet impact transition rebound wetting slow motion,physics_physical_systems,__construct_after_principle_video_gate__,physics_physical_systems,surface_and_capillary_processes,0,60,"Droplet contact angle decreases, spreads, or switches from rebound to wetting.",principle_id=PHY_SUR_003; priority=core; reject=Reject clips showing a final wet surface without spreading over time.; hard_negative_family=capillary rise; evaporation; precipitation; capability_label=DMR,principle_id=PHY_SUR_003; priority=core; reject=Reject clips showing a final wet surface without spreading over time.; hard_negative_family=capillary rise; evaporation; precipitation; capability_label=DMR,DMR,,,287
fish fast start S bend swimming video,biology_living_systems,__construct_after_principle_video_gate__,biology_living_systems,animal_locomotion_and_biomechanics,0,60,S- or C-shaped bend is followed by rapid forward acceleration.,principle_id=BIO_LOC_004; priority=core; reject=Reject clips where swimming is slow cruising without rapid curvature-acceleration sequence.; hard_negative_family=phototaxis; peristalsis; passive drift; capability_label=DMR,principle_id=BIO_LOC_004; priority=core; reject=Reject clips where swimming is slow cruising without rapid curvature-acceleration sequence.; hard_negative_family=phototaxis; peristalsis; passive drift; capability_label=DMR,DMR,,,288
zebrafish escape response slow motion,biology_living_systems,__construct_after_principle_video_gate__,biology_living_systems,animal_locomotion_and_biomechanics,0,60,S- or C-shaped bend is followed by rapid forward acceleration.,principle_id=BIO_LOC_004; priority=core; reject=Reject clips where swimming is slow cruising without rapid curvature-acceleration sequence.; hard_negative_family=phototaxis; peristalsis; passive drift; capability_label=DMR,principle_id=BIO_LOC_004; priority=core; reject=Reject clips where swimming is slow cruising without rapid curvature-acceleration sequence.; hard_negative_family=phototaxis; peristalsis; passive drift; capability_label=DMR,DMR,,,289
embryogenesis cell division migration time lapse,biology_living_systems,__construct_after_principle_video_gate__,biology_living_systems,germination_and_development,0,60,"Cleavage, gastrulation, or tissue formation is visible over time.",principle_id=BIO_DEV_001; priority=core; reject=Reject final embryo stage slides or pure text overlays.; hard_negative_family=plant germination; cell migration only; mitosis isolated; capability_label=DMR,principle_id=BIO_DEV_001; priority=core; reject=Reject final embryo stage slides or pure text overlays.; hard_negative_family=plant germination; cell migration only; mitosis isolated; capability_label=DMR,DMR,,,290
C elegans embryo development time lapse,biology_living_systems,__construct_after_principle_video_gate__,biology_living_systems,germination_and_development,0,60,"Cleavage, gastrulation, or tissue formation is visible over time.",principle_id=BIO_DEV_001; priority=core; reject=Reject final embryo stage slides or pure text overlays.; hard_negative_family=plant germination; cell migration only; mitosis isolated; capability_label=DMR,principle_id=BIO_DEV_001; priority=core; reject=Reject final embryo stage slides or pure text overlays.; hard_negative_family=plant germination; cell migration only; mitosis isolated; capability_label=DMR,DMR,,,291
insect phototaxis light source video,biology_living_systems,__construct_after_principle_video_gate__,biology_living_systems,organism_behavior_and_taxis,0,60,Organisms redistribute toward/away from a light source or stimulus marker.,principle_id=BIO_TAX_002; priority=core; reject=Reject clips with a lamp but no moving organisms or no directional redistribution.; hard_negative_family=phototropism; random walk; chemotaxis; capability_label=DMR,principle_id=BIO_TAX_002; priority=core; reject=Reject clips with a lamp but no moving organisms or no directional redistribution.; hard_negative_family=phototropism; random walk; chemotaxis; capability_label=DMR,DMR,,,292
magnetotactic bacteria magnetic field direction video,biology_living_systems,__construct_after_principle_video_gate__,biology_living_systems,organism_behavior_and_taxis,0,60,Cell bands or trajectories reorganize when magnetic field direction changes.,principle_id=BIO_TAX_003; priority=core; reject=Reject source-only magnetotaxis where field marker or movement bias is absent.; hard_negative_family=chemotaxis; phototaxis; Brownian motion; capability_label=DMR,principle_id=BIO_TAX_003; priority=core; reject=Reject source-only magnetotaxis where field marker or movement bias is absent.; hard_negative_family=chemotaxis; phototaxis; Brownian motion; capability_label=DMR,DMR,,,293
motion mimicry behavior video,biology_living_systems,__construct_after_dcr_video_gate__,biology_living_systems,organism_behavior_and_taxis,0,60,The organism changes motion or posture to resemble another dynamic target.,capability_label=DCR; dynamic_concept_id=DCR_BIO_MIMIC_001; linked_principle_id=BIO_TAX_004; aliases=motion mimicry; behavioral mimicry; reject=Reject purely static camouflage.; hard_negative_concepts=camouflage stillness; courtship display; simple escape,capability_label=DCR; dynamic_concept_id=DCR_BIO_MIMIC_001; linked_principle_id=BIO_TAX_004; aliases=motion mimicry; behavioral mimicry; reject=Reject purely static camouflage.; hard_negative_concepts=camouflage stillness; courtship display; simple escape,DCR,DCR_BIO_MIMIC_001,dynamic mimicry,294
root hydrotropism water gradient time lapse,biology_living_systems,__construct_after_principle_video_gate__,biology_living_systems,plant_growth_and_tropisms,0,60,Root curvature changes toward wetter side over hours or days.,principle_id=BIO_TRO_003; priority=core; reject=Reject source-only hydrotropism setups without root curvature.; hard_negative_family=gravitropism; halotropism; germination; capability_label=DMR,principle_id=BIO_TRO_003; priority=core; reject=Reject source-only hydrotropism setups without root curvature.; hard_negative_family=gravitropism; halotropism; germination; capability_label=DMR,DMR,,,295
plant root growing toward water video,biology_living_systems,__construct_after_principle_video_gate__,biology_living_systems,plant_growth_and_tropisms,0,60,Root curvature changes toward wetter side over hours or days.,principle_id=BIO_TRO_003; priority=core; reject=Reject source-only hydrotropism setups without root curvature.; hard_negative_family=gravitropism; halotropism; germination; capability_label=DMR,principle_id=BIO_TRO_003; priority=core; reject=Reject source-only hydrotropism setups without root curvature.; hard_negative_family=gravitropism; halotropism; germination; capability_label=DMR,DMR,,,296
seedling phototropism video,biology_living_systems,__construct_after_dcr_video_gate__,biology_living_systems,plant_growth_and_tropisms,0,60,A shoot bends progressively toward a light source over time.,capability_label=DCR; dynamic_concept_id=DCR_BIO_PHOTO_001; linked_principle_id=BIO_TRO_001; aliases=shoot phototropism; plant bends toward light; reject=Reject clips without visible directional light or bending progression.; hard_negative_concepts=gravitropism; nastic folding; ordinary growth,capability_label=DCR; dynamic_concept_id=DCR_BIO_PHOTO_001; linked_principle_id=BIO_TRO_001; aliases=shoot phototropism; plant bends toward light; reject=Reject clips without visible directional light or bending progression.; hard_negative_concepts=gravitropism; nastic folding; ordinary growth,DCR,DCR_BIO_PHOTO_001,phototropism,297
cyclosis elodea microscopy video,biology_living_systems,__construct_after_dcr_video_gate__,biology_living_systems,plant_water_relations_and_turgor,0,60,Chloroplasts or organelles circulate along cell edges or tracks.,capability_label=DCR; dynamic_concept_id=DCR_BIO_STREAM_001; linked_principle_id=BIO_TRA_003; aliases=cyclosis; chloroplast streaming; reject=Reject clips where organelle motion is not visible.; hard_negative_concepts=Brownian motion; cell division; camera drift,capability_label=DCR; dynamic_concept_id=DCR_BIO_STREAM_001; linked_principle_id=BIO_TRA_003; aliases=cyclosis; chloroplast streaming; reject=Reject clips where organelle motion is not visible.; hard_negative_concepts=Brownian motion; cell division; camera drift,DCR,DCR_BIO_STREAM_001,cytoplasmic streaming,298
blue bottle redox color cycle,chemistry_materials_change,__construct_after_dcr_video_gate__,chemistry_materials_change,redox_and_endpoint_reactions,0,60,Shaking turns the solution blue and resting fades it repeatedly.,capability_label=DCR; dynamic_concept_id=DCR_CHEM_BLUE_001; linked_principle_id=CHM_RED_003; aliases=redox color cycle; blue bottle experiment; reject=Reject non-cyclic one-way color changes.; hard_negative_concepts=one-way dye mixing; iodine clock; precipitation,capability_label=DCR; dynamic_concept_id=DCR_CHEM_BLUE_001; linked_principle_id=CHM_RED_003; aliases=redox color cycle; blue bottle experiment; reject=Reject non-cyclic one-way color changes.; hard_negative_concepts=one-way dye mixing; iodine clock; precipitation,DCR,DCR_CHEM_BLUE_001,blue bottle reaction,299
molten lava flow front video,earth_environmental_systems,__construct_after_principle_video_gate__,earth_environmental_systems,geology_and_geophysical_change,0,60,"Surface crust wrinkles, breaks, or folds as the flow front moves.",principle_id=EAR_GEO_003; priority=core; reject=Reject static lava images or glow-only clips.; hard_negative_family=pyroclastic current; mudflow; glacier; capability_label=DMR,principle_id=EAR_GEO_003; priority=core; reject=Reject static lava images or glow-only clips.; hard_negative_family=pyroclastic current; mudflow; glacier; capability_label=DMR,DMR,,,300
rotating supercell cloud video,earth_environmental_systems,__construct_after_dcr_video_gate__,earth_environmental_systems,weather_and_atmospheric_dynamics,0,60,Cloud base or storm structure rotates persistently with organized inflow/outflow.,capability_label=DCR; dynamic_concept_id=DCR_EAR_SUPER_001; linked_principle_id=EAR_WEA_002; aliases=rotating supercell; mesocyclone; reject=Reject clips with dramatic clouds but no rotation sequence.; hard_negative_concepts=downburst; ordinary cumulus; dust devil,capability_label=DCR; dynamic_concept_id=DCR_EAR_SUPER_001; linked_principle_id=EAR_WEA_002; aliases=rotating supercell; mesocyclone; reject=Reject clips with dramatic clouds but no rotation sequence.; hard_negative_concepts=downburst; ordinary cumulus; dust devil,DCR,DCR_EAR_SUPER_001,supercell thunderstorm,301
granular segregation shaking video,engineering_operational_systems,__construct_after_dcr_video_gate__,engineering_operational_systems,filtration_and_separation,0,60,Large particles rise or size layers form under shaking.,capability_label=DCR; dynamic_concept_id=DCR_ENG_GRAN_001; linked_principle_id=ENG_SEP_003; aliases=granular segregation; vibration size segregation; reject=Reject clips with pre-sorted layers only.; hard_negative_concepts=sedimentation; mixing; static stratification,capability_label=DCR; dynamic_concept_id=DCR_ENG_GRAN_001; linked_principle_id=ENG_SEP_003; aliases=granular segregation; vibration size segregation; reject=Reject clips with pre-sorted layers only.; hard_negative_concepts=sedimentation; mixing; static stratification,DCR,DCR_ENG_GRAN_001,Brazil nut effect,302
watch escapement slow motion,engineering_operational_systems,__construct_after_principle_video_gate__,engineering_operational_systems,machines_control_and_failure_modes,0,60,Oscillator motion locks/unlocks teeth and gear advances one step at a time.,principle_id=ENG_MCH_003; priority=core; reject=Reject clock face videos with no visible escapement action.; hard_negative_family=gear train; ratchet; pendulum only; capability_label=DMR,principle_id=ENG_MCH_003; priority=core; reject=Reject clock face videos with no visible escapement action.; hard_negative_family=gear train; ratchet; pendulum only; capability_label=DMR,DMR,,,303
ratchet mechanism one way motion video,engineering_operational_systems,__construct_after_principle_video_gate__,engineering_operational_systems,machines_control_and_failure_modes,0,60,Pawl engages teeth during one direction and slips/resets in the other.,principle_id=ENG_MCH_004; priority=core; reject=Reject tools using ratchets without visible pawl-tooth sequence.; hard_negative_family=escapement; gear train; clutch; capability_label=DMR,principle_id=ENG_MCH_004; priority=core; reject=Reject tools using ratchets without visible pawl-tooth sequence.; hard_negative_family=escapement; gear train; clutch; capability_label=DMR,DMR,,,304
feedback control overshoot demonstration,engineering_operational_systems,__construct_after_dcr_video_gate__,engineering_operational_systems,machines_control_and_failure_modes,0,60,A controlled variable rises past target and oscillates or settles back.,capability_label=DCR; dynamic_concept_id=DCR_ENG_PID_001; linked_principle_id=ENG_PRS_003; aliases=control overshoot; feedback overshoot; setpoint overshoot; reject=Reject clips without visible target/setpoint or response trace.; hard_negative_concepts=steady tracking; random vibration; open-loop motion,capability_label=DCR; dynamic_concept_id=DCR_ENG_PID_001; linked_principle_id=ENG_PRS_003; aliases=control overshoot; feedback overshoot; setpoint overshoot; reject=Reject clips without visible target/setpoint or response trace.; hard_negative_concepts=steady tracking; random vibration; open-loop motion,DCR,DCR_ENG_PID_001,PID overshoot,305
closed loop process control demonstration,engineering_operational_systems,__construct_after_principle_video_gate__,engineering_operational_systems,pressure_flow_and_process_control,0,60,A disturbance or setpoint change is followed by actuator response and variable stabilization.,principle_id=ENG_PRS_003; priority=core; reject=Reject manually adjusted controls without closed-loop response.; hard_negative_family=open-loop valve; pressure relief; natural flow; capability_label=DMR,principle_id=ENG_PRS_003; priority=core; reject=Reject manually adjusted controls without closed-loop response.; hard_negative_family=open-loop valve; pressure relief; natural flow; capability_label=DMR,DMR,,,306
filter clogging flow rate time lapse,engineering_operational_systems,__construct_after_principle_video_gate__,engineering_operational_systems,pressure_flow_and_process_control,0,60,"Particles collect in a filter/channel, flow slows, and blockage worsens.",principle_id=ENG_FAIL_002; priority=core; reject=Reject final clogged filters without accumulation sequence.; hard_negative_family=sedimentation; filtration normal; precipitation; capability_label=DMR,principle_id=ENG_FAIL_002; priority=core; reject=Reject final clogged filters without accumulation sequence.; hard_negative_family=sedimentation; filtration normal; precipitation; capability_label=DMR,DMR,,,307
hydraulic shock valve closure video,engineering_operational_systems,__construct_after_dcr_video_gate__,engineering_operational_systems,pressure_flow_and_process_control,0,60,"Valve closure or flow interruption is followed by visible pipe vibration, pressure spike, or banging.",capability_label=DCR; dynamic_concept_id=DCR_ENG_WATER_001; linked_principle_id=ENG_PRS_003; aliases=hydraulic shock; pipe water hammer; reject=Reject clips without a flow-change trigger.; hard_negative_concepts=steady pump flow; cavitation; ordinary vibration,capability_label=DCR; dynamic_concept_id=DCR_ENG_WATER_001; linked_principle_id=ENG_PRS_003; aliases=hydraulic shock; pipe water hammer; reject=Reject clips without a flow-change trigger.; hard_negative_concepts=steady pump flow; cavitation; ordinary vibration,DCR,DCR_ENG_WATER_001,water hammer,308
siphon flow liquid level video,physics_physical_systems,__construct_after_dcr_video_gate__,physics_physical_systems,fluids_pressure_and_buoyancy,0,60,Liquid continues through an inverted tube with visible source/drain level changes.,capability_label=DCR; dynamic_concept_id=DCR_PHY_SIPHON_001; linked_principle_id=PHY_FLU_003; aliases=siphon flow; self-sustaining siphon; reject=Reject clips where flow is pump-driven or not visibly continuous after priming.; hard_negative_concepts=pump flow; capillary rise; simple pouring,capability_label=DCR; dynamic_concept_id=DCR_PHY_SIPHON_001; linked_principle_id=PHY_FLU_003; aliases=siphon flow; self-sustaining siphon; reject=Reject clips where flow is pump-driven or not visibly continuous after priming.; hard_negative_concepts=pump flow; capillary rise; simple pouring,DCR,DCR_PHY_SIPHON_001,siphon,309
figure skating triple Axel takeoff landing,physics_physical_systems,__construct_after_dcr_video_gate__,physics_physical_systems,oscillation_rotation_and_vibration,0,60,"Forward outside-edge takeoff, multiple airborne rotations, and backward landing are visible.",capability_label=DCR; dynamic_concept_id=DCR_PHY_SKATE_001; linked_principle_id=PHY_OSC_003; aliases=Axel jump; figure skating Axel; 3A; reject=Reject clips where the full takeoff-to-landing sequence is not visible.; hard_negative_concepts=toe loop; Salchow; double Axel,capability_label=DCR; dynamic_concept_id=DCR_PHY_SKATE_001; linked_principle_id=PHY_OSC_003; aliases=Axel jump; figure skating Axel; 3A; reject=Reject clips where the full takeoff-to-landing sequence is not visible.; hard_negative_concepts=toe loop; Salchow; double Axel,DCR,DCR_PHY_SKATE_001,triple Axel,310
larval fish predatory strike video,biology_living_systems,__construct_after_principle_video_gate__,biology_living_systems,animal_locomotion_and_biomechanics,0,60,S- or C-shaped bend is followed by rapid forward acceleration.,principle_id=BIO_LOC_004; priority=core; reject=Reject clips where swimming is slow cruising without rapid curvature-acceleration sequence.; hard_negative_family=phototaxis; peristalsis; passive drift; capability_label=DMR,principle_id=BIO_LOC_004; priority=core; reject=Reject clips where swimming is slow cruising without rapid curvature-acceleration sequence.; hard_negative_family=phototaxis; peristalsis; passive drift; capability_label=DMR,DMR,,,311
seed germination radicle emergence time lapse,biology_living_systems,__construct_after_principle_video_gate__,biology_living_systems,germination_and_development,0,60,"Seed swells, radicle emerges, shoot later elongates.",principle_id=BIO_DEV_002; priority=core; reject=Reject generic seedling growth after germination if radicle emergence is absent.; hard_negative_family=phototropism; leaf unfurling; fungal growth; capability_label=DMR,principle_id=BIO_DEV_002; priority=core; reject=Reject generic seedling growth after germination if radicle emergence is absent.; hard_negative_family=phototropism; leaf unfurling; fungal growth; capability_label=DMR,DMR,,,312
bean germination root shoot time lapse,biology_living_systems,__construct_after_principle_video_gate__,biology_living_systems,germination_and_development,0,60,"Seed swells, radicle emerges, shoot later elongates.",principle_id=BIO_DEV_002; priority=core; reject=Reject generic seedling growth after germination if radicle emergence is absent.; hard_negative_family=phototropism; leaf unfurling; fungal growth; capability_label=DMR,principle_id=BIO_DEV_002; priority=core; reject=Reject generic seedling growth after germination if radicle emergence is absent.; hard_negative_family=phototropism; leaf unfurling; fungal growth; capability_label=DMR,DMR,,,313
magnetotaxis field reversal microscopy video,biology_living_systems,__construct_after_principle_video_gate__,biology_living_systems,organism_behavior_and_taxis,0,60,Cell bands or trajectories reorganize when magnetic field direction changes.,principle_id=BIO_TAX_003; priority=core; reject=Reject source-only magnetotaxis where field marker or movement bias is absent.; hard_negative_family=chemotaxis; phototaxis; Brownian motion; capability_label=DMR,principle_id=BIO_TAX_003; priority=core; reject=Reject source-only magnetotaxis where field marker or movement bias is absent.; hard_negative_family=chemotaxis; phototaxis; Brownian motion; capability_label=DMR,DMR,,,314
bacteria run and tumble trajectory video,biology_living_systems,__construct_after_principle_video_gate__,biology_living_systems,organism_behavior_and_taxis,0,60,Tracked trajectories show long runs interrupted by reorientation turns.,principle_id=BIO_TAX_004; priority=core; reject=Reject smooth swimming or untracked crowd motion.; hard_negative_family=diffusion; taxis gradient; ciliary beating; capability_label=DMR,principle_id=BIO_TAX_004; priority=core; reject=Reject smooth swimming or untracked crowd motion.; hard_negative_family=diffusion; taxis gradient; ciliary beating; capability_label=DMR,DMR,,,315
mimic octopus dynamic mimicry video,biology_living_systems,__construct_after_dcr_video_gate__,biology_living_systems,organism_behavior_and_taxis,0,60,The organism changes motion or posture to resemble another dynamic target.,capability_label=DCR; dynamic_concept_id=DCR_BIO_MIMIC_001; linked_principle_id=BIO_TAX_004; aliases=motion mimicry; behavioral mimicry; reject=Reject purely static camouflage.; hard_negative_concepts=camouflage stillness; courtship display; simple escape,capability_label=DCR; dynamic_concept_id=DCR_BIO_MIMIC_001; linked_principle_id=BIO_TAX_004; aliases=motion mimicry; behavioral mimicry; reject=Reject purely static camouflage.; hard_negative_concepts=camouflage stillness; courtship display; simple escape,DCR,DCR_BIO_MIMIC_001,dynamic mimicry,316
plant grows toward light time lapse,biology_living_systems,__construct_after_dcr_video_gate__,biology_living_systems,plant_growth_and_tropisms,0,60,A shoot bends progressively toward a light source over time.,capability_label=DCR; dynamic_concept_id=DCR_BIO_PHOTO_001; linked_principle_id=BIO_TRO_001; aliases=shoot phototropism; plant bends toward light; reject=Reject clips without visible directional light or bending progression.; hard_negative_concepts=gravitropism; nastic folding; ordinary growth,capability_label=DCR; dynamic_concept_id=DCR_BIO_PHOTO_001; linked_principle_id=BIO_TRO_001; aliases=shoot phototropism; plant bends toward light; reject=Reject clips without visible directional light or bending progression.; hard_negative_concepts=gravitropism; nastic folding; ordinary growth,DCR,DCR_BIO_PHOTO_001,phototropism,317
chloroplast streaming time lapse,biology_living_systems,__construct_after_dcr_video_gate__,biology_living_systems,plant_water_relations_and_turgor,0,60,Chloroplasts or organelles circulate along cell edges or tracks.,capability_label=DCR; dynamic_concept_id=DCR_BIO_STREAM_001; linked_principle_id=BIO_TRA_003; aliases=cyclosis; chloroplast streaming; reject=Reject clips where organelle motion is not visible.; hard_negative_concepts=Brownian motion; cell division; camera drift,capability_label=DCR; dynamic_concept_id=DCR_BIO_STREAM_001; linked_principle_id=BIO_TRA_003; aliases=cyclosis; chloroplast streaming; reject=Reject clips where organelle motion is not visible.; hard_negative_concepts=Brownian motion; cell division; camera drift,DCR,DCR_BIO_STREAM_001,cytoplasmic streaming,318
reversible color change shaking reaction,chemistry_materials_change,__construct_after_dcr_video_gate__,chemistry_materials_change,redox_and_endpoint_reactions,0,60,Shaking turns the solution blue and resting fades it repeatedly.,capability_label=DCR; dynamic_concept_id=DCR_CHEM_BLUE_001; linked_principle_id=CHM_RED_003; aliases=redox color cycle; blue bottle experiment; reject=Reject non-cyclic one-way color changes.; hard_negative_concepts=one-way dye mixing; iodine clock; precipitation,capability_label=DCR; dynamic_concept_id=DCR_CHEM_BLUE_001; linked_principle_id=CHM_RED_003; aliases=redox color cycle; blue bottle experiment; reject=Reject non-cyclic one-way color changes.; hard_negative_concepts=one-way dye mixing; iodine clock; precipitation,DCR,DCR_CHEM_BLUE_001,blue bottle reaction,319
mesocyclone time lapse,earth_environmental_systems,__construct_after_dcr_video_gate__,earth_environmental_systems,weather_and_atmospheric_dynamics,0,60,Cloud base or storm structure rotates persistently with organized inflow/outflow.,capability_label=DCR; dynamic_concept_id=DCR_EAR_SUPER_001; linked_principle_id=EAR_WEA_002; aliases=rotating supercell; mesocyclone; reject=Reject clips with dramatic clouds but no rotation sequence.; hard_negative_concepts=downburst; ordinary cumulus; dust devil,capability_label=DCR; dynamic_concept_id=DCR_EAR_SUPER_001; linked_principle_id=EAR_WEA_002; aliases=rotating supercell; mesocyclone; reject=Reject clips with dramatic clouds but no rotation sequence.; hard_negative_concepts=downburst; ordinary cumulus; dust devil,DCR,DCR_EAR_SUPER_001,supercell thunderstorm,320
vibration size segregation video,engineering_operational_systems,__construct_after_dcr_video_gate__,engineering_operational_systems,filtration_and_separation,0,60,Large particles rise or size layers form under shaking.,capability_label=DCR; dynamic_concept_id=DCR_ENG_GRAN_001; linked_principle_id=ENG_SEP_003; aliases=granular segregation; vibration size segregation; reject=Reject clips with pre-sorted layers only.; hard_negative_concepts=sedimentation; mixing; static stratification,capability_label=DCR; dynamic_concept_id=DCR_ENG_GRAN_001; linked_principle_id=ENG_SEP_003; aliases=granular segregation; vibration size segregation; reject=Reject clips with pre-sorted layers only.; hard_negative_concepts=sedimentation; mixing; static stratification,DCR,DCR_ENG_GRAN_001,Brazil nut effect,321
pawl ratchet intermittent motion slow motion,engineering_operational_systems,__construct_after_principle_video_gate__,engineering_operational_systems,machines_control_and_failure_modes,0,60,Pawl engages teeth during one direction and slips/resets in the other.,principle_id=ENG_MCH_004; priority=core; reject=Reject tools using ratchets without visible pawl-tooth sequence.; hard_negative_family=escapement; gear train; clutch; capability_label=DMR,principle_id=ENG_MCH_004; priority=core; reject=Reject tools using ratchets without visible pawl-tooth sequence.; hard_negative_family=escapement; gear train; clutch; capability_label=DMR,DMR,,,322
mechanical resonance failure video,engineering_operational_systems,__construct_after_principle_video_gate__,engineering_operational_systems,machines_control_and_failure_modes,0,60,"Vibration amplitude grows and structure deforms, loses control, or breaks.",principle_id=ENG_FAIL_001; priority=core; reject=Reject failures with no visible oscillation growth.; hard_negative_family=impact fracture; damping; normal operation; capability_label=DMR,principle_id=ENG_FAIL_001; priority=core; reject=Reject failures with no visible oscillation growth.; hard_negative_family=impact fracture; damping; normal operation; capability_label=DMR,DMR,,,323
control loop step response video,engineering_operational_systems,__construct_after_dcr_video_gate__,engineering_operational_systems,machines_control_and_failure_modes,0,60,A controlled variable rises past target and oscillates or settles back.,capability_label=DCR; dynamic_concept_id=DCR_ENG_PID_001; linked_principle_id=ENG_PRS_003; aliases=control overshoot; feedback overshoot; setpoint overshoot; reject=Reject clips without visible target/setpoint or response trace.; hard_negative_concepts=steady tracking; random vibration; open-loop motion,capability_label=DCR; dynamic_concept_id=DCR_ENG_PID_001; linked_principle_id=ENG_PRS_003; aliases=control overshoot; feedback overshoot; setpoint overshoot; reject=Reject clips without visible target/setpoint or response trace.; hard_negative_concepts=steady tracking; random vibration; open-loop motion,DCR,DCR_ENG_PID_001,PID overshoot,324
channel blockage particle accumulation video,engineering_operational_systems,__construct_after_principle_video_gate__,engineering_operational_systems,pressure_flow_and_process_control,0,60,"Particles collect in a filter/channel, flow slows, and blockage worsens.",principle_id=ENG_FAIL_002; priority=core; reject=Reject final clogged filters without accumulation sequence.; hard_negative_family=sedimentation; filtration normal; precipitation; capability_label=DMR,principle_id=ENG_FAIL_002; priority=core; reject=Reject final clogged filters without accumulation sequence.; hard_negative_family=sedimentation; filtration normal; precipitation; capability_label=DMR,DMR,,,325
fouling filter time lapse,engineering_operational_systems,__construct_after_principle_video_gate__,engineering_operational_systems,pressure_flow_and_process_control,0,60,"Particles collect in a filter/channel, flow slows, and blockage worsens.",principle_id=ENG_FAIL_002; priority=core; reject=Reject final clogged filters without accumulation sequence.; hard_negative_family=sedimentation; filtration normal; precipitation; capability_label=DMR,principle_id=ENG_FAIL_002; priority=core; reject=Reject final clogged filters without accumulation sequence.; hard_negative_family=sedimentation; filtration normal; precipitation; capability_label=DMR,DMR,,,326
water hammer pressure transient demonstration,engineering_operational_systems,__construct_after_dcr_video_gate__,engineering_operational_systems,pressure_flow_and_process_control,0,60,"Valve closure or flow interruption is followed by visible pipe vibration, pressure spike, or banging.",capability_label=DCR; dynamic_concept_id=DCR_ENG_WATER_001; linked_principle_id=ENG_PRS_003; aliases=hydraulic shock; pipe water hammer; reject=Reject clips without a flow-change trigger.; hard_negative_concepts=steady pump flow; cavitation; ordinary vibration,capability_label=DCR; dynamic_concept_id=DCR_ENG_WATER_001; linked_principle_id=ENG_PRS_003; aliases=hydraulic shock; pipe water hammer; reject=Reject clips without a flow-change trigger.; hard_negative_concepts=steady pump flow; cavitation; ordinary vibration,DCR,DCR_ENG_WATER_001,water hammer,327
siphon experiment video,physics_physical_systems,__construct_after_dcr_video_gate__,physics_physical_systems,fluids_pressure_and_buoyancy,0,60,Liquid continues through an inverted tube with visible source/drain level changes.,capability_label=DCR; dynamic_concept_id=DCR_PHY_SIPHON_001; linked_principle_id=PHY_FLU_003; aliases=siphon flow; self-sustaining siphon; reject=Reject clips where flow is pump-driven or not visibly continuous after priming.; hard_negative_concepts=pump flow; capillary rise; simple pouring,capability_label=DCR; dynamic_concept_id=DCR_PHY_SIPHON_001; linked_principle_id=PHY_FLU_003; aliases=siphon flow; self-sustaining siphon; reject=Reject clips where flow is pump-driven or not visibly continuous after priming.; hard_negative_concepts=pump flow; capillary rise; simple pouring,DCR,DCR_PHY_SIPHON_001,siphon,328
Axel jump slow motion,physics_physical_systems,__construct_after_dcr_video_gate__,physics_physical_systems,oscillation_rotation_and_vibration,0,60,"Forward outside-edge takeoff, multiple airborne rotations, and backward landing are visible.",capability_label=DCR; dynamic_concept_id=DCR_PHY_SKATE_001; linked_principle_id=PHY_OSC_003; aliases=Axel jump; figure skating Axel; 3A; reject=Reject clips where the full takeoff-to-landing sequence is not visible.; hard_negative_concepts=toe loop; Salchow; double Axel,capability_label=DCR; dynamic_concept_id=DCR_PHY_SKATE_001; linked_principle_id=PHY_OSC_003; aliases=Axel jump; figure skating Axel; 3A; reject=Reject clips where the full takeoff-to-landing sequence is not visible.; hard_negative_concepts=toe loop; Salchow; double Axel,DCR,DCR_PHY_SKATE_001,triple Axel,329
Levy walk bacteria tracking video,biology_living_systems,__construct_after_principle_video_gate__,biology_living_systems,organism_behavior_and_taxis,0,60,Tracked trajectories show long runs interrupted by reorientation turns.,principle_id=BIO_TAX_004; priority=core; reject=Reject smooth swimming or untracked crowd motion.; hard_negative_family=diffusion; taxis gradient; ciliary beating; capability_label=DMR,principle_id=BIO_TAX_004; priority=core; reject=Reject smooth swimming or untracked crowd motion.; hard_negative_family=diffusion; taxis gradient; ciliary beating; capability_label=DMR,DMR,,,330
intermittent search trajectory time lapse,biology_living_systems,__construct_after_principle_video_gate__,biology_living_systems,organism_behavior_and_taxis,0,60,Tracked trajectories show long runs interrupted by reorientation turns.,principle_id=BIO_TAX_004; priority=core; reject=Reject smooth swimming or untracked crowd motion.; hard_negative_family=diffusion; taxis gradient; ciliary beating; capability_label=DMR,principle_id=BIO_TAX_004; priority=core; reject=Reject smooth swimming or untracked crowd motion.; hard_negative_family=diffusion; taxis gradient; ciliary beating; capability_label=DMR,DMR,,,331
iodine clock reaction video,chemistry_materials_change,__construct_after_dcr_video_gate__,chemistry_materials_change,redox_and_endpoint_reactions,0,60,A mixture remains light and then abruptly turns dark after a delay.,capability_label=DCR; dynamic_concept_id=DCR_CHEM_CLOCK_001; linked_principle_id=CHM_RED_001; aliases=clock reaction; starch iodine clock; reject=Reject gradual color changes without a delayed abrupt endpoint.; hard_negative_concepts=pH indicator; simple dye mixing; precipitation,capability_label=DCR; dynamic_concept_id=DCR_CHEM_CLOCK_001; linked_principle_id=CHM_RED_001; aliases=clock reaction; starch iodine clock; reject=Reject gradual color changes without a delayed abrupt endpoint.; hard_negative_concepts=pH indicator; simple dye mixing; precipitation,DCR,DCR_CHEM_CLOCK_001,iodine clock reaction,332
tornado formation time lapse,earth_environmental_systems,__construct_after_dcr_video_gate__,earth_environmental_systems,weather_and_atmospheric_dynamics,0,60,A funnel lowers or tightens while surface debris/rotation develops.,capability_label=DCR; dynamic_concept_id=DCR_EAR_TORN_001; linked_principle_id=EAR_WEA_002; aliases=funnel cloud formation; tornadogenesis; reject=Reject clips that only show a mature distant tornado without formation evidence.; hard_negative_concepts=downburst; dust devil; supercell without funnel,capability_label=DCR; dynamic_concept_id=DCR_EAR_TORN_001; linked_principle_id=EAR_WEA_002; aliases=funnel cloud formation; tornadogenesis; reject=Reject clips that only show a mature distant tornado without formation evidence.; hard_negative_concepts=downburst; dust devil; supercell without funnel,DCR,DCR_EAR_TORN_001,tornado genesis,333
vibration amplitude growth structural failure video,engineering_operational_systems,__construct_after_principle_video_gate__,engineering_operational_systems,machines_control_and_failure_modes,0,60,"Vibration amplitude grows and structure deforms, loses control, or breaks.",principle_id=ENG_FAIL_001; priority=core; reject=Reject failures with no visible oscillation growth.; hard_negative_family=impact fracture; damping; normal operation; capability_label=DMR,principle_id=ENG_FAIL_001; priority=core; reject=Reject failures with no visible oscillation growth.; hard_negative_family=impact fracture; damping; normal operation; capability_label=DMR,DMR,,,334
rotating machinery resonance instability video,engineering_operational_systems,__construct_after_principle_video_gate__,engineering_operational_systems,machines_control_and_failure_modes,0,60,"Vibration amplitude grows and structure deforms, loses control, or breaks.",principle_id=ENG_FAIL_001; priority=core; reject=Reject failures with no visible oscillation growth.; hard_negative_family=impact fracture; damping; normal operation; capability_label=DMR,principle_id=ENG_FAIL_001; priority=core; reject=Reject failures with no visible oscillation growth.; hard_negative_family=impact fracture; damping; normal operation; capability_label=DMR,DMR,,,335
Kelvin Helmholtz instability time lapse,physics_physical_systems,__construct_after_dcr_video_gate__,physics_physical_systems,fluids_pressure_and_buoyancy,0,60,"Billows roll up along a fluid, cloud, or density interface.",capability_label=DCR; dynamic_concept_id=DCR_PHY_WAVE_001; linked_principle_id=PHY_FLU_001; aliases=shear wave billows; Kelvin Helmholtz clouds; reject=Reject clips without interface roll-up or with only static cloud shapes.; hard_negative_concepts=surface gravity waves; smoke plume; static cloud bands,capability_label=DCR; dynamic_concept_id=DCR_PHY_WAVE_001; linked_principle_id=PHY_FLU_001; aliases=shear wave billows; Kelvin Helmholtz clouds; reject=Reject clips without interface roll-up or with only static cloud shapes.; hard_negative_concepts=surface gravity waves; smoke plume; static cloud bands,DCR,DCR_PHY_WAVE_001,Kelvin-Helmholtz instability,336
iodine clock delayed color change,chemistry_materials_change,__construct_after_dcr_video_gate__,chemistry_materials_change,redox_and_endpoint_reactions,0,60,A mixture remains light and then abruptly turns dark after a delay.,capability_label=DCR; dynamic_concept_id=DCR_CHEM_CLOCK_001; linked_principle_id=CHM_RED_001; aliases=clock reaction; starch iodine clock; reject=Reject gradual color changes without a delayed abrupt endpoint.; hard_negative_concepts=pH indicator; simple dye mixing; precipitation,capability_label=DCR; dynamic_concept_id=DCR_CHEM_CLOCK_001; linked_principle_id=CHM_RED_001; aliases=clock reaction; starch iodine clock; reject=Reject gradual color changes without a delayed abrupt endpoint.; hard_negative_concepts=pH indicator; simple dye mixing; precipitation,DCR,DCR_CHEM_CLOCK_001,iodine clock reaction,337
funnel cloud genesis video,earth_environmental_systems,__construct_after_dcr_video_gate__,earth_environmental_systems,weather_and_atmospheric_dynamics,0,60,A funnel lowers or tightens while surface debris/rotation develops.,capability_label=DCR; dynamic_concept_id=DCR_EAR_TORN_001; linked_principle_id=EAR_WEA_002; aliases=funnel cloud formation; tornadogenesis; reject=Reject clips that only show a mature distant tornado without formation evidence.; hard_negative_concepts=downburst; dust devil; supercell without funnel,capability_label=DCR; dynamic_concept_id=DCR_EAR_TORN_001; linked_principle_id=EAR_WEA_002; aliases=funnel cloud formation; tornadogenesis; reject=Reject clips that only show a mature distant tornado without formation evidence.; hard_negative_concepts=downburst; dust devil; supercell without funnel,DCR,DCR_EAR_TORN_001,tornado genesis,338
Kelvin Helmholtz clouds video,physics_physical_systems,__construct_after_dcr_video_gate__,physics_physical_systems,fluids_pressure_and_buoyancy,0,60,"Billows roll up along a fluid, cloud, or density interface.",capability_label=DCR; dynamic_concept_id=DCR_PHY_WAVE_001; linked_principle_id=PHY_FLU_001; aliases=shear wave billows; Kelvin Helmholtz clouds; reject=Reject clips without interface roll-up or with only static cloud shapes.; hard_negative_concepts=surface gravity waves; smoke plume; static cloud bands,capability_label=DCR; dynamic_concept_id=DCR_PHY_WAVE_001; linked_principle_id=PHY_FLU_001; aliases=shear wave billows; Kelvin Helmholtz clouds; reject=Reject clips without interface roll-up or with only static cloud shapes.; hard_negative_concepts=surface gravity waves; smoke plume; static cloud bands,DCR,DCR_PHY_WAVE_001,Kelvin-Helmholtz instability,339
starch iodine clock reaction,chemistry_materials_change,__construct_after_dcr_video_gate__,chemistry_materials_change,redox_and_endpoint_reactions,0,60,A mixture remains light and then abruptly turns dark after a delay.,capability_label=DCR; dynamic_concept_id=DCR_CHEM_CLOCK_001; linked_principle_id=CHM_RED_001; aliases=clock reaction; starch iodine clock; reject=Reject gradual color changes without a delayed abrupt endpoint.; hard_negative_concepts=pH indicator; simple dye mixing; precipitation,capability_label=DCR; dynamic_concept_id=DCR_CHEM_CLOCK_001; linked_principle_id=CHM_RED_001; aliases=clock reaction; starch iodine clock; reject=Reject gradual color changes without a delayed abrupt endpoint.; hard_negative_concepts=pH indicator; simple dye mixing; precipitation,DCR,DCR_CHEM_CLOCK_001,iodine clock reaction,340
tornadogenesis video,earth_environmental_systems,__construct_after_dcr_video_gate__,earth_environmental_systems,weather_and_atmospheric_dynamics,0,60,A funnel lowers or tightens while surface debris/rotation develops.,capability_label=DCR; dynamic_concept_id=DCR_EAR_TORN_001; linked_principle_id=EAR_WEA_002; aliases=funnel cloud formation; tornadogenesis; reject=Reject clips that only show a mature distant tornado without formation evidence.; hard_negative_concepts=downburst; dust devil; supercell without funnel,capability_label=DCR; dynamic_concept_id=DCR_EAR_TORN_001; linked_principle_id=EAR_WEA_002; aliases=funnel cloud formation; tornadogenesis; reject=Reject clips that only show a mature distant tornado without formation evidence.; hard_negative_concepts=downburst; dust devil; supercell without funnel,DCR,DCR_EAR_TORN_001,tornado genesis,341
shear billows fluid video,physics_physical_systems,__construct_after_dcr_video_gate__,physics_physical_systems,fluids_pressure_and_buoyancy,0,60,"Billows roll up along a fluid, cloud, or density interface.",capability_label=DCR; dynamic_concept_id=DCR_PHY_WAVE_001; linked_principle_id=PHY_FLU_001; aliases=shear wave billows; Kelvin Helmholtz clouds; reject=Reject clips without interface roll-up or with only static cloud shapes.; hard_negative_concepts=surface gravity waves; smoke plume; static cloud bands,capability_label=DCR; dynamic_concept_id=DCR_PHY_WAVE_001; linked_principle_id=PHY_FLU_001; aliases=shear wave billows; Kelvin Helmholtz clouds; reject=Reject clips without interface roll-up or with only static cloud shapes.; hard_negative_concepts=surface gravity waves; smoke plume; static cloud bands,DCR,DCR_PHY_WAVE_001,Kelvin-Helmholtz instability,342
