candidate_id,source_url,source_platform,license_or_usage_note,domain,subdomain,capability_label,dynamic_concept_id,dynamic_concept,linked_principle_id,principle_id,principle,required_dynamic_signature,acceptable_video_types,reject_conditions,hard_negative_family,visible_dynamic_process,dynamic_signature_match,source_page_support_level,source_page_mechanism_evidence,source_double_check_decision,source_double_check_reason,source_page_context,review_decision,gate_reason,risk_tags,proposed_knowledge_point,proposed_knowledge_point_type,answerability_notes,distractor_requirements,frame_contact_sheet,local_media,is_new_source,source_reuse_status
,,,,biology_living_systems,animal_locomotion_and_biomechanics,DMR,,,BIO_LOC_001,BIO_LOC_001,Jet propulsion follows momentum conservation: expelled fluid creates opposite reaction thrust.,"Body cavity or bell contracts, then the body translates in the opposite direction of expelled fluid.",jellyfish propulsion; squid jet propulsion; scallop jet movement,Reject swimming clips without contraction-pulse displacement.,peristalsis; flapping lift; tail undulation,,pending,pending,,pending_source_double_check,,,pending_principle_gate,Review video first against required_dynamic_signature; then use source page only if it contains specific mechanism evidence.,,Jet propulsion follows momentum conservation: expelled fluid creates opposite reaction thrust.,transferable_principle_or_mechanism,Question must require the dynamic process; a single frame or source title should not be enough.,"Use hard negatives from same broad visual family, not copied choices from unrelated videos: peristalsis; flapping lift; tail undulation",,,true,new_candidate_source
,,,,biology_living_systems,animal_locomotion_and_biomechanics,DMR,,,BIO_LOC_001,BIO_LOC_001,Jet propulsion follows momentum conservation: expelled fluid creates opposite reaction thrust.,"Body cavity or bell contracts, then the body translates in the opposite direction of expelled fluid.",jellyfish propulsion; squid jet propulsion; scallop jet movement,Reject swimming clips without contraction-pulse displacement.,peristalsis; flapping lift; tail undulation,,pending,pending,,pending_source_double_check,,,pending_principle_gate,Review video first against required_dynamic_signature; then use source page only if it contains specific mechanism evidence.,,Jet propulsion follows momentum conservation: expelled fluid creates opposite reaction thrust.,transferable_principle_or_mechanism,Question must require the dynamic process; a single frame or source title should not be enough.,"Use hard negatives from same broad visual family, not copied choices from unrelated videos: peristalsis; flapping lift; tail undulation",,,true,new_candidate_source
,,,,biology_living_systems,animal_locomotion_and_biomechanics,DCR,DCR_BIO_JET_001,jet propulsion swimming,BIO_LOC_001,BIO_LOC_001,Jet propulsion follows momentum conservation: expelled fluid creates opposite reaction thrust.,A bell or mantle contracts and the body moves opposite the expelled fluid.,jellyfish propulsion; squid jet propulsion; scallop jet movement,Reject swimming clips without visible contraction-pulse displacement.,flapping lift; undulation; crawling,,pending,pending,,pending_source_double_check,,,pending_dcr_gate,Review video first against the named dynamic concept signature; then use source page only if it specifically supports the concept/mechanism.,,jet propulsion swimming,named_dynamic_concept,Question must require the dynamic process; a single frame or source title should not be enough.,"Use hard negatives from same broad visual family, not copied choices from unrelated videos: flapping lift; undulation; crawling",,,true,new_candidate_source
,,,,biology_living_systems,germination_and_development,DMR,,,BIO_CELL_001,BIO_CELL_001,Mitotic spindle dynamics separate chromosomes into daughter cells.,Chromosomes align at the metaphase plate and move toward opposite poles.,live-cell mitosis microscopy; chromosome segregation,Reject static mitosis-stage diagrams and clips without chromosome movement.,cytokinesis only; cell migration; diffusion,,pending,pending,,pending_source_double_check,,,pending_principle_gate,Review video first against required_dynamic_signature; then use source page only if it contains specific mechanism evidence.,,Mitotic spindle dynamics separate chromosomes into daughter cells.,transferable_principle_or_mechanism,Question must require the dynamic process; a single frame or source title should not be enough.,"Use hard negatives from same broad visual family, not copied choices from unrelated videos: cytokinesis only; cell migration; diffusion",,,true,new_candidate_source
,,,,biology_living_systems,germination_and_development,DMR,,,BIO_CELL_001,BIO_CELL_001,Mitotic spindle dynamics separate chromosomes into daughter cells.,Chromosomes align at the metaphase plate and move toward opposite poles.,live-cell mitosis microscopy; chromosome segregation,Reject static mitosis-stage diagrams and clips without chromosome movement.,cytokinesis only; cell migration; diffusion,,pending,pending,,pending_source_double_check,,,pending_principle_gate,Review video first against required_dynamic_signature; then use source page only if it contains specific mechanism evidence.,,Mitotic spindle dynamics separate chromosomes into daughter cells.,transferable_principle_or_mechanism,Question must require the dynamic process; a single frame or source title should not be enough.,"Use hard negatives from same broad visual family, not copied choices from unrelated videos: cytokinesis only; cell migration; diffusion",,,true,new_candidate_source
,,,,biology_living_systems,germination_and_development,DCR,DCR_BIO_MITOSIS_001,mitosis,BIO_CELL_001,BIO_CELL_001,Mitotic spindle dynamics separate chromosomes into daughter cells.,"Chromosomes align, separate, and move to opposite poles.",live-cell mitosis microscopy; chromosome segregation,Reject static diagrams or clips without chromosome movement.,cytokinesis only; cell migration; apoptosis,,pending,pending,,pending_source_double_check,,,pending_dcr_gate,Review video first against the named dynamic concept signature; then use source page only if it specifically supports the concept/mechanism.,,mitosis,named_dynamic_concept,Question must require the dynamic process; a single frame or source title should not be enough.,"Use hard negatives from same broad visual family, not copied choices from unrelated videos: cytokinesis only; cell migration; apoptosis",,,true,new_candidate_source
,,,,biology_living_systems,organism_behavior_and_taxis,DMR,,,BIO_CELL_003,BIO_CELL_003,Actin polymerization and adhesion cycles drive crawling cell migration.,"Leading edge protrudes, adhesions shift, rear retracts, and the cell body translocates.",immune cell migration; amoeboid motion; wound-healing migration,Reject random cell shape changes without net displacement.,Brownian motion; ciliary swimming; mitosis,,pending,pending,,pending_source_double_check,,,pending_principle_gate,Review video first against required_dynamic_signature; then use source page only if it contains specific mechanism evidence.,,Actin polymerization and adhesion cycles drive crawling cell migration.,transferable_principle_or_mechanism,Question must require the dynamic process; a single frame or source title should not be enough.,"Use hard negatives from same broad visual family, not copied choices from unrelated videos: Brownian motion; ciliary swimming; mitosis",,,true,new_candidate_source
,,,,biology_living_systems,organism_behavior_and_taxis,DMR,,,BIO_CELL_003,BIO_CELL_003,Actin polymerization and adhesion cycles drive crawling cell migration.,"Leading edge protrudes, adhesions shift, rear retracts, and the cell body translocates.",immune cell migration; amoeboid motion; wound-healing migration,Reject random cell shape changes without net displacement.,Brownian motion; ciliary swimming; mitosis,,pending,pending,,pending_source_double_check,,,pending_principle_gate,Review video first against required_dynamic_signature; then use source page only if it contains specific mechanism evidence.,,Actin polymerization and adhesion cycles drive crawling cell migration.,transferable_principle_or_mechanism,Question must require the dynamic process; a single frame or source title should not be enough.,"Use hard negatives from same broad visual family, not copied choices from unrelated videos: Brownian motion; ciliary swimming; mitosis",,,true,new_candidate_source
,,,,biology_living_systems,organism_behavior_and_taxis,DCR,DCR_BIO_DISPLAY_001,courtship display,BIO_TAX_004,BIO_TAX_004,Run-and-tumble or Levy-like search alternates runs and turns to explore space.,The animal performs a repeated display sequence toward a potential mate or rival.,bacterial run and tumble; Levy walk microbes; trajectory overlay,Reject generic walking or flight without display context and sequence.,foraging; locomotion; aggression display,,pending,pending,,pending_source_double_check,,,pending_dcr_gate,Review video first against the named dynamic concept signature; then use source page only if it specifically supports the concept/mechanism.,,courtship display,named_dynamic_concept,Question must require the dynamic process; a single frame or source title should not be enough.,"Use hard negatives from same broad visual family, not copied choices from unrelated videos: foraging; locomotion; aggression display",,,true,new_candidate_source
,,,,biology_living_systems,plant_growth_and_tropisms,DMR,,,BIO_ENE_001,BIO_ENE_001,Photosynthetic light reactions release oxygen when illuminated.,Oxygen bubbles increase after light exposure or light intensity changes.,aquatic plant oxygen bubbles; photosynthesis light intensity demos,Reject generic plant growth videos or final gas collection only.,respiration CO2; boiling; gas evolution chemistry,,pending,pending,,pending_source_double_check,,,pending_principle_gate,Review video first against required_dynamic_signature; then use source page only if it contains specific mechanism evidence.,,Photosynthetic light reactions release oxygen when illuminated.,transferable_principle_or_mechanism,Question must require the dynamic process; a single frame or source title should not be enough.,"Use hard negatives from same broad visual family, not copied choices from unrelated videos: respiration CO2; boiling; gas evolution chemistry",,,true,new_candidate_source
,,,,biology_living_systems,plant_growth_and_tropisms,DMR,,,BIO_ENE_001,BIO_ENE_001,Photosynthetic light reactions release oxygen when illuminated.,Oxygen bubbles increase after light exposure or light intensity changes.,aquatic plant oxygen bubbles; photosynthesis light intensity demos,Reject generic plant growth videos or final gas collection only.,respiration CO2; boiling; gas evolution chemistry,,pending,pending,,pending_source_double_check,,,pending_principle_gate,Review video first against required_dynamic_signature; then use source page only if it contains specific mechanism evidence.,,Photosynthetic light reactions release oxygen when illuminated.,transferable_principle_or_mechanism,Question must require the dynamic process; a single frame or source title should not be enough.,"Use hard negatives from same broad visual family, not copied choices from unrelated videos: respiration CO2; boiling; gas evolution chemistry",,,true,new_candidate_source
,,,,biology_living_systems,plant_growth_and_tropisms,DCR,DCR_BIO_GRAVI_001,gravitropism,BIO_TRO_002,BIO_TRO_002,Gravitropism redirects root or shoot growth relative to gravity after reorientation.,Roots or shoots curve after the plant is rotated.,root gravitropism time lapse; shoot gravitropism,Reject clips without a rotation/reorientation event.,phototropism; hydrotropism; simple elongation,,pending,pending,,pending_source_double_check,,,pending_dcr_gate,Review video first against the named dynamic concept signature; then use source page only if it specifically supports the concept/mechanism.,,gravitropism,named_dynamic_concept,Question must require the dynamic process; a single frame or source title should not be enough.,"Use hard negatives from same broad visual family, not copied choices from unrelated videos: phototropism; hydrotropism; simple elongation",,,true,new_candidate_source
,,,,biology_living_systems,plant_nastic_movements,DMR,,,BIO_NAS_001,BIO_NAS_001,Thigmonasty converts touch stimulation into rapid leaf or trap movement.,Touch is followed by rapid closure or bending independent of stimulus direction.,Mimosa folding; Venus flytrap closure; Drosera tentacle movement,Reject closed-only/open-only frames or clips where touch is not visible.,thigmotropism; phototropism; wilting,,pending,pending,,pending_source_double_check,,,pending_principle_gate,Review video first against required_dynamic_signature; then use source page only if it contains specific mechanism evidence.,,Thigmonasty converts touch stimulation into rapid leaf or trap movement.,transferable_principle_or_mechanism,Question must require the dynamic process; a single frame or source title should not be enough.,"Use hard negatives from same broad visual family, not copied choices from unrelated videos: thigmotropism; phototropism; wilting",,,true,new_candidate_source
,,,,biology_living_systems,plant_nastic_movements,DMR,,,BIO_NAS_001,BIO_NAS_001,Thigmonasty converts touch stimulation into rapid leaf or trap movement.,Touch is followed by rapid closure or bending independent of stimulus direction.,Mimosa folding; Venus flytrap closure; Drosera tentacle movement,Reject closed-only/open-only frames or clips where touch is not visible.,thigmotropism; phototropism; wilting,,pending,pending,,pending_source_double_check,,,pending_principle_gate,Review video first against required_dynamic_signature; then use source page only if it contains specific mechanism evidence.,,Thigmonasty converts touch stimulation into rapid leaf or trap movement.,transferable_principle_or_mechanism,Question must require the dynamic process; a single frame or source title should not be enough.,"Use hard negatives from same broad visual family, not copied choices from unrelated videos: thigmotropism; phototropism; wilting",,,true,new_candidate_source
,,,,biology_living_systems,plant_water_relations_and_turgor,DMR,,,BIO_TRA_001,BIO_TRA_001,"Osmosis changes plant-cell volume, causing plasmolysis and deplasmolysis.",Protoplast shrinks away from cell wall in hypertonic solution and recovers in water.,onion plasmolysis microscopy; Elodea plasmolysis,Reject single final plasmolyzed images or label-only school videos.,cytoplasmic streaming; stomata; diffusion in water,,pending,pending,,pending_source_double_check,,,pending_principle_gate,Review video first against required_dynamic_signature; then use source page only if it contains specific mechanism evidence.,,"Osmosis changes plant-cell volume, causing plasmolysis and deplasmolysis.",transferable_principle_or_mechanism,Question must require the dynamic process; a single frame or source title should not be enough.,"Use hard negatives from same broad visual family, not copied choices from unrelated videos: cytoplasmic streaming; stomata; diffusion in water",,,true,new_candidate_source
,,,,biology_living_systems,plant_water_relations_and_turgor,DMR,,,BIO_TRA_001,BIO_TRA_001,"Osmosis changes plant-cell volume, causing plasmolysis and deplasmolysis.",Protoplast shrinks away from cell wall in hypertonic solution and recovers in water.,onion plasmolysis microscopy; Elodea plasmolysis,Reject single final plasmolyzed images or label-only school videos.,cytoplasmic streaming; stomata; diffusion in water,,pending,pending,,pending_source_double_check,,,pending_principle_gate,Review video first against required_dynamic_signature; then use source page only if it contains specific mechanism evidence.,,"Osmosis changes plant-cell volume, causing plasmolysis and deplasmolysis.",transferable_principle_or_mechanism,Question must require the dynamic process; a single frame or source title should not be enough.,"Use hard negatives from same broad visual family, not copied choices from unrelated videos: cytoplasmic streaming; stomata; diffusion in water",,,true,new_candidate_source
,,,,biology_living_systems,plant_water_relations_and_turgor,DCR,DCR_BIO_PLASM_001,plasmolysis and deplasmolysis,BIO_TRA_001,BIO_TRA_001,"Osmosis changes plant-cell volume, causing plasmolysis and deplasmolysis.",The protoplast shrinks away from the cell wall and may recover in water.,onion plasmolysis microscopy; Elodea plasmolysis,Reject single final plasmolyzed images or label-only clips.,cytoplasmic streaming; cell division; diffusion dye,,pending,pending,,pending_source_double_check,,,pending_dcr_gate,Review video first against the named dynamic concept signature; then use source page only if it specifically supports the concept/mechanism.,,plasmolysis and deplasmolysis,named_dynamic_concept,Question must require the dynamic process; a single frame or source title should not be enough.,"Use hard negatives from same broad visual family, not copied choices from unrelated videos: cytoplasmic streaming; cell division; diffusion dye",,,true,new_candidate_source
,,,,chemistry_materials_change,diffusion_mixing_and_transport,DMR,,,CHM_DIF_001,CHM_DIF_001,Concentration gradients drive molecular diffusion and spreading.,Dye or solute front broadens from high concentration to low concentration.,dye diffusion; gel diffusion; microfluidic diffusion,Reject turbulent stirring when diffusion cannot be separated.,vortex mixing; precipitation; convection,,pending,pending,,pending_source_double_check,,,pending_principle_gate,Review video first against required_dynamic_signature; then use source page only if it contains specific mechanism evidence.,,Concentration gradients drive molecular diffusion and spreading.,transferable_principle_or_mechanism,Question must require the dynamic process; a single frame or source title should not be enough.,"Use hard negatives from same broad visual family, not copied choices from unrelated videos: vortex mixing; precipitation; convection",,,true,new_candidate_source
,,,,chemistry_materials_change,diffusion_mixing_and_transport,DMR,,,CHM_DIF_001,CHM_DIF_001,Concentration gradients drive molecular diffusion and spreading.,Dye or solute front broadens from high concentration to low concentration.,dye diffusion; gel diffusion; microfluidic diffusion,Reject turbulent stirring when diffusion cannot be separated.,vortex mixing; precipitation; convection,,pending,pending,,pending_source_double_check,,,pending_principle_gate,Review video first against required_dynamic_signature; then use source page only if it contains specific mechanism evidence.,,Concentration gradients drive molecular diffusion and spreading.,transferable_principle_or_mechanism,Question must require the dynamic process; a single frame or source title should not be enough.,"Use hard negatives from same broad visual family, not copied choices from unrelated videos: vortex mixing; precipitation; convection",,,true,new_candidate_source
,,,,chemistry_materials_change,diffusion_mixing_and_transport,DCR,DCR_CHEM_DIFF_001,Taylor-Couette laminar mixing,CHM_DIF_002,CHM_DIF_002,"Laminar shear stretches and folds fluids, increasing interface without turbulence.",Colored bands elongate into layers and may reverse when shear is reversed.,Taylor-Couette; reversible laminar mixing; viscous mixing demos,Reject simple shaking or turbulent mixing clips.,turbulent mixing; diffusion only; precipitation,,pending,pending,,pending_source_double_check,,,pending_dcr_gate,Review video first against the named dynamic concept signature; then use source page only if it specifically supports the concept/mechanism.,,Taylor-Couette laminar mixing,named_dynamic_concept,Question must require the dynamic process; a single frame or source title should not be enough.,"Use hard negatives from same broad visual family, not copied choices from unrelated videos: turbulent mixing; diffusion only; precipitation",,,true,new_candidate_source
,,,,chemistry_materials_change,gas_evolution_and_combustion,DMR,,,CHM_GAS_001,CHM_GAS_001,Gas-evolution reactions generate bubbles as products leave solution.,"Bubbles nucleate and rise, foam grows, or liquid volume changes after reactants meet.",acid carbonate; metal acid hydrogen; decomposition gas,Reject ordinary boiling or pre-existing bubbles.,boiling; precipitation; diffusion,,pending,pending,,pending_source_double_check,,,pending_principle_gate,Review video first against required_dynamic_signature; then use source page only if it contains specific mechanism evidence.,,Gas-evolution reactions generate bubbles as products leave solution.,transferable_principle_or_mechanism,Question must require the dynamic process; a single frame or source title should not be enough.,"Use hard negatives from same broad visual family, not copied choices from unrelated videos: boiling; precipitation; diffusion",,,true,new_candidate_source
,,,,chemistry_materials_change,gas_evolution_and_combustion,DMR,,,CHM_GAS_001,CHM_GAS_001,Gas-evolution reactions generate bubbles as products leave solution.,"Bubbles nucleate and rise, foam grows, or liquid volume changes after reactants meet.",acid carbonate; metal acid hydrogen; decomposition gas,Reject ordinary boiling or pre-existing bubbles.,boiling; precipitation; diffusion,,pending,pending,,pending_source_double_check,,,pending_principle_gate,Review video first against required_dynamic_signature; then use source page only if it contains specific mechanism evidence.,,Gas-evolution reactions generate bubbles as products leave solution.,transferable_principle_or_mechanism,Question must require the dynamic process; a single frame or source title should not be enough.,"Use hard negatives from same broad visual family, not copied choices from unrelated videos: boiling; precipitation; diffusion",,,true,new_candidate_source
,,,,chemistry_materials_change,material_deformation_and_response,DMR,,,CHM_MAT_001,CHM_MAT_001,Shear-thickening suspensions resist rapid stress while flowing under slow stress.,Material behaves liquid under slow motion but solid-like under impact.,cornstarch oobleck impact; shear thickening demos,Reject generic thick liquids without rate-dependent contrast.,gelation; plastic deformation; surface tension,,pending,pending,,pending_source_double_check,,,pending_principle_gate,Review video first against required_dynamic_signature; then use source page only if it contains specific mechanism evidence.,,Shear-thickening suspensions resist rapid stress while flowing under slow stress.,transferable_principle_or_mechanism,Question must require the dynamic process; a single frame or source title should not be enough.,"Use hard negatives from same broad visual family, not copied choices from unrelated videos: gelation; plastic deformation; surface tension",,,true,new_candidate_source
,,,,chemistry_materials_change,material_deformation_and_response,DMR,,,CHM_MAT_001,CHM_MAT_001,Shear-thickening suspensions resist rapid stress while flowing under slow stress.,Material behaves liquid under slow motion but solid-like under impact.,cornstarch oobleck impact; shear thickening demos,Reject generic thick liquids without rate-dependent contrast.,gelation; plastic deformation; surface tension,,pending,pending,,pending_source_double_check,,,pending_principle_gate,Review video first against required_dynamic_signature; then use source page only if it contains specific mechanism evidence.,,Shear-thickening suspensions resist rapid stress while flowing under slow stress.,transferable_principle_or_mechanism,Question must require the dynamic process; a single frame or source title should not be enough.,"Use hard negatives from same broad visual family, not copied choices from unrelated videos: gelation; plastic deformation; surface tension",,,true,new_candidate_source
,,,,chemistry_materials_change,material_deformation_and_response,DCR,DCR_CHEM_THICK_001,shear thickening,CHM_MAT_001,CHM_MAT_001,Shear-thickening suspensions resist rapid stress while flowing under slow stress.,The same material flows slowly but resists or fractures under rapid impact.,cornstarch oobleck impact; shear thickening demos,Reject clips showing only slow pouring or only a static impact aftermath.,high viscosity liquid; gel; plastic clay,,pending,pending,,pending_source_double_check,,,pending_dcr_gate,Review video first against the named dynamic concept signature; then use source page only if it specifically supports the concept/mechanism.,,shear thickening,named_dynamic_concept,Question must require the dynamic process; a single frame or source title should not be enough.,"Use hard negatives from same broad visual family, not copied choices from unrelated videos: high viscosity liquid; gel; plastic clay",,,true,new_candidate_source
,,,,chemistry_materials_change,phase_change_and_crystallization,DMR,,,CHM_PHA_001,CHM_PHA_001,Supersaturation enables nucleation followed by crystal growth.,Crystal nuclei appear and faces/fronts expand through solution.,supersaturated solution crystallization; sodium acetate hand warmer; crystal garden videos,Reject static crystals or source-only crystallization titles.,precipitation cloud; dye diffusion; melting only,,pending,pending,,pending_source_double_check,,,pending_principle_gate,Review video first against required_dynamic_signature; then use source page only if it contains specific mechanism evidence.,,Supersaturation enables nucleation followed by crystal growth.,transferable_principle_or_mechanism,Question must require the dynamic process; a single frame or source title should not be enough.,"Use hard negatives from same broad visual family, not copied choices from unrelated videos: precipitation cloud; dye diffusion; melting only",,,true,new_candidate_source
,,,,chemistry_materials_change,phase_change_and_crystallization,DMR,,,CHM_PHA_001,CHM_PHA_001,Supersaturation enables nucleation followed by crystal growth.,Crystal nuclei appear and faces/fronts expand through solution.,supersaturated solution crystallization; sodium acetate hand warmer; crystal garden videos,Reject static crystals or source-only crystallization titles.,precipitation cloud; dye diffusion; melting only,,pending,pending,,pending_source_double_check,,,pending_principle_gate,Review video first against required_dynamic_signature; then use source page only if it contains specific mechanism evidence.,,Supersaturation enables nucleation followed by crystal growth.,transferable_principle_or_mechanism,Question must require the dynamic process; a single frame or source title should not be enough.,"Use hard negatives from same broad visual family, not copied choices from unrelated videos: precipitation cloud; dye diffusion; melting only",,,true,new_candidate_source
,,,,chemistry_materials_change,phase_change_and_crystallization,DCR,DCR_CHEM_DEND_001,dendritic crystal growth,CHM_PHA_002,CHM_PHA_002,Solidification fronts propagate as liquid changes phase into ordered solid.,Branching crystals extend from nucleation sites over time.,freezing water; metal solidification; ice crystal growth,Reject final crystals without visible growth sequence.,precipitate cloud; final crystal; random sediment,,pending,pending,,pending_source_double_check,,,pending_dcr_gate,Review video first against the named dynamic concept signature; then use source page only if it specifically supports the concept/mechanism.,,dendritic crystal growth,named_dynamic_concept,Question must require the dynamic process; a single frame or source title should not be enough.,"Use hard negatives from same broad visual family, not copied choices from unrelated videos: precipitate cloud; final crystal; random sediment",,,true,new_candidate_source
,,,,chemistry_materials_change,precipitation_and_solubility,DMR,,,CHM_PRE_001,CHM_PRE_001,Ion mixing can exceed solubility product and produce an insoluble solid.,Solutions become cloudy or solid particles appear after mixing.,precipitation reaction demos; silver chloride; barium sulfate; lead iodide,Reject if the solid is already present before mixing or the identity is only in source text.,gas bubbles; dye diffusion; crystallization front,,pending,pending,,pending_source_double_check,,,pending_principle_gate,Review video first against required_dynamic_signature; then use source page only if it contains specific mechanism evidence.,,Ion mixing can exceed solubility product and produce an insoluble solid.,transferable_principle_or_mechanism,Question must require the dynamic process; a single frame or source title should not be enough.,"Use hard negatives from same broad visual family, not copied choices from unrelated videos: gas bubbles; dye diffusion; crystallization front",,,true,new_candidate_source
,,,,chemistry_materials_change,precipitation_and_solubility,DMR,,,CHM_PRE_001,CHM_PRE_001,Ion mixing can exceed solubility product and produce an insoluble solid.,Solutions become cloudy or solid particles appear after mixing.,precipitation reaction demos; silver chloride; barium sulfate; lead iodide,Reject if the solid is already present before mixing or the identity is only in source text.,gas bubbles; dye diffusion; crystallization front,,pending,pending,,pending_source_double_check,,,pending_principle_gate,Review video first against required_dynamic_signature; then use source page only if it contains specific mechanism evidence.,,Ion mixing can exceed solubility product and produce an insoluble solid.,transferable_principle_or_mechanism,Question must require the dynamic process; a single frame or source title should not be enough.,"Use hard negatives from same broad visual family, not copied choices from unrelated videos: gas bubbles; dye diffusion; crystallization front",,,true,new_candidate_source
,,,,chemistry_materials_change,precipitation_and_solubility,DCR,DCR_CHEM_GARDEN_001,chemical garden,CHM_PRE_002,CHM_PRE_002,Local supersaturation at a reaction interface creates precipitate bands or membranes.,Colored tubular or branching structures grow upward/outward in solution.,chemical garden; Liesegang rings; diffusion precipitation,Reject static finished gardens without growth sequence.,ordinary crystallization; dye diffusion; bubbles,,pending,pending,,pending_source_double_check,,,pending_dcr_gate,Review video first against the named dynamic concept signature; then use source page only if it specifically supports the concept/mechanism.,,chemical garden,named_dynamic_concept,Question must require the dynamic process; a single frame or source title should not be enough.,"Use hard negatives from same broad visual family, not copied choices from unrelated videos: ordinary crystallization; dye diffusion; bubbles",,,true,new_candidate_source
,,,,chemistry_materials_change,redox_and_endpoint_reactions,DMR,,,CHM_RED_001,CHM_RED_001,Iodine-clock kinetics delay starch-iodine color until reductant is depleted.,"A mixture remains light, then abruptly turns dark after a delay.",iodine clock reaction videos,Reject generic color changes without delayed endpoint.,precipitation; acid base indicator; diffusion,,pending,pending,,pending_source_double_check,,,pending_principle_gate,Review video first against required_dynamic_signature; then use source page only if it contains specific mechanism evidence.,,Iodine-clock kinetics delay starch-iodine color until reductant is depleted.,transferable_principle_or_mechanism,Question must require the dynamic process; a single frame or source title should not be enough.,"Use hard negatives from same broad visual family, not copied choices from unrelated videos: precipitation; acid base indicator; diffusion",,,true,new_candidate_source
,,,,chemistry_materials_change,redox_and_endpoint_reactions,DMR,,,CHM_RED_001,CHM_RED_001,Iodine-clock kinetics delay starch-iodine color until reductant is depleted.,"A mixture remains light, then abruptly turns dark after a delay.",iodine clock reaction videos,Reject generic color changes without delayed endpoint.,precipitation; acid base indicator; diffusion,,pending,pending,,pending_source_double_check,,,pending_principle_gate,Review video first against required_dynamic_signature; then use source page only if it contains specific mechanism evidence.,,Iodine-clock kinetics delay starch-iodine color until reductant is depleted.,transferable_principle_or_mechanism,Question must require the dynamic process; a single frame or source title should not be enough.,"Use hard negatives from same broad visual family, not copied choices from unrelated videos: precipitation; acid base indicator; diffusion",,,true,new_candidate_source
,,,,chemistry_materials_change,redox_and_endpoint_reactions,DCR,DCR_CHEM_BENEDICT_001,Benedict test positive reaction,CHM_RED_002,CHM_RED_002,Reducing sugars reduce copper(II) to copper(I) oxide during Benedict heating.,Blue solution changes toward orange-red with precipitate formation while heated.,Benedict test videos; reducing sugar demos,Reject final tube comparisons without the heating transition.,iodine test; pH indicator; simple boiling,,pending,pending,,pending_source_double_check,,,pending_dcr_gate,Review video first against the named dynamic concept signature; then use source page only if it specifically supports the concept/mechanism.,,Benedict test positive reaction,named_dynamic_concept,Question must require the dynamic process; a single frame or source title should not be enough.,"Use hard negatives from same broad visual family, not copied choices from unrelated videos: iodine test; pH indicator; simple boiling",,,true,new_candidate_source
,,,,earth_environmental_systems,cryosphere_and_seasonal_change,DMR,,,EAR_CRY_001,EAR_CRY_001,Glacier flow results from ice deformation and basal sliding.,"Ice features, crevasses, or markers move over time.",glacier flow time lapse; ice motion markers,Reject glacier scenery without measurable motion.,river flow; avalanche; calving only,,pending,pending,,pending_source_double_check,,,pending_principle_gate,Review video first against required_dynamic_signature; then use source page only if it contains specific mechanism evidence.,,Glacier flow results from ice deformation and basal sliding.,transferable_principle_or_mechanism,Question must require the dynamic process; a single frame or source title should not be enough.,"Use hard negatives from same broad visual family, not copied choices from unrelated videos: river flow; avalanche; calving only",,,true,new_candidate_source
,,,,earth_environmental_systems,cryosphere_and_seasonal_change,DMR,,,EAR_CRY_001,EAR_CRY_001,Glacier flow results from ice deformation and basal sliding.,"Ice features, crevasses, or markers move over time.",glacier flow time lapse; ice motion markers,Reject glacier scenery without measurable motion.,river flow; avalanche; calving only,,pending,pending,,pending_source_double_check,,,pending_principle_gate,Review video first against required_dynamic_signature; then use source page only if it contains specific mechanism evidence.,,Glacier flow results from ice deformation and basal sliding.,transferable_principle_or_mechanism,Question must require the dynamic process; a single frame or source title should not be enough.,"Use hard negatives from same broad visual family, not copied choices from unrelated videos: river flow; avalanche; calving only",,,true,new_candidate_source
,,,,earth_environmental_systems,cryosphere_and_seasonal_change,DCR,DCR_EAR_GLCALV_001,glacier calving,EAR_CRY_002,EAR_CRY_002,Glacier calving occurs when fractures propagate and unsupported ice detaches.,"An ice front cracks, detaches, falls, and generates waves or roll-over.",glacier calving slow motion; ice front fracture,Reject clips showing only floating ice after detachment.,avalanche; ordinary wave; glacier flow,,pending,pending,,pending_source_double_check,,,pending_dcr_gate,Review video first against the named dynamic concept signature; then use source page only if it specifically supports the concept/mechanism.,,glacier calving,named_dynamic_concept,Question must require the dynamic process; a single frame or source title should not be enough.,"Use hard negatives from same broad visual family, not copied choices from unrelated videos: avalanche; ordinary wave; glacier flow",,,true,new_candidate_source
,,,,earth_environmental_systems,ecosystem_interactions,DMR,,,EAR_ECO_001,EAR_ECO_001,"Predation is a dynamic interaction of pursuit, attack, and prey response.","Predator approaches, accelerates or strikes, prey escapes or is captured.",predator prey high speed; hunting behavior; strike capture,Reject simple co-presence of organisms without interaction sequence.,pollination; taxis; passive movement,,pending,pending,,pending_source_double_check,,,pending_principle_gate,Review video first against required_dynamic_signature; then use source page only if it contains specific mechanism evidence.,,"Predation is a dynamic interaction of pursuit, attack, and prey response.",transferable_principle_or_mechanism,Question must require the dynamic process; a single frame or source title should not be enough.,"Use hard negatives from same broad visual family, not copied choices from unrelated videos: pollination; taxis; passive movement",,,true,new_candidate_source
,,,,earth_environmental_systems,ecosystem_interactions,DMR,,,EAR_ECO_001,EAR_ECO_001,"Predation is a dynamic interaction of pursuit, attack, and prey response.","Predator approaches, accelerates or strikes, prey escapes or is captured.",predator prey high speed; hunting behavior; strike capture,Reject simple co-presence of organisms without interaction sequence.,pollination; taxis; passive movement,,pending,pending,,pending_source_double_check,,,pending_principle_gate,Review video first against required_dynamic_signature; then use source page only if it contains specific mechanism evidence.,,"Predation is a dynamic interaction of pursuit, attack, and prey response.",transferable_principle_or_mechanism,Question must require the dynamic process; a single frame or source title should not be enough.,"Use hard negatives from same broad visual family, not copied choices from unrelated videos: pollination; taxis; passive movement",,,true,new_candidate_source
,,,,earth_environmental_systems,erosion_transport_and_deposition,DMR,,,EAR_ERO_001,EAR_ERO_001,Sediment motion begins when fluid shear stress exceeds a transport threshold.,"Grains transition from rest to rolling, saltation, or suspension as flow increases.",sediment transport flume; threshold of motion; bedload,Reject sediment already moving without flow change or threshold evidence.,debris flow; diffusion; landslide,,pending,pending,,pending_source_double_check,,,pending_principle_gate,Review video first against required_dynamic_signature; then use source page only if it contains specific mechanism evidence.,,Sediment motion begins when fluid shear stress exceeds a transport threshold.,transferable_principle_or_mechanism,Question must require the dynamic process; a single frame or source title should not be enough.,"Use hard negatives from same broad visual family, not copied choices from unrelated videos: debris flow; diffusion; landslide",,,true,new_candidate_source
,,,,earth_environmental_systems,erosion_transport_and_deposition,DMR,,,EAR_ERO_001,EAR_ERO_001,Sediment motion begins when fluid shear stress exceeds a transport threshold.,"Grains transition from rest to rolling, saltation, or suspension as flow increases.",sediment transport flume; threshold of motion; bedload,Reject sediment already moving without flow change or threshold evidence.,debris flow; diffusion; landslide,,pending,pending,,pending_source_double_check,,,pending_principle_gate,Review video first against required_dynamic_signature; then use source page only if it contains specific mechanism evidence.,,Sediment motion begins when fluid shear stress exceeds a transport threshold.,transferable_principle_or_mechanism,Question must require the dynamic process; a single frame or source title should not be enough.,"Use hard negatives from same broad visual family, not copied choices from unrelated videos: debris flow; diffusion; landslide",,,true,new_candidate_source
,,,,earth_environmental_systems,erosion_transport_and_deposition,DCR,DCR_EAR_SALT_001,sediment saltation,EAR_ERO_001,EAR_ERO_001,Sediment motion begins when fluid shear stress exceeds a transport threshold.,Particles transition from rest to bouncing/hopping transport above a bed.,sediment transport flume; threshold of motion; bedload,Reject videos where grains are already moving without visible saltation.,suspension cloud; landslide; simple settling,,pending,pending,,pending_source_double_check,,,pending_dcr_gate,Review video first against the named dynamic concept signature; then use source page only if it specifically supports the concept/mechanism.,,sediment saltation,named_dynamic_concept,Question must require the dynamic process; a single frame or source title should not be enough.,"Use hard negatives from same broad visual family, not copied choices from unrelated videos: suspension cloud; landslide; simple settling",,,true,new_candidate_source
,,,,earth_environmental_systems,geology_and_geophysical_change,DMR,,,EAR_GEO_001,EAR_GEO_001,Slope failure occurs when driving stress exceeds material shear strength.,"Cracks, deformation, and mass movement develop downslope.",landslide model; slope failure flume; soil collapse,Reject post-landslide aftermath without failure sequence.,debris flow transport; erosion; glacier calving,,pending,pending,,pending_source_double_check,,,pending_principle_gate,Review video first against required_dynamic_signature; then use source page only if it contains specific mechanism evidence.,,Slope failure occurs when driving stress exceeds material shear strength.,transferable_principle_or_mechanism,Question must require the dynamic process; a single frame or source title should not be enough.,"Use hard negatives from same broad visual family, not copied choices from unrelated videos: debris flow transport; erosion; glacier calving",,,true,new_candidate_source
,,,,earth_environmental_systems,geology_and_geophysical_change,DMR,,,EAR_GEO_001,EAR_GEO_001,Slope failure occurs when driving stress exceeds material shear strength.,"Cracks, deformation, and mass movement develop downslope.",landslide model; slope failure flume; soil collapse,Reject post-landslide aftermath without failure sequence.,debris flow transport; erosion; glacier calving,,pending,pending,,pending_source_double_check,,,pending_principle_gate,Review video first against required_dynamic_signature; then use source page only if it contains specific mechanism evidence.,,Slope failure occurs when driving stress exceeds material shear strength.,transferable_principle_or_mechanism,Question must require the dynamic process; a single frame or source title should not be enough.,"Use hard negatives from same broad visual family, not copied choices from unrelated videos: debris flow transport; erosion; glacier calving",,,true,new_candidate_source
,,,,earth_environmental_systems,geology_and_geophysical_change,DCR,DCR_EAR_PYRO_001,pyroclastic density current,EAR_GEO_002,EAR_GEO_002,Pyroclastic density currents move as ground-hugging particle-laden gravity currents.,A ground-hugging ash cloud accelerates downslope from a volcanic source.,pyroclastic flow analog; density current flume; volcanic ash current,Reject vertical ash plumes without ground-hugging flow.,ash plume rise; landslide dust; cloud shadow,,pending,pending,,pending_source_double_check,,,pending_dcr_gate,Review video first against the named dynamic concept signature; then use source page only if it specifically supports the concept/mechanism.,,pyroclastic density current,named_dynamic_concept,Question must require the dynamic process; a single frame or source title should not be enough.,"Use hard negatives from same broad visual family, not copied choices from unrelated videos: ash plume rise; landslide dust; cloud shadow",,,true,new_candidate_source
,,,,earth_environmental_systems,hydrology_and_flow_processes,DMR,,,EAR_HYD_001,EAR_HYD_001,Gravity and hydraulic slope drive surface runoff and channelized flow.,"Water gathers, accelerates downslope, and forms rills or channels.",runoff flume; rainfall simulator; slope flow,Reject standing water or generic rain without flow paths.,capillary absorption; seepage only; wave motion,,pending,pending,,pending_source_double_check,,,pending_principle_gate,Review video first against required_dynamic_signature; then use source page only if it contains specific mechanism evidence.,,Gravity and hydraulic slope drive surface runoff and channelized flow.,transferable_principle_or_mechanism,Question must require the dynamic process; a single frame or source title should not be enough.,"Use hard negatives from same broad visual family, not copied choices from unrelated videos: capillary absorption; seepage only; wave motion",,,true,new_candidate_source
,,,,earth_environmental_systems,hydrology_and_flow_processes,DMR,,,EAR_HYD_001,EAR_HYD_001,Gravity and hydraulic slope drive surface runoff and channelized flow.,"Water gathers, accelerates downslope, and forms rills or channels.",runoff flume; rainfall simulator; slope flow,Reject standing water or generic rain without flow paths.,capillary absorption; seepage only; wave motion,,pending,pending,,pending_source_double_check,,,pending_principle_gate,Review video first against required_dynamic_signature; then use source page only if it contains specific mechanism evidence.,,Gravity and hydraulic slope drive surface runoff and channelized flow.,transferable_principle_or_mechanism,Question must require the dynamic process; a single frame or source title should not be enough.,"Use hard negatives from same broad visual family, not copied choices from unrelated videos: capillary absorption; seepage only; wave motion",,,true,new_candidate_source
,,,,earth_environmental_systems,hydrology_and_flow_processes,DCR,DCR_EAR_MEANDER_001,meander migration,EAR_HYD_001,EAR_HYD_001,Gravity and hydraulic slope drive surface runoff and channelized flow.,A channel bend shifts laterally or cutbank/point-bar changes over time.,runoff flume; rainfall simulator; slope flow,Reject static aerial images without change over time.,straight runoff; delta growth; debris flow,,pending,pending,,pending_source_double_check,,,pending_dcr_gate,Review video first against the named dynamic concept signature; then use source page only if it specifically supports the concept/mechanism.,,meander migration,named_dynamic_concept,Question must require the dynamic process; a single frame or source title should not be enough.,"Use hard negatives from same broad visual family, not copied choices from unrelated videos: straight runoff; delta growth; debris flow",,,true,new_candidate_source
,,,,earth_environmental_systems,weather_and_atmospheric_dynamics,DMR,,,EAR_WEA_001,EAR_WEA_001,"Moist convection lifts air, cools it, and forms growing cloud towers.","Clouds initiate, rise, billow, and deepen vertically.",cloud convection time lapse; cumulus growth; thunderstorm tower,Reject scenic clouds drifting with no growth or vertical development.,fog advection; smoke plume; rain band,,pending,pending,,pending_source_double_check,,,pending_principle_gate,Review video first against required_dynamic_signature; then use source page only if it contains specific mechanism evidence.,,"Moist convection lifts air, cools it, and forms growing cloud towers.",transferable_principle_or_mechanism,Question must require the dynamic process; a single frame or source title should not be enough.,"Use hard negatives from same broad visual family, not copied choices from unrelated videos: fog advection; smoke plume; rain band",,,true,new_candidate_source
,,,,earth_environmental_systems,weather_and_atmospheric_dynamics,DMR,,,EAR_WEA_001,EAR_WEA_001,"Moist convection lifts air, cools it, and forms growing cloud towers.","Clouds initiate, rise, billow, and deepen vertically.",cloud convection time lapse; cumulus growth; thunderstorm tower,Reject scenic clouds drifting with no growth or vertical development.,fog advection; smoke plume; rain band,,pending,pending,,pending_source_double_check,,,pending_principle_gate,Review video first against required_dynamic_signature; then use source page only if it contains specific mechanism evidence.,,"Moist convection lifts air, cools it, and forms growing cloud towers.",transferable_principle_or_mechanism,Question must require the dynamic process; a single frame or source title should not be enough.,"Use hard negatives from same broad visual family, not copied choices from unrelated videos: fog advection; smoke plume; rain band",,,true,new_candidate_source
,,,,earth_environmental_systems,weather_and_atmospheric_dynamics,DCR,DCR_EAR_DOWN_001,downburst,EAR_WEA_001,EAR_WEA_001,"Moist convection lifts air, cools it, and forms growing cloud towers.",Cloud or precipitation core descends and surface outflow spreads radially.,cloud convection time lapse; cumulus growth; thunderstorm tower,Reject clips without descending/outward flow evidence.,tornado; supercell rotation; ordinary rain shaft,,pending,pending,,pending_source_double_check,,,pending_dcr_gate,Review video first against the named dynamic concept signature; then use source page only if it specifically supports the concept/mechanism.,,downburst,named_dynamic_concept,Question must require the dynamic process; a single frame or source title should not be enough.,"Use hard negatives from same broad visual family, not copied choices from unrelated videos: tornado; supercell rotation; ordinary rain shaft",,,true,new_candidate_source
,,,,engineering_operational_systems,filtration_and_separation,DMR,,,ENG_SEP_001,ENG_SEP_001,Pressure-driven filtration separates solids by forcing fluid through porous media.,Filtrate passes through while a solid cake accumulates upstream.,vacuum filtration; filter cake formation; membrane filtration,Reject final filtered beakers without cake formation or fluid passage.,sedimentation; sieving; diffusion,,pending,pending,,pending_source_double_check,,,pending_principle_gate,Review video first against required_dynamic_signature; then use source page only if it contains specific mechanism evidence.,,Pressure-driven filtration separates solids by forcing fluid through porous media.,transferable_principle_or_mechanism,Question must require the dynamic process; a single frame or source title should not be enough.,"Use hard negatives from same broad visual family, not copied choices from unrelated videos: sedimentation; sieving; diffusion",,,true,new_candidate_source
,,,,engineering_operational_systems,filtration_and_separation,DMR,,,ENG_SEP_001,ENG_SEP_001,Pressure-driven filtration separates solids by forcing fluid through porous media.,Filtrate passes through while a solid cake accumulates upstream.,vacuum filtration; filter cake formation; membrane filtration,Reject final filtered beakers without cake formation or fluid passage.,sedimentation; sieving; diffusion,,pending,pending,,pending_source_double_check,,,pending_principle_gate,Review video first against required_dynamic_signature; then use source page only if it contains specific mechanism evidence.,,Pressure-driven filtration separates solids by forcing fluid through porous media.,transferable_principle_or_mechanism,Question must require the dynamic process; a single frame or source title should not be enough.,"Use hard negatives from same broad visual family, not copied choices from unrelated videos: sedimentation; sieving; diffusion",,,true,new_candidate_source
,,,,engineering_operational_systems,filtration_and_separation,DCR,DCR_ENG_FIL_001,filter cake formation,ENG_SEP_001,ENG_SEP_001,Pressure-driven filtration separates solids by forcing fluid through porous media.,A visible layer grows on the filter while filtrate flow changes.,vacuum filtration; filter cake formation; membrane filtration,Reject clips showing only clean or final dirty filters.,sedimentation; simple pouring; centrifugation,,pending,pending,,pending_source_double_check,,,pending_dcr_gate,Review video first against the named dynamic concept signature; then use source page only if it specifically supports the concept/mechanism.,,filter cake formation,named_dynamic_concept,Question must require the dynamic process; a single frame or source title should not be enough.,"Use hard negatives from same broad visual family, not copied choices from unrelated videos: sedimentation; simple pouring; centrifugation",,,true,new_candidate_source
,,,,engineering_operational_systems,machines_control_and_failure_modes,DMR,,,ENG_MCH_001,ENG_MCH_001,Linkage constraints convert input rotation into a designed output path.,"Input crank rotates while output point follows a bounded, straight, oscillating, or pick-and-place trajectory.",four-bar linkage; crank-rocker; straight-line linkage,Reject pure physics pendulums or animations without input-output transformation.,gear train; cam follower; free rotation,,pending,pending,,pending_source_double_check,,,pending_principle_gate,Review video first against required_dynamic_signature; then use source page only if it contains specific mechanism evidence.,,Linkage constraints convert input rotation into a designed output path.,transferable_principle_or_mechanism,Question must require the dynamic process; a single frame or source title should not be enough.,"Use hard negatives from same broad visual family, not copied choices from unrelated videos: gear train; cam follower; free rotation",,,true,new_candidate_source
,,,,engineering_operational_systems,machines_control_and_failure_modes,DMR,,,ENG_MCH_001,ENG_MCH_001,Linkage constraints convert input rotation into a designed output path.,"Input crank rotates while output point follows a bounded, straight, oscillating, or pick-and-place trajectory.",four-bar linkage; crank-rocker; straight-line linkage,Reject pure physics pendulums or animations without input-output transformation.,gear train; cam follower; free rotation,,pending,pending,,pending_source_double_check,,,pending_principle_gate,Review video first against required_dynamic_signature; then use source page only if it contains specific mechanism evidence.,,Linkage constraints convert input rotation into a designed output path.,transferable_principle_or_mechanism,Question must require the dynamic process; a single frame or source title should not be enough.,"Use hard negatives from same broad visual family, not copied choices from unrelated videos: gear train; cam follower; free rotation",,,true,new_candidate_source
,,,,engineering_operational_systems,machines_control_and_failure_modes,DCR,DCR_ENG_CHATTER_001,machining chatter,ENG_FAIL_001,ENG_FAIL_001,Mechanical resonance can amplify vibration until structural instability or failure occurs.,Tool or workpiece oscillates visibly with changing sound/surface pattern.,resonance failure; bridge vibration; rotating machinery instability,Reject clips with only final surface marks and no dynamic vibration.,steady cutting; built-up edge; resonance demo without cutting,,pending,pending,,pending_source_double_check,,,pending_dcr_gate,Review video first against the named dynamic concept signature; then use source page only if it specifically supports the concept/mechanism.,,machining chatter,named_dynamic_concept,Question must require the dynamic process; a single frame or source title should not be enough.,"Use hard negatives from same broad visual family, not copied choices from unrelated videos: steady cutting; built-up edge; resonance demo without cutting",,,true,new_candidate_source
,,,,engineering_operational_systems,mixing_dispersion_and_wetting,DMR,,,ENG_MIX_001,ENG_MIX_001,"Mechanical mixing disperses components by stretching, folding, and advecting interfaces.",Colored fluids or particles are stretched into filaments and distributed through the volume.,static mixer; impeller mixing; dye mixing visualization,Reject final homogeneous mixtures without mixing trajectory.,molecular diffusion only; precipitation; laminar reversible mixing,,pending,pending,,pending_source_double_check,,,pending_principle_gate,Review video first against required_dynamic_signature; then use source page only if it contains specific mechanism evidence.,,"Mechanical mixing disperses components by stretching, folding, and advecting interfaces.",transferable_principle_or_mechanism,Question must require the dynamic process; a single frame or source title should not be enough.,"Use hard negatives from same broad visual family, not copied choices from unrelated videos: molecular diffusion only; precipitation; laminar reversible mixing",,,true,new_candidate_source
,,,,engineering_operational_systems,mixing_dispersion_and_wetting,DMR,,,ENG_MIX_001,ENG_MIX_001,"Mechanical mixing disperses components by stretching, folding, and advecting interfaces.",Colored fluids or particles are stretched into filaments and distributed through the volume.,static mixer; impeller mixing; dye mixing visualization,Reject final homogeneous mixtures without mixing trajectory.,molecular diffusion only; precipitation; laminar reversible mixing,,pending,pending,,pending_source_double_check,,,pending_principle_gate,Review video first against required_dynamic_signature; then use source page only if it contains specific mechanism evidence.,,"Mechanical mixing disperses components by stretching, folding, and advecting interfaces.",transferable_principle_or_mechanism,Question must require the dynamic process; a single frame or source title should not be enough.,"Use hard negatives from same broad visual family, not copied choices from unrelated videos: molecular diffusion only; precipitation; laminar reversible mixing",,,true,new_candidate_source
,,,,engineering_operational_systems,pressure_flow_and_process_control,DMR,,,ENG_PRS_001,ENG_PRS_001,Valves regulate flow by changing flow area and pressure drop.,"Valve position changes are followed by flow-rate, jet, or level changes.",transparent valve flow; flow control valve; ball valve,Reject static valve cutaways without fluid response.,Venturi physics only; pump; siphon,,pending,pending,,pending_source_double_check,,,pending_principle_gate,Review video first against required_dynamic_signature; then use source page only if it contains specific mechanism evidence.,,Valves regulate flow by changing flow area and pressure drop.,transferable_principle_or_mechanism,Question must require the dynamic process; a single frame or source title should not be enough.,"Use hard negatives from same broad visual family, not copied choices from unrelated videos: Venturi physics only; pump; siphon",,,true,new_candidate_source
,,,,engineering_operational_systems,pressure_flow_and_process_control,DMR,,,ENG_PRS_001,ENG_PRS_001,Valves regulate flow by changing flow area and pressure drop.,"Valve position changes are followed by flow-rate, jet, or level changes.",transparent valve flow; flow control valve; ball valve,Reject static valve cutaways without fluid response.,Venturi physics only; pump; siphon,,pending,pending,,pending_source_double_check,,,pending_principle_gate,Review video first against required_dynamic_signature; then use source page only if it contains specific mechanism evidence.,,Valves regulate flow by changing flow area and pressure drop.,transferable_principle_or_mechanism,Question must require the dynamic process; a single frame or source title should not be enough.,"Use hard negatives from same broad visual family, not copied choices from unrelated videos: Venturi physics only; pump; siphon",,,true,new_candidate_source
,,,,engineering_operational_systems,pressure_flow_and_process_control,DCR,DCR_ENG_CAV_001,cavitation,ENG_PRS_001,ENG_PRS_001,Valves regulate flow by changing flow area and pressure drop.,"Bubbles appear near a propeller, valve, or pump and collapse or cloud dynamically.",transparent valve flow; flow control valve; ball valve,Reject clips with injected air bubbles but no pressure-driven collapse.,gas evolution; boiling; aeration,,pending,pending,,pending_source_double_check,,,pending_dcr_gate,Review video first against the named dynamic concept signature; then use source page only if it specifically supports the concept/mechanism.,,cavitation,named_dynamic_concept,Question must require the dynamic process; a single frame or source title should not be enough.,"Use hard negatives from same broad visual family, not copied choices from unrelated videos: gas evolution; boiling; aeration",,,true,new_candidate_source
,,,,engineering_operational_systems,thermal_process_control,DMR,,,ENG_THM_001,ENG_THM_001,Hot forging uses elevated temperature to lower flow stress for controlled plastic deformation.,Heated workpiece deforms progressively under hammer/press blows.,hot forging; blacksmithing; press forging,Reject cold hammering or decorative final shapes without deformation sequence.,thermal expansion; cutting; welding,,pending,pending,,pending_source_double_check,,,pending_principle_gate,Review video first against required_dynamic_signature; then use source page only if it contains specific mechanism evidence.,,Hot forging uses elevated temperature to lower flow stress for controlled plastic deformation.,transferable_principle_or_mechanism,Question must require the dynamic process; a single frame or source title should not be enough.,"Use hard negatives from same broad visual family, not copied choices from unrelated videos: thermal expansion; cutting; welding",,,true,new_candidate_source
,,,,engineering_operational_systems,thermal_process_control,DMR,,,ENG_THM_001,ENG_THM_001,Hot forging uses elevated temperature to lower flow stress for controlled plastic deformation.,Heated workpiece deforms progressively under hammer/press blows.,hot forging; blacksmithing; press forging,Reject cold hammering or decorative final shapes without deformation sequence.,thermal expansion; cutting; welding,,pending,pending,,pending_source_double_check,,,pending_principle_gate,Review video first against required_dynamic_signature; then use source page only if it contains specific mechanism evidence.,,Hot forging uses elevated temperature to lower flow stress for controlled plastic deformation.,transferable_principle_or_mechanism,Question must require the dynamic process; a single frame or source title should not be enough.,"Use hard negatives from same broad visual family, not copied choices from unrelated videos: thermal expansion; cutting; welding",,,true,new_candidate_source
,,,,engineering_operational_systems,tooling_force_and_precision,DMR,,,ENG_TOOL_001,ENG_TOOL_001,Cutting forms chips when tool shear stress exceeds material strength along a shear plane.,Tool advances and continuous or segmented chips form and evacuate.,metal cutting slow motion; orthogonal cutting; chip formation,Reject finished cuts without visible chip formation.,fracture impact; drilling; polishing,,pending,pending,,pending_source_double_check,,,pending_principle_gate,Review video first against required_dynamic_signature; then use source page only if it contains specific mechanism evidence.,,Cutting forms chips when tool shear stress exceeds material strength along a shear plane.,transferable_principle_or_mechanism,Question must require the dynamic process; a single frame or source title should not be enough.,"Use hard negatives from same broad visual family, not copied choices from unrelated videos: fracture impact; drilling; polishing",,,true,new_candidate_source
,,,,engineering_operational_systems,tooling_force_and_precision,DMR,,,ENG_TOOL_001,ENG_TOOL_001,Cutting forms chips when tool shear stress exceeds material strength along a shear plane.,Tool advances and continuous or segmented chips form and evacuate.,metal cutting slow motion; orthogonal cutting; chip formation,Reject finished cuts without visible chip formation.,fracture impact; drilling; polishing,,pending,pending,,pending_source_double_check,,,pending_principle_gate,Review video first against required_dynamic_signature; then use source page only if it contains specific mechanism evidence.,,Cutting forms chips when tool shear stress exceeds material strength along a shear plane.,transferable_principle_or_mechanism,Question must require the dynamic process; a single frame or source title should not be enough.,"Use hard negatives from same broad visual family, not copied choices from unrelated videos: fracture impact; drilling; polishing",,,true,new_candidate_source
,,,,engineering_operational_systems,tooling_force_and_precision,DCR,DCR_ENG_BUE_001,built-up edge,ENG_TOOL_001,ENG_TOOL_001,Cutting forms chips when tool shear stress exceeds material strength along a shear plane.,Chip/tool contact shows adhesion growth and sudden detachment at the cutting edge.,metal cutting slow motion; orthogonal cutting; chip formation,Reject clips without visible tool-edge adhesion dynamics.,continuous chip; chatter; tool wear only,,pending,pending,,pending_source_double_check,,,pending_dcr_gate,Review video first against the named dynamic concept signature; then use source page only if it specifically supports the concept/mechanism.,,built-up edge,named_dynamic_concept,Question must require the dynamic process; a single frame or source title should not be enough.,"Use hard negatives from same broad visual family, not copied choices from unrelated videos: continuous chip; chatter; tool wear only",,,true,new_candidate_source
,,,,physics_physical_systems,collisions_and_momentum,DMR,,,PHY_COL_001,PHY_COL_001,Momentum transfer in contact collisions redistributes velocity and direction.,Pre- and post-impact velocities/directions of colliding bodies visibly change.,billiard balls; carts; Newton cradle with tracked motion,Reject impacts without clear before/after motion or pure text diagrams.,friction slowing; gravitational fall; fluid drag,,pending,pending,,pending_source_double_check,,,pending_principle_gate,Review video first against required_dynamic_signature; then use source page only if it contains specific mechanism evidence.,,Momentum transfer in contact collisions redistributes velocity and direction.,transferable_principle_or_mechanism,Question must require the dynamic process; a single frame or source title should not be enough.,"Use hard negatives from same broad visual family, not copied choices from unrelated videos: friction slowing; gravitational fall; fluid drag",,,true,new_candidate_source
,,,,physics_physical_systems,collisions_and_momentum,DMR,,,PHY_COL_001,PHY_COL_001,Momentum transfer in contact collisions redistributes velocity and direction.,Pre- and post-impact velocities/directions of colliding bodies visibly change.,billiard balls; carts; Newton cradle with tracked motion,Reject impacts without clear before/after motion or pure text diagrams.,friction slowing; gravitational fall; fluid drag,,pending,pending,,pending_source_double_check,,,pending_principle_gate,Review video first against required_dynamic_signature; then use source page only if it contains specific mechanism evidence.,,Momentum transfer in contact collisions redistributes velocity and direction.,transferable_principle_or_mechanism,Question must require the dynamic process; a single frame or source title should not be enough.,"Use hard negatives from same broad visual family, not copied choices from unrelated videos: friction slowing; gravitational fall; fluid drag",,,true,new_candidate_source
,,,,physics_physical_systems,electromagnetism_and_fields,DMR,,,PHY_EM_001,PHY_EM_001,Magnetic dipoles experience torque that aligns them with an external magnetic field.,"Needles, particles, or domains rotate or align when field direction changes.",magnetic alignment particles; compass field demos; ferrofluid field videos,Reject clips with magnets touching objects directly without field-driven alignment.,electric-field migration; gravity; fluid flow,,pending,pending,,pending_source_double_check,,,pending_principle_gate,Review video first against required_dynamic_signature; then use source page only if it contains specific mechanism evidence.,,Magnetic dipoles experience torque that aligns them with an external magnetic field.,transferable_principle_or_mechanism,Question must require the dynamic process; a single frame or source title should not be enough.,"Use hard negatives from same broad visual family, not copied choices from unrelated videos: electric-field migration; gravity; fluid flow",,,true,new_candidate_source
,,,,physics_physical_systems,electromagnetism_and_fields,DMR,,,PHY_EM_001,PHY_EM_001,Magnetic dipoles experience torque that aligns them with an external magnetic field.,"Needles, particles, or domains rotate or align when field direction changes.",magnetic alignment particles; compass field demos; ferrofluid field videos,Reject clips with magnets touching objects directly without field-driven alignment.,electric-field migration; gravity; fluid flow,,pending,pending,,pending_source_double_check,,,pending_principle_gate,Review video first against required_dynamic_signature; then use source page only if it contains specific mechanism evidence.,,Magnetic dipoles experience torque that aligns them with an external magnetic field.,transferable_principle_or_mechanism,Question must require the dynamic process; a single frame or source title should not be enough.,"Use hard negatives from same broad visual family, not copied choices from unrelated videos: electric-field migration; gravity; fluid flow",,,true,new_candidate_source
,,,,physics_physical_systems,fluids_pressure_and_buoyancy,DMR,,,PHY_FLU_001,PHY_FLU_001,Bernoulli/Venturi flow couples higher speed through a constriction with lower static pressure.,Manometer/liquid column or pressure indicator changes when flow starts or constriction speed increases.,Venturi tube demos; transparent flow apparatus,Reject videos showing only a pipe shape without flow or pressure response.,capillary rise; buoyancy; siphon,,pending,pending,,pending_source_double_check,,,pending_principle_gate,Review video first against required_dynamic_signature; then use source page only if it contains specific mechanism evidence.,,Bernoulli/Venturi flow couples higher speed through a constriction with lower static pressure.,transferable_principle_or_mechanism,Question must require the dynamic process; a single frame or source title should not be enough.,"Use hard negatives from same broad visual family, not copied choices from unrelated videos: capillary rise; buoyancy; siphon",,,true,new_candidate_source
,,,,physics_physical_systems,fluids_pressure_and_buoyancy,DMR,,,PHY_FLU_001,PHY_FLU_001,Bernoulli/Venturi flow couples higher speed through a constriction with lower static pressure.,Manometer/liquid column or pressure indicator changes when flow starts or constriction speed increases.,Venturi tube demos; transparent flow apparatus,Reject videos showing only a pipe shape without flow or pressure response.,capillary rise; buoyancy; siphon,,pending,pending,,pending_source_double_check,,,pending_principle_gate,Review video first against required_dynamic_signature; then use source page only if it contains specific mechanism evidence.,,Bernoulli/Venturi flow couples higher speed through a constriction with lower static pressure.,transferable_principle_or_mechanism,Question must require the dynamic process; a single frame or source title should not be enough.,"Use hard negatives from same broad visual family, not copied choices from unrelated videos: capillary rise; buoyancy; siphon",,,true,new_candidate_source
,,,,physics_physical_systems,fluids_pressure_and_buoyancy,DCR,DCR_PHY_RT_001,Rayleigh-Taylor instability,PHY_FLU_002,PHY_FLU_002,Buoyancy depends on displaced fluid weight relative to object weight.,Finger-like plumes grow downward/upward from an unstable density interface.,density columns; ballast demonstrations; float-sink experiments,Reject clips with no visible interface evolution.,diffusion; convection cell; simple pouring,,pending,pending,,pending_source_double_check,,,pending_dcr_gate,Review video first against the named dynamic concept signature; then use source page only if it specifically supports the concept/mechanism.,,Rayleigh-Taylor instability,named_dynamic_concept,Question must require the dynamic process; a single frame or source title should not be enough.,"Use hard negatives from same broad visual family, not copied choices from unrelated videos: diffusion; convection cell; simple pouring",,,true,new_candidate_source
,,,,physics_physical_systems,motion_forces_and_energy,DMR,,,PHY_FOR_001,PHY_FOR_001,Gravity produces downward acceleration when other forces are small.,Frame-to-frame downward displacement increases or tracked velocity increases during fall.,slow-motion free-fall experiments; tracked falling objects,"Reject static falling-object images, title-only gravity claims, and clips where the object is already moving without visible acceleration.",constant velocity; buoyant rise; projectile horizontal component,,pending,pending,,pending_source_double_check,,,pending_principle_gate,Review video first against required_dynamic_signature; then use source page only if it contains specific mechanism evidence.,,Gravity produces downward acceleration when other forces are small.,transferable_principle_or_mechanism,Question must require the dynamic process; a single frame or source title should not be enough.,"Use hard negatives from same broad visual family, not copied choices from unrelated videos: constant velocity; buoyant rise; projectile horizontal component",,,true,new_candidate_source
,,,,physics_physical_systems,motion_forces_and_energy,DMR,,,PHY_FOR_001,PHY_FOR_001,Gravity produces downward acceleration when other forces are small.,Frame-to-frame downward displacement increases or tracked velocity increases during fall.,slow-motion free-fall experiments; tracked falling objects,"Reject static falling-object images, title-only gravity claims, and clips where the object is already moving without visible acceleration.",constant velocity; buoyant rise; projectile horizontal component,,pending,pending,,pending_source_double_check,,,pending_principle_gate,Review video first against required_dynamic_signature; then use source page only if it contains specific mechanism evidence.,,Gravity produces downward acceleration when other forces are small.,transferable_principle_or_mechanism,Question must require the dynamic process; a single frame or source title should not be enough.,"Use hard negatives from same broad visual family, not copied choices from unrelated videos: constant velocity; buoyant rise; projectile horizontal component",,,true,new_candidate_source
,,,,physics_physical_systems,motion_forces_and_energy,DCR,DCR_PHY_MAGNUS_001,banana kick / curveball,PHY_FOR_002,PHY_FOR_002,Projectile motion combines nearly constant horizontal velocity with vertical gravitational acceleration.,A spinning ball follows a visibly curved path after launch.,projectile demonstrations; ball toss slow motion; tracked motion analysis,Reject clips without visible curved trajectory or without evidence of spin.,ordinary projectile arc; knuckleball; straight kick,,pending,pending,,pending_source_double_check,,,pending_dcr_gate,Review video first against the named dynamic concept signature; then use source page only if it specifically supports the concept/mechanism.,,banana kick / curveball,named_dynamic_concept,Question must require the dynamic process; a single frame or source title should not be enough.,"Use hard negatives from same broad visual family, not copied choices from unrelated videos: ordinary projectile arc; knuckleball; straight kick",,,true,new_candidate_source
,,,,physics_physical_systems,oscillation_rotation_and_vibration,DMR,,,PHY_OSC_001,PHY_OSC_001,A pendulum exchanges gravitational potential energy and kinetic energy over each swing.,Speed is highest near the bottom and lowest near the turning points over repeated cycles.,pendulum slow motion; tracked pendulum motion,Reject static pendulum images or clips without at least one full swing.,linear fall; rotating disk; fluid wave,,pending,pending,,pending_source_double_check,,,pending_principle_gate,Review video first against required_dynamic_signature; then use source page only if it contains specific mechanism evidence.,,A pendulum exchanges gravitational potential energy and kinetic energy over each swing.,transferable_principle_or_mechanism,Question must require the dynamic process; a single frame or source title should not be enough.,"Use hard negatives from same broad visual family, not copied choices from unrelated videos: linear fall; rotating disk; fluid wave",,,true,new_candidate_source
,,,,physics_physical_systems,oscillation_rotation_and_vibration,DMR,,,PHY_OSC_001,PHY_OSC_001,A pendulum exchanges gravitational potential energy and kinetic energy over each swing.,Speed is highest near the bottom and lowest near the turning points over repeated cycles.,pendulum slow motion; tracked pendulum motion,Reject static pendulum images or clips without at least one full swing.,linear fall; rotating disk; fluid wave,,pending,pending,,pending_source_double_check,,,pending_principle_gate,Review video first against required_dynamic_signature; then use source page only if it contains specific mechanism evidence.,,A pendulum exchanges gravitational potential energy and kinetic energy over each swing.,transferable_principle_or_mechanism,Question must require the dynamic process; a single frame or source title should not be enough.,"Use hard negatives from same broad visual family, not copied choices from unrelated videos: linear fall; rotating disk; fluid wave",,,true,new_candidate_source
,,,,physics_physical_systems,oscillation_rotation_and_vibration,DCR,DCR_PHY_DIVE_001,somersault twist dive,PHY_OSC_003,PHY_OSC_003,Resonance amplifies motion when periodic forcing matches a natural frequency.,"The diver transitions through takeoff, somersault, twist, and entry.",driven pendulum; resonance table; vibrating structure experiments,"Reject clips missing takeoff or entry, or where twist count is not visible.",plain somersault; cartwheel dive; static pose,,pending,pending,,pending_source_double_check,,,pending_dcr_gate,Review video first against the named dynamic concept signature; then use source page only if it specifically supports the concept/mechanism.,,somersault twist dive,named_dynamic_concept,Question must require the dynamic process; a single frame or source title should not be enough.,"Use hard negatives from same broad visual family, not copied choices from unrelated videos: plain somersault; cartwheel dive; static pose",,,true,new_candidate_source
,,,,physics_physical_systems,surface_and_capillary_processes,DMR,,,PHY_SUR_001,PHY_SUR_001,"Surface tension minimizes liquid surface area, driving droplets to retract and round.","Elongated drops retract, oscillate, or relax toward rounder shapes.",droplet relaxation slow motion; liquid bridge relaxation,Reject still droplets or splash-only clips without relaxation dynamics.,gravity fall; wetting spread; evaporation,,pending,pending,,pending_source_double_check,,,pending_principle_gate,Review video first against required_dynamic_signature; then use source page only if it contains specific mechanism evidence.,,"Surface tension minimizes liquid surface area, driving droplets to retract and round.",transferable_principle_or_mechanism,Question must require the dynamic process; a single frame or source title should not be enough.,"Use hard negatives from same broad visual family, not copied choices from unrelated videos: gravity fall; wetting spread; evaporation",,,true,new_candidate_source
,,,,physics_physical_systems,surface_and_capillary_processes,DMR,,,PHY_SUR_001,PHY_SUR_001,"Surface tension minimizes liquid surface area, driving droplets to retract and round.","Elongated drops retract, oscillate, or relax toward rounder shapes.",droplet relaxation slow motion; liquid bridge relaxation,Reject still droplets or splash-only clips without relaxation dynamics.,gravity fall; wetting spread; evaporation,,pending,pending,,pending_source_double_check,,,pending_principle_gate,Review video first against required_dynamic_signature; then use source page only if it contains specific mechanism evidence.,,"Surface tension minimizes liquid surface area, driving droplets to retract and round.",transferable_principle_or_mechanism,Question must require the dynamic process; a single frame or source title should not be enough.,"Use hard negatives from same broad visual family, not copied choices from unrelated videos: gravity fall; wetting spread; evaporation",,,true,new_candidate_source
,,,,physics_physical_systems,surface_and_capillary_processes,DCR,DCR_PHY_CAP_001,capillary rise,PHY_SUR_002,PHY_SUR_002,Capillary action draws wetting liquids through narrow pores or tubes.,"A liquid front rises or advances through a narrow tube, paper, or porous structure.",capillary rise; paper wicking; porous media wetting,Reject clips where liquid is simply poured or already at final height.,bulk pouring; diffusion cloud; surface beading,,pending,pending,,pending_source_double_check,,,pending_dcr_gate,Review video first against the named dynamic concept signature; then use source page only if it specifically supports the concept/mechanism.,,capillary rise,named_dynamic_concept,Question must require the dynamic process; a single frame or source title should not be enough.,"Use hard negatives from same broad visual family, not copied choices from unrelated videos: bulk pouring; diffusion cloud; surface beading",,,true,new_candidate_source
,,,,physics_physical_systems,thermal_physical_response,DMR,,,PHY_THR_001,PHY_THR_001,Differential thermal expansion bends bonded materials when heated.,Composite strip or bonded structure curves as temperature changes.,bimetallic strip; thermal expansion demos,Reject heating clips without visible deformation or temperature-linked response.,plastic deformation by force; pendulum; melting,,pending,pending,,pending_source_double_check,,,pending_principle_gate,Review video first against required_dynamic_signature; then use source page only if it contains specific mechanism evidence.,,Differential thermal expansion bends bonded materials when heated.,transferable_principle_or_mechanism,Question must require the dynamic process; a single frame or source title should not be enough.,"Use hard negatives from same broad visual family, not copied choices from unrelated videos: plastic deformation by force; pendulum; melting",,,true,new_candidate_source
,,,,physics_physical_systems,thermal_physical_response,DMR,,,PHY_THR_001,PHY_THR_001,Differential thermal expansion bends bonded materials when heated.,Composite strip or bonded structure curves as temperature changes.,bimetallic strip; thermal expansion demos,Reject heating clips without visible deformation or temperature-linked response.,plastic deformation by force; pendulum; melting,,pending,pending,,pending_source_double_check,,,pending_principle_gate,Review video first against required_dynamic_signature; then use source page only if it contains specific mechanism evidence.,,Differential thermal expansion bends bonded materials when heated.,transferable_principle_or_mechanism,Question must require the dynamic process; a single frame or source title should not be enough.,"Use hard negatives from same broad visual family, not copied choices from unrelated videos: plastic deformation by force; pendulum; melting",,,true,new_candidate_source
,,,,physics_physical_systems,thermal_physical_response,DCR,DCR_PHY_LEIDEN_001,Leidenfrost effect,PHY_THR_002,PHY_THR_002,The Leidenfrost effect forms a vapor layer that delays contact boiling and lets droplets glide.,"Droplets skitter, glide, or persist on a hot surface instead of immediately boiling away.",Leidenfrost droplet slow motion; hot plate demos,Reject ordinary boiling without gliding or vapor-layer behavior.,ordinary boiling; wetting spread; evaporation,,pending,pending,,pending_source_double_check,,,pending_dcr_gate,Review video first against the named dynamic concept signature; then use source page only if it specifically supports the concept/mechanism.,,Leidenfrost effect,named_dynamic_concept,Question must require the dynamic process; a single frame or source title should not be enough.,"Use hard negatives from same broad visual family, not copied choices from unrelated videos: ordinary boiling; wetting spread; evaporation",,,true,new_candidate_source
,,,,biology_living_systems,animal_locomotion_and_biomechanics,DMR,,,BIO_LOC_002,BIO_LOC_002,Peristaltic locomotion uses contraction waves plus alternating anchors to move soft bodies.,Soft body shortens/extends in waves while contact points shift and the body advances.,caterpillar crawling; earthworm peristalsis; soft robot peristalsis,Reject legged walking where no contraction wave is visible.,jet propulsion; tripod gait; passive drift,,pending,pending,,pending_source_double_check,,,pending_principle_gate,Review video first against required_dynamic_signature; then use source page only if it contains specific mechanism evidence.,,Peristaltic locomotion uses contraction waves plus alternating anchors to move soft bodies.,transferable_principle_or_mechanism,Question must require the dynamic process; a single frame or source title should not be enough.,"Use hard negatives from same broad visual family, not copied choices from unrelated videos: jet propulsion; tripod gait; passive drift",,,true,new_candidate_source
,,,,biology_living_systems,animal_locomotion_and_biomechanics,DMR,,,BIO_LOC_002,BIO_LOC_002,Peristaltic locomotion uses contraction waves plus alternating anchors to move soft bodies.,Soft body shortens/extends in waves while contact points shift and the body advances.,caterpillar crawling; earthworm peristalsis; soft robot peristalsis,Reject legged walking where no contraction wave is visible.,jet propulsion; tripod gait; passive drift,,pending,pending,,pending_source_double_check,,,pending_principle_gate,Review video first against required_dynamic_signature; then use source page only if it contains specific mechanism evidence.,,Peristaltic locomotion uses contraction waves plus alternating anchors to move soft bodies.,transferable_principle_or_mechanism,Question must require the dynamic process; a single frame or source title should not be enough.,"Use hard negatives from same broad visual family, not copied choices from unrelated videos: jet propulsion; tripod gait; passive drift",,,true,new_candidate_source
,,,,biology_living_systems,animal_locomotion_and_biomechanics,DCR,DCR_BIO_JET_001,jet propulsion swimming,BIO_LOC_001,BIO_LOC_001,Jet propulsion follows momentum conservation: expelled fluid creates opposite reaction thrust.,A bell or mantle contracts and the body moves opposite the expelled fluid.,jellyfish propulsion; squid jet propulsion; scallop jet movement,Reject swimming clips without visible contraction-pulse displacement.,flapping lift; undulation; crawling,,pending,pending,,pending_source_double_check,,,pending_dcr_gate,Review video first against the named dynamic concept signature; then use source page only if it specifically supports the concept/mechanism.,,jet propulsion swimming,named_dynamic_concept,Question must require the dynamic process; a single frame or source title should not be enough.,"Use hard negatives from same broad visual family, not copied choices from unrelated videos: flapping lift; undulation; crawling",,,true,new_candidate_source
,,,,biology_living_systems,germination_and_development,DMR,,,BIO_CELL_002,BIO_CELL_002,Cytokinesis completes division through progressive contractile-ring constriction.,A cleavage furrow deepens until one cell becomes two.,cytokinesis live-cell imaging; contractile ring videos,Reject static two-cell images or pure animation without real dynamics.,mitosis chromosome motion; apoptosis; cell migration,,pending,pending,,pending_source_double_check,,,pending_principle_gate,Review video first against required_dynamic_signature; then use source page only if it contains specific mechanism evidence.,,Cytokinesis completes division through progressive contractile-ring constriction.,transferable_principle_or_mechanism,Question must require the dynamic process; a single frame or source title should not be enough.,"Use hard negatives from same broad visual family, not copied choices from unrelated videos: mitosis chromosome motion; apoptosis; cell migration",,,true,new_candidate_source
,,,,biology_living_systems,germination_and_development,DMR,,,BIO_CELL_002,BIO_CELL_002,Cytokinesis completes division through progressive contractile-ring constriction.,A cleavage furrow deepens until one cell becomes two.,cytokinesis live-cell imaging; contractile ring videos,Reject static two-cell images or pure animation without real dynamics.,mitosis chromosome motion; apoptosis; cell migration,,pending,pending,,pending_source_double_check,,,pending_principle_gate,Review video first against required_dynamic_signature; then use source page only if it contains specific mechanism evidence.,,Cytokinesis completes division through progressive contractile-ring constriction.,transferable_principle_or_mechanism,Question must require the dynamic process; a single frame or source title should not be enough.,"Use hard negatives from same broad visual family, not copied choices from unrelated videos: mitosis chromosome motion; apoptosis; cell migration",,,true,new_candidate_source
,,,,biology_living_systems,germination_and_development,DCR,DCR_BIO_MITOSIS_001,mitosis,BIO_CELL_001,BIO_CELL_001,Mitotic spindle dynamics separate chromosomes into daughter cells.,"Chromosomes align, separate, and move to opposite poles.",live-cell mitosis microscopy; chromosome segregation,Reject static diagrams or clips without chromosome movement.,cytokinesis only; cell migration; apoptosis,,pending,pending,,pending_source_double_check,,,pending_dcr_gate,Review video first against the named dynamic concept signature; then use source page only if it specifically supports the concept/mechanism.,,mitosis,named_dynamic_concept,Question must require the dynamic process; a single frame or source title should not be enough.,"Use hard negatives from same broad visual family, not copied choices from unrelated videos: cytokinesis only; cell migration; apoptosis",,,true,new_candidate_source
,,,,biology_living_systems,organism_behavior_and_taxis,DMR,,,BIO_CELL_003,BIO_CELL_003,Actin polymerization and adhesion cycles drive crawling cell migration.,"Leading edge protrudes, adhesions shift, rear retracts, and the cell body translocates.",immune cell migration; amoeboid motion; wound-healing migration,Reject random cell shape changes without net displacement.,Brownian motion; ciliary swimming; mitosis,,pending,pending,,pending_source_double_check,,,pending_principle_gate,Review video first against required_dynamic_signature; then use source page only if it contains specific mechanism evidence.,,Actin polymerization and adhesion cycles drive crawling cell migration.,transferable_principle_or_mechanism,Question must require the dynamic process; a single frame or source title should not be enough.,"Use hard negatives from same broad visual family, not copied choices from unrelated videos: Brownian motion; ciliary swimming; mitosis",,,true,new_candidate_source
,,,,biology_living_systems,organism_behavior_and_taxis,DMR,,,BIO_TAX_001,BIO_TAX_001,Chemotaxis biases movement direction along chemical concentration gradients.,Trajectories accumulate toward/away from a chemical source or gradient.,bacterial chemotaxis; neutrophil chemotaxis; microfluidic gradient,Reject random wandering without gradient cue.,phototaxis; Brownian motion; thermotaxis,,pending,pending,,pending_source_double_check,,,pending_principle_gate,Review video first against required_dynamic_signature; then use source page only if it contains specific mechanism evidence.,,Chemotaxis biases movement direction along chemical concentration gradients.,transferable_principle_or_mechanism,Question must require the dynamic process; a single frame or source title should not be enough.,"Use hard negatives from same broad visual family, not copied choices from unrelated videos: phototaxis; Brownian motion; thermotaxis",,,true,new_candidate_source
,,,,biology_living_systems,organism_behavior_and_taxis,DCR,DCR_BIO_DISPLAY_001,courtship display,BIO_TAX_004,BIO_TAX_004,Run-and-tumble or Levy-like search alternates runs and turns to explore space.,The animal performs a repeated display sequence toward a potential mate or rival.,bacterial run and tumble; Levy walk microbes; trajectory overlay,Reject generic walking or flight without display context and sequence.,foraging; locomotion; aggression display,,pending,pending,,pending_source_double_check,,,pending_dcr_gate,Review video first against the named dynamic concept signature; then use source page only if it specifically supports the concept/mechanism.,,courtship display,named_dynamic_concept,Question must require the dynamic process; a single frame or source title should not be enough.,"Use hard negatives from same broad visual family, not copied choices from unrelated videos: foraging; locomotion; aggression display",,,true,new_candidate_source
,,,,biology_living_systems,plant_growth_and_tropisms,DMR,,,BIO_ENE_001,BIO_ENE_001,Photosynthetic light reactions release oxygen when illuminated.,Oxygen bubbles increase after light exposure or light intensity changes.,aquatic plant oxygen bubbles; photosynthesis light intensity demos,Reject generic plant growth videos or final gas collection only.,respiration CO2; boiling; gas evolution chemistry,,pending,pending,,pending_source_double_check,,,pending_principle_gate,Review video first against required_dynamic_signature; then use source page only if it contains specific mechanism evidence.,,Photosynthetic light reactions release oxygen when illuminated.,transferable_principle_or_mechanism,Question must require the dynamic process; a single frame or source title should not be enough.,"Use hard negatives from same broad visual family, not copied choices from unrelated videos: respiration CO2; boiling; gas evolution chemistry",,,true,new_candidate_source
,,,,biology_living_systems,plant_growth_and_tropisms,DMR,,,BIO_TRO_001,BIO_TRO_001,Phototropism bends shoots through differential growth toward directional light.,Shoot curvature gradually changes toward a visible or known light source.,phototropism time lapse; directional light plant growth,Reject normal vertical growth without directional stimulus.,circumnutation; germination; stomata,,pending,pending,,pending_source_double_check,,,pending_principle_gate,Review video first against required_dynamic_signature; then use source page only if it contains specific mechanism evidence.,,Phototropism bends shoots through differential growth toward directional light.,transferable_principle_or_mechanism,Question must require the dynamic process; a single frame or source title should not be enough.,"Use hard negatives from same broad visual family, not copied choices from unrelated videos: circumnutation; germination; stomata",,,true,new_candidate_source
,,,,biology_living_systems,plant_growth_and_tropisms,DCR,DCR_BIO_GRAVI_001,gravitropism,BIO_TRO_002,BIO_TRO_002,Gravitropism redirects root or shoot growth relative to gravity after reorientation.,Roots or shoots curve after the plant is rotated.,root gravitropism time lapse; shoot gravitropism,Reject clips without a rotation/reorientation event.,phototropism; hydrotropism; simple elongation,,pending,pending,,pending_source_double_check,,,pending_dcr_gate,Review video first against the named dynamic concept signature; then use source page only if it specifically supports the concept/mechanism.,,gravitropism,named_dynamic_concept,Question must require the dynamic process; a single frame or source title should not be enough.,"Use hard negatives from same broad visual family, not copied choices from unrelated videos: phototropism; hydrotropism; simple elongation",,,true,new_candidate_source
,,,,biology_living_systems,plant_nastic_movements,DMR,,,BIO_NAS_001,BIO_NAS_001,Thigmonasty converts touch stimulation into rapid leaf or trap movement.,Touch is followed by rapid closure or bending independent of stimulus direction.,Mimosa folding; Venus flytrap closure; Drosera tentacle movement,Reject closed-only/open-only frames or clips where touch is not visible.,thigmotropism; phototropism; wilting,,pending,pending,,pending_source_double_check,,,pending_principle_gate,Review video first against required_dynamic_signature; then use source page only if it contains specific mechanism evidence.,,Thigmonasty converts touch stimulation into rapid leaf or trap movement.,transferable_principle_or_mechanism,Question must require the dynamic process; a single frame or source title should not be enough.,"Use hard negatives from same broad visual family, not copied choices from unrelated videos: thigmotropism; phototropism; wilting",,,true,new_candidate_source
,,,,biology_living_systems,plant_nastic_movements,DMR,,,BIO_NAS_002,BIO_NAS_002,Nyctinasty changes leaf posture across light-dark cycles via turgor or growth rhythms.,Leaves open/close or change angle over day-night transitions.,Oxalis leaf sleep; bean leaf nyctinasty; circadian plant movement,Reject generic wind movement or one-state leaf images.,phototropism; wilting; touch response,,pending,pending,,pending_source_double_check,,,pending_principle_gate,Review video first against required_dynamic_signature; then use source page only if it contains specific mechanism evidence.,,Nyctinasty changes leaf posture across light-dark cycles via turgor or growth rhythms.,transferable_principle_or_mechanism,Question must require the dynamic process; a single frame or source title should not be enough.,"Use hard negatives from same broad visual family, not copied choices from unrelated videos: phototropism; wilting; touch response",,,true,new_candidate_source
,,,,biology_living_systems,plant_water_relations_and_turgor,DMR,,,BIO_TRA_001,BIO_TRA_001,"Osmosis changes plant-cell volume, causing plasmolysis and deplasmolysis.",Protoplast shrinks away from cell wall in hypertonic solution and recovers in water.,onion plasmolysis microscopy; Elodea plasmolysis,Reject single final plasmolyzed images or label-only school videos.,cytoplasmic streaming; stomata; diffusion in water,,pending,pending,,pending_source_double_check,,,pending_principle_gate,Review video first against required_dynamic_signature; then use source page only if it contains specific mechanism evidence.,,"Osmosis changes plant-cell volume, causing plasmolysis and deplasmolysis.",transferable_principle_or_mechanism,Question must require the dynamic process; a single frame or source title should not be enough.,"Use hard negatives from same broad visual family, not copied choices from unrelated videos: cytoplasmic streaming; stomata; diffusion in water",,,true,new_candidate_source
,,,,biology_living_systems,plant_water_relations_and_turgor,DMR,,,BIO_TRA_002,BIO_TRA_002,Guard-cell turgor changes open and close stomatal pores.,Stomatal aperture increases or decreases as guard cells change shape.,stomata opening time lapse; guard cell turgor videos,Reject static stomata views or graphs without visible pore change.,phototropism; plasmolysis; leaf folding,,pending,pending,,pending_source_double_check,,,pending_principle_gate,Review video first against required_dynamic_signature; then use source page only if it contains specific mechanism evidence.,,Guard-cell turgor changes open and close stomatal pores.,transferable_principle_or_mechanism,Question must require the dynamic process; a single frame or source title should not be enough.,"Use hard negatives from same broad visual family, not copied choices from unrelated videos: phototropism; plasmolysis; leaf folding",,,true,new_candidate_source
,,,,biology_living_systems,plant_water_relations_and_turgor,DCR,DCR_BIO_PLASM_001,plasmolysis and deplasmolysis,BIO_TRA_001,BIO_TRA_001,"Osmosis changes plant-cell volume, causing plasmolysis and deplasmolysis.",The protoplast shrinks away from the cell wall and may recover in water.,onion plasmolysis microscopy; Elodea plasmolysis,Reject single final plasmolyzed images or label-only clips.,cytoplasmic streaming; cell division; diffusion dye,,pending,pending,,pending_source_double_check,,,pending_dcr_gate,Review video first against the named dynamic concept signature; then use source page only if it specifically supports the concept/mechanism.,,plasmolysis and deplasmolysis,named_dynamic_concept,Question must require the dynamic process; a single frame or source title should not be enough.,"Use hard negatives from same broad visual family, not copied choices from unrelated videos: cytoplasmic streaming; cell division; diffusion dye",,,true,new_candidate_source
,,,,chemistry_materials_change,diffusion_mixing_and_transport,DMR,,,CHM_DIF_001,CHM_DIF_001,Concentration gradients drive molecular diffusion and spreading.,Dye or solute front broadens from high concentration to low concentration.,dye diffusion; gel diffusion; microfluidic diffusion,Reject turbulent stirring when diffusion cannot be separated.,vortex mixing; precipitation; convection,,pending,pending,,pending_source_double_check,,,pending_principle_gate,Review video first against required_dynamic_signature; then use source page only if it contains specific mechanism evidence.,,Concentration gradients drive molecular diffusion and spreading.,transferable_principle_or_mechanism,Question must require the dynamic process; a single frame or source title should not be enough.,"Use hard negatives from same broad visual family, not copied choices from unrelated videos: vortex mixing; precipitation; convection",,,true,new_candidate_source
,,,,chemistry_materials_change,diffusion_mixing_and_transport,DMR,,,CHM_DIF_002,CHM_DIF_002,"Laminar shear stretches and folds fluids, increasing interface without turbulence.",Colored bands elongate into thin layers and may reverse under reversed shear.,Taylor-Couette; reversible laminar mixing; viscous mixing demos,Reject fully turbulent mixing or simple shaking.,diffusion only; vortex turbulence; precipitation,,pending,pending,,pending_source_double_check,,,pending_principle_gate,Review video first against required_dynamic_signature; then use source page only if it contains specific mechanism evidence.,,"Laminar shear stretches and folds fluids, increasing interface without turbulence.",transferable_principle_or_mechanism,Question must require the dynamic process; a single frame or source title should not be enough.,"Use hard negatives from same broad visual family, not copied choices from unrelated videos: diffusion only; vortex turbulence; precipitation",,,true,new_candidate_source
,,,,chemistry_materials_change,diffusion_mixing_and_transport,DCR,DCR_CHEM_DIFF_001,Taylor-Couette laminar mixing,CHM_DIF_002,CHM_DIF_002,"Laminar shear stretches and folds fluids, increasing interface without turbulence.",Colored bands elongate into layers and may reverse when shear is reversed.,Taylor-Couette; reversible laminar mixing; viscous mixing demos,Reject simple shaking or turbulent mixing clips.,turbulent mixing; diffusion only; precipitation,,pending,pending,,pending_source_double_check,,,pending_dcr_gate,Review video first against the named dynamic concept signature; then use source page only if it specifically supports the concept/mechanism.,,Taylor-Couette laminar mixing,named_dynamic_concept,Question must require the dynamic process; a single frame or source title should not be enough.,"Use hard negatives from same broad visual family, not copied choices from unrelated videos: turbulent mixing; diffusion only; precipitation",,,true,new_candidate_source
,,,,chemistry_materials_change,gas_evolution_and_combustion,DMR,,,CHM_GAS_001,CHM_GAS_001,Gas-evolution reactions generate bubbles as products leave solution.,"Bubbles nucleate and rise, foam grows, or liquid volume changes after reactants meet.",acid carbonate; metal acid hydrogen; decomposition gas,Reject ordinary boiling or pre-existing bubbles.,boiling; precipitation; diffusion,,pending,pending,,pending_source_double_check,,,pending_principle_gate,Review video first against required_dynamic_signature; then use source page only if it contains specific mechanism evidence.,,Gas-evolution reactions generate bubbles as products leave solution.,transferable_principle_or_mechanism,Question must require the dynamic process; a single frame or source title should not be enough.,"Use hard negatives from same broad visual family, not copied choices from unrelated videos: boiling; precipitation; diffusion",,,true,new_candidate_source
,,,,chemistry_materials_change,gas_evolution_and_combustion,DMR,,,CHM_GAS_002,CHM_GAS_002,"Combustion requires fuel, oxidizer, and heat; removing one extinguishes flame.","Flame appears, propagates, or extinguishes after oxygen/fuel/temperature changes.",flame extinction; combustion demos; hydrogen ignition,Reject clips that only show a flame without causal change.,redox color; evaporation; glow without flame,,pending,pending,,pending_source_double_check,,,pending_principle_gate,Review video first against required_dynamic_signature; then use source page only if it contains specific mechanism evidence.,,"Combustion requires fuel, oxidizer, and heat; removing one extinguishes flame.",transferable_principle_or_mechanism,Question must require the dynamic process; a single frame or source title should not be enough.,"Use hard negatives from same broad visual family, not copied choices from unrelated videos: redox color; evaporation; glow without flame",,,true,new_candidate_source
,,,,chemistry_materials_change,material_deformation_and_response,DMR,,,CHM_MAT_002,CHM_MAT_002,"Heating can soften or melt material, reducing strength and enabling deformation.","Material deforms, sags, flows, or breaks as temperature increases.",polymer softening; metal melting; glass softening,Reject post-heating final shape without thermal sequence.,mechanical cutting; crystallization; combustion,,pending,pending,,pending_source_double_check,,,pending_principle_gate,Review video first against required_dynamic_signature; then use source page only if it contains specific mechanism evidence.,,"Heating can soften or melt material, reducing strength and enabling deformation.",transferable_principle_or_mechanism,Question must require the dynamic process; a single frame or source title should not be enough.,"Use hard negatives from same broad visual family, not copied choices from unrelated videos: mechanical cutting; crystallization; combustion",,,true,new_candidate_source
,,,,chemistry_materials_change,material_deformation_and_response,DMR,,,CHM_MAT_002,CHM_MAT_002,"Heating can soften or melt material, reducing strength and enabling deformation.","Material deforms, sags, flows, or breaks as temperature increases.",polymer softening; metal melting; glass softening,Reject post-heating final shape without thermal sequence.,mechanical cutting; crystallization; combustion,,pending,pending,,pending_source_double_check,,,pending_principle_gate,Review video first against required_dynamic_signature; then use source page only if it contains specific mechanism evidence.,,"Heating can soften or melt material, reducing strength and enabling deformation.",transferable_principle_or_mechanism,Question must require the dynamic process; a single frame or source title should not be enough.,"Use hard negatives from same broad visual family, not copied choices from unrelated videos: mechanical cutting; crystallization; combustion",,,true,new_candidate_source
,,,,chemistry_materials_change,material_deformation_and_response,DCR,DCR_CHEM_THICK_001,shear thickening,CHM_MAT_001,CHM_MAT_001,Shear-thickening suspensions resist rapid stress while flowing under slow stress.,The same material flows slowly but resists or fractures under rapid impact.,cornstarch oobleck impact; shear thickening demos,Reject clips showing only slow pouring or only a static impact aftermath.,high viscosity liquid; gel; plastic clay,,pending,pending,,pending_source_double_check,,,pending_dcr_gate,Review video first against the named dynamic concept signature; then use source page only if it specifically supports the concept/mechanism.,,shear thickening,named_dynamic_concept,Question must require the dynamic process; a single frame or source title should not be enough.,"Use hard negatives from same broad visual family, not copied choices from unrelated videos: high viscosity liquid; gel; plastic clay",,,true,new_candidate_source
,,,,chemistry_materials_change,phase_change_and_crystallization,DMR,,,CHM_PHA_001,CHM_PHA_001,Supersaturation enables nucleation followed by crystal growth.,Crystal nuclei appear and faces/fronts expand through solution.,supersaturated solution crystallization; sodium acetate hand warmer; crystal garden videos,Reject static crystals or source-only crystallization titles.,precipitation cloud; dye diffusion; melting only,,pending,pending,,pending_source_double_check,,,pending_principle_gate,Review video first against required_dynamic_signature; then use source page only if it contains specific mechanism evidence.,,Supersaturation enables nucleation followed by crystal growth.,transferable_principle_or_mechanism,Question must require the dynamic process; a single frame or source title should not be enough.,"Use hard negatives from same broad visual family, not copied choices from unrelated videos: precipitation cloud; dye diffusion; melting only",,,true,new_candidate_source
,,,,chemistry_materials_change,phase_change_and_crystallization,DMR,,,CHM_PHA_002,CHM_PHA_002,Solidification fronts propagate as liquid changes phase into ordered solid.,A visible solid-liquid boundary advances or dendrites grow.,freezing water; metal solidification; ice crystal growth,Reject final frozen samples without front propagation.,precipitation; evaporation; gas evolution,,pending,pending,,pending_source_double_check,,,pending_principle_gate,Review video first against required_dynamic_signature; then use source page only if it contains specific mechanism evidence.,,Solidification fronts propagate as liquid changes phase into ordered solid.,transferable_principle_or_mechanism,Question must require the dynamic process; a single frame or source title should not be enough.,"Use hard negatives from same broad visual family, not copied choices from unrelated videos: precipitation; evaporation; gas evolution",,,true,new_candidate_source
,,,,chemistry_materials_change,phase_change_and_crystallization,DCR,DCR_CHEM_DEND_001,dendritic crystal growth,CHM_PHA_002,CHM_PHA_002,Solidification fronts propagate as liquid changes phase into ordered solid.,Branching crystals extend from nucleation sites over time.,freezing water; metal solidification; ice crystal growth,Reject final crystals without visible growth sequence.,precipitate cloud; final crystal; random sediment,,pending,pending,,pending_source_double_check,,,pending_dcr_gate,Review video first against the named dynamic concept signature; then use source page only if it specifically supports the concept/mechanism.,,dendritic crystal growth,named_dynamic_concept,Question must require the dynamic process; a single frame or source title should not be enough.,"Use hard negatives from same broad visual family, not copied choices from unrelated videos: precipitate cloud; final crystal; random sediment",,,true,new_candidate_source
,,,,chemistry_materials_change,precipitation_and_solubility,DMR,,,CHM_PRE_001,CHM_PRE_001,Ion mixing can exceed solubility product and produce an insoluble solid.,Solutions become cloudy or solid particles appear after mixing.,precipitation reaction demos; silver chloride; barium sulfate; lead iodide,Reject if the solid is already present before mixing or the identity is only in source text.,gas bubbles; dye diffusion; crystallization front,,pending,pending,,pending_source_double_check,,,pending_principle_gate,Review video first against required_dynamic_signature; then use source page only if it contains specific mechanism evidence.,,Ion mixing can exceed solubility product and produce an insoluble solid.,transferable_principle_or_mechanism,Question must require the dynamic process; a single frame or source title should not be enough.,"Use hard negatives from same broad visual family, not copied choices from unrelated videos: gas bubbles; dye diffusion; crystallization front",,,true,new_candidate_source
,,,,chemistry_materials_change,precipitation_and_solubility,DMR,,,CHM_PRE_002,CHM_PRE_002,Local supersaturation at a reaction interface creates precipitate bands or membranes.,"Solid appears where two liquids meet, often as rings, tubes, or membranes.",chemical garden; Liesegang rings; diffusion precipitation,Reject bulk turbidity without visible interface or local formation.,homogeneous crystallization; pH color; gas evolution,,pending,pending,,pending_source_double_check,,,pending_principle_gate,Review video first against required_dynamic_signature; then use source page only if it contains specific mechanism evidence.,,Local supersaturation at a reaction interface creates precipitate bands or membranes.,transferable_principle_or_mechanism,Question must require the dynamic process; a single frame or source title should not be enough.,"Use hard negatives from same broad visual family, not copied choices from unrelated videos: homogeneous crystallization; pH color; gas evolution",,,true,new_candidate_source
,,,,chemistry_materials_change,precipitation_and_solubility,DCR,DCR_CHEM_GARDEN_001,chemical garden,CHM_PRE_002,CHM_PRE_002,Local supersaturation at a reaction interface creates precipitate bands or membranes.,Colored tubular or branching structures grow upward/outward in solution.,chemical garden; Liesegang rings; diffusion precipitation,Reject static finished gardens without growth sequence.,ordinary crystallization; dye diffusion; bubbles,,pending,pending,,pending_source_double_check,,,pending_dcr_gate,Review video first against the named dynamic concept signature; then use source page only if it specifically supports the concept/mechanism.,,chemical garden,named_dynamic_concept,Question must require the dynamic process; a single frame or source title should not be enough.,"Use hard negatives from same broad visual family, not copied choices from unrelated videos: ordinary crystallization; dye diffusion; bubbles",,,true,new_candidate_source
,,,,chemistry_materials_change,redox_and_endpoint_reactions,DMR,,,CHM_RED_002,CHM_RED_002,Reducing sugars reduce copper(II) to copper(I) oxide during Benedict heating.,Blue reagent changes toward orange-red and precipitate forms during heating.,Benedict test videos; reducing sugar demos,Reject if only final tube colors are shown or source text supplies all chemistry.,iodine clock; pH indicator; simple dye mixing,,pending,pending,,pending_source_double_check,,,pending_principle_gate,Review video first against required_dynamic_signature; then use source page only if it contains specific mechanism evidence.,,Reducing sugars reduce copper(II) to copper(I) oxide during Benedict heating.,transferable_principle_or_mechanism,Question must require the dynamic process; a single frame or source title should not be enough.,"Use hard negatives from same broad visual family, not copied choices from unrelated videos: iodine clock; pH indicator; simple dye mixing",,,true,new_candidate_source
,,,,chemistry_materials_change,redox_and_endpoint_reactions,DMR,,,CHM_RED_002,CHM_RED_002,Reducing sugars reduce copper(II) to copper(I) oxide during Benedict heating.,Blue reagent changes toward orange-red and precipitate forms during heating.,Benedict test videos; reducing sugar demos,Reject if only final tube colors are shown or source text supplies all chemistry.,iodine clock; pH indicator; simple dye mixing,,pending,pending,,pending_source_double_check,,,pending_principle_gate,Review video first against required_dynamic_signature; then use source page only if it contains specific mechanism evidence.,,Reducing sugars reduce copper(II) to copper(I) oxide during Benedict heating.,transferable_principle_or_mechanism,Question must require the dynamic process; a single frame or source title should not be enough.,"Use hard negatives from same broad visual family, not copied choices from unrelated videos: iodine clock; pH indicator; simple dye mixing",,,true,new_candidate_source
,,,,chemistry_materials_change,redox_and_endpoint_reactions,DCR,DCR_CHEM_BENEDICT_001,Benedict test positive reaction,CHM_RED_002,CHM_RED_002,Reducing sugars reduce copper(II) to copper(I) oxide during Benedict heating.,Blue solution changes toward orange-red with precipitate formation while heated.,Benedict test videos; reducing sugar demos,Reject final tube comparisons without the heating transition.,iodine test; pH indicator; simple boiling,,pending,pending,,pending_source_double_check,,,pending_dcr_gate,Review video first against the named dynamic concept signature; then use source page only if it specifically supports the concept/mechanism.,,Benedict test positive reaction,named_dynamic_concept,Question must require the dynamic process; a single frame or source title should not be enough.,"Use hard negatives from same broad visual family, not copied choices from unrelated videos: iodine test; pH indicator; simple boiling",,,true,new_candidate_source
,,,,earth_environmental_systems,cryosphere_and_seasonal_change,DMR,,,EAR_CRY_001,EAR_CRY_001,Glacier flow results from ice deformation and basal sliding.,"Ice features, crevasses, or markers move over time.",glacier flow time lapse; ice motion markers,Reject glacier scenery without measurable motion.,river flow; avalanche; calving only,,pending,pending,,pending_source_double_check,,,pending_principle_gate,Review video first against required_dynamic_signature; then use source page only if it contains specific mechanism evidence.,,Glacier flow results from ice deformation and basal sliding.,transferable_principle_or_mechanism,Question must require the dynamic process; a single frame or source title should not be enough.,"Use hard negatives from same broad visual family, not copied choices from unrelated videos: river flow; avalanche; calving only",,,true,new_candidate_source
,,,,earth_environmental_systems,cryosphere_and_seasonal_change,DMR,,,EAR_CRY_002,EAR_CRY_002,Glacier calving occurs when fractures propagate and unsupported ice detaches.,Cracks widen and a block breaks from the glacier front into water.,glacier calving slow motion; ice front fracture,Reject clips that only show floating ice after detachment.,landslide; freeze-thaw; wave breaking,,pending,pending,,pending_source_double_check,,,pending_principle_gate,Review video first against required_dynamic_signature; then use source page only if it contains specific mechanism evidence.,,Glacier calving occurs when fractures propagate and unsupported ice detaches.,transferable_principle_or_mechanism,Question must require the dynamic process; a single frame or source title should not be enough.,"Use hard negatives from same broad visual family, not copied choices from unrelated videos: landslide; freeze-thaw; wave breaking",,,true,new_candidate_source
,,,,earth_environmental_systems,cryosphere_and_seasonal_change,DCR,DCR_EAR_GLCALV_001,glacier calving,EAR_CRY_002,EAR_CRY_002,Glacier calving occurs when fractures propagate and unsupported ice detaches.,"An ice front cracks, detaches, falls, and generates waves or roll-over.",glacier calving slow motion; ice front fracture,Reject clips showing only floating ice after detachment.,avalanche; ordinary wave; glacier flow,,pending,pending,,pending_source_double_check,,,pending_dcr_gate,Review video first against the named dynamic concept signature; then use source page only if it specifically supports the concept/mechanism.,,glacier calving,named_dynamic_concept,Question must require the dynamic process; a single frame or source title should not be enough.,"Use hard negatives from same broad visual family, not copied choices from unrelated videos: avalanche; ordinary wave; glacier flow",,,true,new_candidate_source
,,,,earth_environmental_systems,ecosystem_interactions,DMR,,,EAR_ECO_001,EAR_ECO_001,"Predation is a dynamic interaction of pursuit, attack, and prey response.","Predator approaches, accelerates or strikes, prey escapes or is captured.",predator prey high speed; hunting behavior; strike capture,Reject simple co-presence of organisms without interaction sequence.,pollination; taxis; passive movement,,pending,pending,,pending_source_double_check,,,pending_principle_gate,Review video first against required_dynamic_signature; then use source page only if it contains specific mechanism evidence.,,"Predation is a dynamic interaction of pursuit, attack, and prey response.",transferable_principle_or_mechanism,Question must require the dynamic process; a single frame or source title should not be enough.,"Use hard negatives from same broad visual family, not copied choices from unrelated videos: pollination; taxis; passive movement",,,true,new_candidate_source
,,,,earth_environmental_systems,ecosystem_interactions,DMR,,,EAR_ECO_002,EAR_ECO_002,Animal-mediated pollination transfers pollen through contact with reproductive structures.,Visitor contacts anthers/stigma and then moves away or to another flower.,pollination slow motion; bee flower contact; hummingbird pollination,Reject flower visitor videos without contact to reproductive parts.,feeding only; phototaxis; wind,,pending,pending,,pending_source_double_check,,,pending_principle_gate,Review video first against required_dynamic_signature; then use source page only if it contains specific mechanism evidence.,,Animal-mediated pollination transfers pollen through contact with reproductive structures.,transferable_principle_or_mechanism,Question must require the dynamic process; a single frame or source title should not be enough.,"Use hard negatives from same broad visual family, not copied choices from unrelated videos: feeding only; phototaxis; wind",,,true,new_candidate_source
,,,,earth_environmental_systems,erosion_transport_and_deposition,DMR,,,EAR_ERO_001,EAR_ERO_001,Sediment motion begins when fluid shear stress exceeds a transport threshold.,"Grains transition from rest to rolling, saltation, or suspension as flow increases.",sediment transport flume; threshold of motion; bedload,Reject sediment already moving without flow change or threshold evidence.,debris flow; diffusion; landslide,,pending,pending,,pending_source_double_check,,,pending_principle_gate,Review video first against required_dynamic_signature; then use source page only if it contains specific mechanism evidence.,,Sediment motion begins when fluid shear stress exceeds a transport threshold.,transferable_principle_or_mechanism,Question must require the dynamic process; a single frame or source title should not be enough.,"Use hard negatives from same broad visual family, not copied choices from unrelated videos: debris flow; diffusion; landslide",,,true,new_candidate_source
,,,,earth_environmental_systems,erosion_transport_and_deposition,DMR,,,EAR_ERO_002,EAR_ERO_002,Deposition and sorting occur because particle settling speed depends on size and density.,Particles separate spatially or layers form as flow slows.,sediment sorting flume; settling column; delta deposition,Reject final sorted samples without movement/deposition sequence.,filtration; granular vibration; chemical precipitation,,pending,pending,,pending_source_double_check,,,pending_principle_gate,Review video first against required_dynamic_signature; then use source page only if it contains specific mechanism evidence.,,Deposition and sorting occur because particle settling speed depends on size and density.,transferable_principle_or_mechanism,Question must require the dynamic process; a single frame or source title should not be enough.,"Use hard negatives from same broad visual family, not copied choices from unrelated videos: filtration; granular vibration; chemical precipitation",,,true,new_candidate_source
,,,,earth_environmental_systems,erosion_transport_and_deposition,DCR,DCR_EAR_SALT_001,sediment saltation,EAR_ERO_001,EAR_ERO_001,Sediment motion begins when fluid shear stress exceeds a transport threshold.,Particles transition from rest to bouncing/hopping transport above a bed.,sediment transport flume; threshold of motion; bedload,Reject videos where grains are already moving without visible saltation.,suspension cloud; landslide; simple settling,,pending,pending,,pending_source_double_check,,,pending_dcr_gate,Review video first against the named dynamic concept signature; then use source page only if it specifically supports the concept/mechanism.,,sediment saltation,named_dynamic_concept,Question must require the dynamic process; a single frame or source title should not be enough.,"Use hard negatives from same broad visual family, not copied choices from unrelated videos: suspension cloud; landslide; simple settling",,,true,new_candidate_source
,,,,earth_environmental_systems,geology_and_geophysical_change,DMR,,,EAR_GEO_001,EAR_GEO_001,Slope failure occurs when driving stress exceeds material shear strength.,"Cracks, deformation, and mass movement develop downslope.",landslide model; slope failure flume; soil collapse,Reject post-landslide aftermath without failure sequence.,debris flow transport; erosion; glacier calving,,pending,pending,,pending_source_double_check,,,pending_principle_gate,Review video first against required_dynamic_signature; then use source page only if it contains specific mechanism evidence.,,Slope failure occurs when driving stress exceeds material shear strength.,transferable_principle_or_mechanism,Question must require the dynamic process; a single frame or source title should not be enough.,"Use hard negatives from same broad visual family, not copied choices from unrelated videos: debris flow transport; erosion; glacier calving",,,true,new_candidate_source
,,,,earth_environmental_systems,geology_and_geophysical_change,DMR,,,EAR_GEO_002,EAR_GEO_002,Pyroclastic density currents move as ground-hugging particle-laden gravity currents.,Dense current advances along the ground with a leading front and suspended particles.,pyroclastic flow analog; density current flume; volcanic ash current,Reject smoke plumes rising vertically without ground-hugging current.,lava flow; debris slide; steam convection,,pending,pending,,pending_source_double_check,,,pending_principle_gate,Review video first against required_dynamic_signature; then use source page only if it contains specific mechanism evidence.,,Pyroclastic density currents move as ground-hugging particle-laden gravity currents.,transferable_principle_or_mechanism,Question must require the dynamic process; a single frame or source title should not be enough.,"Use hard negatives from same broad visual family, not copied choices from unrelated videos: lava flow; debris slide; steam convection",,,true,new_candidate_source
,,,,earth_environmental_systems,geology_and_geophysical_change,DCR,DCR_EAR_PYRO_001,pyroclastic density current,EAR_GEO_002,EAR_GEO_002,Pyroclastic density currents move as ground-hugging particle-laden gravity currents.,A ground-hugging ash cloud accelerates downslope from a volcanic source.,pyroclastic flow analog; density current flume; volcanic ash current,Reject vertical ash plumes without ground-hugging flow.,ash plume rise; landslide dust; cloud shadow,,pending,pending,,pending_source_double_check,,,pending_dcr_gate,Review video first against the named dynamic concept signature; then use source page only if it specifically supports the concept/mechanism.,,pyroclastic density current,named_dynamic_concept,Question must require the dynamic process; a single frame or source title should not be enough.,"Use hard negatives from same broad visual family, not copied choices from unrelated videos: ash plume rise; landslide dust; cloud shadow",,,true,new_candidate_source
,,,,earth_environmental_systems,hydrology_and_flow_processes,DMR,,,EAR_HYD_001,EAR_HYD_001,Gravity and hydraulic slope drive surface runoff and channelized flow.,"Water gathers, accelerates downslope, and forms rills or channels.",runoff flume; rainfall simulator; slope flow,Reject standing water or generic rain without flow paths.,capillary absorption; seepage only; wave motion,,pending,pending,,pending_source_double_check,,,pending_principle_gate,Review video first against required_dynamic_signature; then use source page only if it contains specific mechanism evidence.,,Gravity and hydraulic slope drive surface runoff and channelized flow.,transferable_principle_or_mechanism,Question must require the dynamic process; a single frame or source title should not be enough.,"Use hard negatives from same broad visual family, not copied choices from unrelated videos: capillary absorption; seepage only; wave motion",,,true,new_candidate_source
,,,,earth_environmental_systems,hydrology_and_flow_processes,DMR,,,EAR_HYD_002,EAR_HYD_002,Infiltration advances a wetting front through porous soil.,Water level drops and a visible wetting boundary moves downward or laterally.,soil infiltration; wetting front; porous media water flow,Reject top-surface wetting without internal front movement.,surface runoff; capillary tube; sediment transport,,pending,pending,,pending_source_double_check,,,pending_principle_gate,Review video first against required_dynamic_signature; then use source page only if it contains specific mechanism evidence.,,Infiltration advances a wetting front through porous soil.,transferable_principle_or_mechanism,Question must require the dynamic process; a single frame or source title should not be enough.,"Use hard negatives from same broad visual family, not copied choices from unrelated videos: surface runoff; capillary tube; sediment transport",,,true,new_candidate_source
,,,,earth_environmental_systems,hydrology_and_flow_processes,DCR,DCR_EAR_MEANDER_001,meander migration,EAR_HYD_001,EAR_HYD_001,Gravity and hydraulic slope drive surface runoff and channelized flow.,A channel bend shifts laterally or cutbank/point-bar changes over time.,runoff flume; rainfall simulator; slope flow,Reject static aerial images without change over time.,straight runoff; delta growth; debris flow,,pending,pending,,pending_source_double_check,,,pending_dcr_gate,Review video first against the named dynamic concept signature; then use source page only if it specifically supports the concept/mechanism.,,meander migration,named_dynamic_concept,Question must require the dynamic process; a single frame or source title should not be enough.,"Use hard negatives from same broad visual family, not copied choices from unrelated videos: straight runoff; delta growth; debris flow",,,true,new_candidate_source
,,,,earth_environmental_systems,weather_and_atmospheric_dynamics,DMR,,,EAR_WEA_001,EAR_WEA_001,"Moist convection lifts air, cools it, and forms growing cloud towers.","Clouds initiate, rise, billow, and deepen vertically.",cloud convection time lapse; cumulus growth; thunderstorm tower,Reject scenic clouds drifting with no growth or vertical development.,fog advection; smoke plume; rain band,,pending,pending,,pending_source_double_check,,,pending_principle_gate,Review video first against required_dynamic_signature; then use source page only if it contains specific mechanism evidence.,,"Moist convection lifts air, cools it, and forms growing cloud towers.",transferable_principle_or_mechanism,Question must require the dynamic process; a single frame or source title should not be enough.,"Use hard negatives from same broad visual family, not copied choices from unrelated videos: fog advection; smoke plume; rain band",,,true,new_candidate_source
,,,,earth_environmental_systems,weather_and_atmospheric_dynamics,DMR,,,EAR_WEA_002,EAR_WEA_002,Rotating atmospheric flow organizes clouds and precipitation into vortices.,Cloud bands rotate around a center or funnel-like structure develops.,cyclone satellite timelapse; tornado cloud rotation; mesocyclone,Reject static satellite images or non-rotating cloud drift.,linear front motion; river flow; smoke,,pending,pending,,pending_source_double_check,,,pending_principle_gate,Review video first against required_dynamic_signature; then use source page only if it contains specific mechanism evidence.,,Rotating atmospheric flow organizes clouds and precipitation into vortices.,transferable_principle_or_mechanism,Question must require the dynamic process; a single frame or source title should not be enough.,"Use hard negatives from same broad visual family, not copied choices from unrelated videos: linear front motion; river flow; smoke",,,true,new_candidate_source
,,,,earth_environmental_systems,weather_and_atmospheric_dynamics,DCR,DCR_EAR_DOWN_001,downburst,EAR_WEA_001,EAR_WEA_001,"Moist convection lifts air, cools it, and forms growing cloud towers.",Cloud or precipitation core descends and surface outflow spreads radially.,cloud convection time lapse; cumulus growth; thunderstorm tower,Reject clips without descending/outward flow evidence.,tornado; supercell rotation; ordinary rain shaft,,pending,pending,,pending_source_double_check,,,pending_dcr_gate,Review video first against the named dynamic concept signature; then use source page only if it specifically supports the concept/mechanism.,,downburst,named_dynamic_concept,Question must require the dynamic process; a single frame or source title should not be enough.,"Use hard negatives from same broad visual family, not copied choices from unrelated videos: tornado; supercell rotation; ordinary rain shaft",,,true,new_candidate_source
,,,,engineering_operational_systems,filtration_and_separation,DMR,,,ENG_SEP_001,ENG_SEP_001,Pressure-driven filtration separates solids by forcing fluid through porous media.,Filtrate passes through while a solid cake accumulates upstream.,vacuum filtration; filter cake formation; membrane filtration,Reject final filtered beakers without cake formation or fluid passage.,sedimentation; sieving; diffusion,,pending,pending,,pending_source_double_check,,,pending_principle_gate,Review video first against required_dynamic_signature; then use source page only if it contains specific mechanism evidence.,,Pressure-driven filtration separates solids by forcing fluid through porous media.,transferable_principle_or_mechanism,Question must require the dynamic process; a single frame or source title should not be enough.,"Use hard negatives from same broad visual family, not copied choices from unrelated videos: sedimentation; sieving; diffusion",,,true,new_candidate_source
,,,,engineering_operational_systems,filtration_and_separation,DMR,,,ENG_SEP_002,ENG_SEP_002,Density-driven settling separates particles by gravitational settling velocity.,Suspension clears from top while particles accumulate at bottom.,sedimentation separation; settling column; clarification,Reject shaking or centrifuge if gravity settling is not the mechanism.,precipitation; filtration; centrifugation,,pending,pending,,pending_source_double_check,,,pending_principle_gate,Review video first against required_dynamic_signature; then use source page only if it contains specific mechanism evidence.,,Density-driven settling separates particles by gravitational settling velocity.,transferable_principle_or_mechanism,Question must require the dynamic process; a single frame or source title should not be enough.,"Use hard negatives from same broad visual family, not copied choices from unrelated videos: precipitation; filtration; centrifugation",,,true,new_candidate_source
,,,,engineering_operational_systems,filtration_and_separation,DCR,DCR_ENG_FIL_001,filter cake formation,ENG_SEP_001,ENG_SEP_001,Pressure-driven filtration separates solids by forcing fluid through porous media.,A visible layer grows on the filter while filtrate flow changes.,vacuum filtration; filter cake formation; membrane filtration,Reject clips showing only clean or final dirty filters.,sedimentation; simple pouring; centrifugation,,pending,pending,,pending_source_double_check,,,pending_dcr_gate,Review video first against the named dynamic concept signature; then use source page only if it specifically supports the concept/mechanism.,,filter cake formation,named_dynamic_concept,Question must require the dynamic process; a single frame or source title should not be enough.,"Use hard negatives from same broad visual family, not copied choices from unrelated videos: sedimentation; simple pouring; centrifugation",,,true,new_candidate_source
,,,,engineering_operational_systems,machines_control_and_failure_modes,DMR,,,ENG_MCH_001,ENG_MCH_001,Linkage constraints convert input rotation into a designed output path.,"Input crank rotates while output point follows a bounded, straight, oscillating, or pick-and-place trajectory.",four-bar linkage; crank-rocker; straight-line linkage,Reject pure physics pendulums or animations without input-output transformation.,gear train; cam follower; free rotation,,pending,pending,,pending_source_double_check,,,pending_principle_gate,Review video first against required_dynamic_signature; then use source page only if it contains specific mechanism evidence.,,Linkage constraints convert input rotation into a designed output path.,transferable_principle_or_mechanism,Question must require the dynamic process; a single frame or source title should not be enough.,"Use hard negatives from same broad visual family, not copied choices from unrelated videos: gear train; cam follower; free rotation",,,true,new_candidate_source
,,,,engineering_operational_systems,machines_control_and_failure_modes,DMR,,,ENG_MCH_002,ENG_MCH_002,Cam profiles convert continuous rotation into programmed follower displacement.,"Rotating cam makes a follower rise, dwell, and fall.",cam follower mechanism; valve train; cam dwell,Reject rotating disks without follower contact.,linkage; gear ratio; pendulum,,pending,pending,,pending_source_double_check,,,pending_principle_gate,Review video first against required_dynamic_signature; then use source page only if it contains specific mechanism evidence.,,Cam profiles convert continuous rotation into programmed follower displacement.,transferable_principle_or_mechanism,Question must require the dynamic process; a single frame or source title should not be enough.,"Use hard negatives from same broad visual family, not copied choices from unrelated videos: linkage; gear ratio; pendulum",,,true,new_candidate_source
,,,,engineering_operational_systems,machines_control_and_failure_modes,DCR,DCR_ENG_CHATTER_001,machining chatter,ENG_FAIL_001,ENG_FAIL_001,Mechanical resonance can amplify vibration until structural instability or failure occurs.,Tool or workpiece oscillates visibly with changing sound/surface pattern.,resonance failure; bridge vibration; rotating machinery instability,Reject clips with only final surface marks and no dynamic vibration.,steady cutting; built-up edge; resonance demo without cutting,,pending,pending,,pending_source_double_check,,,pending_dcr_gate,Review video first against the named dynamic concept signature; then use source page only if it specifically supports the concept/mechanism.,,machining chatter,named_dynamic_concept,Question must require the dynamic process; a single frame or source title should not be enough.,"Use hard negatives from same broad visual family, not copied choices from unrelated videos: steady cutting; built-up edge; resonance demo without cutting",,,true,new_candidate_source
,,,,engineering_operational_systems,mixing_dispersion_and_wetting,DMR,,,ENG_MIX_001,ENG_MIX_001,"Mechanical mixing disperses components by stretching, folding, and advecting interfaces.",Colored fluids or particles are stretched into filaments and distributed through the volume.,static mixer; impeller mixing; dye mixing visualization,Reject final homogeneous mixtures without mixing trajectory.,molecular diffusion only; precipitation; laminar reversible mixing,,pending,pending,,pending_source_double_check,,,pending_principle_gate,Review video first against required_dynamic_signature; then use source page only if it contains specific mechanism evidence.,,"Mechanical mixing disperses components by stretching, folding, and advecting interfaces.",transferable_principle_or_mechanism,Question must require the dynamic process; a single frame or source title should not be enough.,"Use hard negatives from same broad visual family, not copied choices from unrelated videos: molecular diffusion only; precipitation; laminar reversible mixing",,,true,new_candidate_source
,,,,engineering_operational_systems,mixing_dispersion_and_wetting,DMR,,,ENG_MIX_002,ENG_MIX_002,Coating/wetting processes rely on contact-angle reduction and droplet coalescence into a film.,"Droplets impact, spread, merge, and form a continuous layer.",spray coating; dip coating; wetting surface treatment,Reject isolated physics droplet demos unless process goal is coating or cleaning.,capillary rise; rain drops; diffusion,,pending,pending,,pending_source_double_check,,,pending_principle_gate,Review video first against required_dynamic_signature; then use source page only if it contains specific mechanism evidence.,,Coating/wetting processes rely on contact-angle reduction and droplet coalescence into a film.,transferable_principle_or_mechanism,Question must require the dynamic process; a single frame or source title should not be enough.,"Use hard negatives from same broad visual family, not copied choices from unrelated videos: capillary rise; rain drops; diffusion",,,true,new_candidate_source
,,,,engineering_operational_systems,pressure_flow_and_process_control,DMR,,,ENG_PRS_001,ENG_PRS_001,Valves regulate flow by changing flow area and pressure drop.,"Valve position changes are followed by flow-rate, jet, or level changes.",transparent valve flow; flow control valve; ball valve,Reject static valve cutaways without fluid response.,Venturi physics only; pump; siphon,,pending,pending,,pending_source_double_check,,,pending_principle_gate,Review video first against required_dynamic_signature; then use source page only if it contains specific mechanism evidence.,,Valves regulate flow by changing flow area and pressure drop.,transferable_principle_or_mechanism,Question must require the dynamic process; a single frame or source title should not be enough.,"Use hard negatives from same broad visual family, not copied choices from unrelated videos: Venturi physics only; pump; siphon",,,true,new_candidate_source
,,,,engineering_operational_systems,pressure_flow_and_process_control,DMR,,,ENG_PRS_002,ENG_PRS_002,Pumps use cyclic volume or pressure changes to impose one-way fluid transport.,"Piston, diaphragm, peristaltic rollers, or impeller motion drives visible one-way flow.",peristaltic pump; diaphragm pump; piston pump visualization,Reject source-only pump videos without visible fluid movement.,siphon; capillary action; open-channel flow,,pending,pending,,pending_source_double_check,,,pending_principle_gate,Review video first against required_dynamic_signature; then use source page only if it contains specific mechanism evidence.,,Pumps use cyclic volume or pressure changes to impose one-way fluid transport.,transferable_principle_or_mechanism,Question must require the dynamic process; a single frame or source title should not be enough.,"Use hard negatives from same broad visual family, not copied choices from unrelated videos: siphon; capillary action; open-channel flow",,,true,new_candidate_source
,,,,engineering_operational_systems,pressure_flow_and_process_control,DCR,DCR_ENG_CAV_001,cavitation,ENG_PRS_001,ENG_PRS_001,Valves regulate flow by changing flow area and pressure drop.,"Bubbles appear near a propeller, valve, or pump and collapse or cloud dynamically.",transparent valve flow; flow control valve; ball valve,Reject clips with injected air bubbles but no pressure-driven collapse.,gas evolution; boiling; aeration,,pending,pending,,pending_source_double_check,,,pending_dcr_gate,Review video first against the named dynamic concept signature; then use source page only if it specifically supports the concept/mechanism.,,cavitation,named_dynamic_concept,Question must require the dynamic process; a single frame or source title should not be enough.,"Use hard negatives from same broad visual family, not copied choices from unrelated videos: gas evolution; boiling; aeration",,,true,new_candidate_source
,,,,engineering_operational_systems,thermal_process_control,DMR,,,ENG_THM_001,ENG_THM_001,Hot forging uses elevated temperature to lower flow stress for controlled plastic deformation.,Heated workpiece deforms progressively under hammer/press blows.,hot forging; blacksmithing; press forging,Reject cold hammering or decorative final shapes without deformation sequence.,thermal expansion; cutting; welding,,pending,pending,,pending_source_double_check,,,pending_principle_gate,Review video first against required_dynamic_signature; then use source page only if it contains specific mechanism evidence.,,Hot forging uses elevated temperature to lower flow stress for controlled plastic deformation.,transferable_principle_or_mechanism,Question must require the dynamic process; a single frame or source title should not be enough.,"Use hard negatives from same broad visual family, not copied choices from unrelated videos: thermal expansion; cutting; welding",,,true,new_candidate_source
,,,,engineering_operational_systems,thermal_process_control,DMR,,,ENG_THM_002,ENG_THM_002,Quenching rapidly extracts heat to change material state and properties.,"Hot part is immersed, vapor/boiling forms, and cooling progresses rapidly.",steel quenching; heat treatment; vapor blanket quench,Reject simple dunking with no thermal response or material context.,Leidenfrost droplet; forging; welding,,pending,pending,,pending_source_double_check,,,pending_principle_gate,Review video first against required_dynamic_signature; then use source page only if it contains specific mechanism evidence.,,Quenching rapidly extracts heat to change material state and properties.,transferable_principle_or_mechanism,Question must require the dynamic process; a single frame or source title should not be enough.,"Use hard negatives from same broad visual family, not copied choices from unrelated videos: Leidenfrost droplet; forging; welding",,,true,new_candidate_source
,,,,engineering_operational_systems,tooling_force_and_precision,DMR,,,ENG_TOOL_001,ENG_TOOL_001,Cutting forms chips when tool shear stress exceeds material strength along a shear plane.,Tool advances and continuous or segmented chips form and evacuate.,metal cutting slow motion; orthogonal cutting; chip formation,Reject finished cuts without visible chip formation.,fracture impact; drilling; polishing,,pending,pending,,pending_source_double_check,,,pending_principle_gate,Review video first against required_dynamic_signature; then use source page only if it contains specific mechanism evidence.,,Cutting forms chips when tool shear stress exceeds material strength along a shear plane.,transferable_principle_or_mechanism,Question must require the dynamic process; a single frame or source title should not be enough.,"Use hard negatives from same broad visual family, not copied choices from unrelated videos: fracture impact; drilling; polishing",,,true,new_candidate_source
,,,,engineering_operational_systems,tooling_force_and_precision,DMR,,,ENG_TOOL_002,ENG_TOOL_002,Drilling combines rotary cutting and axial feed to remove material as chips.,"Drill rotates, advances, and chips evacuate from the hole.",drilling slow motion; chip evacuation; machining,Reject hole already made or no visible chips.,sawing; cutting only; melting,,pending,pending,,pending_source_double_check,,,pending_principle_gate,Review video first against required_dynamic_signature; then use source page only if it contains specific mechanism evidence.,,Drilling combines rotary cutting and axial feed to remove material as chips.,transferable_principle_or_mechanism,Question must require the dynamic process; a single frame or source title should not be enough.,"Use hard negatives from same broad visual family, not copied choices from unrelated videos: sawing; cutting only; melting",,,true,new_candidate_source
,,,,engineering_operational_systems,tooling_force_and_precision,DCR,DCR_ENG_BUE_001,built-up edge,ENG_TOOL_001,ENG_TOOL_001,Cutting forms chips when tool shear stress exceeds material strength along a shear plane.,Chip/tool contact shows adhesion growth and sudden detachment at the cutting edge.,metal cutting slow motion; orthogonal cutting; chip formation,Reject clips without visible tool-edge adhesion dynamics.,continuous chip; chatter; tool wear only,,pending,pending,,pending_source_double_check,,,pending_dcr_gate,Review video first against the named dynamic concept signature; then use source page only if it specifically supports the concept/mechanism.,,built-up edge,named_dynamic_concept,Question must require the dynamic process; a single frame or source title should not be enough.,"Use hard negatives from same broad visual family, not copied choices from unrelated videos: continuous chip; chatter; tool wear only",,,true,new_candidate_source
,,,,physics_physical_systems,collisions_and_momentum,DMR,,,PHY_COL_001,PHY_COL_001,Momentum transfer in contact collisions redistributes velocity and direction.,Pre- and post-impact velocities/directions of colliding bodies visibly change.,billiard balls; carts; Newton cradle with tracked motion,Reject impacts without clear before/after motion or pure text diagrams.,friction slowing; gravitational fall; fluid drag,,pending,pending,,pending_source_double_check,,,pending_principle_gate,Review video first against required_dynamic_signature; then use source page only if it contains specific mechanism evidence.,,Momentum transfer in contact collisions redistributes velocity and direction.,transferable_principle_or_mechanism,Question must require the dynamic process; a single frame or source title should not be enough.,"Use hard negatives from same broad visual family, not copied choices from unrelated videos: friction slowing; gravitational fall; fluid drag",,,true,new_candidate_source
,,,,physics_physical_systems,collisions_and_momentum,DMR,,,PHY_COL_002,PHY_COL_002,"Inelastic collisions dissipate kinetic energy through deformation, heat, sound, or sticking.","Objects deform, stick, fragment, or rebound with lower speed after impact.",clay cart collisions; crash slow motion; deformable impact videos,Reject elastic rebounds with no visible energy loss.,elastic collision; fracture only; free fall,,pending,pending,,pending_source_double_check,,,pending_principle_gate,Review video first against required_dynamic_signature; then use source page only if it contains specific mechanism evidence.,,"Inelastic collisions dissipate kinetic energy through deformation, heat, sound, or sticking.",transferable_principle_or_mechanism,Question must require the dynamic process; a single frame or source title should not be enough.,"Use hard negatives from same broad visual family, not copied choices from unrelated videos: elastic collision; fracture only; free fall",,,true,new_candidate_source
,,,,physics_physical_systems,electromagnetism_and_fields,DMR,,,PHY_EM_001,PHY_EM_001,Magnetic dipoles experience torque that aligns them with an external magnetic field.,"Needles, particles, or domains rotate or align when field direction changes.",magnetic alignment particles; compass field demos; ferrofluid field videos,Reject clips with magnets touching objects directly without field-driven alignment.,electric-field migration; gravity; fluid flow,,pending,pending,,pending_source_double_check,,,pending_principle_gate,Review video first against required_dynamic_signature; then use source page only if it contains specific mechanism evidence.,,Magnetic dipoles experience torque that aligns them with an external magnetic field.,transferable_principle_or_mechanism,Question must require the dynamic process; a single frame or source title should not be enough.,"Use hard negatives from same broad visual family, not copied choices from unrelated videos: electric-field migration; gravity; fluid flow",,,true,new_candidate_source
,,,,physics_physical_systems,electromagnetism_and_fields,DMR,,,PHY_EM_002,PHY_EM_002,"Electric fields exert forces on charged droplets or particles, driving migration or deformation.",Particles/droplets move along field lines or deform between electrodes.,electrophoresis videos; charged droplet electric field demos,Reject clips where electrodes are visible but no field-driven motion occurs.,magnetic alignment; diffusion; buoyancy,,pending,pending,,pending_source_double_check,,,pending_principle_gate,Review video first against required_dynamic_signature; then use source page only if it contains specific mechanism evidence.,,"Electric fields exert forces on charged droplets or particles, driving migration or deformation.",transferable_principle_or_mechanism,Question must require the dynamic process; a single frame or source title should not be enough.,"Use hard negatives from same broad visual family, not copied choices from unrelated videos: magnetic alignment; diffusion; buoyancy",,,true,new_candidate_source
,,,,physics_physical_systems,fluids_pressure_and_buoyancy,DMR,,,PHY_FLU_002,PHY_FLU_002,Buoyancy depends on displaced fluid weight relative to object weight.,"Object sinks, floats, or reaches neutral buoyancy as density/ballast changes.",density columns; ballast demonstrations; float-sink experiments,Reject generic boats moving without density or displacement change.,surface tension support; propulsion; pressure-driven flow,,pending,pending,,pending_source_double_check,,,pending_principle_gate,Review video first against required_dynamic_signature; then use source page only if it contains specific mechanism evidence.,,Buoyancy depends on displaced fluid weight relative to object weight.,transferable_principle_or_mechanism,Question must require the dynamic process; a single frame or source title should not be enough.,"Use hard negatives from same broad visual family, not copied choices from unrelated videos: surface tension support; propulsion; pressure-driven flow",,,true,new_candidate_source
,,,,physics_physical_systems,fluids_pressure_and_buoyancy,DMR,,,PHY_FLU_002,PHY_FLU_002,Buoyancy depends on displaced fluid weight relative to object weight.,"Object sinks, floats, or reaches neutral buoyancy as density/ballast changes.",density columns; ballast demonstrations; float-sink experiments,Reject generic boats moving without density or displacement change.,surface tension support; propulsion; pressure-driven flow,,pending,pending,,pending_source_double_check,,,pending_principle_gate,Review video first against required_dynamic_signature; then use source page only if it contains specific mechanism evidence.,,Buoyancy depends on displaced fluid weight relative to object weight.,transferable_principle_or_mechanism,Question must require the dynamic process; a single frame or source title should not be enough.,"Use hard negatives from same broad visual family, not copied choices from unrelated videos: surface tension support; propulsion; pressure-driven flow",,,true,new_candidate_source
,,,,physics_physical_systems,fluids_pressure_and_buoyancy,DCR,DCR_PHY_RT_001,Rayleigh-Taylor instability,PHY_FLU_002,PHY_FLU_002,Buoyancy depends on displaced fluid weight relative to object weight.,Finger-like plumes grow downward/upward from an unstable density interface.,density columns; ballast demonstrations; float-sink experiments,Reject clips with no visible interface evolution.,diffusion; convection cell; simple pouring,,pending,pending,,pending_source_double_check,,,pending_dcr_gate,Review video first against the named dynamic concept signature; then use source page only if it specifically supports the concept/mechanism.,,Rayleigh-Taylor instability,named_dynamic_concept,Question must require the dynamic process; a single frame or source title should not be enough.,"Use hard negatives from same broad visual family, not copied choices from unrelated videos: diffusion; convection cell; simple pouring",,,true,new_candidate_source
,,,,physics_physical_systems,motion_forces_and_energy,DMR,,,PHY_FOR_001,PHY_FOR_001,Gravity produces downward acceleration when other forces are small.,Frame-to-frame downward displacement increases or tracked velocity increases during fall.,slow-motion free-fall experiments; tracked falling objects,"Reject static falling-object images, title-only gravity claims, and clips where the object is already moving without visible acceleration.",constant velocity; buoyant rise; projectile horizontal component,,pending,pending,,pending_source_double_check,,,pending_principle_gate,Review video first against required_dynamic_signature; then use source page only if it contains specific mechanism evidence.,,Gravity produces downward acceleration when other forces are small.,transferable_principle_or_mechanism,Question must require the dynamic process; a single frame or source title should not be enough.,"Use hard negatives from same broad visual family, not copied choices from unrelated videos: constant velocity; buoyant rise; projectile horizontal component",,,true,new_candidate_source
,,,,physics_physical_systems,motion_forces_and_energy,DMR,,,PHY_FOR_002,PHY_FOR_002,Projectile motion combines nearly constant horizontal velocity with vertical gravitational acceleration.,The object follows a parabolic arc or tracked trajectory with independent horizontal and vertical components.,projectile demonstrations; ball toss slow motion; tracked motion analysis,Reject clips without visible trajectory or where propulsion continues after launch.,free fall only; powered flight; rolling on ramp,,pending,pending,,pending_source_double_check,,,pending_principle_gate,Review video first against required_dynamic_signature; then use source page only if it contains specific mechanism evidence.,,Projectile motion combines nearly constant horizontal velocity with vertical gravitational acceleration.,transferable_principle_or_mechanism,Question must require the dynamic process; a single frame or source title should not be enough.,"Use hard negatives from same broad visual family, not copied choices from unrelated videos: free fall only; powered flight; rolling on ramp",,,true,new_candidate_source
,,,,physics_physical_systems,motion_forces_and_energy,DCR,DCR_PHY_MAGNUS_001,banana kick / curveball,PHY_FOR_002,PHY_FOR_002,Projectile motion combines nearly constant horizontal velocity with vertical gravitational acceleration.,A spinning ball follows a visibly curved path after launch.,projectile demonstrations; ball toss slow motion; tracked motion analysis,Reject clips without visible curved trajectory or without evidence of spin.,ordinary projectile arc; knuckleball; straight kick,,pending,pending,,pending_source_double_check,,,pending_dcr_gate,Review video first against the named dynamic concept signature; then use source page only if it specifically supports the concept/mechanism.,,banana kick / curveball,named_dynamic_concept,Question must require the dynamic process; a single frame or source title should not be enough.,"Use hard negatives from same broad visual family, not copied choices from unrelated videos: ordinary projectile arc; knuckleball; straight kick",,,true,new_candidate_source
,,,,physics_physical_systems,oscillation_rotation_and_vibration,DMR,,,PHY_OSC_002,PHY_OSC_002,"Damping dissipates oscillator energy, causing amplitude decay over time.",Oscillation amplitude shrinks across cycles.,mass-spring damping; pendulum damping; torsion oscillator,Reject clips where amplitude is externally held constant.,resonance growth; chaotic pendulum; constant forced oscillation,,pending,pending,,pending_source_double_check,,,pending_principle_gate,Review video first against required_dynamic_signature; then use source page only if it contains specific mechanism evidence.,,"Damping dissipates oscillator energy, causing amplitude decay over time.",transferable_principle_or_mechanism,Question must require the dynamic process; a single frame or source title should not be enough.,"Use hard negatives from same broad visual family, not copied choices from unrelated videos: resonance growth; chaotic pendulum; constant forced oscillation",,,true,new_candidate_source
,,,,physics_physical_systems,oscillation_rotation_and_vibration,DMR,,,PHY_OSC_002,PHY_OSC_002,"Damping dissipates oscillator energy, causing amplitude decay over time.",Oscillation amplitude shrinks across cycles.,mass-spring damping; pendulum damping; torsion oscillator,Reject clips where amplitude is externally held constant.,resonance growth; chaotic pendulum; constant forced oscillation,,pending,pending,,pending_source_double_check,,,pending_principle_gate,Review video first against required_dynamic_signature; then use source page only if it contains specific mechanism evidence.,,"Damping dissipates oscillator energy, causing amplitude decay over time.",transferable_principle_or_mechanism,Question must require the dynamic process; a single frame or source title should not be enough.,"Use hard negatives from same broad visual family, not copied choices from unrelated videos: resonance growth; chaotic pendulum; constant forced oscillation",,,true,new_candidate_source
,,,,physics_physical_systems,oscillation_rotation_and_vibration,DCR,DCR_PHY_DIVE_001,somersault twist dive,PHY_OSC_003,PHY_OSC_003,Resonance amplifies motion when periodic forcing matches a natural frequency.,"The diver transitions through takeoff, somersault, twist, and entry.",driven pendulum; resonance table; vibrating structure experiments,"Reject clips missing takeoff or entry, or where twist count is not visible.",plain somersault; cartwheel dive; static pose,,pending,pending,,pending_source_double_check,,,pending_dcr_gate,Review video first against the named dynamic concept signature; then use source page only if it specifically supports the concept/mechanism.,,somersault twist dive,named_dynamic_concept,Question must require the dynamic process; a single frame or source title should not be enough.,"Use hard negatives from same broad visual family, not copied choices from unrelated videos: plain somersault; cartwheel dive; static pose",,,true,new_candidate_source
,,,,physics_physical_systems,surface_and_capillary_processes,DMR,,,PHY_SUR_002,PHY_SUR_002,Capillary action draws wetting liquids through narrow pores or tubes.,"Liquid front rises or advances through a tube, paper, or porous medium.",capillary rise; paper wicking; porous media wetting,Reject non-porous droplet rolling or source-only capillary titles.,bulk pouring; diffusion only; surface beading,,pending,pending,,pending_source_double_check,,,pending_principle_gate,Review video first against required_dynamic_signature; then use source page only if it contains specific mechanism evidence.,,Capillary action draws wetting liquids through narrow pores or tubes.,transferable_principle_or_mechanism,Question must require the dynamic process; a single frame or source title should not be enough.,"Use hard negatives from same broad visual family, not copied choices from unrelated videos: bulk pouring; diffusion only; surface beading",,,true,new_candidate_source
,,,,physics_physical_systems,surface_and_capillary_processes,DMR,,,PHY_SUR_002,PHY_SUR_002,Capillary action draws wetting liquids through narrow pores or tubes.,"Liquid front rises or advances through a tube, paper, or porous medium.",capillary rise; paper wicking; porous media wetting,Reject non-porous droplet rolling or source-only capillary titles.,bulk pouring; diffusion only; surface beading,,pending,pending,,pending_source_double_check,,,pending_principle_gate,Review video first against required_dynamic_signature; then use source page only if it contains specific mechanism evidence.,,Capillary action draws wetting liquids through narrow pores or tubes.,transferable_principle_or_mechanism,Question must require the dynamic process; a single frame or source title should not be enough.,"Use hard negatives from same broad visual family, not copied choices from unrelated videos: bulk pouring; diffusion only; surface beading",,,true,new_candidate_source
,,,,physics_physical_systems,surface_and_capillary_processes,DCR,DCR_PHY_CAP_001,capillary rise,PHY_SUR_002,PHY_SUR_002,Capillary action draws wetting liquids through narrow pores or tubes.,"A liquid front rises or advances through a narrow tube, paper, or porous structure.",capillary rise; paper wicking; porous media wetting,Reject clips where liquid is simply poured or already at final height.,bulk pouring; diffusion cloud; surface beading,,pending,pending,,pending_source_double_check,,,pending_dcr_gate,Review video first against the named dynamic concept signature; then use source page only if it specifically supports the concept/mechanism.,,capillary rise,named_dynamic_concept,Question must require the dynamic process; a single frame or source title should not be enough.,"Use hard negatives from same broad visual family, not copied choices from unrelated videos: bulk pouring; diffusion cloud; surface beading",,,true,new_candidate_source
,,,,physics_physical_systems,thermal_physical_response,DMR,,,PHY_THR_002,PHY_THR_002,The Leidenfrost effect forms a vapor layer that delays contact boiling and lets droplets glide.,Droplet skitters or survives on a very hot surface while vapor supports it.,Leidenfrost droplet slow motion; hot plate demos,Reject ordinary boiling droplets without vapor-layer gliding.,wetting spread; evaporation plume; capillary action,,pending,pending,,pending_source_double_check,,,pending_principle_gate,Review video first against required_dynamic_signature; then use source page only if it contains specific mechanism evidence.,,The Leidenfrost effect forms a vapor layer that delays contact boiling and lets droplets glide.,transferable_principle_or_mechanism,Question must require the dynamic process; a single frame or source title should not be enough.,"Use hard negatives from same broad visual family, not copied choices from unrelated videos: wetting spread; evaporation plume; capillary action",,,true,new_candidate_source
,,,,physics_physical_systems,thermal_physical_response,DMR,,,PHY_THR_002,PHY_THR_002,The Leidenfrost effect forms a vapor layer that delays contact boiling and lets droplets glide.,Droplet skitters or survives on a very hot surface while vapor supports it.,Leidenfrost droplet slow motion; hot plate demos,Reject ordinary boiling droplets without vapor-layer gliding.,wetting spread; evaporation plume; capillary action,,pending,pending,,pending_source_double_check,,,pending_principle_gate,Review video first against required_dynamic_signature; then use source page only if it contains specific mechanism evidence.,,The Leidenfrost effect forms a vapor layer that delays contact boiling and lets droplets glide.,transferable_principle_or_mechanism,Question must require the dynamic process; a single frame or source title should not be enough.,"Use hard negatives from same broad visual family, not copied choices from unrelated videos: wetting spread; evaporation plume; capillary action",,,true,new_candidate_source
,,,,physics_physical_systems,thermal_physical_response,DCR,DCR_PHY_LEIDEN_001,Leidenfrost effect,PHY_THR_002,PHY_THR_002,The Leidenfrost effect forms a vapor layer that delays contact boiling and lets droplets glide.,"Droplets skitter, glide, or persist on a hot surface instead of immediately boiling away.",Leidenfrost droplet slow motion; hot plate demos,Reject ordinary boiling without gliding or vapor-layer behavior.,ordinary boiling; wetting spread; evaporation,,pending,pending,,pending_source_double_check,,,pending_dcr_gate,Review video first against the named dynamic concept signature; then use source page only if it specifically supports the concept/mechanism.,,Leidenfrost effect,named_dynamic_concept,Question must require the dynamic process; a single frame or source title should not be enough.,"Use hard negatives from same broad visual family, not copied choices from unrelated videos: ordinary boiling; wetting spread; evaporation",,,true,new_candidate_source
,,,,biology_living_systems,animal_locomotion_and_biomechanics,DMR,,,BIO_LOC_002,BIO_LOC_002,Peristaltic locomotion uses contraction waves plus alternating anchors to move soft bodies.,Soft body shortens/extends in waves while contact points shift and the body advances.,caterpillar crawling; earthworm peristalsis; soft robot peristalsis,Reject legged walking where no contraction wave is visible.,jet propulsion; tripod gait; passive drift,,pending,pending,,pending_source_double_check,,,pending_principle_gate,Review video first against required_dynamic_signature; then use source page only if it contains specific mechanism evidence.,,Peristaltic locomotion uses contraction waves plus alternating anchors to move soft bodies.,transferable_principle_or_mechanism,Question must require the dynamic process; a single frame or source title should not be enough.,"Use hard negatives from same broad visual family, not copied choices from unrelated videos: jet propulsion; tripod gait; passive drift",,,true,new_candidate_source
,,,,biology_living_systems,animal_locomotion_and_biomechanics,DMR,,,BIO_LOC_003,BIO_LOC_003,Flapping wings generate lift and thrust by accelerating air downward/backward.,Wingbeats begin or intensify before lift-off or sustained flight.,insect takeoff slow motion; bird flapping lift; bee takeoff,Reject gliding or leg-only jumps with passive wings.,leg jump; passive gliding; swimming,,pending,pending,,pending_source_double_check,,,pending_principle_gate,Review video first against required_dynamic_signature; then use source page only if it contains specific mechanism evidence.,,Flapping wings generate lift and thrust by accelerating air downward/backward.,transferable_principle_or_mechanism,Question must require the dynamic process; a single frame or source title should not be enough.,"Use hard negatives from same broad visual family, not copied choices from unrelated videos: leg jump; passive gliding; swimming",,,true,new_candidate_source
,,,,biology_living_systems,animal_locomotion_and_biomechanics,DCR,DCR_BIO_JET_001,jet propulsion swimming,BIO_LOC_001,BIO_LOC_001,Jet propulsion follows momentum conservation: expelled fluid creates opposite reaction thrust.,A bell or mantle contracts and the body moves opposite the expelled fluid.,jellyfish propulsion; squid jet propulsion; scallop jet movement,Reject swimming clips without visible contraction-pulse displacement.,flapping lift; undulation; crawling,,pending,pending,,pending_source_double_check,,,pending_dcr_gate,Review video first against the named dynamic concept signature; then use source page only if it specifically supports the concept/mechanism.,,jet propulsion swimming,named_dynamic_concept,Question must require the dynamic process; a single frame or source title should not be enough.,"Use hard negatives from same broad visual family, not copied choices from unrelated videos: flapping lift; undulation; crawling",,,true,new_candidate_source
,,,,biology_living_systems,germination_and_development,DMR,,,BIO_ENE_002,BIO_ENE_002,Cellular respiration consumes oxygen and releases carbon dioxide during metabolism.,CO2 indicator or sensor changes over time due to living tissue or microbes.,respiration indicator experiments; yeast respiration CO2,Reject simple fermentation foam unless respiration mechanism and control are visible.,photosynthesis oxygen; acid-base demo; combustion,,pending,pending,,pending_source_double_check,,,pending_principle_gate,Review video first against required_dynamic_signature; then use source page only if it contains specific mechanism evidence.,,Cellular respiration consumes oxygen and releases carbon dioxide during metabolism.,transferable_principle_or_mechanism,Question must require the dynamic process; a single frame or source title should not be enough.,"Use hard negatives from same broad visual family, not copied choices from unrelated videos: photosynthesis oxygen; acid-base demo; combustion",,,true,new_candidate_source
,,,,biology_living_systems,germination_and_development,DMR,,,BIO_ENE_002,BIO_ENE_002,Cellular respiration consumes oxygen and releases carbon dioxide during metabolism.,CO2 indicator or sensor changes over time due to living tissue or microbes.,respiration indicator experiments; yeast respiration CO2,Reject simple fermentation foam unless respiration mechanism and control are visible.,photosynthesis oxygen; acid-base demo; combustion,,pending,pending,,pending_source_double_check,,,pending_principle_gate,Review video first against required_dynamic_signature; then use source page only if it contains specific mechanism evidence.,,Cellular respiration consumes oxygen and releases carbon dioxide during metabolism.,transferable_principle_or_mechanism,Question must require the dynamic process; a single frame or source title should not be enough.,"Use hard negatives from same broad visual family, not copied choices from unrelated videos: photosynthesis oxygen; acid-base demo; combustion",,,true,new_candidate_source
,,,,biology_living_systems,germination_and_development,DCR,DCR_BIO_MITOSIS_001,mitosis,BIO_CELL_001,BIO_CELL_001,Mitotic spindle dynamics separate chromosomes into daughter cells.,"Chromosomes align, separate, and move to opposite poles.",live-cell mitosis microscopy; chromosome segregation,Reject static diagrams or clips without chromosome movement.,cytokinesis only; cell migration; apoptosis,,pending,pending,,pending_source_double_check,,,pending_dcr_gate,Review video first against the named dynamic concept signature; then use source page only if it specifically supports the concept/mechanism.,,mitosis,named_dynamic_concept,Question must require the dynamic process; a single frame or source title should not be enough.,"Use hard negatives from same broad visual family, not copied choices from unrelated videos: cytokinesis only; cell migration; apoptosis",,,true,new_candidate_source
,,,,biology_living_systems,organism_behavior_and_taxis,DMR,,,BIO_TAX_001,BIO_TAX_001,Chemotaxis biases movement direction along chemical concentration gradients.,Trajectories accumulate toward/away from a chemical source or gradient.,bacterial chemotaxis; neutrophil chemotaxis; microfluidic gradient,Reject random wandering without gradient cue.,phototaxis; Brownian motion; thermotaxis,,pending,pending,,pending_source_double_check,,,pending_principle_gate,Review video first against required_dynamic_signature; then use source page only if it contains specific mechanism evidence.,,Chemotaxis biases movement direction along chemical concentration gradients.,transferable_principle_or_mechanism,Question must require the dynamic process; a single frame or source title should not be enough.,"Use hard negatives from same broad visual family, not copied choices from unrelated videos: phototaxis; Brownian motion; thermotaxis",,,true,new_candidate_source
,,,,biology_living_systems,organism_behavior_and_taxis,DMR,,,BIO_TAX_001,BIO_TAX_001,Chemotaxis biases movement direction along chemical concentration gradients.,Trajectories accumulate toward/away from a chemical source or gradient.,bacterial chemotaxis; neutrophil chemotaxis; microfluidic gradient,Reject random wandering without gradient cue.,phototaxis; Brownian motion; thermotaxis,,pending,pending,,pending_source_double_check,,,pending_principle_gate,Review video first against required_dynamic_signature; then use source page only if it contains specific mechanism evidence.,,Chemotaxis biases movement direction along chemical concentration gradients.,transferable_principle_or_mechanism,Question must require the dynamic process; a single frame or source title should not be enough.,"Use hard negatives from same broad visual family, not copied choices from unrelated videos: phototaxis; Brownian motion; thermotaxis",,,true,new_candidate_source
,,,,biology_living_systems,organism_behavior_and_taxis,DCR,DCR_BIO_DISPLAY_001,courtship display,BIO_TAX_004,BIO_TAX_004,Run-and-tumble or Levy-like search alternates runs and turns to explore space.,The animal performs a repeated display sequence toward a potential mate or rival.,bacterial run and tumble; Levy walk microbes; trajectory overlay,Reject generic walking or flight without display context and sequence.,foraging; locomotion; aggression display,,pending,pending,,pending_source_double_check,,,pending_dcr_gate,Review video first against the named dynamic concept signature; then use source page only if it specifically supports the concept/mechanism.,,courtship display,named_dynamic_concept,Question must require the dynamic process; a single frame or source title should not be enough.,"Use hard negatives from same broad visual family, not copied choices from unrelated videos: foraging; locomotion; aggression display",,,true,new_candidate_source
,,,,biology_living_systems,plant_growth_and_tropisms,DMR,,,BIO_TRO_001,BIO_TRO_001,Phototropism bends shoots through differential growth toward directional light.,Shoot curvature gradually changes toward a visible or known light source.,phototropism time lapse; directional light plant growth,Reject normal vertical growth without directional stimulus.,circumnutation; germination; stomata,,pending,pending,,pending_source_double_check,,,pending_principle_gate,Review video first against required_dynamic_signature; then use source page only if it contains specific mechanism evidence.,,Phototropism bends shoots through differential growth toward directional light.,transferable_principle_or_mechanism,Question must require the dynamic process; a single frame or source title should not be enough.,"Use hard negatives from same broad visual family, not copied choices from unrelated videos: circumnutation; germination; stomata",,,true,new_candidate_source
,,,,biology_living_systems,plant_growth_and_tropisms,DMR,,,BIO_TRO_002,BIO_TRO_002,Gravitropism redirects root or shoot growth relative to gravity after reorientation.,Root tip curves downward or shoot curves upward after rotation.,root gravitropism time lapse; shoot gravitropism,Reject clips without reorientation or gravity-relative change.,phototropism; hydrotropism; circumnutation,,pending,pending,,pending_source_double_check,,,pending_principle_gate,Review video first against required_dynamic_signature; then use source page only if it contains specific mechanism evidence.,,Gravitropism redirects root or shoot growth relative to gravity after reorientation.,transferable_principle_or_mechanism,Question must require the dynamic process; a single frame or source title should not be enough.,"Use hard negatives from same broad visual family, not copied choices from unrelated videos: phototropism; hydrotropism; circumnutation",,,true,new_candidate_source
,,,,biology_living_systems,plant_growth_and_tropisms,DCR,DCR_BIO_GRAVI_001,gravitropism,BIO_TRO_002,BIO_TRO_002,Gravitropism redirects root or shoot growth relative to gravity after reorientation.,Roots or shoots curve after the plant is rotated.,root gravitropism time lapse; shoot gravitropism,Reject clips without a rotation/reorientation event.,phototropism; hydrotropism; simple elongation,,pending,pending,,pending_source_double_check,,,pending_dcr_gate,Review video first against the named dynamic concept signature; then use source page only if it specifically supports the concept/mechanism.,,gravitropism,named_dynamic_concept,Question must require the dynamic process; a single frame or source title should not be enough.,"Use hard negatives from same broad visual family, not copied choices from unrelated videos: phototropism; hydrotropism; simple elongation",,,true,new_candidate_source
,,,,biology_living_systems,plant_nastic_movements,DMR,,,BIO_NAS_002,BIO_NAS_002,Nyctinasty changes leaf posture across light-dark cycles via turgor or growth rhythms.,Leaves open/close or change angle over day-night transitions.,Oxalis leaf sleep; bean leaf nyctinasty; circadian plant movement,Reject generic wind movement or one-state leaf images.,phototropism; wilting; touch response,,pending,pending,,pending_source_double_check,,,pending_principle_gate,Review video first against required_dynamic_signature; then use source page only if it contains specific mechanism evidence.,,Nyctinasty changes leaf posture across light-dark cycles via turgor or growth rhythms.,transferable_principle_or_mechanism,Question must require the dynamic process; a single frame or source title should not be enough.,"Use hard negatives from same broad visual family, not copied choices from unrelated videos: phototropism; wilting; touch response",,,true,new_candidate_source
,,,,biology_living_systems,plant_nastic_movements,DMR,,,BIO_NAS_002,BIO_NAS_002,Nyctinasty changes leaf posture across light-dark cycles via turgor or growth rhythms.,Leaves open/close or change angle over day-night transitions.,Oxalis leaf sleep; bean leaf nyctinasty; circadian plant movement,Reject generic wind movement or one-state leaf images.,phototropism; wilting; touch response,,pending,pending,,pending_source_double_check,,,pending_principle_gate,Review video first against required_dynamic_signature; then use source page only if it contains specific mechanism evidence.,,Nyctinasty changes leaf posture across light-dark cycles via turgor or growth rhythms.,transferable_principle_or_mechanism,Question must require the dynamic process; a single frame or source title should not be enough.,"Use hard negatives from same broad visual family, not copied choices from unrelated videos: phototropism; wilting; touch response",,,true,new_candidate_source
,,,,biology_living_systems,plant_water_relations_and_turgor,DMR,,,BIO_TRA_002,BIO_TRA_002,Guard-cell turgor changes open and close stomatal pores.,Stomatal aperture increases or decreases as guard cells change shape.,stomata opening time lapse; guard cell turgor videos,Reject static stomata views or graphs without visible pore change.,phototropism; plasmolysis; leaf folding,,pending,pending,,pending_source_double_check,,,pending_principle_gate,Review video first against required_dynamic_signature; then use source page only if it contains specific mechanism evidence.,,Guard-cell turgor changes open and close stomatal pores.,transferable_principle_or_mechanism,Question must require the dynamic process; a single frame or source title should not be enough.,"Use hard negatives from same broad visual family, not copied choices from unrelated videos: phototropism; plasmolysis; leaf folding",,,true,new_candidate_source
,,,,biology_living_systems,plant_water_relations_and_turgor,DMR,,,BIO_TRA_003,BIO_TRA_003,Cytoplasmic streaming moves organelles along cytoskeletal tracks inside plant cells.,Chloroplasts or granules circulate along cell boundaries or strands.,Elodea cytoplasmic streaming; chloroplast movement microscopy,Reject if movement is only camera drift or Brownian jitter.,plasmolysis; diffusion; mitosis,,pending,pending,,pending_source_double_check,,,pending_principle_gate,Review video first against required_dynamic_signature; then use source page only if it contains specific mechanism evidence.,,Cytoplasmic streaming moves organelles along cytoskeletal tracks inside plant cells.,transferable_principle_or_mechanism,Question must require the dynamic process; a single frame or source title should not be enough.,"Use hard negatives from same broad visual family, not copied choices from unrelated videos: plasmolysis; diffusion; mitosis",,,true,new_candidate_source
,,,,biology_living_systems,plant_water_relations_and_turgor,DCR,DCR_BIO_PLASM_001,plasmolysis and deplasmolysis,BIO_TRA_001,BIO_TRA_001,"Osmosis changes plant-cell volume, causing plasmolysis and deplasmolysis.",The protoplast shrinks away from the cell wall and may recover in water.,onion plasmolysis microscopy; Elodea plasmolysis,Reject single final plasmolyzed images or label-only clips.,cytoplasmic streaming; cell division; diffusion dye,,pending,pending,,pending_source_double_check,,,pending_dcr_gate,Review video first against the named dynamic concept signature; then use source page only if it specifically supports the concept/mechanism.,,plasmolysis and deplasmolysis,named_dynamic_concept,Question must require the dynamic process; a single frame or source title should not be enough.,"Use hard negatives from same broad visual family, not copied choices from unrelated videos: cytoplasmic streaming; cell division; diffusion dye",,,true,new_candidate_source
,,,,chemistry_materials_change,diffusion_mixing_and_transport,DMR,,,CHM_DIF_002,CHM_DIF_002,"Laminar shear stretches and folds fluids, increasing interface without turbulence.",Colored bands elongate into thin layers and may reverse under reversed shear.,Taylor-Couette; reversible laminar mixing; viscous mixing demos,Reject fully turbulent mixing or simple shaking.,diffusion only; vortex turbulence; precipitation,,pending,pending,,pending_source_double_check,,,pending_principle_gate,Review video first against required_dynamic_signature; then use source page only if it contains specific mechanism evidence.,,"Laminar shear stretches and folds fluids, increasing interface without turbulence.",transferable_principle_or_mechanism,Question must require the dynamic process; a single frame or source title should not be enough.,"Use hard negatives from same broad visual family, not copied choices from unrelated videos: diffusion only; vortex turbulence; precipitation",,,true,new_candidate_source
,,,,chemistry_materials_change,diffusion_mixing_and_transport,DMR,,,CHM_DIF_002,CHM_DIF_002,"Laminar shear stretches and folds fluids, increasing interface without turbulence.",Colored bands elongate into thin layers and may reverse under reversed shear.,Taylor-Couette; reversible laminar mixing; viscous mixing demos,Reject fully turbulent mixing or simple shaking.,diffusion only; vortex turbulence; precipitation,,pending,pending,,pending_source_double_check,,,pending_principle_gate,Review video first against required_dynamic_signature; then use source page only if it contains specific mechanism evidence.,,"Laminar shear stretches and folds fluids, increasing interface without turbulence.",transferable_principle_or_mechanism,Question must require the dynamic process; a single frame or source title should not be enough.,"Use hard negatives from same broad visual family, not copied choices from unrelated videos: diffusion only; vortex turbulence; precipitation",,,true,new_candidate_source
,,,,chemistry_materials_change,diffusion_mixing_and_transport,DCR,DCR_CHEM_DIFF_001,Taylor-Couette laminar mixing,CHM_DIF_002,CHM_DIF_002,"Laminar shear stretches and folds fluids, increasing interface without turbulence.",Colored bands elongate into layers and may reverse when shear is reversed.,Taylor-Couette; reversible laminar mixing; viscous mixing demos,Reject simple shaking or turbulent mixing clips.,turbulent mixing; diffusion only; precipitation,,pending,pending,,pending_source_double_check,,,pending_dcr_gate,Review video first against the named dynamic concept signature; then use source page only if it specifically supports the concept/mechanism.,,Taylor-Couette laminar mixing,named_dynamic_concept,Question must require the dynamic process; a single frame or source title should not be enough.,"Use hard negatives from same broad visual family, not copied choices from unrelated videos: turbulent mixing; diffusion only; precipitation",,,true,new_candidate_source
,,,,chemistry_materials_change,gas_evolution_and_combustion,DMR,,,CHM_GAS_002,CHM_GAS_002,"Combustion requires fuel, oxidizer, and heat; removing one extinguishes flame.","Flame appears, propagates, or extinguishes after oxygen/fuel/temperature changes.",flame extinction; combustion demos; hydrogen ignition,Reject clips that only show a flame without causal change.,redox color; evaporation; glow without flame,,pending,pending,,pending_source_double_check,,,pending_principle_gate,Review video first against required_dynamic_signature; then use source page only if it contains specific mechanism evidence.,,"Combustion requires fuel, oxidizer, and heat; removing one extinguishes flame.",transferable_principle_or_mechanism,Question must require the dynamic process; a single frame or source title should not be enough.,"Use hard negatives from same broad visual family, not copied choices from unrelated videos: redox color; evaporation; glow without flame",,,true,new_candidate_source
,,,,chemistry_materials_change,gas_evolution_and_combustion,DMR,,,CHM_GAS_002,CHM_GAS_002,"Combustion requires fuel, oxidizer, and heat; removing one extinguishes flame.","Flame appears, propagates, or extinguishes after oxygen/fuel/temperature changes.",flame extinction; combustion demos; hydrogen ignition,Reject clips that only show a flame without causal change.,redox color; evaporation; glow without flame,,pending,pending,,pending_source_double_check,,,pending_principle_gate,Review video first against required_dynamic_signature; then use source page only if it contains specific mechanism evidence.,,"Combustion requires fuel, oxidizer, and heat; removing one extinguishes flame.",transferable_principle_or_mechanism,Question must require the dynamic process; a single frame or source title should not be enough.,"Use hard negatives from same broad visual family, not copied choices from unrelated videos: redox color; evaporation; glow without flame",,,true,new_candidate_source
,,,,chemistry_materials_change,material_deformation_and_response,DMR,,,CHM_MAT_002,CHM_MAT_002,"Heating can soften or melt material, reducing strength and enabling deformation.","Material deforms, sags, flows, or breaks as temperature increases.",polymer softening; metal melting; glass softening,Reject post-heating final shape without thermal sequence.,mechanical cutting; crystallization; combustion,,pending,pending,,pending_source_double_check,,,pending_principle_gate,Review video first against required_dynamic_signature; then use source page only if it contains specific mechanism evidence.,,"Heating can soften or melt material, reducing strength and enabling deformation.",transferable_principle_or_mechanism,Question must require the dynamic process; a single frame or source title should not be enough.,"Use hard negatives from same broad visual family, not copied choices from unrelated videos: mechanical cutting; crystallization; combustion",,,true,new_candidate_source
,,,,chemistry_materials_change,material_deformation_and_response,DCR,DCR_CHEM_THICK_001,shear thickening,CHM_MAT_001,CHM_MAT_001,Shear-thickening suspensions resist rapid stress while flowing under slow stress.,The same material flows slowly but resists or fractures under rapid impact.,cornstarch oobleck impact; shear thickening demos,Reject clips showing only slow pouring or only a static impact aftermath.,high viscosity liquid; gel; plastic clay,,pending,pending,,pending_source_double_check,,,pending_dcr_gate,Review video first against the named dynamic concept signature; then use source page only if it specifically supports the concept/mechanism.,,shear thickening,named_dynamic_concept,Question must require the dynamic process; a single frame or source title should not be enough.,"Use hard negatives from same broad visual family, not copied choices from unrelated videos: high viscosity liquid; gel; plastic clay",,,true,new_candidate_source
,,,,chemistry_materials_change,phase_change_and_crystallization,DMR,,,CHM_PHA_002,CHM_PHA_002,Solidification fronts propagate as liquid changes phase into ordered solid.,A visible solid-liquid boundary advances or dendrites grow.,freezing water; metal solidification; ice crystal growth,Reject final frozen samples without front propagation.,precipitation; evaporation; gas evolution,,pending,pending,,pending_source_double_check,,,pending_principle_gate,Review video first against required_dynamic_signature; then use source page only if it contains specific mechanism evidence.,,Solidification fronts propagate as liquid changes phase into ordered solid.,transferable_principle_or_mechanism,Question must require the dynamic process; a single frame or source title should not be enough.,"Use hard negatives from same broad visual family, not copied choices from unrelated videos: precipitation; evaporation; gas evolution",,,true,new_candidate_source
,,,,chemistry_materials_change,phase_change_and_crystallization,DMR,,,CHM_PHA_002,CHM_PHA_002,Solidification fronts propagate as liquid changes phase into ordered solid.,A visible solid-liquid boundary advances or dendrites grow.,freezing water; metal solidification; ice crystal growth,Reject final frozen samples without front propagation.,precipitation; evaporation; gas evolution,,pending,pending,,pending_source_double_check,,,pending_principle_gate,Review video first against required_dynamic_signature; then use source page only if it contains specific mechanism evidence.,,Solidification fronts propagate as liquid changes phase into ordered solid.,transferable_principle_or_mechanism,Question must require the dynamic process; a single frame or source title should not be enough.,"Use hard negatives from same broad visual family, not copied choices from unrelated videos: precipitation; evaporation; gas evolution",,,true,new_candidate_source
,,,,chemistry_materials_change,phase_change_and_crystallization,DCR,DCR_CHEM_DEND_001,dendritic crystal growth,CHM_PHA_002,CHM_PHA_002,Solidification fronts propagate as liquid changes phase into ordered solid.,Branching crystals extend from nucleation sites over time.,freezing water; metal solidification; ice crystal growth,Reject final crystals without visible growth sequence.,precipitate cloud; final crystal; random sediment,,pending,pending,,pending_source_double_check,,,pending_dcr_gate,Review video first against the named dynamic concept signature; then use source page only if it specifically supports the concept/mechanism.,,dendritic crystal growth,named_dynamic_concept,Question must require the dynamic process; a single frame or source title should not be enough.,"Use hard negatives from same broad visual family, not copied choices from unrelated videos: precipitate cloud; final crystal; random sediment",,,true,new_candidate_source
,,,,chemistry_materials_change,precipitation_and_solubility,DMR,,,CHM_PRE_002,CHM_PRE_002,Local supersaturation at a reaction interface creates precipitate bands or membranes.,"Solid appears where two liquids meet, often as rings, tubes, or membranes.",chemical garden; Liesegang rings; diffusion precipitation,Reject bulk turbidity without visible interface or local formation.,homogeneous crystallization; pH color; gas evolution,,pending,pending,,pending_source_double_check,,,pending_principle_gate,Review video first against required_dynamic_signature; then use source page only if it contains specific mechanism evidence.,,Local supersaturation at a reaction interface creates precipitate bands or membranes.,transferable_principle_or_mechanism,Question must require the dynamic process; a single frame or source title should not be enough.,"Use hard negatives from same broad visual family, not copied choices from unrelated videos: homogeneous crystallization; pH color; gas evolution",,,true,new_candidate_source
,,,,chemistry_materials_change,precipitation_and_solubility,DMR,,,CHM_PRE_002,CHM_PRE_002,Local supersaturation at a reaction interface creates precipitate bands or membranes.,"Solid appears where two liquids meet, often as rings, tubes, or membranes.",chemical garden; Liesegang rings; diffusion precipitation,Reject bulk turbidity without visible interface or local formation.,homogeneous crystallization; pH color; gas evolution,,pending,pending,,pending_source_double_check,,,pending_principle_gate,Review video first against required_dynamic_signature; then use source page only if it contains specific mechanism evidence.,,Local supersaturation at a reaction interface creates precipitate bands or membranes.,transferable_principle_or_mechanism,Question must require the dynamic process; a single frame or source title should not be enough.,"Use hard negatives from same broad visual family, not copied choices from unrelated videos: homogeneous crystallization; pH color; gas evolution",,,true,new_candidate_source
,,,,chemistry_materials_change,precipitation_and_solubility,DCR,DCR_CHEM_GARDEN_001,chemical garden,CHM_PRE_002,CHM_PRE_002,Local supersaturation at a reaction interface creates precipitate bands or membranes.,Colored tubular or branching structures grow upward/outward in solution.,chemical garden; Liesegang rings; diffusion precipitation,Reject static finished gardens without growth sequence.,ordinary crystallization; dye diffusion; bubbles,,pending,pending,,pending_source_double_check,,,pending_dcr_gate,Review video first against the named dynamic concept signature; then use source page only if it specifically supports the concept/mechanism.,,chemical garden,named_dynamic_concept,Question must require the dynamic process; a single frame or source title should not be enough.,"Use hard negatives from same broad visual family, not copied choices from unrelated videos: ordinary crystallization; dye diffusion; bubbles",,,true,new_candidate_source
,,,,chemistry_materials_change,redox_and_endpoint_reactions,DMR,,,CHM_RED_003,CHM_RED_003,Redox indicator systems can cycle between colored oxidation states.,Shaking/resting or reagent changes produce reversible color transitions.,chemical traffic light; blue bottle; chameleon reaction,Reject one-way color changes without redox-cycle evidence.,precipitation; crystallization; combustion,,pending,pending,,pending_source_double_check,,,pending_principle_gate,Review video first against required_dynamic_signature; then use source page only if it contains specific mechanism evidence.,,Redox indicator systems can cycle between colored oxidation states.,transferable_principle_or_mechanism,Question must require the dynamic process; a single frame or source title should not be enough.,"Use hard negatives from same broad visual family, not copied choices from unrelated videos: precipitation; crystallization; combustion",,,true,new_candidate_source
,,,,chemistry_materials_change,redox_and_endpoint_reactions,DMR,,,CHM_RED_003,CHM_RED_003,Redox indicator systems can cycle between colored oxidation states.,Shaking/resting or reagent changes produce reversible color transitions.,chemical traffic light; blue bottle; chameleon reaction,Reject one-way color changes without redox-cycle evidence.,precipitation; crystallization; combustion,,pending,pending,,pending_source_double_check,,,pending_principle_gate,Review video first against required_dynamic_signature; then use source page only if it contains specific mechanism evidence.,,Redox indicator systems can cycle between colored oxidation states.,transferable_principle_or_mechanism,Question must require the dynamic process; a single frame or source title should not be enough.,"Use hard negatives from same broad visual family, not copied choices from unrelated videos: precipitation; crystallization; combustion",,,true,new_candidate_source
,,,,chemistry_materials_change,redox_and_endpoint_reactions,DCR,DCR_CHEM_BENEDICT_001,Benedict test positive reaction,CHM_RED_002,CHM_RED_002,Reducing sugars reduce copper(II) to copper(I) oxide during Benedict heating.,Blue solution changes toward orange-red with precipitate formation while heated.,Benedict test videos; reducing sugar demos,Reject final tube comparisons without the heating transition.,iodine test; pH indicator; simple boiling,,pending,pending,,pending_source_double_check,,,pending_dcr_gate,Review video first against the named dynamic concept signature; then use source page only if it specifically supports the concept/mechanism.,,Benedict test positive reaction,named_dynamic_concept,Question must require the dynamic process; a single frame or source title should not be enough.,"Use hard negatives from same broad visual family, not copied choices from unrelated videos: iodine test; pH indicator; simple boiling",,,true,new_candidate_source
,,,,earth_environmental_systems,cryosphere_and_seasonal_change,DMR,,,EAR_CRY_002,EAR_CRY_002,Glacier calving occurs when fractures propagate and unsupported ice detaches.,Cracks widen and a block breaks from the glacier front into water.,glacier calving slow motion; ice front fracture,Reject clips that only show floating ice after detachment.,landslide; freeze-thaw; wave breaking,,pending,pending,,pending_source_double_check,,,pending_principle_gate,Review video first against required_dynamic_signature; then use source page only if it contains specific mechanism evidence.,,Glacier calving occurs when fractures propagate and unsupported ice detaches.,transferable_principle_or_mechanism,Question must require the dynamic process; a single frame or source title should not be enough.,"Use hard negatives from same broad visual family, not copied choices from unrelated videos: landslide; freeze-thaw; wave breaking",,,true,new_candidate_source
,,,,earth_environmental_systems,cryosphere_and_seasonal_change,DMR,,,EAR_CRY_002,EAR_CRY_002,Glacier calving occurs when fractures propagate and unsupported ice detaches.,Cracks widen and a block breaks from the glacier front into water.,glacier calving slow motion; ice front fracture,Reject clips that only show floating ice after detachment.,landslide; freeze-thaw; wave breaking,,pending,pending,,pending_source_double_check,,,pending_principle_gate,Review video first against required_dynamic_signature; then use source page only if it contains specific mechanism evidence.,,Glacier calving occurs when fractures propagate and unsupported ice detaches.,transferable_principle_or_mechanism,Question must require the dynamic process; a single frame or source title should not be enough.,"Use hard negatives from same broad visual family, not copied choices from unrelated videos: landslide; freeze-thaw; wave breaking",,,true,new_candidate_source
,,,,earth_environmental_systems,cryosphere_and_seasonal_change,DCR,DCR_EAR_GLCALV_001,glacier calving,EAR_CRY_002,EAR_CRY_002,Glacier calving occurs when fractures propagate and unsupported ice detaches.,"An ice front cracks, detaches, falls, and generates waves or roll-over.",glacier calving slow motion; ice front fracture,Reject clips showing only floating ice after detachment.,avalanche; ordinary wave; glacier flow,,pending,pending,,pending_source_double_check,,,pending_dcr_gate,Review video first against the named dynamic concept signature; then use source page only if it specifically supports the concept/mechanism.,,glacier calving,named_dynamic_concept,Question must require the dynamic process; a single frame or source title should not be enough.,"Use hard negatives from same broad visual family, not copied choices from unrelated videos: avalanche; ordinary wave; glacier flow",,,true,new_candidate_source
,,,,earth_environmental_systems,ecosystem_interactions,DMR,,,EAR_ECO_002,EAR_ECO_002,Animal-mediated pollination transfers pollen through contact with reproductive structures.,Visitor contacts anthers/stigma and then moves away or to another flower.,pollination slow motion; bee flower contact; hummingbird pollination,Reject flower visitor videos without contact to reproductive parts.,feeding only; phototaxis; wind,,pending,pending,,pending_source_double_check,,,pending_principle_gate,Review video first against required_dynamic_signature; then use source page only if it contains specific mechanism evidence.,,Animal-mediated pollination transfers pollen through contact with reproductive structures.,transferable_principle_or_mechanism,Question must require the dynamic process; a single frame or source title should not be enough.,"Use hard negatives from same broad visual family, not copied choices from unrelated videos: feeding only; phototaxis; wind",,,true,new_candidate_source
,,,,earth_environmental_systems,ecosystem_interactions,DMR,,,EAR_ECO_002,EAR_ECO_002,Animal-mediated pollination transfers pollen through contact with reproductive structures.,Visitor contacts anthers/stigma and then moves away or to another flower.,pollination slow motion; bee flower contact; hummingbird pollination,Reject flower visitor videos without contact to reproductive parts.,feeding only; phototaxis; wind,,pending,pending,,pending_source_double_check,,,pending_principle_gate,Review video first against required_dynamic_signature; then use source page only if it contains specific mechanism evidence.,,Animal-mediated pollination transfers pollen through contact with reproductive structures.,transferable_principle_or_mechanism,Question must require the dynamic process; a single frame or source title should not be enough.,"Use hard negatives from same broad visual family, not copied choices from unrelated videos: feeding only; phototaxis; wind",,,true,new_candidate_source
,,,,earth_environmental_systems,erosion_transport_and_deposition,DMR,,,EAR_ERO_002,EAR_ERO_002,Deposition and sorting occur because particle settling speed depends on size and density.,Particles separate spatially or layers form as flow slows.,sediment sorting flume; settling column; delta deposition,Reject final sorted samples without movement/deposition sequence.,filtration; granular vibration; chemical precipitation,,pending,pending,,pending_source_double_check,,,pending_principle_gate,Review video first against required_dynamic_signature; then use source page only if it contains specific mechanism evidence.,,Deposition and sorting occur because particle settling speed depends on size and density.,transferable_principle_or_mechanism,Question must require the dynamic process; a single frame or source title should not be enough.,"Use hard negatives from same broad visual family, not copied choices from unrelated videos: filtration; granular vibration; chemical precipitation",,,true,new_candidate_source
,,,,earth_environmental_systems,erosion_transport_and_deposition,DMR,,,EAR_ERO_002,EAR_ERO_002,Deposition and sorting occur because particle settling speed depends on size and density.,Particles separate spatially or layers form as flow slows.,sediment sorting flume; settling column; delta deposition,Reject final sorted samples without movement/deposition sequence.,filtration; granular vibration; chemical precipitation,,pending,pending,,pending_source_double_check,,,pending_principle_gate,Review video first against required_dynamic_signature; then use source page only if it contains specific mechanism evidence.,,Deposition and sorting occur because particle settling speed depends on size and density.,transferable_principle_or_mechanism,Question must require the dynamic process; a single frame or source title should not be enough.,"Use hard negatives from same broad visual family, not copied choices from unrelated videos: filtration; granular vibration; chemical precipitation",,,true,new_candidate_source
,,,,earth_environmental_systems,erosion_transport_and_deposition,DCR,DCR_EAR_SALT_001,sediment saltation,EAR_ERO_001,EAR_ERO_001,Sediment motion begins when fluid shear stress exceeds a transport threshold.,Particles transition from rest to bouncing/hopping transport above a bed.,sediment transport flume; threshold of motion; bedload,Reject videos where grains are already moving without visible saltation.,suspension cloud; landslide; simple settling,,pending,pending,,pending_source_double_check,,,pending_dcr_gate,Review video first against the named dynamic concept signature; then use source page only if it specifically supports the concept/mechanism.,,sediment saltation,named_dynamic_concept,Question must require the dynamic process; a single frame or source title should not be enough.,"Use hard negatives from same broad visual family, not copied choices from unrelated videos: suspension cloud; landslide; simple settling",,,true,new_candidate_source
,,,,earth_environmental_systems,geology_and_geophysical_change,DMR,,,EAR_GEO_002,EAR_GEO_002,Pyroclastic density currents move as ground-hugging particle-laden gravity currents.,Dense current advances along the ground with a leading front and suspended particles.,pyroclastic flow analog; density current flume; volcanic ash current,Reject smoke plumes rising vertically without ground-hugging current.,lava flow; debris slide; steam convection,,pending,pending,,pending_source_double_check,,,pending_principle_gate,Review video first against required_dynamic_signature; then use source page only if it contains specific mechanism evidence.,,Pyroclastic density currents move as ground-hugging particle-laden gravity currents.,transferable_principle_or_mechanism,Question must require the dynamic process; a single frame or source title should not be enough.,"Use hard negatives from same broad visual family, not copied choices from unrelated videos: lava flow; debris slide; steam convection",,,true,new_candidate_source
,,,,earth_environmental_systems,geology_and_geophysical_change,DMR,,,EAR_GEO_002,EAR_GEO_002,Pyroclastic density currents move as ground-hugging particle-laden gravity currents.,Dense current advances along the ground with a leading front and suspended particles.,pyroclastic flow analog; density current flume; volcanic ash current,Reject smoke plumes rising vertically without ground-hugging current.,lava flow; debris slide; steam convection,,pending,pending,,pending_source_double_check,,,pending_principle_gate,Review video first against required_dynamic_signature; then use source page only if it contains specific mechanism evidence.,,Pyroclastic density currents move as ground-hugging particle-laden gravity currents.,transferable_principle_or_mechanism,Question must require the dynamic process; a single frame or source title should not be enough.,"Use hard negatives from same broad visual family, not copied choices from unrelated videos: lava flow; debris slide; steam convection",,,true,new_candidate_source
,,,,earth_environmental_systems,geology_and_geophysical_change,DCR,DCR_EAR_PYRO_001,pyroclastic density current,EAR_GEO_002,EAR_GEO_002,Pyroclastic density currents move as ground-hugging particle-laden gravity currents.,A ground-hugging ash cloud accelerates downslope from a volcanic source.,pyroclastic flow analog; density current flume; volcanic ash current,Reject vertical ash plumes without ground-hugging flow.,ash plume rise; landslide dust; cloud shadow,,pending,pending,,pending_source_double_check,,,pending_dcr_gate,Review video first against the named dynamic concept signature; then use source page only if it specifically supports the concept/mechanism.,,pyroclastic density current,named_dynamic_concept,Question must require the dynamic process; a single frame or source title should not be enough.,"Use hard negatives from same broad visual family, not copied choices from unrelated videos: ash plume rise; landslide dust; cloud shadow",,,true,new_candidate_source
,,,,earth_environmental_systems,hydrology_and_flow_processes,DMR,,,EAR_HYD_002,EAR_HYD_002,Infiltration advances a wetting front through porous soil.,Water level drops and a visible wetting boundary moves downward or laterally.,soil infiltration; wetting front; porous media water flow,Reject top-surface wetting without internal front movement.,surface runoff; capillary tube; sediment transport,,pending,pending,,pending_source_double_check,,,pending_principle_gate,Review video first against required_dynamic_signature; then use source page only if it contains specific mechanism evidence.,,Infiltration advances a wetting front through porous soil.,transferable_principle_or_mechanism,Question must require the dynamic process; a single frame or source title should not be enough.,"Use hard negatives from same broad visual family, not copied choices from unrelated videos: surface runoff; capillary tube; sediment transport",,,true,new_candidate_source
,,,,earth_environmental_systems,hydrology_and_flow_processes,DCR,DCR_EAR_MEANDER_001,meander migration,EAR_HYD_001,EAR_HYD_001,Gravity and hydraulic slope drive surface runoff and channelized flow.,A channel bend shifts laterally or cutbank/point-bar changes over time.,runoff flume; rainfall simulator; slope flow,Reject static aerial images without change over time.,straight runoff; delta growth; debris flow,,pending,pending,,pending_source_double_check,,,pending_dcr_gate,Review video first against the named dynamic concept signature; then use source page only if it specifically supports the concept/mechanism.,,meander migration,named_dynamic_concept,Question must require the dynamic process; a single frame or source title should not be enough.,"Use hard negatives from same broad visual family, not copied choices from unrelated videos: straight runoff; delta growth; debris flow",,,true,new_candidate_source
,,,,earth_environmental_systems,weather_and_atmospheric_dynamics,DMR,,,EAR_WEA_002,EAR_WEA_002,Rotating atmospheric flow organizes clouds and precipitation into vortices.,Cloud bands rotate around a center or funnel-like structure develops.,cyclone satellite timelapse; tornado cloud rotation; mesocyclone,Reject static satellite images or non-rotating cloud drift.,linear front motion; river flow; smoke,,pending,pending,,pending_source_double_check,,,pending_principle_gate,Review video first against required_dynamic_signature; then use source page only if it contains specific mechanism evidence.,,Rotating atmospheric flow organizes clouds and precipitation into vortices.,transferable_principle_or_mechanism,Question must require the dynamic process; a single frame or source title should not be enough.,"Use hard negatives from same broad visual family, not copied choices from unrelated videos: linear front motion; river flow; smoke",,,true,new_candidate_source
,,,,earth_environmental_systems,weather_and_atmospheric_dynamics,DMR,,,EAR_WEA_002,EAR_WEA_002,Rotating atmospheric flow organizes clouds and precipitation into vortices.,Cloud bands rotate around a center or funnel-like structure develops.,cyclone satellite timelapse; tornado cloud rotation; mesocyclone,Reject static satellite images or non-rotating cloud drift.,linear front motion; river flow; smoke,,pending,pending,,pending_source_double_check,,,pending_principle_gate,Review video first against required_dynamic_signature; then use source page only if it contains specific mechanism evidence.,,Rotating atmospheric flow organizes clouds and precipitation into vortices.,transferable_principle_or_mechanism,Question must require the dynamic process; a single frame or source title should not be enough.,"Use hard negatives from same broad visual family, not copied choices from unrelated videos: linear front motion; river flow; smoke",,,true,new_candidate_source
,,,,earth_environmental_systems,weather_and_atmospheric_dynamics,DCR,DCR_EAR_DOWN_001,downburst,EAR_WEA_001,EAR_WEA_001,"Moist convection lifts air, cools it, and forms growing cloud towers.",Cloud or precipitation core descends and surface outflow spreads radially.,cloud convection time lapse; cumulus growth; thunderstorm tower,Reject clips without descending/outward flow evidence.,tornado; supercell rotation; ordinary rain shaft,,pending,pending,,pending_source_double_check,,,pending_dcr_gate,Review video first against the named dynamic concept signature; then use source page only if it specifically supports the concept/mechanism.,,downburst,named_dynamic_concept,Question must require the dynamic process; a single frame or source title should not be enough.,"Use hard negatives from same broad visual family, not copied choices from unrelated videos: tornado; supercell rotation; ordinary rain shaft",,,true,new_candidate_source
,,,,engineering_operational_systems,filtration_and_separation,DMR,,,ENG_SEP_002,ENG_SEP_002,Density-driven settling separates particles by gravitational settling velocity.,Suspension clears from top while particles accumulate at bottom.,sedimentation separation; settling column; clarification,Reject shaking or centrifuge if gravity settling is not the mechanism.,precipitation; filtration; centrifugation,,pending,pending,,pending_source_double_check,,,pending_principle_gate,Review video first against required_dynamic_signature; then use source page only if it contains specific mechanism evidence.,,Density-driven settling separates particles by gravitational settling velocity.,transferable_principle_or_mechanism,Question must require the dynamic process; a single frame or source title should not be enough.,"Use hard negatives from same broad visual family, not copied choices from unrelated videos: precipitation; filtration; centrifugation",,,true,new_candidate_source
,,,,engineering_operational_systems,filtration_and_separation,DMR,,,ENG_SEP_002,ENG_SEP_002,Density-driven settling separates particles by gravitational settling velocity.,Suspension clears from top while particles accumulate at bottom.,sedimentation separation; settling column; clarification,Reject shaking or centrifuge if gravity settling is not the mechanism.,precipitation; filtration; centrifugation,,pending,pending,,pending_source_double_check,,,pending_principle_gate,Review video first against required_dynamic_signature; then use source page only if it contains specific mechanism evidence.,,Density-driven settling separates particles by gravitational settling velocity.,transferable_principle_or_mechanism,Question must require the dynamic process; a single frame or source title should not be enough.,"Use hard negatives from same broad visual family, not copied choices from unrelated videos: precipitation; filtration; centrifugation",,,true,new_candidate_source
,,,,engineering_operational_systems,filtration_and_separation,DCR,DCR_ENG_FIL_001,filter cake formation,ENG_SEP_001,ENG_SEP_001,Pressure-driven filtration separates solids by forcing fluid through porous media.,A visible layer grows on the filter while filtrate flow changes.,vacuum filtration; filter cake formation; membrane filtration,Reject clips showing only clean or final dirty filters.,sedimentation; simple pouring; centrifugation,,pending,pending,,pending_source_double_check,,,pending_dcr_gate,Review video first against the named dynamic concept signature; then use source page only if it specifically supports the concept/mechanism.,,filter cake formation,named_dynamic_concept,Question must require the dynamic process; a single frame or source title should not be enough.,"Use hard negatives from same broad visual family, not copied choices from unrelated videos: sedimentation; simple pouring; centrifugation",,,true,new_candidate_source
,,,,engineering_operational_systems,machines_control_and_failure_modes,DMR,,,ENG_MCH_002,ENG_MCH_002,Cam profiles convert continuous rotation into programmed follower displacement.,"Rotating cam makes a follower rise, dwell, and fall.",cam follower mechanism; valve train; cam dwell,Reject rotating disks without follower contact.,linkage; gear ratio; pendulum,,pending,pending,,pending_source_double_check,,,pending_principle_gate,Review video first against required_dynamic_signature; then use source page only if it contains specific mechanism evidence.,,Cam profiles convert continuous rotation into programmed follower displacement.,transferable_principle_or_mechanism,Question must require the dynamic process; a single frame or source title should not be enough.,"Use hard negatives from same broad visual family, not copied choices from unrelated videos: linkage; gear ratio; pendulum",,,true,new_candidate_source
,,,,engineering_operational_systems,machines_control_and_failure_modes,DMR,,,ENG_MCH_002,ENG_MCH_002,Cam profiles convert continuous rotation into programmed follower displacement.,"Rotating cam makes a follower rise, dwell, and fall.",cam follower mechanism; valve train; cam dwell,Reject rotating disks without follower contact.,linkage; gear ratio; pendulum,,pending,pending,,pending_source_double_check,,,pending_principle_gate,Review video first against required_dynamic_signature; then use source page only if it contains specific mechanism evidence.,,Cam profiles convert continuous rotation into programmed follower displacement.,transferable_principle_or_mechanism,Question must require the dynamic process; a single frame or source title should not be enough.,"Use hard negatives from same broad visual family, not copied choices from unrelated videos: linkage; gear ratio; pendulum",,,true,new_candidate_source
,,,,engineering_operational_systems,machines_control_and_failure_modes,DCR,DCR_ENG_CHATTER_001,machining chatter,ENG_FAIL_001,ENG_FAIL_001,Mechanical resonance can amplify vibration until structural instability or failure occurs.,Tool or workpiece oscillates visibly with changing sound/surface pattern.,resonance failure; bridge vibration; rotating machinery instability,Reject clips with only final surface marks and no dynamic vibration.,steady cutting; built-up edge; resonance demo without cutting,,pending,pending,,pending_source_double_check,,,pending_dcr_gate,Review video first against the named dynamic concept signature; then use source page only if it specifically supports the concept/mechanism.,,machining chatter,named_dynamic_concept,Question must require the dynamic process; a single frame or source title should not be enough.,"Use hard negatives from same broad visual family, not copied choices from unrelated videos: steady cutting; built-up edge; resonance demo without cutting",,,true,new_candidate_source
,,,,engineering_operational_systems,mixing_dispersion_and_wetting,DMR,,,ENG_MIX_002,ENG_MIX_002,Coating/wetting processes rely on contact-angle reduction and droplet coalescence into a film.,"Droplets impact, spread, merge, and form a continuous layer.",spray coating; dip coating; wetting surface treatment,Reject isolated physics droplet demos unless process goal is coating or cleaning.,capillary rise; rain drops; diffusion,,pending,pending,,pending_source_double_check,,,pending_principle_gate,Review video first against required_dynamic_signature; then use source page only if it contains specific mechanism evidence.,,Coating/wetting processes rely on contact-angle reduction and droplet coalescence into a film.,transferable_principle_or_mechanism,Question must require the dynamic process; a single frame or source title should not be enough.,"Use hard negatives from same broad visual family, not copied choices from unrelated videos: capillary rise; rain drops; diffusion",,,true,new_candidate_source
,,,,engineering_operational_systems,mixing_dispersion_and_wetting,DMR,,,ENG_MIX_002,ENG_MIX_002,Coating/wetting processes rely on contact-angle reduction and droplet coalescence into a film.,"Droplets impact, spread, merge, and form a continuous layer.",spray coating; dip coating; wetting surface treatment,Reject isolated physics droplet demos unless process goal is coating or cleaning.,capillary rise; rain drops; diffusion,,pending,pending,,pending_source_double_check,,,pending_principle_gate,Review video first against required_dynamic_signature; then use source page only if it contains specific mechanism evidence.,,Coating/wetting processes rely on contact-angle reduction and droplet coalescence into a film.,transferable_principle_or_mechanism,Question must require the dynamic process; a single frame or source title should not be enough.,"Use hard negatives from same broad visual family, not copied choices from unrelated videos: capillary rise; rain drops; diffusion",,,true,new_candidate_source
,,,,engineering_operational_systems,pressure_flow_and_process_control,DMR,,,ENG_PRS_002,ENG_PRS_002,Pumps use cyclic volume or pressure changes to impose one-way fluid transport.,"Piston, diaphragm, peristaltic rollers, or impeller motion drives visible one-way flow.",peristaltic pump; diaphragm pump; piston pump visualization,Reject source-only pump videos without visible fluid movement.,siphon; capillary action; open-channel flow,,pending,pending,,pending_source_double_check,,,pending_principle_gate,Review video first against required_dynamic_signature; then use source page only if it contains specific mechanism evidence.,,Pumps use cyclic volume or pressure changes to impose one-way fluid transport.,transferable_principle_or_mechanism,Question must require the dynamic process; a single frame or source title should not be enough.,"Use hard negatives from same broad visual family, not copied choices from unrelated videos: siphon; capillary action; open-channel flow",,,true,new_candidate_source
,,,,engineering_operational_systems,pressure_flow_and_process_control,DMR,,,ENG_PRS_002,ENG_PRS_002,Pumps use cyclic volume or pressure changes to impose one-way fluid transport.,"Piston, diaphragm, peristaltic rollers, or impeller motion drives visible one-way flow.",peristaltic pump; diaphragm pump; piston pump visualization,Reject source-only pump videos without visible fluid movement.,siphon; capillary action; open-channel flow,,pending,pending,,pending_source_double_check,,,pending_principle_gate,Review video first against required_dynamic_signature; then use source page only if it contains specific mechanism evidence.,,Pumps use cyclic volume or pressure changes to impose one-way fluid transport.,transferable_principle_or_mechanism,Question must require the dynamic process; a single frame or source title should not be enough.,"Use hard negatives from same broad visual family, not copied choices from unrelated videos: siphon; capillary action; open-channel flow",,,true,new_candidate_source
,,,,engineering_operational_systems,pressure_flow_and_process_control,DCR,DCR_ENG_CAV_001,cavitation,ENG_PRS_001,ENG_PRS_001,Valves regulate flow by changing flow area and pressure drop.,"Bubbles appear near a propeller, valve, or pump and collapse or cloud dynamically.",transparent valve flow; flow control valve; ball valve,Reject clips with injected air bubbles but no pressure-driven collapse.,gas evolution; boiling; aeration,,pending,pending,,pending_source_double_check,,,pending_dcr_gate,Review video first against the named dynamic concept signature; then use source page only if it specifically supports the concept/mechanism.,,cavitation,named_dynamic_concept,Question must require the dynamic process; a single frame or source title should not be enough.,"Use hard negatives from same broad visual family, not copied choices from unrelated videos: gas evolution; boiling; aeration",,,true,new_candidate_source
,,,,engineering_operational_systems,thermal_process_control,DMR,,,ENG_THM_002,ENG_THM_002,Quenching rapidly extracts heat to change material state and properties.,"Hot part is immersed, vapor/boiling forms, and cooling progresses rapidly.",steel quenching; heat treatment; vapor blanket quench,Reject simple dunking with no thermal response or material context.,Leidenfrost droplet; forging; welding,,pending,pending,,pending_source_double_check,,,pending_principle_gate,Review video first against required_dynamic_signature; then use source page only if it contains specific mechanism evidence.,,Quenching rapidly extracts heat to change material state and properties.,transferable_principle_or_mechanism,Question must require the dynamic process; a single frame or source title should not be enough.,"Use hard negatives from same broad visual family, not copied choices from unrelated videos: Leidenfrost droplet; forging; welding",,,true,new_candidate_source
,,,,engineering_operational_systems,thermal_process_control,DMR,,,ENG_THM_002,ENG_THM_002,Quenching rapidly extracts heat to change material state and properties.,"Hot part is immersed, vapor/boiling forms, and cooling progresses rapidly.",steel quenching; heat treatment; vapor blanket quench,Reject simple dunking with no thermal response or material context.,Leidenfrost droplet; forging; welding,,pending,pending,,pending_source_double_check,,,pending_principle_gate,Review video first against required_dynamic_signature; then use source page only if it contains specific mechanism evidence.,,Quenching rapidly extracts heat to change material state and properties.,transferable_principle_or_mechanism,Question must require the dynamic process; a single frame or source title should not be enough.,"Use hard negatives from same broad visual family, not copied choices from unrelated videos: Leidenfrost droplet; forging; welding",,,true,new_candidate_source
,,,,engineering_operational_systems,tooling_force_and_precision,DMR,,,ENG_TOOL_002,ENG_TOOL_002,Drilling combines rotary cutting and axial feed to remove material as chips.,"Drill rotates, advances, and chips evacuate from the hole.",drilling slow motion; chip evacuation; machining,Reject hole already made or no visible chips.,sawing; cutting only; melting,,pending,pending,,pending_source_double_check,,,pending_principle_gate,Review video first against required_dynamic_signature; then use source page only if it contains specific mechanism evidence.,,Drilling combines rotary cutting and axial feed to remove material as chips.,transferable_principle_or_mechanism,Question must require the dynamic process; a single frame or source title should not be enough.,"Use hard negatives from same broad visual family, not copied choices from unrelated videos: sawing; cutting only; melting",,,true,new_candidate_source
,,,,engineering_operational_systems,tooling_force_and_precision,DMR,,,ENG_TOOL_002,ENG_TOOL_002,Drilling combines rotary cutting and axial feed to remove material as chips.,"Drill rotates, advances, and chips evacuate from the hole.",drilling slow motion; chip evacuation; machining,Reject hole already made or no visible chips.,sawing; cutting only; melting,,pending,pending,,pending_source_double_check,,,pending_principle_gate,Review video first against required_dynamic_signature; then use source page only if it contains specific mechanism evidence.,,Drilling combines rotary cutting and axial feed to remove material as chips.,transferable_principle_or_mechanism,Question must require the dynamic process; a single frame or source title should not be enough.,"Use hard negatives from same broad visual family, not copied choices from unrelated videos: sawing; cutting only; melting",,,true,new_candidate_source
,,,,engineering_operational_systems,tooling_force_and_precision,DCR,DCR_ENG_BUE_001,built-up edge,ENG_TOOL_001,ENG_TOOL_001,Cutting forms chips when tool shear stress exceeds material strength along a shear plane.,Chip/tool contact shows adhesion growth and sudden detachment at the cutting edge.,metal cutting slow motion; orthogonal cutting; chip formation,Reject clips without visible tool-edge adhesion dynamics.,continuous chip; chatter; tool wear only,,pending,pending,,pending_source_double_check,,,pending_dcr_gate,Review video first against the named dynamic concept signature; then use source page only if it specifically supports the concept/mechanism.,,built-up edge,named_dynamic_concept,Question must require the dynamic process; a single frame or source title should not be enough.,"Use hard negatives from same broad visual family, not copied choices from unrelated videos: continuous chip; chatter; tool wear only",,,true,new_candidate_source
,,,,physics_physical_systems,collisions_and_momentum,DMR,,,PHY_COL_002,PHY_COL_002,"Inelastic collisions dissipate kinetic energy through deformation, heat, sound, or sticking.","Objects deform, stick, fragment, or rebound with lower speed after impact.",clay cart collisions; crash slow motion; deformable impact videos,Reject elastic rebounds with no visible energy loss.,elastic collision; fracture only; free fall,,pending,pending,,pending_source_double_check,,,pending_principle_gate,Review video first against required_dynamic_signature; then use source page only if it contains specific mechanism evidence.,,"Inelastic collisions dissipate kinetic energy through deformation, heat, sound, or sticking.",transferable_principle_or_mechanism,Question must require the dynamic process; a single frame or source title should not be enough.,"Use hard negatives from same broad visual family, not copied choices from unrelated videos: elastic collision; fracture only; free fall",,,true,new_candidate_source
,,,,physics_physical_systems,collisions_and_momentum,DMR,,,PHY_COL_002,PHY_COL_002,"Inelastic collisions dissipate kinetic energy through deformation, heat, sound, or sticking.","Objects deform, stick, fragment, or rebound with lower speed after impact.",clay cart collisions; crash slow motion; deformable impact videos,Reject elastic rebounds with no visible energy loss.,elastic collision; fracture only; free fall,,pending,pending,,pending_source_double_check,,,pending_principle_gate,Review video first against required_dynamic_signature; then use source page only if it contains specific mechanism evidence.,,"Inelastic collisions dissipate kinetic energy through deformation, heat, sound, or sticking.",transferable_principle_or_mechanism,Question must require the dynamic process; a single frame or source title should not be enough.,"Use hard negatives from same broad visual family, not copied choices from unrelated videos: elastic collision; fracture only; free fall",,,true,new_candidate_source
,,,,physics_physical_systems,electromagnetism_and_fields,DMR,,,PHY_EM_002,PHY_EM_002,"Electric fields exert forces on charged droplets or particles, driving migration or deformation.",Particles/droplets move along field lines or deform between electrodes.,electrophoresis videos; charged droplet electric field demos,Reject clips where electrodes are visible but no field-driven motion occurs.,magnetic alignment; diffusion; buoyancy,,pending,pending,,pending_source_double_check,,,pending_principle_gate,Review video first against required_dynamic_signature; then use source page only if it contains specific mechanism evidence.,,"Electric fields exert forces on charged droplets or particles, driving migration or deformation.",transferable_principle_or_mechanism,Question must require the dynamic process; a single frame or source title should not be enough.,"Use hard negatives from same broad visual family, not copied choices from unrelated videos: magnetic alignment; diffusion; buoyancy",,,true,new_candidate_source
,,,,physics_physical_systems,fluids_pressure_and_buoyancy,DMR,,,PHY_FLU_002,PHY_FLU_002,Buoyancy depends on displaced fluid weight relative to object weight.,"Object sinks, floats, or reaches neutral buoyancy as density/ballast changes.",density columns; ballast demonstrations; float-sink experiments,Reject generic boats moving without density or displacement change.,surface tension support; propulsion; pressure-driven flow,,pending,pending,,pending_source_double_check,,,pending_principle_gate,Review video first against required_dynamic_signature; then use source page only if it contains specific mechanism evidence.,,Buoyancy depends on displaced fluid weight relative to object weight.,transferable_principle_or_mechanism,Question must require the dynamic process; a single frame or source title should not be enough.,"Use hard negatives from same broad visual family, not copied choices from unrelated videos: surface tension support; propulsion; pressure-driven flow",,,true,new_candidate_source
,,,,physics_physical_systems,fluids_pressure_and_buoyancy,DMR,,,PHY_FLU_003,PHY_FLU_003,Pressure gradients drive siphon or liquid-column flow after priming.,Liquid continues moving through a tube across height differences with visible level changes.,siphon demonstrations; transparent tube flow,Reject source-only siphon claims where no flow path or level change is visible.,capillary rise; pump-driven flow; diffusion,,pending,pending,,pending_source_double_check,,,pending_principle_gate,Review video first against required_dynamic_signature; then use source page only if it contains specific mechanism evidence.,,Pressure gradients drive siphon or liquid-column flow after priming.,transferable_principle_or_mechanism,Question must require the dynamic process; a single frame or source title should not be enough.,"Use hard negatives from same broad visual family, not copied choices from unrelated videos: capillary rise; pump-driven flow; diffusion",,,true,new_candidate_source
,,,,physics_physical_systems,fluids_pressure_and_buoyancy,DCR,DCR_PHY_RT_001,Rayleigh-Taylor instability,PHY_FLU_002,PHY_FLU_002,Buoyancy depends on displaced fluid weight relative to object weight.,Finger-like plumes grow downward/upward from an unstable density interface.,density columns; ballast demonstrations; float-sink experiments,Reject clips with no visible interface evolution.,diffusion; convection cell; simple pouring,,pending,pending,,pending_source_double_check,,,pending_dcr_gate,Review video first against the named dynamic concept signature; then use source page only if it specifically supports the concept/mechanism.,,Rayleigh-Taylor instability,named_dynamic_concept,Question must require the dynamic process; a single frame or source title should not be enough.,"Use hard negatives from same broad visual family, not copied choices from unrelated videos: diffusion; convection cell; simple pouring",,,true,new_candidate_source
,,,,physics_physical_systems,motion_forces_and_energy,DMR,,,PHY_FOR_002,PHY_FOR_002,Projectile motion combines nearly constant horizontal velocity with vertical gravitational acceleration.,The object follows a parabolic arc or tracked trajectory with independent horizontal and vertical components.,projectile demonstrations; ball toss slow motion; tracked motion analysis,Reject clips without visible trajectory or where propulsion continues after launch.,free fall only; powered flight; rolling on ramp,,pending,pending,,pending_source_double_check,,,pending_principle_gate,Review video first against required_dynamic_signature; then use source page only if it contains specific mechanism evidence.,,Projectile motion combines nearly constant horizontal velocity with vertical gravitational acceleration.,transferable_principle_or_mechanism,Question must require the dynamic process; a single frame or source title should not be enough.,"Use hard negatives from same broad visual family, not copied choices from unrelated videos: free fall only; powered flight; rolling on ramp",,,true,new_candidate_source
,,,,physics_physical_systems,motion_forces_and_energy,DMR,,,PHY_FOR_002,PHY_FOR_002,Projectile motion combines nearly constant horizontal velocity with vertical gravitational acceleration.,The object follows a parabolic arc or tracked trajectory with independent horizontal and vertical components.,projectile demonstrations; ball toss slow motion; tracked motion analysis,Reject clips without visible trajectory or where propulsion continues after launch.,free fall only; powered flight; rolling on ramp,,pending,pending,,pending_source_double_check,,,pending_principle_gate,Review video first against required_dynamic_signature; then use source page only if it contains specific mechanism evidence.,,Projectile motion combines nearly constant horizontal velocity with vertical gravitational acceleration.,transferable_principle_or_mechanism,Question must require the dynamic process; a single frame or source title should not be enough.,"Use hard negatives from same broad visual family, not copied choices from unrelated videos: free fall only; powered flight; rolling on ramp",,,true,new_candidate_source
,,,,physics_physical_systems,motion_forces_and_energy,DCR,DCR_PHY_MAGNUS_001,banana kick / curveball,PHY_FOR_002,PHY_FOR_002,Projectile motion combines nearly constant horizontal velocity with vertical gravitational acceleration.,A spinning ball follows a visibly curved path after launch.,projectile demonstrations; ball toss slow motion; tracked motion analysis,Reject clips without visible curved trajectory or without evidence of spin.,ordinary projectile arc; knuckleball; straight kick,,pending,pending,,pending_source_double_check,,,pending_dcr_gate,Review video first against the named dynamic concept signature; then use source page only if it specifically supports the concept/mechanism.,,banana kick / curveball,named_dynamic_concept,Question must require the dynamic process; a single frame or source title should not be enough.,"Use hard negatives from same broad visual family, not copied choices from unrelated videos: ordinary projectile arc; knuckleball; straight kick",,,true,new_candidate_source
,,,,physics_physical_systems,oscillation_rotation_and_vibration,DMR,,,PHY_OSC_002,PHY_OSC_002,"Damping dissipates oscillator energy, causing amplitude decay over time.",Oscillation amplitude shrinks across cycles.,mass-spring damping; pendulum damping; torsion oscillator,Reject clips where amplitude is externally held constant.,resonance growth; chaotic pendulum; constant forced oscillation,,pending,pending,,pending_source_double_check,,,pending_principle_gate,Review video first against required_dynamic_signature; then use source page only if it contains specific mechanism evidence.,,"Damping dissipates oscillator energy, causing amplitude decay over time.",transferable_principle_or_mechanism,Question must require the dynamic process; a single frame or source title should not be enough.,"Use hard negatives from same broad visual family, not copied choices from unrelated videos: resonance growth; chaotic pendulum; constant forced oscillation",,,true,new_candidate_source
,,,,physics_physical_systems,oscillation_rotation_and_vibration,DMR,,,PHY_OSC_003,PHY_OSC_003,Resonance amplifies motion when periodic forcing matches a natural frequency.,Amplitude grows under a repeated external drive near the resonant frequency.,driven pendulum; resonance table; vibrating structure experiments,Reject videos that only show large vibration without a drive-frequency relation.,damping decay; collision rebound; random vibration,,pending,pending,,pending_source_double_check,,,pending_principle_gate,Review video first against required_dynamic_signature; then use source page only if it contains specific mechanism evidence.,,Resonance amplifies motion when periodic forcing matches a natural frequency.,transferable_principle_or_mechanism,Question must require the dynamic process; a single frame or source title should not be enough.,"Use hard negatives from same broad visual family, not copied choices from unrelated videos: damping decay; collision rebound; random vibration",,,true,new_candidate_source
,,,,physics_physical_systems,oscillation_rotation_and_vibration,DCR,DCR_PHY_DIVE_001,somersault twist dive,PHY_OSC_003,PHY_OSC_003,Resonance amplifies motion when periodic forcing matches a natural frequency.,"The diver transitions through takeoff, somersault, twist, and entry.",driven pendulum; resonance table; vibrating structure experiments,"Reject clips missing takeoff or entry, or where twist count is not visible.",plain somersault; cartwheel dive; static pose,,pending,pending,,pending_source_double_check,,,pending_dcr_gate,Review video first against the named dynamic concept signature; then use source page only if it specifically supports the concept/mechanism.,,somersault twist dive,named_dynamic_concept,Question must require the dynamic process; a single frame or source title should not be enough.,"Use hard negatives from same broad visual family, not copied choices from unrelated videos: plain somersault; cartwheel dive; static pose",,,true,new_candidate_source
,,,,physics_physical_systems,surface_and_capillary_processes,DMR,,,PHY_SUR_002,PHY_SUR_002,Capillary action draws wetting liquids through narrow pores or tubes.,"Liquid front rises or advances through a tube, paper, or porous medium.",capillary rise; paper wicking; porous media wetting,Reject non-porous droplet rolling or source-only capillary titles.,bulk pouring; diffusion only; surface beading,,pending,pending,,pending_source_double_check,,,pending_principle_gate,Review video first against required_dynamic_signature; then use source page only if it contains specific mechanism evidence.,,Capillary action draws wetting liquids through narrow pores or tubes.,transferable_principle_or_mechanism,Question must require the dynamic process; a single frame or source title should not be enough.,"Use hard negatives from same broad visual family, not copied choices from unrelated videos: bulk pouring; diffusion only; surface beading",,,true,new_candidate_source
,,,,physics_physical_systems,surface_and_capillary_processes,DMR,,,PHY_SUR_003,PHY_SUR_003,Wetting transitions occur when adhesion overcomes nonwetting surface forces.,"Droplet contact angle decreases, spreads, or switches from rebound to wetting.",contact-angle videos; droplet impact wetting; coating tests,Reject clips showing a final wet surface without spreading over time.,capillary rise; evaporation; precipitation,,pending,pending,,pending_source_double_check,,,pending_principle_gate,Review video first against required_dynamic_signature; then use source page only if it contains specific mechanism evidence.,,Wetting transitions occur when adhesion overcomes nonwetting surface forces.,transferable_principle_or_mechanism,Question must require the dynamic process; a single frame or source title should not be enough.,"Use hard negatives from same broad visual family, not copied choices from unrelated videos: capillary rise; evaporation; precipitation",,,true,new_candidate_source
,,,,physics_physical_systems,surface_and_capillary_processes,DCR,DCR_PHY_CAP_001,capillary rise,PHY_SUR_002,PHY_SUR_002,Capillary action draws wetting liquids through narrow pores or tubes.,"A liquid front rises or advances through a narrow tube, paper, or porous structure.",capillary rise; paper wicking; porous media wetting,Reject clips where liquid is simply poured or already at final height.,bulk pouring; diffusion cloud; surface beading,,pending,pending,,pending_source_double_check,,,pending_dcr_gate,Review video first against the named dynamic concept signature; then use source page only if it specifically supports the concept/mechanism.,,capillary rise,named_dynamic_concept,Question must require the dynamic process; a single frame or source title should not be enough.,"Use hard negatives from same broad visual family, not copied choices from unrelated videos: bulk pouring; diffusion cloud; surface beading",,,true,new_candidate_source
,,,,physics_physical_systems,thermal_physical_response,DCR,DCR_PHY_LEIDEN_001,Leidenfrost effect,PHY_THR_002,PHY_THR_002,The Leidenfrost effect forms a vapor layer that delays contact boiling and lets droplets glide.,"Droplets skitter, glide, or persist on a hot surface instead of immediately boiling away.",Leidenfrost droplet slow motion; hot plate demos,Reject ordinary boiling without gliding or vapor-layer behavior.,ordinary boiling; wetting spread; evaporation,,pending,pending,,pending_source_double_check,,,pending_dcr_gate,Review video first against the named dynamic concept signature; then use source page only if it specifically supports the concept/mechanism.,,Leidenfrost effect,named_dynamic_concept,Question must require the dynamic process; a single frame or source title should not be enough.,"Use hard negatives from same broad visual family, not copied choices from unrelated videos: ordinary boiling; wetting spread; evaporation",,,true,new_candidate_source
,,,,biology_living_systems,animal_locomotion_and_biomechanics,DMR,,,BIO_LOC_003,BIO_LOC_003,Flapping wings generate lift and thrust by accelerating air downward/backward.,Wingbeats begin or intensify before lift-off or sustained flight.,insect takeoff slow motion; bird flapping lift; bee takeoff,Reject gliding or leg-only jumps with passive wings.,leg jump; passive gliding; swimming,,pending,pending,,pending_source_double_check,,,pending_principle_gate,Review video first against required_dynamic_signature; then use source page only if it contains specific mechanism evidence.,,Flapping wings generate lift and thrust by accelerating air downward/backward.,transferable_principle_or_mechanism,Question must require the dynamic process; a single frame or source title should not be enough.,"Use hard negatives from same broad visual family, not copied choices from unrelated videos: leg jump; passive gliding; swimming",,,true,new_candidate_source
,,,,biology_living_systems,animal_locomotion_and_biomechanics,DMR,,,BIO_LOC_003,BIO_LOC_003,Flapping wings generate lift and thrust by accelerating air downward/backward.,Wingbeats begin or intensify before lift-off or sustained flight.,insect takeoff slow motion; bird flapping lift; bee takeoff,Reject gliding or leg-only jumps with passive wings.,leg jump; passive gliding; swimming,,pending,pending,,pending_source_double_check,,,pending_principle_gate,Review video first against required_dynamic_signature; then use source page only if it contains specific mechanism evidence.,,Flapping wings generate lift and thrust by accelerating air downward/backward.,transferable_principle_or_mechanism,Question must require the dynamic process; a single frame or source title should not be enough.,"Use hard negatives from same broad visual family, not copied choices from unrelated videos: leg jump; passive gliding; swimming",,,true,new_candidate_source
,,,,biology_living_systems,germination_and_development,DMR,,,BIO_ENE_002,BIO_ENE_002,Cellular respiration consumes oxygen and releases carbon dioxide during metabolism.,CO2 indicator or sensor changes over time due to living tissue or microbes.,respiration indicator experiments; yeast respiration CO2,Reject simple fermentation foam unless respiration mechanism and control are visible.,photosynthesis oxygen; acid-base demo; combustion,,pending,pending,,pending_source_double_check,,,pending_principle_gate,Review video first against required_dynamic_signature; then use source page only if it contains specific mechanism evidence.,,Cellular respiration consumes oxygen and releases carbon dioxide during metabolism.,transferable_principle_or_mechanism,Question must require the dynamic process; a single frame or source title should not be enough.,"Use hard negatives from same broad visual family, not copied choices from unrelated videos: photosynthesis oxygen; acid-base demo; combustion",,,true,new_candidate_source
,,,,biology_living_systems,germination_and_development,DMR,,,BIO_DEV_001,BIO_DEV_001,Embryogenesis proceeds through repeated cell divisions and coordinated cell migration.,"Cleavage, gastrulation, or tissue formation is visible over time.",zebrafish embryo time lapse; C elegans embryo development; frog embryo,Reject final embryo stage slides or pure text overlays.,plant germination; cell migration only; mitosis isolated,,pending,pending,,pending_source_double_check,,,pending_principle_gate,Review video first against required_dynamic_signature; then use source page only if it contains specific mechanism evidence.,,Embryogenesis proceeds through repeated cell divisions and coordinated cell migration.,transferable_principle_or_mechanism,Question must require the dynamic process; a single frame or source title should not be enough.,"Use hard negatives from same broad visual family, not copied choices from unrelated videos: plant germination; cell migration only; mitosis isolated",,,true,new_candidate_source
,,,,biology_living_systems,organism_behavior_and_taxis,DMR,,,BIO_TAX_002,BIO_TAX_002,Phototaxis biases movement relative to light direction or intensity.,Organisms redistribute toward/away from a light source or stimulus marker.,Euglena phototaxis; insect light trap; larval phototaxis,Reject clips with a lamp but no moving organisms or no directional redistribution.,phototropism; random walk; chemotaxis,,pending,pending,,pending_source_double_check,,,pending_principle_gate,Review video first against required_dynamic_signature; then use source page only if it contains specific mechanism evidence.,,Phototaxis biases movement relative to light direction or intensity.,transferable_principle_or_mechanism,Question must require the dynamic process; a single frame or source title should not be enough.,"Use hard negatives from same broad visual family, not copied choices from unrelated videos: phototropism; random walk; chemotaxis",,,true,new_candidate_source
,,,,biology_living_systems,organism_behavior_and_taxis,DMR,,,BIO_TAX_002,BIO_TAX_002,Phototaxis biases movement relative to light direction or intensity.,Organisms redistribute toward/away from a light source or stimulus marker.,Euglena phototaxis; insect light trap; larval phototaxis,Reject clips with a lamp but no moving organisms or no directional redistribution.,phototropism; random walk; chemotaxis,,pending,pending,,pending_source_double_check,,,pending_principle_gate,Review video first against required_dynamic_signature; then use source page only if it contains specific mechanism evidence.,,Phototaxis biases movement relative to light direction or intensity.,transferable_principle_or_mechanism,Question must require the dynamic process; a single frame or source title should not be enough.,"Use hard negatives from same broad visual family, not copied choices from unrelated videos: phototropism; random walk; chemotaxis",,,true,new_candidate_source
,,,,biology_living_systems,organism_behavior_and_taxis,DCR,DCR_BIO_MIMIC_001,dynamic mimicry,BIO_TAX_004,BIO_TAX_004,Run-and-tumble or Levy-like search alternates runs and turns to explore space.,The organism changes motion or posture to resemble another dynamic target.,bacterial run and tumble; Levy walk microbes; trajectory overlay,Reject purely static camouflage.,camouflage stillness; courtship display; simple escape,,pending,pending,,pending_source_double_check,,,pending_dcr_gate,Review video first against the named dynamic concept signature; then use source page only if it specifically supports the concept/mechanism.,,dynamic mimicry,named_dynamic_concept,Question must require the dynamic process; a single frame or source title should not be enough.,"Use hard negatives from same broad visual family, not copied choices from unrelated videos: camouflage stillness; courtship display; simple escape",,,true,new_candidate_source
,,,,biology_living_systems,plant_growth_and_tropisms,DMR,,,BIO_TRO_002,BIO_TRO_002,Gravitropism redirects root or shoot growth relative to gravity after reorientation.,Root tip curves downward or shoot curves upward after rotation.,root gravitropism time lapse; shoot gravitropism,Reject clips without reorientation or gravity-relative change.,phototropism; hydrotropism; circumnutation,,pending,pending,,pending_source_double_check,,,pending_principle_gate,Review video first against required_dynamic_signature; then use source page only if it contains specific mechanism evidence.,,Gravitropism redirects root or shoot growth relative to gravity after reorientation.,transferable_principle_or_mechanism,Question must require the dynamic process; a single frame or source title should not be enough.,"Use hard negatives from same broad visual family, not copied choices from unrelated videos: phototropism; hydrotropism; circumnutation",,,true,new_candidate_source
,,,,biology_living_systems,plant_growth_and_tropisms,DMR,,,BIO_TRO_002,BIO_TRO_002,Gravitropism redirects root or shoot growth relative to gravity after reorientation.,Root tip curves downward or shoot curves upward after rotation.,root gravitropism time lapse; shoot gravitropism,Reject clips without reorientation or gravity-relative change.,phototropism; hydrotropism; circumnutation,,pending,pending,,pending_source_double_check,,,pending_principle_gate,Review video first against required_dynamic_signature; then use source page only if it contains specific mechanism evidence.,,Gravitropism redirects root or shoot growth relative to gravity after reorientation.,transferable_principle_or_mechanism,Question must require the dynamic process; a single frame or source title should not be enough.,"Use hard negatives from same broad visual family, not copied choices from unrelated videos: phototropism; hydrotropism; circumnutation",,,true,new_candidate_source
,,,,biology_living_systems,plant_growth_and_tropisms,DCR,DCR_BIO_PHOTO_001,phototropism,BIO_TRO_001,BIO_TRO_001,Phototropism bends shoots through differential growth toward directional light.,A shoot bends progressively toward a light source over time.,phototropism time lapse; directional light plant growth,Reject clips without visible directional light or bending progression.,gravitropism; nastic folding; ordinary growth,,pending,pending,,pending_source_double_check,,,pending_dcr_gate,Review video first against the named dynamic concept signature; then use source page only if it specifically supports the concept/mechanism.,,phototropism,named_dynamic_concept,Question must require the dynamic process; a single frame or source title should not be enough.,"Use hard negatives from same broad visual family, not copied choices from unrelated videos: gravitropism; nastic folding; ordinary growth",,,true,new_candidate_source
,,,,biology_living_systems,plant_water_relations_and_turgor,DMR,,,BIO_TRA_003,BIO_TRA_003,Cytoplasmic streaming moves organelles along cytoskeletal tracks inside plant cells.,Chloroplasts or granules circulate along cell boundaries or strands.,Elodea cytoplasmic streaming; chloroplast movement microscopy,Reject if movement is only camera drift or Brownian jitter.,plasmolysis; diffusion; mitosis,,pending,pending,,pending_source_double_check,,,pending_principle_gate,Review video first against required_dynamic_signature; then use source page only if it contains specific mechanism evidence.,,Cytoplasmic streaming moves organelles along cytoskeletal tracks inside plant cells.,transferable_principle_or_mechanism,Question must require the dynamic process; a single frame or source title should not be enough.,"Use hard negatives from same broad visual family, not copied choices from unrelated videos: plasmolysis; diffusion; mitosis",,,true,new_candidate_source
,,,,biology_living_systems,plant_water_relations_and_turgor,DCR,DCR_BIO_STREAM_001,cytoplasmic streaming,BIO_TRA_003,BIO_TRA_003,Cytoplasmic streaming moves organelles along cytoskeletal tracks inside plant cells.,Chloroplasts or organelles circulate along cell edges or tracks.,Elodea cytoplasmic streaming; chloroplast movement microscopy,Reject clips where organelle motion is not visible.,Brownian motion; cell division; camera drift,,pending,pending,,pending_source_double_check,,,pending_dcr_gate,Review video first against the named dynamic concept signature; then use source page only if it specifically supports the concept/mechanism.,,cytoplasmic streaming,named_dynamic_concept,Question must require the dynamic process; a single frame or source title should not be enough.,"Use hard negatives from same broad visual family, not copied choices from unrelated videos: Brownian motion; cell division; camera drift",,,true,new_candidate_source
,,,,chemistry_materials_change,redox_and_endpoint_reactions,DMR,,,CHM_RED_003,CHM_RED_003,Redox indicator systems can cycle between colored oxidation states.,Shaking/resting or reagent changes produce reversible color transitions.,chemical traffic light; blue bottle; chameleon reaction,Reject one-way color changes without redox-cycle evidence.,precipitation; crystallization; combustion,,pending,pending,,pending_source_double_check,,,pending_principle_gate,Review video first against required_dynamic_signature; then use source page only if it contains specific mechanism evidence.,,Redox indicator systems can cycle between colored oxidation states.,transferable_principle_or_mechanism,Question must require the dynamic process; a single frame or source title should not be enough.,"Use hard negatives from same broad visual family, not copied choices from unrelated videos: precipitation; crystallization; combustion",,,true,new_candidate_source
,,,,chemistry_materials_change,redox_and_endpoint_reactions,DCR,DCR_CHEM_BLUE_001,blue bottle reaction,CHM_RED_003,CHM_RED_003,Redox indicator systems can cycle between colored oxidation states.,Shaking turns the solution blue and resting fades it repeatedly.,chemical traffic light; blue bottle; chameleon reaction,Reject non-cyclic one-way color changes.,one-way dye mixing; iodine clock; precipitation,,pending,pending,,pending_source_double_check,,,pending_dcr_gate,Review video first against the named dynamic concept signature; then use source page only if it specifically supports the concept/mechanism.,,blue bottle reaction,named_dynamic_concept,Question must require the dynamic process; a single frame or source title should not be enough.,"Use hard negatives from same broad visual family, not copied choices from unrelated videos: one-way dye mixing; iodine clock; precipitation",,,true,new_candidate_source
,,,,earth_environmental_systems,geology_and_geophysical_change,DMR,,,EAR_GEO_003,EAR_GEO_003,Lava flow forms a cooling crust while molten interior continues advancing.,"Surface crust wrinkles, breaks, or folds as the flow front moves.",lava flow time lapse; pahoehoe crust; molten lava front,Reject static lava images or glow-only clips.,pyroclastic current; mudflow; glacier,,pending,pending,,pending_source_double_check,,,pending_principle_gate,Review video first against required_dynamic_signature; then use source page only if it contains specific mechanism evidence.,,Lava flow forms a cooling crust while molten interior continues advancing.,transferable_principle_or_mechanism,Question must require the dynamic process; a single frame or source title should not be enough.,"Use hard negatives from same broad visual family, not copied choices from unrelated videos: pyroclastic current; mudflow; glacier",,,true,new_candidate_source
,,,,earth_environmental_systems,geology_and_geophysical_change,DMR,,,EAR_GEO_003,EAR_GEO_003,Lava flow forms a cooling crust while molten interior continues advancing.,"Surface crust wrinkles, breaks, or folds as the flow front moves.",lava flow time lapse; pahoehoe crust; molten lava front,Reject static lava images or glow-only clips.,pyroclastic current; mudflow; glacier,,pending,pending,,pending_source_double_check,,,pending_principle_gate,Review video first against required_dynamic_signature; then use source page only if it contains specific mechanism evidence.,,Lava flow forms a cooling crust while molten interior continues advancing.,transferable_principle_or_mechanism,Question must require the dynamic process; a single frame or source title should not be enough.,"Use hard negatives from same broad visual family, not copied choices from unrelated videos: pyroclastic current; mudflow; glacier",,,true,new_candidate_source
,,,,earth_environmental_systems,weather_and_atmospheric_dynamics,DCR,DCR_EAR_SUPER_001,supercell thunderstorm,EAR_WEA_002,EAR_WEA_002,Rotating atmospheric flow organizes clouds and precipitation into vortices.,Cloud base or storm structure rotates persistently with organized inflow/outflow.,cyclone satellite timelapse; tornado cloud rotation; mesocyclone,Reject clips with dramatic clouds but no rotation sequence.,downburst; ordinary cumulus; dust devil,,pending,pending,,pending_source_double_check,,,pending_dcr_gate,Review video first against the named dynamic concept signature; then use source page only if it specifically supports the concept/mechanism.,,supercell thunderstorm,named_dynamic_concept,Question must require the dynamic process; a single frame or source title should not be enough.,"Use hard negatives from same broad visual family, not copied choices from unrelated videos: downburst; ordinary cumulus; dust devil",,,true,new_candidate_source
,,,,engineering_operational_systems,filtration_and_separation,DMR,,,ENG_SEP_003,ENG_SEP_003,Vibration can segregate granular mixtures when smaller grains percolate downward.,Larger particles rise or appear at the top under repeated shaking.,Brazil nut effect; granular segregation; vibration sorting,Reject static layered bins or manual sorting.,sediment sorting; sieving; buoyancy,,pending,pending,,pending_source_double_check,,,pending_principle_gate,Review video first against required_dynamic_signature; then use source page only if it contains specific mechanism evidence.,,Vibration can segregate granular mixtures when smaller grains percolate downward.,transferable_principle_or_mechanism,Question must require the dynamic process; a single frame or source title should not be enough.,"Use hard negatives from same broad visual family, not copied choices from unrelated videos: sediment sorting; sieving; buoyancy",,,true,new_candidate_source
,,,,engineering_operational_systems,filtration_and_separation,DMR,,,ENG_SEP_003,ENG_SEP_003,Vibration can segregate granular mixtures when smaller grains percolate downward.,Larger particles rise or appear at the top under repeated shaking.,Brazil nut effect; granular segregation; vibration sorting,Reject static layered bins or manual sorting.,sediment sorting; sieving; buoyancy,,pending,pending,,pending_source_double_check,,,pending_principle_gate,Review video first against required_dynamic_signature; then use source page only if it contains specific mechanism evidence.,,Vibration can segregate granular mixtures when smaller grains percolate downward.,transferable_principle_or_mechanism,Question must require the dynamic process; a single frame or source title should not be enough.,"Use hard negatives from same broad visual family, not copied choices from unrelated videos: sediment sorting; sieving; buoyancy",,,true,new_candidate_source
,,,,engineering_operational_systems,filtration_and_separation,DCR,DCR_ENG_GRAN_001,Brazil nut effect,ENG_SEP_003,ENG_SEP_003,Vibration can segregate granular mixtures when smaller grains percolate downward.,Large particles rise or size layers form under shaking.,Brazil nut effect; granular segregation; vibration sorting,Reject clips with pre-sorted layers only.,sedimentation; mixing; static stratification,,pending,pending,,pending_source_double_check,,,pending_dcr_gate,Review video first against the named dynamic concept signature; then use source page only if it specifically supports the concept/mechanism.,,Brazil nut effect,named_dynamic_concept,Question must require the dynamic process; a single frame or source title should not be enough.,"Use hard negatives from same broad visual family, not copied choices from unrelated videos: sedimentation; mixing; static stratification",,,true,new_candidate_source
,,,,engineering_operational_systems,machines_control_and_failure_modes,DMR,,,ENG_MCH_003,ENG_MCH_003,Escapements discretize energy release into stepwise gear advance.,Oscillator motion locks/unlocks teeth and gear advances one step at a time.,clock escapement; anchor escapement; watch escapement,Reject clock face videos with no visible escapement action.,gear train; ratchet; pendulum only,,pending,pending,,pending_source_double_check,,,pending_principle_gate,Review video first against required_dynamic_signature; then use source page only if it contains specific mechanism evidence.,,Escapements discretize energy release into stepwise gear advance.,transferable_principle_or_mechanism,Question must require the dynamic process; a single frame or source title should not be enough.,"Use hard negatives from same broad visual family, not copied choices from unrelated videos: gear train; ratchet; pendulum only",,,true,new_candidate_source
,,,,engineering_operational_systems,machines_control_and_failure_modes,DMR,,,ENG_MCH_003,ENG_MCH_003,Escapements discretize energy release into stepwise gear advance.,Oscillator motion locks/unlocks teeth and gear advances one step at a time.,clock escapement; anchor escapement; watch escapement,Reject clock face videos with no visible escapement action.,gear train; ratchet; pendulum only,,pending,pending,,pending_source_double_check,,,pending_principle_gate,Review video first against required_dynamic_signature; then use source page only if it contains specific mechanism evidence.,,Escapements discretize energy release into stepwise gear advance.,transferable_principle_or_mechanism,Question must require the dynamic process; a single frame or source title should not be enough.,"Use hard negatives from same broad visual family, not copied choices from unrelated videos: gear train; ratchet; pendulum only",,,true,new_candidate_source
,,,,engineering_operational_systems,machines_control_and_failure_modes,DCR,DCR_ENG_PID_001,PID overshoot,ENG_PRS_003,ENG_PRS_003,Feedback control reduces deviation by sensing a variable and actuating a correction.,A controlled variable rises past target and oscillates or settles back.,level control; PID valve; thermostat control demos,Reject clips without visible target/setpoint or response trace.,steady tracking; random vibration; open-loop motion,,pending,pending,,pending_source_double_check,,,pending_dcr_gate,Review video first against the named dynamic concept signature; then use source page only if it specifically supports the concept/mechanism.,,PID overshoot,named_dynamic_concept,Question must require the dynamic process; a single frame or source title should not be enough.,"Use hard negatives from same broad visual family, not copied choices from unrelated videos: steady tracking; random vibration; open-loop motion",,,true,new_candidate_source
,,,,engineering_operational_systems,pressure_flow_and_process_control,DMR,,,ENG_PRS_003,ENG_PRS_003,Feedback control reduces deviation by sensing a variable and actuating a correction.,A disturbance or setpoint change is followed by actuator response and variable stabilization.,level control; PID valve; thermostat control demos,Reject manually adjusted controls without closed-loop response.,open-loop valve; pressure relief; natural flow,,pending,pending,,pending_source_double_check,,,pending_principle_gate,Review video first against required_dynamic_signature; then use source page only if it contains specific mechanism evidence.,,Feedback control reduces deviation by sensing a variable and actuating a correction.,transferable_principle_or_mechanism,Question must require the dynamic process; a single frame or source title should not be enough.,"Use hard negatives from same broad visual family, not copied choices from unrelated videos: open-loop valve; pressure relief; natural flow",,,true,new_candidate_source
,,,,engineering_operational_systems,pressure_flow_and_process_control,DMR,,,ENG_PRS_003,ENG_PRS_003,Feedback control reduces deviation by sensing a variable and actuating a correction.,A disturbance or setpoint change is followed by actuator response and variable stabilization.,level control; PID valve; thermostat control demos,Reject manually adjusted controls without closed-loop response.,open-loop valve; pressure relief; natural flow,,pending,pending,,pending_source_double_check,,,pending_principle_gate,Review video first against required_dynamic_signature; then use source page only if it contains specific mechanism evidence.,,Feedback control reduces deviation by sensing a variable and actuating a correction.,transferable_principle_or_mechanism,Question must require the dynamic process; a single frame or source title should not be enough.,"Use hard negatives from same broad visual family, not copied choices from unrelated videos: open-loop valve; pressure relief; natural flow",,,true,new_candidate_source
,,,,engineering_operational_systems,pressure_flow_and_process_control,DCR,DCR_ENG_WATER_001,water hammer,ENG_PRS_003,ENG_PRS_003,Feedback control reduces deviation by sensing a variable and actuating a correction.,"Valve closure or flow interruption is followed by visible pipe vibration, pressure spike, or banging.",level control; PID valve; thermostat control demos,Reject clips without a flow-change trigger.,steady pump flow; cavitation; ordinary vibration,,pending,pending,,pending_source_double_check,,,pending_dcr_gate,Review video first against the named dynamic concept signature; then use source page only if it specifically supports the concept/mechanism.,,water hammer,named_dynamic_concept,Question must require the dynamic process; a single frame or source title should not be enough.,"Use hard negatives from same broad visual family, not copied choices from unrelated videos: steady pump flow; cavitation; ordinary vibration",,,true,new_candidate_source
,,,,physics_physical_systems,fluids_pressure_and_buoyancy,DMR,,,PHY_FLU_003,PHY_FLU_003,Pressure gradients drive siphon or liquid-column flow after priming.,Liquid continues moving through a tube across height differences with visible level changes.,siphon demonstrations; transparent tube flow,Reject source-only siphon claims where no flow path or level change is visible.,capillary rise; pump-driven flow; diffusion,,pending,pending,,pending_source_double_check,,,pending_principle_gate,Review video first against required_dynamic_signature; then use source page only if it contains specific mechanism evidence.,,Pressure gradients drive siphon or liquid-column flow after priming.,transferable_principle_or_mechanism,Question must require the dynamic process; a single frame or source title should not be enough.,"Use hard negatives from same broad visual family, not copied choices from unrelated videos: capillary rise; pump-driven flow; diffusion",,,true,new_candidate_source
,,,,physics_physical_systems,fluids_pressure_and_buoyancy,DCR,DCR_PHY_SIPHON_001,siphon,PHY_FLU_003,PHY_FLU_003,Pressure gradients drive siphon or liquid-column flow after priming.,Liquid continues through an inverted tube with visible source/drain level changes.,siphon demonstrations; transparent tube flow,Reject clips where flow is pump-driven or not visibly continuous after priming.,pump flow; capillary rise; simple pouring,,pending,pending,,pending_source_double_check,,,pending_dcr_gate,Review video first against the named dynamic concept signature; then use source page only if it specifically supports the concept/mechanism.,,siphon,named_dynamic_concept,Question must require the dynamic process; a single frame or source title should not be enough.,"Use hard negatives from same broad visual family, not copied choices from unrelated videos: pump flow; capillary rise; simple pouring",,,true,new_candidate_source
,,,,physics_physical_systems,motion_forces_and_energy,DMR,,,PHY_FOR_003,PHY_FOR_003,Friction dissipates mechanical energy and reduces sliding speed.,Sliding object decelerates until rest or thermal/frictional effects are visible.,sliding block experiments; friction demos with tracked speed,Reject clips that only show a stationary rough surface or a single final rest state.,air drag; elastic collision; rolling without slip,,pending,pending,,pending_source_double_check,,,pending_principle_gate,Review video first against required_dynamic_signature; then use source page only if it contains specific mechanism evidence.,,Friction dissipates mechanical energy and reduces sliding speed.,transferable_principle_or_mechanism,Question must require the dynamic process; a single frame or source title should not be enough.,"Use hard negatives from same broad visual family, not copied choices from unrelated videos: air drag; elastic collision; rolling without slip",,,true,new_candidate_source
,,,,physics_physical_systems,motion_forces_and_energy,DMR,,,PHY_FOR_003,PHY_FOR_003,Friction dissipates mechanical energy and reduces sliding speed.,Sliding object decelerates until rest or thermal/frictional effects are visible.,sliding block experiments; friction demos with tracked speed,Reject clips that only show a stationary rough surface or a single final rest state.,air drag; elastic collision; rolling without slip,,pending,pending,,pending_source_double_check,,,pending_principle_gate,Review video first against required_dynamic_signature; then use source page only if it contains specific mechanism evidence.,,Friction dissipates mechanical energy and reduces sliding speed.,transferable_principle_or_mechanism,Question must require the dynamic process; a single frame or source title should not be enough.,"Use hard negatives from same broad visual family, not copied choices from unrelated videos: air drag; elastic collision; rolling without slip",,,true,new_candidate_source
,,,,physics_physical_systems,oscillation_rotation_and_vibration,DMR,,,PHY_OSC_003,PHY_OSC_003,Resonance amplifies motion when periodic forcing matches a natural frequency.,Amplitude grows under a repeated external drive near the resonant frequency.,driven pendulum; resonance table; vibrating structure experiments,Reject videos that only show large vibration without a drive-frequency relation.,damping decay; collision rebound; random vibration,,pending,pending,,pending_source_double_check,,,pending_principle_gate,Review video first against required_dynamic_signature; then use source page only if it contains specific mechanism evidence.,,Resonance amplifies motion when periodic forcing matches a natural frequency.,transferable_principle_or_mechanism,Question must require the dynamic process; a single frame or source title should not be enough.,"Use hard negatives from same broad visual family, not copied choices from unrelated videos: damping decay; collision rebound; random vibration",,,true,new_candidate_source
,,,,physics_physical_systems,oscillation_rotation_and_vibration,DMR,,,PHY_OSC_003,PHY_OSC_003,Resonance amplifies motion when periodic forcing matches a natural frequency.,Amplitude grows under a repeated external drive near the resonant frequency.,driven pendulum; resonance table; vibrating structure experiments,Reject videos that only show large vibration without a drive-frequency relation.,damping decay; collision rebound; random vibration,,pending,pending,,pending_source_double_check,,,pending_principle_gate,Review video first against required_dynamic_signature; then use source page only if it contains specific mechanism evidence.,,Resonance amplifies motion when periodic forcing matches a natural frequency.,transferable_principle_or_mechanism,Question must require the dynamic process; a single frame or source title should not be enough.,"Use hard negatives from same broad visual family, not copied choices from unrelated videos: damping decay; collision rebound; random vibration",,,true,new_candidate_source
,,,,physics_physical_systems,oscillation_rotation_and_vibration,DCR,DCR_PHY_SKATE_001,triple Axel,PHY_OSC_003,PHY_OSC_003,Resonance amplifies motion when periodic forcing matches a natural frequency.,"Forward outside-edge takeoff, multiple airborne rotations, and backward landing are visible.",driven pendulum; resonance table; vibrating structure experiments,Reject clips where the full takeoff-to-landing sequence is not visible.,toe loop; Salchow; double Axel,,pending,pending,,pending_source_double_check,,,pending_dcr_gate,Review video first against the named dynamic concept signature; then use source page only if it specifically supports the concept/mechanism.,,triple Axel,named_dynamic_concept,Question must require the dynamic process; a single frame or source title should not be enough.,"Use hard negatives from same broad visual family, not copied choices from unrelated videos: toe loop; Salchow; double Axel",,,true,new_candidate_source
,,,,physics_physical_systems,surface_and_capillary_processes,DMR,,,PHY_SUR_003,PHY_SUR_003,Wetting transitions occur when adhesion overcomes nonwetting surface forces.,"Droplet contact angle decreases, spreads, or switches from rebound to wetting.",contact-angle videos; droplet impact wetting; coating tests,Reject clips showing a final wet surface without spreading over time.,capillary rise; evaporation; precipitation,,pending,pending,,pending_source_double_check,,,pending_principle_gate,Review video first against required_dynamic_signature; then use source page only if it contains specific mechanism evidence.,,Wetting transitions occur when adhesion overcomes nonwetting surface forces.,transferable_principle_or_mechanism,Question must require the dynamic process; a single frame or source title should not be enough.,"Use hard negatives from same broad visual family, not copied choices from unrelated videos: capillary rise; evaporation; precipitation",,,true,new_candidate_source
,,,,biology_living_systems,animal_locomotion_and_biomechanics,DMR,,,BIO_LOC_004,BIO_LOC_004,Fast-start swimming converts body curvature into hydrodynamic reaction forces and acceleration.,S- or C-shaped bend is followed by rapid forward acceleration.,zebrafish fast start; fish escape response; larval strike,Reject clips where swimming is slow cruising without rapid curvature-acceleration sequence.,phototaxis; peristalsis; passive drift,,pending,pending,,pending_source_double_check,,,pending_principle_gate,Review video first against required_dynamic_signature; then use source page only if it contains specific mechanism evidence.,,Fast-start swimming converts body curvature into hydrodynamic reaction forces and acceleration.,transferable_principle_or_mechanism,Question must require the dynamic process; a single frame or source title should not be enough.,"Use hard negatives from same broad visual family, not copied choices from unrelated videos: phototaxis; peristalsis; passive drift",,,true,new_candidate_source
,,,,biology_living_systems,animal_locomotion_and_biomechanics,DMR,,,BIO_LOC_004,BIO_LOC_004,Fast-start swimming converts body curvature into hydrodynamic reaction forces and acceleration.,S- or C-shaped bend is followed by rapid forward acceleration.,zebrafish fast start; fish escape response; larval strike,Reject clips where swimming is slow cruising without rapid curvature-acceleration sequence.,phototaxis; peristalsis; passive drift,,pending,pending,,pending_source_double_check,,,pending_principle_gate,Review video first against required_dynamic_signature; then use source page only if it contains specific mechanism evidence.,,Fast-start swimming converts body curvature into hydrodynamic reaction forces and acceleration.,transferable_principle_or_mechanism,Question must require the dynamic process; a single frame or source title should not be enough.,"Use hard negatives from same broad visual family, not copied choices from unrelated videos: phototaxis; peristalsis; passive drift",,,true,new_candidate_source
,,,,biology_living_systems,germination_and_development,DMR,,,BIO_DEV_001,BIO_DEV_001,Embryogenesis proceeds through repeated cell divisions and coordinated cell migration.,"Cleavage, gastrulation, or tissue formation is visible over time.",zebrafish embryo time lapse; C elegans embryo development; frog embryo,Reject final embryo stage slides or pure text overlays.,plant germination; cell migration only; mitosis isolated,,pending,pending,,pending_source_double_check,,,pending_principle_gate,Review video first against required_dynamic_signature; then use source page only if it contains specific mechanism evidence.,,Embryogenesis proceeds through repeated cell divisions and coordinated cell migration.,transferable_principle_or_mechanism,Question must require the dynamic process; a single frame or source title should not be enough.,"Use hard negatives from same broad visual family, not copied choices from unrelated videos: plant germination; cell migration only; mitosis isolated",,,true,new_candidate_source
,,,,biology_living_systems,germination_and_development,DMR,,,BIO_DEV_001,BIO_DEV_001,Embryogenesis proceeds through repeated cell divisions and coordinated cell migration.,"Cleavage, gastrulation, or tissue formation is visible over time.",zebrafish embryo time lapse; C elegans embryo development; frog embryo,Reject final embryo stage slides or pure text overlays.,plant germination; cell migration only; mitosis isolated,,pending,pending,,pending_source_double_check,,,pending_principle_gate,Review video first against required_dynamic_signature; then use source page only if it contains specific mechanism evidence.,,Embryogenesis proceeds through repeated cell divisions and coordinated cell migration.,transferable_principle_or_mechanism,Question must require the dynamic process; a single frame or source title should not be enough.,"Use hard negatives from same broad visual family, not copied choices from unrelated videos: plant germination; cell migration only; mitosis isolated",,,true,new_candidate_source
,,,,biology_living_systems,organism_behavior_and_taxis,DMR,,,BIO_TAX_002,BIO_TAX_002,Phototaxis biases movement relative to light direction or intensity.,Organisms redistribute toward/away from a light source or stimulus marker.,Euglena phototaxis; insect light trap; larval phototaxis,Reject clips with a lamp but no moving organisms or no directional redistribution.,phototropism; random walk; chemotaxis,,pending,pending,,pending_source_double_check,,,pending_principle_gate,Review video first against required_dynamic_signature; then use source page only if it contains specific mechanism evidence.,,Phototaxis biases movement relative to light direction or intensity.,transferable_principle_or_mechanism,Question must require the dynamic process; a single frame or source title should not be enough.,"Use hard negatives from same broad visual family, not copied choices from unrelated videos: phototropism; random walk; chemotaxis",,,true,new_candidate_source
,,,,biology_living_systems,organism_behavior_and_taxis,DMR,,,BIO_TAX_003,BIO_TAX_003,Magnetotaxis aligns motile cells with a magnetic field through magnetic torque.,Cell bands or trajectories reorganize when magnetic field direction changes.,magnetotactic bacteria; magnetic field swimming; field reversal,Reject source-only magnetotaxis where field marker or movement bias is absent.,chemotaxis; phototaxis; Brownian motion,,pending,pending,,pending_source_double_check,,,pending_principle_gate,Review video first against required_dynamic_signature; then use source page only if it contains specific mechanism evidence.,,Magnetotaxis aligns motile cells with a magnetic field through magnetic torque.,transferable_principle_or_mechanism,Question must require the dynamic process; a single frame or source title should not be enough.,"Use hard negatives from same broad visual family, not copied choices from unrelated videos: chemotaxis; phototaxis; Brownian motion",,,true,new_candidate_source
,,,,biology_living_systems,organism_behavior_and_taxis,DCR,DCR_BIO_MIMIC_001,dynamic mimicry,BIO_TAX_004,BIO_TAX_004,Run-and-tumble or Levy-like search alternates runs and turns to explore space.,The organism changes motion or posture to resemble another dynamic target.,bacterial run and tumble; Levy walk microbes; trajectory overlay,Reject purely static camouflage.,camouflage stillness; courtship display; simple escape,,pending,pending,,pending_source_double_check,,,pending_dcr_gate,Review video first against the named dynamic concept signature; then use source page only if it specifically supports the concept/mechanism.,,dynamic mimicry,named_dynamic_concept,Question must require the dynamic process; a single frame or source title should not be enough.,"Use hard negatives from same broad visual family, not copied choices from unrelated videos: camouflage stillness; courtship display; simple escape",,,true,new_candidate_source
,,,,biology_living_systems,plant_growth_and_tropisms,DMR,,,BIO_TRO_003,BIO_TRO_003,Hydrotropism biases root growth toward water gradients.,Root curvature changes toward wetter side over hours or days.,root hydrotropism time lapse; water gradient root growth,Reject source-only hydrotropism setups without root curvature.,gravitropism; halotropism; germination,,pending,pending,,pending_source_double_check,,,pending_principle_gate,Review video first against required_dynamic_signature; then use source page only if it contains specific mechanism evidence.,,Hydrotropism biases root growth toward water gradients.,transferable_principle_or_mechanism,Question must require the dynamic process; a single frame or source title should not be enough.,"Use hard negatives from same broad visual family, not copied choices from unrelated videos: gravitropism; halotropism; germination",,,true,new_candidate_source
,,,,biology_living_systems,plant_growth_and_tropisms,DMR,,,BIO_TRO_003,BIO_TRO_003,Hydrotropism biases root growth toward water gradients.,Root curvature changes toward wetter side over hours or days.,root hydrotropism time lapse; water gradient root growth,Reject source-only hydrotropism setups without root curvature.,gravitropism; halotropism; germination,,pending,pending,,pending_source_double_check,,,pending_principle_gate,Review video first against required_dynamic_signature; then use source page only if it contains specific mechanism evidence.,,Hydrotropism biases root growth toward water gradients.,transferable_principle_or_mechanism,Question must require the dynamic process; a single frame or source title should not be enough.,"Use hard negatives from same broad visual family, not copied choices from unrelated videos: gravitropism; halotropism; germination",,,true,new_candidate_source
,,,,biology_living_systems,plant_growth_and_tropisms,DCR,DCR_BIO_PHOTO_001,phototropism,BIO_TRO_001,BIO_TRO_001,Phototropism bends shoots through differential growth toward directional light.,A shoot bends progressively toward a light source over time.,phototropism time lapse; directional light plant growth,Reject clips without visible directional light or bending progression.,gravitropism; nastic folding; ordinary growth,,pending,pending,,pending_source_double_check,,,pending_dcr_gate,Review video first against the named dynamic concept signature; then use source page only if it specifically supports the concept/mechanism.,,phototropism,named_dynamic_concept,Question must require the dynamic process; a single frame or source title should not be enough.,"Use hard negatives from same broad visual family, not copied choices from unrelated videos: gravitropism; nastic folding; ordinary growth",,,true,new_candidate_source
,,,,biology_living_systems,plant_water_relations_and_turgor,DCR,DCR_BIO_STREAM_001,cytoplasmic streaming,BIO_TRA_003,BIO_TRA_003,Cytoplasmic streaming moves organelles along cytoskeletal tracks inside plant cells.,Chloroplasts or organelles circulate along cell edges or tracks.,Elodea cytoplasmic streaming; chloroplast movement microscopy,Reject clips where organelle motion is not visible.,Brownian motion; cell division; camera drift,,pending,pending,,pending_source_double_check,,,pending_dcr_gate,Review video first against the named dynamic concept signature; then use source page only if it specifically supports the concept/mechanism.,,cytoplasmic streaming,named_dynamic_concept,Question must require the dynamic process; a single frame or source title should not be enough.,"Use hard negatives from same broad visual family, not copied choices from unrelated videos: Brownian motion; cell division; camera drift",,,true,new_candidate_source
,,,,chemistry_materials_change,redox_and_endpoint_reactions,DCR,DCR_CHEM_BLUE_001,blue bottle reaction,CHM_RED_003,CHM_RED_003,Redox indicator systems can cycle between colored oxidation states.,Shaking turns the solution blue and resting fades it repeatedly.,chemical traffic light; blue bottle; chameleon reaction,Reject non-cyclic one-way color changes.,one-way dye mixing; iodine clock; precipitation,,pending,pending,,pending_source_double_check,,,pending_dcr_gate,Review video first against the named dynamic concept signature; then use source page only if it specifically supports the concept/mechanism.,,blue bottle reaction,named_dynamic_concept,Question must require the dynamic process; a single frame or source title should not be enough.,"Use hard negatives from same broad visual family, not copied choices from unrelated videos: one-way dye mixing; iodine clock; precipitation",,,true,new_candidate_source
,,,,earth_environmental_systems,geology_and_geophysical_change,DMR,,,EAR_GEO_003,EAR_GEO_003,Lava flow forms a cooling crust while molten interior continues advancing.,"Surface crust wrinkles, breaks, or folds as the flow front moves.",lava flow time lapse; pahoehoe crust; molten lava front,Reject static lava images or glow-only clips.,pyroclastic current; mudflow; glacier,,pending,pending,,pending_source_double_check,,,pending_principle_gate,Review video first against required_dynamic_signature; then use source page only if it contains specific mechanism evidence.,,Lava flow forms a cooling crust while molten interior continues advancing.,transferable_principle_or_mechanism,Question must require the dynamic process; a single frame or source title should not be enough.,"Use hard negatives from same broad visual family, not copied choices from unrelated videos: pyroclastic current; mudflow; glacier",,,true,new_candidate_source
,,,,earth_environmental_systems,weather_and_atmospheric_dynamics,DCR,DCR_EAR_SUPER_001,supercell thunderstorm,EAR_WEA_002,EAR_WEA_002,Rotating atmospheric flow organizes clouds and precipitation into vortices.,Cloud base or storm structure rotates persistently with organized inflow/outflow.,cyclone satellite timelapse; tornado cloud rotation; mesocyclone,Reject clips with dramatic clouds but no rotation sequence.,downburst; ordinary cumulus; dust devil,,pending,pending,,pending_source_double_check,,,pending_dcr_gate,Review video first against the named dynamic concept signature; then use source page only if it specifically supports the concept/mechanism.,,supercell thunderstorm,named_dynamic_concept,Question must require the dynamic process; a single frame or source title should not be enough.,"Use hard negatives from same broad visual family, not copied choices from unrelated videos: downburst; ordinary cumulus; dust devil",,,true,new_candidate_source
,,,,engineering_operational_systems,filtration_and_separation,DCR,DCR_ENG_GRAN_001,Brazil nut effect,ENG_SEP_003,ENG_SEP_003,Vibration can segregate granular mixtures when smaller grains percolate downward.,Large particles rise or size layers form under shaking.,Brazil nut effect; granular segregation; vibration sorting,Reject clips with pre-sorted layers only.,sedimentation; mixing; static stratification,,pending,pending,,pending_source_double_check,,,pending_dcr_gate,Review video first against the named dynamic concept signature; then use source page only if it specifically supports the concept/mechanism.,,Brazil nut effect,named_dynamic_concept,Question must require the dynamic process; a single frame or source title should not be enough.,"Use hard negatives from same broad visual family, not copied choices from unrelated videos: sedimentation; mixing; static stratification",,,true,new_candidate_source
,,,,engineering_operational_systems,machines_control_and_failure_modes,DMR,,,ENG_MCH_003,ENG_MCH_003,Escapements discretize energy release into stepwise gear advance.,Oscillator motion locks/unlocks teeth and gear advances one step at a time.,clock escapement; anchor escapement; watch escapement,Reject clock face videos with no visible escapement action.,gear train; ratchet; pendulum only,,pending,pending,,pending_source_double_check,,,pending_principle_gate,Review video first against required_dynamic_signature; then use source page only if it contains specific mechanism evidence.,,Escapements discretize energy release into stepwise gear advance.,transferable_principle_or_mechanism,Question must require the dynamic process; a single frame or source title should not be enough.,"Use hard negatives from same broad visual family, not copied choices from unrelated videos: gear train; ratchet; pendulum only",,,true,new_candidate_source
,,,,engineering_operational_systems,machines_control_and_failure_modes,DMR,,,ENG_MCH_004,ENG_MCH_004,Ratchets allow intermittent one-way motion while blocking reverse motion.,Pawl engages teeth during one direction and slips/resets in the other.,ratchet mechanism; pawl; one-way drive,Reject tools using ratchets without visible pawl-tooth sequence.,escapement; gear train; clutch,,pending,pending,,pending_source_double_check,,,pending_principle_gate,Review video first against required_dynamic_signature; then use source page only if it contains specific mechanism evidence.,,Ratchets allow intermittent one-way motion while blocking reverse motion.,transferable_principle_or_mechanism,Question must require the dynamic process; a single frame or source title should not be enough.,"Use hard negatives from same broad visual family, not copied choices from unrelated videos: escapement; gear train; clutch",,,true,new_candidate_source
,,,,engineering_operational_systems,machines_control_and_failure_modes,DCR,DCR_ENG_PID_001,PID overshoot,ENG_PRS_003,ENG_PRS_003,Feedback control reduces deviation by sensing a variable and actuating a correction.,A controlled variable rises past target and oscillates or settles back.,level control; PID valve; thermostat control demos,Reject clips without visible target/setpoint or response trace.,steady tracking; random vibration; open-loop motion,,pending,pending,,pending_source_double_check,,,pending_dcr_gate,Review video first against the named dynamic concept signature; then use source page only if it specifically supports the concept/mechanism.,,PID overshoot,named_dynamic_concept,Question must require the dynamic process; a single frame or source title should not be enough.,"Use hard negatives from same broad visual family, not copied choices from unrelated videos: steady tracking; random vibration; open-loop motion",,,true,new_candidate_source
,,,,engineering_operational_systems,pressure_flow_and_process_control,DMR,,,ENG_PRS_003,ENG_PRS_003,Feedback control reduces deviation by sensing a variable and actuating a correction.,A disturbance or setpoint change is followed by actuator response and variable stabilization.,level control; PID valve; thermostat control demos,Reject manually adjusted controls without closed-loop response.,open-loop valve; pressure relief; natural flow,,pending,pending,,pending_source_double_check,,,pending_principle_gate,Review video first against required_dynamic_signature; then use source page only if it contains specific mechanism evidence.,,Feedback control reduces deviation by sensing a variable and actuating a correction.,transferable_principle_or_mechanism,Question must require the dynamic process; a single frame or source title should not be enough.,"Use hard negatives from same broad visual family, not copied choices from unrelated videos: open-loop valve; pressure relief; natural flow",,,true,new_candidate_source
,,,,engineering_operational_systems,pressure_flow_and_process_control,DMR,,,ENG_FAIL_002,ENG_FAIL_002,Clogging creates positive feedback by reducing flow area and increasing upstream accumulation.,"Particles collect in a filter/channel, flow slows, and blockage worsens.",filter clogging; channel blockage; fouling time lapse,Reject final clogged filters without accumulation sequence.,sedimentation; filtration normal; precipitation,,pending,pending,,pending_source_double_check,,,pending_principle_gate,Review video first against required_dynamic_signature; then use source page only if it contains specific mechanism evidence.,,Clogging creates positive feedback by reducing flow area and increasing upstream accumulation.,transferable_principle_or_mechanism,Question must require the dynamic process; a single frame or source title should not be enough.,"Use hard negatives from same broad visual family, not copied choices from unrelated videos: sedimentation; filtration normal; precipitation",,,true,new_candidate_source
,,,,engineering_operational_systems,pressure_flow_and_process_control,DCR,DCR_ENG_WATER_001,water hammer,ENG_PRS_003,ENG_PRS_003,Feedback control reduces deviation by sensing a variable and actuating a correction.,"Valve closure or flow interruption is followed by visible pipe vibration, pressure spike, or banging.",level control; PID valve; thermostat control demos,Reject clips without a flow-change trigger.,steady pump flow; cavitation; ordinary vibration,,pending,pending,,pending_source_double_check,,,pending_dcr_gate,Review video first against the named dynamic concept signature; then use source page only if it specifically supports the concept/mechanism.,,water hammer,named_dynamic_concept,Question must require the dynamic process; a single frame or source title should not be enough.,"Use hard negatives from same broad visual family, not copied choices from unrelated videos: steady pump flow; cavitation; ordinary vibration",,,true,new_candidate_source
,,,,physics_physical_systems,fluids_pressure_and_buoyancy,DCR,DCR_PHY_SIPHON_001,siphon,PHY_FLU_003,PHY_FLU_003,Pressure gradients drive siphon or liquid-column flow after priming.,Liquid continues through an inverted tube with visible source/drain level changes.,siphon demonstrations; transparent tube flow,Reject clips where flow is pump-driven or not visibly continuous after priming.,pump flow; capillary rise; simple pouring,,pending,pending,,pending_source_double_check,,,pending_dcr_gate,Review video first against the named dynamic concept signature; then use source page only if it specifically supports the concept/mechanism.,,siphon,named_dynamic_concept,Question must require the dynamic process; a single frame or source title should not be enough.,"Use hard negatives from same broad visual family, not copied choices from unrelated videos: pump flow; capillary rise; simple pouring",,,true,new_candidate_source
,,,,physics_physical_systems,oscillation_rotation_and_vibration,DCR,DCR_PHY_SKATE_001,triple Axel,PHY_OSC_003,PHY_OSC_003,Resonance amplifies motion when periodic forcing matches a natural frequency.,"Forward outside-edge takeoff, multiple airborne rotations, and backward landing are visible.",driven pendulum; resonance table; vibrating structure experiments,Reject clips where the full takeoff-to-landing sequence is not visible.,toe loop; Salchow; double Axel,,pending,pending,,pending_source_double_check,,,pending_dcr_gate,Review video first against the named dynamic concept signature; then use source page only if it specifically supports the concept/mechanism.,,triple Axel,named_dynamic_concept,Question must require the dynamic process; a single frame or source title should not be enough.,"Use hard negatives from same broad visual family, not copied choices from unrelated videos: toe loop; Salchow; double Axel",,,true,new_candidate_source
,,,,biology_living_systems,animal_locomotion_and_biomechanics,DMR,,,BIO_LOC_004,BIO_LOC_004,Fast-start swimming converts body curvature into hydrodynamic reaction forces and acceleration.,S- or C-shaped bend is followed by rapid forward acceleration.,zebrafish fast start; fish escape response; larval strike,Reject clips where swimming is slow cruising without rapid curvature-acceleration sequence.,phototaxis; peristalsis; passive drift,,pending,pending,,pending_source_double_check,,,pending_principle_gate,Review video first against required_dynamic_signature; then use source page only if it contains specific mechanism evidence.,,Fast-start swimming converts body curvature into hydrodynamic reaction forces and acceleration.,transferable_principle_or_mechanism,Question must require the dynamic process; a single frame or source title should not be enough.,"Use hard negatives from same broad visual family, not copied choices from unrelated videos: phototaxis; peristalsis; passive drift",,,true,new_candidate_source
,,,,biology_living_systems,germination_and_development,DMR,,,BIO_DEV_002,BIO_DEV_002,Seed germination starts with water uptake and radicle emergence before shoot development.,"Seed swells, radicle emerges, shoot later elongates.",seed germination time lapse; bean radicle emergence,Reject generic seedling growth after germination if radicle emergence is absent.,phototropism; leaf unfurling; fungal growth,,pending,pending,,pending_source_double_check,,,pending_principle_gate,Review video first against required_dynamic_signature; then use source page only if it contains specific mechanism evidence.,,Seed germination starts with water uptake and radicle emergence before shoot development.,transferable_principle_or_mechanism,Question must require the dynamic process; a single frame or source title should not be enough.,"Use hard negatives from same broad visual family, not copied choices from unrelated videos: phototropism; leaf unfurling; fungal growth",,,true,new_candidate_source
,,,,biology_living_systems,germination_and_development,DMR,,,BIO_DEV_002,BIO_DEV_002,Seed germination starts with water uptake and radicle emergence before shoot development.,"Seed swells, radicle emerges, shoot later elongates.",seed germination time lapse; bean radicle emergence,Reject generic seedling growth after germination if radicle emergence is absent.,phototropism; leaf unfurling; fungal growth,,pending,pending,,pending_source_double_check,,,pending_principle_gate,Review video first against required_dynamic_signature; then use source page only if it contains specific mechanism evidence.,,Seed germination starts with water uptake and radicle emergence before shoot development.,transferable_principle_or_mechanism,Question must require the dynamic process; a single frame or source title should not be enough.,"Use hard negatives from same broad visual family, not copied choices from unrelated videos: phototropism; leaf unfurling; fungal growth",,,true,new_candidate_source
,,,,biology_living_systems,organism_behavior_and_taxis,DMR,,,BIO_TAX_003,BIO_TAX_003,Magnetotaxis aligns motile cells with a magnetic field through magnetic torque.,Cell bands or trajectories reorganize when magnetic field direction changes.,magnetotactic bacteria; magnetic field swimming; field reversal,Reject source-only magnetotaxis where field marker or movement bias is absent.,chemotaxis; phototaxis; Brownian motion,,pending,pending,,pending_source_double_check,,,pending_principle_gate,Review video first against required_dynamic_signature; then use source page only if it contains specific mechanism evidence.,,Magnetotaxis aligns motile cells with a magnetic field through magnetic torque.,transferable_principle_or_mechanism,Question must require the dynamic process; a single frame or source title should not be enough.,"Use hard negatives from same broad visual family, not copied choices from unrelated videos: chemotaxis; phototaxis; Brownian motion",,,true,new_candidate_source
,,,,biology_living_systems,organism_behavior_and_taxis,DMR,,,BIO_TAX_004,BIO_TAX_004,Run-and-tumble or Levy-like search alternates runs and turns to explore space.,Tracked trajectories show long runs interrupted by reorientation turns.,bacterial run and tumble; Levy walk microbes; trajectory overlay,Reject smooth swimming or untracked crowd motion.,diffusion; taxis gradient; ciliary beating,,pending,pending,,pending_source_double_check,,,pending_principle_gate,Review video first against required_dynamic_signature; then use source page only if it contains specific mechanism evidence.,,Run-and-tumble or Levy-like search alternates runs and turns to explore space.,transferable_principle_or_mechanism,Question must require the dynamic process; a single frame or source title should not be enough.,"Use hard negatives from same broad visual family, not copied choices from unrelated videos: diffusion; taxis gradient; ciliary beating",,,true,new_candidate_source
,,,,biology_living_systems,organism_behavior_and_taxis,DCR,DCR_BIO_MIMIC_001,dynamic mimicry,BIO_TAX_004,BIO_TAX_004,Run-and-tumble or Levy-like search alternates runs and turns to explore space.,The organism changes motion or posture to resemble another dynamic target.,bacterial run and tumble; Levy walk microbes; trajectory overlay,Reject purely static camouflage.,camouflage stillness; courtship display; simple escape,,pending,pending,,pending_source_double_check,,,pending_dcr_gate,Review video first against the named dynamic concept signature; then use source page only if it specifically supports the concept/mechanism.,,dynamic mimicry,named_dynamic_concept,Question must require the dynamic process; a single frame or source title should not be enough.,"Use hard negatives from same broad visual family, not copied choices from unrelated videos: camouflage stillness; courtship display; simple escape",,,true,new_candidate_source
,,,,biology_living_systems,plant_growth_and_tropisms,DCR,DCR_BIO_PHOTO_001,phototropism,BIO_TRO_001,BIO_TRO_001,Phototropism bends shoots through differential growth toward directional light.,A shoot bends progressively toward a light source over time.,phototropism time lapse; directional light plant growth,Reject clips without visible directional light or bending progression.,gravitropism; nastic folding; ordinary growth,,pending,pending,,pending_source_double_check,,,pending_dcr_gate,Review video first against the named dynamic concept signature; then use source page only if it specifically supports the concept/mechanism.,,phototropism,named_dynamic_concept,Question must require the dynamic process; a single frame or source title should not be enough.,"Use hard negatives from same broad visual family, not copied choices from unrelated videos: gravitropism; nastic folding; ordinary growth",,,true,new_candidate_source
,,,,biology_living_systems,plant_water_relations_and_turgor,DCR,DCR_BIO_STREAM_001,cytoplasmic streaming,BIO_TRA_003,BIO_TRA_003,Cytoplasmic streaming moves organelles along cytoskeletal tracks inside plant cells.,Chloroplasts or organelles circulate along cell edges or tracks.,Elodea cytoplasmic streaming; chloroplast movement microscopy,Reject clips where organelle motion is not visible.,Brownian motion; cell division; camera drift,,pending,pending,,pending_source_double_check,,,pending_dcr_gate,Review video first against the named dynamic concept signature; then use source page only if it specifically supports the concept/mechanism.,,cytoplasmic streaming,named_dynamic_concept,Question must require the dynamic process; a single frame or source title should not be enough.,"Use hard negatives from same broad visual family, not copied choices from unrelated videos: Brownian motion; cell division; camera drift",,,true,new_candidate_source
,,,,chemistry_materials_change,redox_and_endpoint_reactions,DCR,DCR_CHEM_BLUE_001,blue bottle reaction,CHM_RED_003,CHM_RED_003,Redox indicator systems can cycle between colored oxidation states.,Shaking turns the solution blue and resting fades it repeatedly.,chemical traffic light; blue bottle; chameleon reaction,Reject non-cyclic one-way color changes.,one-way dye mixing; iodine clock; precipitation,,pending,pending,,pending_source_double_check,,,pending_dcr_gate,Review video first against the named dynamic concept signature; then use source page only if it specifically supports the concept/mechanism.,,blue bottle reaction,named_dynamic_concept,Question must require the dynamic process; a single frame or source title should not be enough.,"Use hard negatives from same broad visual family, not copied choices from unrelated videos: one-way dye mixing; iodine clock; precipitation",,,true,new_candidate_source
,,,,earth_environmental_systems,weather_and_atmospheric_dynamics,DCR,DCR_EAR_SUPER_001,supercell thunderstorm,EAR_WEA_002,EAR_WEA_002,Rotating atmospheric flow organizes clouds and precipitation into vortices.,Cloud base or storm structure rotates persistently with organized inflow/outflow.,cyclone satellite timelapse; tornado cloud rotation; mesocyclone,Reject clips with dramatic clouds but no rotation sequence.,downburst; ordinary cumulus; dust devil,,pending,pending,,pending_source_double_check,,,pending_dcr_gate,Review video first against the named dynamic concept signature; then use source page only if it specifically supports the concept/mechanism.,,supercell thunderstorm,named_dynamic_concept,Question must require the dynamic process; a single frame or source title should not be enough.,"Use hard negatives from same broad visual family, not copied choices from unrelated videos: downburst; ordinary cumulus; dust devil",,,true,new_candidate_source
,,,,engineering_operational_systems,filtration_and_separation,DCR,DCR_ENG_GRAN_001,Brazil nut effect,ENG_SEP_003,ENG_SEP_003,Vibration can segregate granular mixtures when smaller grains percolate downward.,Large particles rise or size layers form under shaking.,Brazil nut effect; granular segregation; vibration sorting,Reject clips with pre-sorted layers only.,sedimentation; mixing; static stratification,,pending,pending,,pending_source_double_check,,,pending_dcr_gate,Review video first against the named dynamic concept signature; then use source page only if it specifically supports the concept/mechanism.,,Brazil nut effect,named_dynamic_concept,Question must require the dynamic process; a single frame or source title should not be enough.,"Use hard negatives from same broad visual family, not copied choices from unrelated videos: sedimentation; mixing; static stratification",,,true,new_candidate_source
,,,,engineering_operational_systems,machines_control_and_failure_modes,DMR,,,ENG_MCH_004,ENG_MCH_004,Ratchets allow intermittent one-way motion while blocking reverse motion.,Pawl engages teeth during one direction and slips/resets in the other.,ratchet mechanism; pawl; one-way drive,Reject tools using ratchets without visible pawl-tooth sequence.,escapement; gear train; clutch,,pending,pending,,pending_source_double_check,,,pending_principle_gate,Review video first against required_dynamic_signature; then use source page only if it contains specific mechanism evidence.,,Ratchets allow intermittent one-way motion while blocking reverse motion.,transferable_principle_or_mechanism,Question must require the dynamic process; a single frame or source title should not be enough.,"Use hard negatives from same broad visual family, not copied choices from unrelated videos: escapement; gear train; clutch",,,true,new_candidate_source
,,,,engineering_operational_systems,machines_control_and_failure_modes,DMR,,,ENG_FAIL_001,ENG_FAIL_001,Mechanical resonance can amplify vibration until structural instability or failure occurs.,"Vibration amplitude grows and structure deforms, loses control, or breaks.",resonance failure; bridge vibration; rotating machinery instability,Reject failures with no visible oscillation growth.,impact fracture; damping; normal operation,,pending,pending,,pending_source_double_check,,,pending_principle_gate,Review video first against required_dynamic_signature; then use source page only if it contains specific mechanism evidence.,,Mechanical resonance can amplify vibration until structural instability or failure occurs.,transferable_principle_or_mechanism,Question must require the dynamic process; a single frame or source title should not be enough.,"Use hard negatives from same broad visual family, not copied choices from unrelated videos: impact fracture; damping; normal operation",,,true,new_candidate_source
,,,,engineering_operational_systems,machines_control_and_failure_modes,DCR,DCR_ENG_PID_001,PID overshoot,ENG_PRS_003,ENG_PRS_003,Feedback control reduces deviation by sensing a variable and actuating a correction.,A controlled variable rises past target and oscillates or settles back.,level control; PID valve; thermostat control demos,Reject clips without visible target/setpoint or response trace.,steady tracking; random vibration; open-loop motion,,pending,pending,,pending_source_double_check,,,pending_dcr_gate,Review video first against the named dynamic concept signature; then use source page only if it specifically supports the concept/mechanism.,,PID overshoot,named_dynamic_concept,Question must require the dynamic process; a single frame or source title should not be enough.,"Use hard negatives from same broad visual family, not copied choices from unrelated videos: steady tracking; random vibration; open-loop motion",,,true,new_candidate_source
,,,,engineering_operational_systems,pressure_flow_and_process_control,DMR,,,ENG_FAIL_002,ENG_FAIL_002,Clogging creates positive feedback by reducing flow area and increasing upstream accumulation.,"Particles collect in a filter/channel, flow slows, and blockage worsens.",filter clogging; channel blockage; fouling time lapse,Reject final clogged filters without accumulation sequence.,sedimentation; filtration normal; precipitation,,pending,pending,,pending_source_double_check,,,pending_principle_gate,Review video first against required_dynamic_signature; then use source page only if it contains specific mechanism evidence.,,Clogging creates positive feedback by reducing flow area and increasing upstream accumulation.,transferable_principle_or_mechanism,Question must require the dynamic process; a single frame or source title should not be enough.,"Use hard negatives from same broad visual family, not copied choices from unrelated videos: sedimentation; filtration normal; precipitation",,,true,new_candidate_source
,,,,engineering_operational_systems,pressure_flow_and_process_control,DMR,,,ENG_FAIL_002,ENG_FAIL_002,Clogging creates positive feedback by reducing flow area and increasing upstream accumulation.,"Particles collect in a filter/channel, flow slows, and blockage worsens.",filter clogging; channel blockage; fouling time lapse,Reject final clogged filters without accumulation sequence.,sedimentation; filtration normal; precipitation,,pending,pending,,pending_source_double_check,,,pending_principle_gate,Review video first against required_dynamic_signature; then use source page only if it contains specific mechanism evidence.,,Clogging creates positive feedback by reducing flow area and increasing upstream accumulation.,transferable_principle_or_mechanism,Question must require the dynamic process; a single frame or source title should not be enough.,"Use hard negatives from same broad visual family, not copied choices from unrelated videos: sedimentation; filtration normal; precipitation",,,true,new_candidate_source
,,,,engineering_operational_systems,pressure_flow_and_process_control,DCR,DCR_ENG_WATER_001,water hammer,ENG_PRS_003,ENG_PRS_003,Feedback control reduces deviation by sensing a variable and actuating a correction.,"Valve closure or flow interruption is followed by visible pipe vibration, pressure spike, or banging.",level control; PID valve; thermostat control demos,Reject clips without a flow-change trigger.,steady pump flow; cavitation; ordinary vibration,,pending,pending,,pending_source_double_check,,,pending_dcr_gate,Review video first against the named dynamic concept signature; then use source page only if it specifically supports the concept/mechanism.,,water hammer,named_dynamic_concept,Question must require the dynamic process; a single frame or source title should not be enough.,"Use hard negatives from same broad visual family, not copied choices from unrelated videos: steady pump flow; cavitation; ordinary vibration",,,true,new_candidate_source
,,,,physics_physical_systems,fluids_pressure_and_buoyancy,DCR,DCR_PHY_SIPHON_001,siphon,PHY_FLU_003,PHY_FLU_003,Pressure gradients drive siphon or liquid-column flow after priming.,Liquid continues through an inverted tube with visible source/drain level changes.,siphon demonstrations; transparent tube flow,Reject clips where flow is pump-driven or not visibly continuous after priming.,pump flow; capillary rise; simple pouring,,pending,pending,,pending_source_double_check,,,pending_dcr_gate,Review video first against the named dynamic concept signature; then use source page only if it specifically supports the concept/mechanism.,,siphon,named_dynamic_concept,Question must require the dynamic process; a single frame or source title should not be enough.,"Use hard negatives from same broad visual family, not copied choices from unrelated videos: pump flow; capillary rise; simple pouring",,,true,new_candidate_source
,,,,physics_physical_systems,oscillation_rotation_and_vibration,DCR,DCR_PHY_SKATE_001,triple Axel,PHY_OSC_003,PHY_OSC_003,Resonance amplifies motion when periodic forcing matches a natural frequency.,"Forward outside-edge takeoff, multiple airborne rotations, and backward landing are visible.",driven pendulum; resonance table; vibrating structure experiments,Reject clips where the full takeoff-to-landing sequence is not visible.,toe loop; Salchow; double Axel,,pending,pending,,pending_source_double_check,,,pending_dcr_gate,Review video first against the named dynamic concept signature; then use source page only if it specifically supports the concept/mechanism.,,triple Axel,named_dynamic_concept,Question must require the dynamic process; a single frame or source title should not be enough.,"Use hard negatives from same broad visual family, not copied choices from unrelated videos: toe loop; Salchow; double Axel",,,true,new_candidate_source
,,,,biology_living_systems,organism_behavior_and_taxis,DMR,,,BIO_TAX_004,BIO_TAX_004,Run-and-tumble or Levy-like search alternates runs and turns to explore space.,Tracked trajectories show long runs interrupted by reorientation turns.,bacterial run and tumble; Levy walk microbes; trajectory overlay,Reject smooth swimming or untracked crowd motion.,diffusion; taxis gradient; ciliary beating,,pending,pending,,pending_source_double_check,,,pending_principle_gate,Review video first against required_dynamic_signature; then use source page only if it contains specific mechanism evidence.,,Run-and-tumble or Levy-like search alternates runs and turns to explore space.,transferable_principle_or_mechanism,Question must require the dynamic process; a single frame or source title should not be enough.,"Use hard negatives from same broad visual family, not copied choices from unrelated videos: diffusion; taxis gradient; ciliary beating",,,true,new_candidate_source
,,,,biology_living_systems,organism_behavior_and_taxis,DMR,,,BIO_TAX_004,BIO_TAX_004,Run-and-tumble or Levy-like search alternates runs and turns to explore space.,Tracked trajectories show long runs interrupted by reorientation turns.,bacterial run and tumble; Levy walk microbes; trajectory overlay,Reject smooth swimming or untracked crowd motion.,diffusion; taxis gradient; ciliary beating,,pending,pending,,pending_source_double_check,,,pending_principle_gate,Review video first against required_dynamic_signature; then use source page only if it contains specific mechanism evidence.,,Run-and-tumble or Levy-like search alternates runs and turns to explore space.,transferable_principle_or_mechanism,Question must require the dynamic process; a single frame or source title should not be enough.,"Use hard negatives from same broad visual family, not copied choices from unrelated videos: diffusion; taxis gradient; ciliary beating",,,true,new_candidate_source
,,,,chemistry_materials_change,redox_and_endpoint_reactions,DCR,DCR_CHEM_CLOCK_001,iodine clock reaction,CHM_RED_001,CHM_RED_001,Iodine-clock kinetics delay starch-iodine color until reductant is depleted.,A mixture remains light and then abruptly turns dark after a delay.,iodine clock reaction videos,Reject gradual color changes without a delayed abrupt endpoint.,pH indicator; simple dye mixing; precipitation,,pending,pending,,pending_source_double_check,,,pending_dcr_gate,Review video first against the named dynamic concept signature; then use source page only if it specifically supports the concept/mechanism.,,iodine clock reaction,named_dynamic_concept,Question must require the dynamic process; a single frame or source title should not be enough.,"Use hard negatives from same broad visual family, not copied choices from unrelated videos: pH indicator; simple dye mixing; precipitation",,,true,new_candidate_source
,,,,earth_environmental_systems,weather_and_atmospheric_dynamics,DCR,DCR_EAR_TORN_001,tornado genesis,EAR_WEA_002,EAR_WEA_002,Rotating atmospheric flow organizes clouds and precipitation into vortices.,A funnel lowers or tightens while surface debris/rotation develops.,cyclone satellite timelapse; tornado cloud rotation; mesocyclone,Reject clips that only show a mature distant tornado without formation evidence.,downburst; dust devil; supercell without funnel,,pending,pending,,pending_source_double_check,,,pending_dcr_gate,Review video first against the named dynamic concept signature; then use source page only if it specifically supports the concept/mechanism.,,tornado genesis,named_dynamic_concept,Question must require the dynamic process; a single frame or source title should not be enough.,"Use hard negatives from same broad visual family, not copied choices from unrelated videos: downburst; dust devil; supercell without funnel",,,true,new_candidate_source
,,,,engineering_operational_systems,machines_control_and_failure_modes,DMR,,,ENG_FAIL_001,ENG_FAIL_001,Mechanical resonance can amplify vibration until structural instability or failure occurs.,"Vibration amplitude grows and structure deforms, loses control, or breaks.",resonance failure; bridge vibration; rotating machinery instability,Reject failures with no visible oscillation growth.,impact fracture; damping; normal operation,,pending,pending,,pending_source_double_check,,,pending_principle_gate,Review video first against required_dynamic_signature; then use source page only if it contains specific mechanism evidence.,,Mechanical resonance can amplify vibration until structural instability or failure occurs.,transferable_principle_or_mechanism,Question must require the dynamic process; a single frame or source title should not be enough.,"Use hard negatives from same broad visual family, not copied choices from unrelated videos: impact fracture; damping; normal operation",,,true,new_candidate_source
,,,,engineering_operational_systems,machines_control_and_failure_modes,DMR,,,ENG_FAIL_001,ENG_FAIL_001,Mechanical resonance can amplify vibration until structural instability or failure occurs.,"Vibration amplitude grows and structure deforms, loses control, or breaks.",resonance failure; bridge vibration; rotating machinery instability,Reject failures with no visible oscillation growth.,impact fracture; damping; normal operation,,pending,pending,,pending_source_double_check,,,pending_principle_gate,Review video first against required_dynamic_signature; then use source page only if it contains specific mechanism evidence.,,Mechanical resonance can amplify vibration until structural instability or failure occurs.,transferable_principle_or_mechanism,Question must require the dynamic process; a single frame or source title should not be enough.,"Use hard negatives from same broad visual family, not copied choices from unrelated videos: impact fracture; damping; normal operation",,,true,new_candidate_source
,,,,physics_physical_systems,fluids_pressure_and_buoyancy,DCR,DCR_PHY_WAVE_001,Kelvin-Helmholtz instability,PHY_FLU_001,PHY_FLU_001,Bernoulli/Venturi flow couples higher speed through a constriction with lower static pressure.,"Billows roll up along a fluid, cloud, or density interface.",Venturi tube demos; transparent flow apparatus,Reject clips without interface roll-up or with only static cloud shapes.,surface gravity waves; smoke plume; static cloud bands,,pending,pending,,pending_source_double_check,,,pending_dcr_gate,Review video first against the named dynamic concept signature; then use source page only if it specifically supports the concept/mechanism.,,Kelvin-Helmholtz instability,named_dynamic_concept,Question must require the dynamic process; a single frame or source title should not be enough.,"Use hard negatives from same broad visual family, not copied choices from unrelated videos: surface gravity waves; smoke plume; static cloud bands",,,true,new_candidate_source
,,,,chemistry_materials_change,redox_and_endpoint_reactions,DCR,DCR_CHEM_CLOCK_001,iodine clock reaction,CHM_RED_001,CHM_RED_001,Iodine-clock kinetics delay starch-iodine color until reductant is depleted.,A mixture remains light and then abruptly turns dark after a delay.,iodine clock reaction videos,Reject gradual color changes without a delayed abrupt endpoint.,pH indicator; simple dye mixing; precipitation,,pending,pending,,pending_source_double_check,,,pending_dcr_gate,Review video first against the named dynamic concept signature; then use source page only if it specifically supports the concept/mechanism.,,iodine clock reaction,named_dynamic_concept,Question must require the dynamic process; a single frame or source title should not be enough.,"Use hard negatives from same broad visual family, not copied choices from unrelated videos: pH indicator; simple dye mixing; precipitation",,,true,new_candidate_source
,,,,earth_environmental_systems,weather_and_atmospheric_dynamics,DCR,DCR_EAR_TORN_001,tornado genesis,EAR_WEA_002,EAR_WEA_002,Rotating atmospheric flow organizes clouds and precipitation into vortices.,A funnel lowers or tightens while surface debris/rotation develops.,cyclone satellite timelapse; tornado cloud rotation; mesocyclone,Reject clips that only show a mature distant tornado without formation evidence.,downburst; dust devil; supercell without funnel,,pending,pending,,pending_source_double_check,,,pending_dcr_gate,Review video first against the named dynamic concept signature; then use source page only if it specifically supports the concept/mechanism.,,tornado genesis,named_dynamic_concept,Question must require the dynamic process; a single frame or source title should not be enough.,"Use hard negatives from same broad visual family, not copied choices from unrelated videos: downburst; dust devil; supercell without funnel",,,true,new_candidate_source
,,,,physics_physical_systems,fluids_pressure_and_buoyancy,DCR,DCR_PHY_WAVE_001,Kelvin-Helmholtz instability,PHY_FLU_001,PHY_FLU_001,Bernoulli/Venturi flow couples higher speed through a constriction with lower static pressure.,"Billows roll up along a fluid, cloud, or density interface.",Venturi tube demos; transparent flow apparatus,Reject clips without interface roll-up or with only static cloud shapes.,surface gravity waves; smoke plume; static cloud bands,,pending,pending,,pending_source_double_check,,,pending_dcr_gate,Review video first against the named dynamic concept signature; then use source page only if it specifically supports the concept/mechanism.,,Kelvin-Helmholtz instability,named_dynamic_concept,Question must require the dynamic process; a single frame or source title should not be enough.,"Use hard negatives from same broad visual family, not copied choices from unrelated videos: surface gravity waves; smoke plume; static cloud bands",,,true,new_candidate_source
,,,,chemistry_materials_change,redox_and_endpoint_reactions,DCR,DCR_CHEM_CLOCK_001,iodine clock reaction,CHM_RED_001,CHM_RED_001,Iodine-clock kinetics delay starch-iodine color until reductant is depleted.,A mixture remains light and then abruptly turns dark after a delay.,iodine clock reaction videos,Reject gradual color changes without a delayed abrupt endpoint.,pH indicator; simple dye mixing; precipitation,,pending,pending,,pending_source_double_check,,,pending_dcr_gate,Review video first against the named dynamic concept signature; then use source page only if it specifically supports the concept/mechanism.,,iodine clock reaction,named_dynamic_concept,Question must require the dynamic process; a single frame or source title should not be enough.,"Use hard negatives from same broad visual family, not copied choices from unrelated videos: pH indicator; simple dye mixing; precipitation",,,true,new_candidate_source
,,,,earth_environmental_systems,weather_and_atmospheric_dynamics,DCR,DCR_EAR_TORN_001,tornado genesis,EAR_WEA_002,EAR_WEA_002,Rotating atmospheric flow organizes clouds and precipitation into vortices.,A funnel lowers or tightens while surface debris/rotation develops.,cyclone satellite timelapse; tornado cloud rotation; mesocyclone,Reject clips that only show a mature distant tornado without formation evidence.,downburst; dust devil; supercell without funnel,,pending,pending,,pending_source_double_check,,,pending_dcr_gate,Review video first against the named dynamic concept signature; then use source page only if it specifically supports the concept/mechanism.,,tornado genesis,named_dynamic_concept,Question must require the dynamic process; a single frame or source title should not be enough.,"Use hard negatives from same broad visual family, not copied choices from unrelated videos: downburst; dust devil; supercell without funnel",,,true,new_candidate_source
,,,,physics_physical_systems,fluids_pressure_and_buoyancy,DCR,DCR_PHY_WAVE_001,Kelvin-Helmholtz instability,PHY_FLU_001,PHY_FLU_001,Bernoulli/Venturi flow couples higher speed through a constriction with lower static pressure.,"Billows roll up along a fluid, cloud, or density interface.",Venturi tube demos; transparent flow apparatus,Reject clips without interface roll-up or with only static cloud shapes.,surface gravity waves; smoke plume; static cloud bands,,pending,pending,,pending_source_double_check,,,pending_dcr_gate,Review video first against the named dynamic concept signature; then use source page only if it specifically supports the concept/mechanism.,,Kelvin-Helmholtz instability,named_dynamic_concept,Question must require the dynamic process; a single frame or source title should not be enough.,"Use hard negatives from same broad visual family, not copied choices from unrelated videos: surface gravity waves; smoke plume; static cloud bands",,,true,new_candidate_source
