search_term,initial_category,candidate_knowledge_point,domain_seed,subdomain_seed,default_start_sec,default_end_sec,why_dynamic,notes,collector_notes
free fall acceleration slow motion,physics_physical_systems,__construct_after_principle_video_gate__,physics_physical_systems,motion_forces_and_energy,0,60,Frame-to-frame downward displacement increases or tracked velocity increases during fall.,"principle_id=PHY_FOR_001; priority=core; reject=Reject static falling-object images, title-only gravity claims, and clips where the object is already moving without visible acceleration.; hard_negative_family=constant velocity; buoyant rise; projectile horizontal component","principle_id=PHY_FOR_001; priority=core; reject=Reject static falling-object images, title-only gravity claims, and clips where the object is already moving without visible acceleration.; hard_negative_family=constant velocity; buoyant rise; projectile horizontal component"
falling object increasing speed video,physics_physical_systems,__construct_after_principle_video_gate__,physics_physical_systems,motion_forces_and_energy,0,60,Frame-to-frame downward displacement increases or tracked velocity increases during fall.,"principle_id=PHY_FOR_001; priority=core; reject=Reject static falling-object images, title-only gravity claims, and clips where the object is already moving without visible acceleration.; hard_negative_family=constant velocity; buoyant rise; projectile horizontal component","principle_id=PHY_FOR_001; priority=core; reject=Reject static falling-object images, title-only gravity claims, and clips where the object is already moving without visible acceleration.; hard_negative_family=constant velocity; buoyant rise; projectile horizontal component"
gravity acceleration experiment video,physics_physical_systems,__construct_after_principle_video_gate__,physics_physical_systems,motion_forces_and_energy,0,60,Frame-to-frame downward displacement increases or tracked velocity increases during fall.,"principle_id=PHY_FOR_001; priority=core; reject=Reject static falling-object images, title-only gravity claims, and clips where the object is already moving without visible acceleration.; hard_negative_family=constant velocity; buoyant rise; projectile horizontal component","principle_id=PHY_FOR_001; priority=core; reject=Reject static falling-object images, title-only gravity claims, and clips where the object is already moving without visible acceleration.; hard_negative_family=constant velocity; buoyant rise; projectile horizontal component"
projectile motion parabolic trajectory slow motion,physics_physical_systems,__construct_after_principle_video_gate__,physics_physical_systems,motion_forces_and_energy,0,60,The object follows a parabolic arc or tracked trajectory with independent horizontal and vertical components.,principle_id=PHY_FOR_002; priority=core; reject=Reject clips without visible trajectory or where propulsion continues after launch.; hard_negative_family=free fall only; powered flight; rolling on ramp,principle_id=PHY_FOR_002; priority=core; reject=Reject clips without visible trajectory or where propulsion continues after launch.; hard_negative_family=free fall only; powered flight; rolling on ramp
projectile motion tracking video,physics_physical_systems,__construct_after_principle_video_gate__,physics_physical_systems,motion_forces_and_energy,0,60,The object follows a parabolic arc or tracked trajectory with independent horizontal and vertical components.,principle_id=PHY_FOR_002; priority=core; reject=Reject clips without visible trajectory or where propulsion continues after launch.; hard_negative_family=free fall only; powered flight; rolling on ramp,principle_id=PHY_FOR_002; priority=core; reject=Reject clips without visible trajectory or where propulsion continues after launch.; hard_negative_family=free fall only; powered flight; rolling on ramp
ball projectile motion experiment,physics_physical_systems,__construct_after_principle_video_gate__,physics_physical_systems,motion_forces_and_energy,0,60,The object follows a parabolic arc or tracked trajectory with independent horizontal and vertical components.,principle_id=PHY_FOR_002; priority=core; reject=Reject clips without visible trajectory or where propulsion continues after launch.; hard_negative_family=free fall only; powered flight; rolling on ramp,principle_id=PHY_FOR_002; priority=core; reject=Reject clips without visible trajectory or where propulsion continues after launch.; hard_negative_family=free fall only; powered flight; rolling on ramp
friction deceleration sliding block experiment,physics_physical_systems,__construct_after_principle_video_gate__,physics_physical_systems,motion_forces_and_energy,0,60,Sliding object decelerates until rest or thermal/frictional effects are visible.,principle_id=PHY_FOR_003; priority=core; reject=Reject clips that only show a stationary rough surface or a single final rest state.; hard_negative_family=air drag; elastic collision; rolling without slip,principle_id=PHY_FOR_003; priority=core; reject=Reject clips that only show a stationary rough surface or a single final rest state.; hard_negative_family=air drag; elastic collision; rolling without slip
sliding object slows down due to friction video,physics_physical_systems,__construct_after_principle_video_gate__,physics_physical_systems,motion_forces_and_energy,0,60,Sliding object decelerates until rest or thermal/frictional effects are visible.,principle_id=PHY_FOR_003; priority=core; reject=Reject clips that only show a stationary rough surface or a single final rest state.; hard_negative_family=air drag; elastic collision; rolling without slip,principle_id=PHY_FOR_003; priority=core; reject=Reject clips that only show a stationary rough surface or a single final rest state.; hard_negative_family=air drag; elastic collision; rolling without slip
momentum transfer collision slow motion,physics_physical_systems,__construct_after_principle_video_gate__,physics_physical_systems,collisions_and_momentum,0,60,Pre- and post-impact velocities/directions of colliding bodies visibly change.,principle_id=PHY_COL_001; priority=core; reject=Reject impacts without clear before/after motion or pure text diagrams.; hard_negative_family=friction slowing; gravitational fall; fluid drag,principle_id=PHY_COL_001; priority=core; reject=Reject impacts without clear before/after motion or pure text diagrams.; hard_negative_family=friction slowing; gravitational fall; fluid drag
two cart collision momentum video,physics_physical_systems,__construct_after_principle_video_gate__,physics_physical_systems,collisions_and_momentum,0,60,Pre- and post-impact velocities/directions of colliding bodies visibly change.,principle_id=PHY_COL_001; priority=core; reject=Reject impacts without clear before/after motion or pure text diagrams.; hard_negative_family=friction slowing; gravitational fall; fluid drag,principle_id=PHY_COL_001; priority=core; reject=Reject impacts without clear before/after motion or pure text diagrams.; hard_negative_family=friction slowing; gravitational fall; fluid drag
Newton cradle momentum transfer video,physics_physical_systems,__construct_after_principle_video_gate__,physics_physical_systems,collisions_and_momentum,0,60,Pre- and post-impact velocities/directions of colliding bodies visibly change.,principle_id=PHY_COL_001; priority=core; reject=Reject impacts without clear before/after motion or pure text diagrams.; hard_negative_family=friction slowing; gravitational fall; fluid drag,principle_id=PHY_COL_001; priority=core; reject=Reject impacts without clear before/after motion or pure text diagrams.; hard_negative_family=friction slowing; gravitational fall; fluid drag
inelastic collision deformation slow motion,physics_physical_systems,__construct_after_principle_video_gate__,physics_physical_systems,collisions_and_momentum,0,60,"Objects deform, stick, fragment, or rebound with lower speed after impact.",principle_id=PHY_COL_002; priority=core; reject=Reject elastic rebounds with no visible energy loss.; hard_negative_family=elastic collision; fracture only; free fall,principle_id=PHY_COL_002; priority=core; reject=Reject elastic rebounds with no visible energy loss.; hard_negative_family=elastic collision; fracture only; free fall
clay collision sticking video,physics_physical_systems,__construct_after_principle_video_gate__,physics_physical_systems,collisions_and_momentum,0,60,"Objects deform, stick, fragment, or rebound with lower speed after impact.",principle_id=PHY_COL_002; priority=core; reject=Reject elastic rebounds with no visible energy loss.; hard_negative_family=elastic collision; fracture only; free fall,principle_id=PHY_COL_002; priority=core; reject=Reject elastic rebounds with no visible energy loss.; hard_negative_family=elastic collision; fracture only; free fall
crash kinetic energy deformation video,physics_physical_systems,__construct_after_principle_video_gate__,physics_physical_systems,collisions_and_momentum,0,60,"Objects deform, stick, fragment, or rebound with lower speed after impact.",principle_id=PHY_COL_002; priority=core; reject=Reject elastic rebounds with no visible energy loss.; hard_negative_family=elastic collision; fracture only; free fall,principle_id=PHY_COL_002; priority=core; reject=Reject elastic rebounds with no visible energy loss.; hard_negative_family=elastic collision; fracture only; free fall
pendulum energy transfer slow motion,physics_physical_systems,__construct_after_principle_video_gate__,physics_physical_systems,oscillation_rotation_and_vibration,0,60,Speed is highest near the bottom and lowest near the turning points over repeated cycles.,principle_id=PHY_OSC_001; priority=core; reject=Reject static pendulum images or clips without at least one full swing.; hard_negative_family=linear fall; rotating disk; fluid wave,principle_id=PHY_OSC_001; priority=core; reject=Reject static pendulum images or clips without at least one full swing.; hard_negative_family=linear fall; rotating disk; fluid wave
pendulum kinetic potential energy video,physics_physical_systems,__construct_after_principle_video_gate__,physics_physical_systems,oscillation_rotation_and_vibration,0,60,Speed is highest near the bottom and lowest near the turning points over repeated cycles.,principle_id=PHY_OSC_001; priority=core; reject=Reject static pendulum images or clips without at least one full swing.; hard_negative_family=linear fall; rotating disk; fluid wave,principle_id=PHY_OSC_001; priority=core; reject=Reject static pendulum images or clips without at least one full swing.; hard_negative_family=linear fall; rotating disk; fluid wave
damped oscillation amplitude decay video,physics_physical_systems,__construct_after_principle_video_gate__,physics_physical_systems,oscillation_rotation_and_vibration,0,60,Oscillation amplitude shrinks across cycles.,principle_id=PHY_OSC_002; priority=core; reject=Reject clips where amplitude is externally held constant.; hard_negative_family=resonance growth; chaotic pendulum; constant forced oscillation,principle_id=PHY_OSC_002; priority=core; reject=Reject clips where amplitude is externally held constant.; hard_negative_family=resonance growth; chaotic pendulum; constant forced oscillation
damped pendulum time lapse,physics_physical_systems,__construct_after_principle_video_gate__,physics_physical_systems,oscillation_rotation_and_vibration,0,60,Oscillation amplitude shrinks across cycles.,principle_id=PHY_OSC_002; priority=core; reject=Reject clips where amplitude is externally held constant.; hard_negative_family=resonance growth; chaotic pendulum; constant forced oscillation,principle_id=PHY_OSC_002; priority=core; reject=Reject clips where amplitude is externally held constant.; hard_negative_family=resonance growth; chaotic pendulum; constant forced oscillation
spring mass damping experiment,physics_physical_systems,__construct_after_principle_video_gate__,physics_physical_systems,oscillation_rotation_and_vibration,0,60,Oscillation amplitude shrinks across cycles.,principle_id=PHY_OSC_002; priority=core; reject=Reject clips where amplitude is externally held constant.; hard_negative_family=resonance growth; chaotic pendulum; constant forced oscillation,principle_id=PHY_OSC_002; priority=core; reject=Reject clips where amplitude is externally held constant.; hard_negative_family=resonance growth; chaotic pendulum; constant forced oscillation
resonance amplitude growth experiment video,physics_physical_systems,__construct_after_principle_video_gate__,physics_physical_systems,oscillation_rotation_and_vibration,0,60,Amplitude grows under a repeated external drive near the resonant frequency.,principle_id=PHY_OSC_003; priority=core; reject=Reject videos that only show large vibration without a drive-frequency relation.; hard_negative_family=damping decay; collision rebound; random vibration,principle_id=PHY_OSC_003; priority=core; reject=Reject videos that only show large vibration without a drive-frequency relation.; hard_negative_family=damping decay; collision rebound; random vibration
driven oscillator resonance video,physics_physical_systems,__construct_after_principle_video_gate__,physics_physical_systems,oscillation_rotation_and_vibration,0,60,Amplitude grows under a repeated external drive near the resonant frequency.,principle_id=PHY_OSC_003; priority=core; reject=Reject videos that only show large vibration without a drive-frequency relation.; hard_negative_family=damping decay; collision rebound; random vibration,principle_id=PHY_OSC_003; priority=core; reject=Reject videos that only show large vibration without a drive-frequency relation.; hard_negative_family=damping decay; collision rebound; random vibration
mechanical resonance slow motion,physics_physical_systems,__construct_after_principle_video_gate__,physics_physical_systems,oscillation_rotation_and_vibration,0,60,Amplitude grows under a repeated external drive near the resonant frequency.,principle_id=PHY_OSC_003; priority=core; reject=Reject videos that only show large vibration without a drive-frequency relation.; hard_negative_family=damping decay; collision rebound; random vibration,principle_id=PHY_OSC_003; priority=core; reject=Reject videos that only show large vibration without a drive-frequency relation.; hard_negative_family=damping decay; collision rebound; random vibration
Venturi effect manometer video,physics_physical_systems,__construct_after_principle_video_gate__,physics_physical_systems,fluids_pressure_and_buoyancy,0,60,Manometer/liquid column or pressure indicator changes when flow starts or constriction speed increases.,principle_id=PHY_FLU_001; priority=core; reject=Reject videos showing only a pipe shape without flow or pressure response.; hard_negative_family=capillary rise; buoyancy; siphon,principle_id=PHY_FLU_001; priority=core; reject=Reject videos showing only a pipe shape without flow or pressure response.; hard_negative_family=capillary rise; buoyancy; siphon
Bernoulli pressure drop constriction video,physics_physical_systems,__construct_after_principle_video_gate__,physics_physical_systems,fluids_pressure_and_buoyancy,0,60,Manometer/liquid column or pressure indicator changes when flow starts or constriction speed increases.,principle_id=PHY_FLU_001; priority=core; reject=Reject videos showing only a pipe shape without flow or pressure response.; hard_negative_family=capillary rise; buoyancy; siphon,principle_id=PHY_FLU_001; priority=core; reject=Reject videos showing only a pipe shape without flow or pressure response.; hard_negative_family=capillary rise; buoyancy; siphon
buoyancy density float sink experiment video,physics_physical_systems,__construct_after_principle_video_gate__,physics_physical_systems,fluids_pressure_and_buoyancy,0,60,"Object sinks, floats, or reaches neutral buoyancy as density/ballast changes.",principle_id=PHY_FLU_002; priority=core; reject=Reject generic boats moving without density or displacement change.; hard_negative_family=surface tension support; propulsion; pressure-driven flow,principle_id=PHY_FLU_002; priority=core; reject=Reject generic boats moving without density or displacement change.; hard_negative_family=surface tension support; propulsion; pressure-driven flow
ballast buoyancy demonstration video,physics_physical_systems,__construct_after_principle_video_gate__,physics_physical_systems,fluids_pressure_and_buoyancy,0,60,"Object sinks, floats, or reaches neutral buoyancy as density/ballast changes.",principle_id=PHY_FLU_002; priority=core; reject=Reject generic boats moving without density or displacement change.; hard_negative_family=surface tension support; propulsion; pressure-driven flow,principle_id=PHY_FLU_002; priority=core; reject=Reject generic boats moving without density or displacement change.; hard_negative_family=surface tension support; propulsion; pressure-driven flow
neutral buoyancy video,physics_physical_systems,__construct_after_principle_video_gate__,physics_physical_systems,fluids_pressure_and_buoyancy,0,60,"Object sinks, floats, or reaches neutral buoyancy as density/ballast changes.",principle_id=PHY_FLU_002; priority=core; reject=Reject generic boats moving without density or displacement change.; hard_negative_family=surface tension support; propulsion; pressure-driven flow,principle_id=PHY_FLU_002; priority=core; reject=Reject generic boats moving without density or displacement change.; hard_negative_family=surface tension support; propulsion; pressure-driven flow
siphon pressure gradient flow video,physics_physical_systems,__construct_after_principle_video_gate__,physics_physical_systems,fluids_pressure_and_buoyancy,0,60,Liquid continues moving through a tube across height differences with visible level changes.,principle_id=PHY_FLU_003; priority=core; reject=Reject source-only siphon claims where no flow path or level change is visible.; hard_negative_family=capillary rise; pump-driven flow; diffusion,principle_id=PHY_FLU_003; priority=core; reject=Reject source-only siphon claims where no flow path or level change is visible.; hard_negative_family=capillary rise; pump-driven flow; diffusion
transparent siphon liquid level video,physics_physical_systems,__construct_after_principle_video_gate__,physics_physical_systems,fluids_pressure_and_buoyancy,0,60,Liquid continues moving through a tube across height differences with visible level changes.,principle_id=PHY_FLU_003; priority=core; reject=Reject source-only siphon claims where no flow path or level change is visible.; hard_negative_family=capillary rise; pump-driven flow; diffusion,principle_id=PHY_FLU_003; priority=core; reject=Reject source-only siphon claims where no flow path or level change is visible.; hard_negative_family=capillary rise; pump-driven flow; diffusion
surface tension droplet relaxation slow motion,physics_physical_systems,__construct_after_principle_video_gate__,physics_physical_systems,surface_and_capillary_processes,0,60,"Elongated drops retract, oscillate, or relax toward rounder shapes.",principle_id=PHY_SUR_001; priority=core; reject=Reject still droplets or splash-only clips without relaxation dynamics.; hard_negative_family=gravity fall; wetting spread; evaporation,principle_id=PHY_SUR_001; priority=core; reject=Reject still droplets or splash-only clips without relaxation dynamics.; hard_negative_family=gravity fall; wetting spread; evaporation
liquid bridge surface tension retraction video,physics_physical_systems,__construct_after_principle_video_gate__,physics_physical_systems,surface_and_capillary_processes,0,60,"Elongated drops retract, oscillate, or relax toward rounder shapes.",principle_id=PHY_SUR_001; priority=core; reject=Reject still droplets or splash-only clips without relaxation dynamics.; hard_negative_family=gravity fall; wetting spread; evaporation,principle_id=PHY_SUR_001; priority=core; reject=Reject still droplets or splash-only clips without relaxation dynamics.; hard_negative_family=gravity fall; wetting spread; evaporation
capillary action liquid rise time lapse,physics_physical_systems,__construct_after_principle_video_gate__,physics_physical_systems,surface_and_capillary_processes,0,60,"Liquid front rises or advances through a tube, paper, or porous medium.",principle_id=PHY_SUR_002; priority=core; reject=Reject non-porous droplet rolling or source-only capillary titles.; hard_negative_family=bulk pouring; diffusion only; surface beading,principle_id=PHY_SUR_002; priority=core; reject=Reject non-porous droplet rolling or source-only capillary titles.; hard_negative_family=bulk pouring; diffusion only; surface beading
paper wicking capillary action video,physics_physical_systems,__construct_after_principle_video_gate__,physics_physical_systems,surface_and_capillary_processes,0,60,"Liquid front rises or advances through a tube, paper, or porous medium.",principle_id=PHY_SUR_002; priority=core; reject=Reject non-porous droplet rolling or source-only capillary titles.; hard_negative_family=bulk pouring; diffusion only; surface beading,principle_id=PHY_SUR_002; priority=core; reject=Reject non-porous droplet rolling or source-only capillary titles.; hard_negative_family=bulk pouring; diffusion only; surface beading
capillary rise tube experiment,physics_physical_systems,__construct_after_principle_video_gate__,physics_physical_systems,surface_and_capillary_processes,0,60,"Liquid front rises or advances through a tube, paper, or porous medium.",principle_id=PHY_SUR_002; priority=core; reject=Reject non-porous droplet rolling or source-only capillary titles.; hard_negative_family=bulk pouring; diffusion only; surface beading,principle_id=PHY_SUR_002; priority=core; reject=Reject non-porous droplet rolling or source-only capillary titles.; hard_negative_family=bulk pouring; diffusion only; surface beading
contact angle wetting droplet spreading video,physics_physical_systems,__construct_after_principle_video_gate__,physics_physical_systems,surface_and_capillary_processes,0,60,"Droplet contact angle decreases, spreads, or switches from rebound to wetting.",principle_id=PHY_SUR_003; priority=core; reject=Reject clips showing a final wet surface without spreading over time.; hard_negative_family=capillary rise; evaporation; precipitation,principle_id=PHY_SUR_003; priority=core; reject=Reject clips showing a final wet surface without spreading over time.; hard_negative_family=capillary rise; evaporation; precipitation
droplet impact transition rebound wetting slow motion,physics_physical_systems,__construct_after_principle_video_gate__,physics_physical_systems,surface_and_capillary_processes,0,60,"Droplet contact angle decreases, spreads, or switches from rebound to wetting.",principle_id=PHY_SUR_003; priority=core; reject=Reject clips showing a final wet surface without spreading over time.; hard_negative_family=capillary rise; evaporation; precipitation,principle_id=PHY_SUR_003; priority=core; reject=Reject clips showing a final wet surface without spreading over time.; hard_negative_family=capillary rise; evaporation; precipitation
bimetallic strip thermal expansion video,physics_physical_systems,__construct_after_principle_video_gate__,physics_physical_systems,thermal_physical_response,0,60,Composite strip or bonded structure curves as temperature changes.,principle_id=PHY_THR_001; priority=core; reject=Reject heating clips without visible deformation or temperature-linked response.; hard_negative_family=plastic deformation by force; pendulum; melting,principle_id=PHY_THR_001; priority=core; reject=Reject heating clips without visible deformation or temperature-linked response.; hard_negative_family=plastic deformation by force; pendulum; melting
differential thermal expansion bending video,physics_physical_systems,__construct_after_principle_video_gate__,physics_physical_systems,thermal_physical_response,0,60,Composite strip or bonded structure curves as temperature changes.,principle_id=PHY_THR_001; priority=core; reject=Reject heating clips without visible deformation or temperature-linked response.; hard_negative_family=plastic deformation by force; pendulum; melting,principle_id=PHY_THR_001; priority=core; reject=Reject heating clips without visible deformation or temperature-linked response.; hard_negative_family=plastic deformation by force; pendulum; melting
Leidenfrost droplet skittering slow motion,physics_physical_systems,__construct_after_principle_video_gate__,physics_physical_systems,thermal_physical_response,0,60,Droplet skitters or survives on a very hot surface while vapor supports it.,principle_id=PHY_THR_002; priority=core; reject=Reject ordinary boiling droplets without vapor-layer gliding.; hard_negative_family=wetting spread; evaporation plume; capillary action,principle_id=PHY_THR_002; priority=core; reject=Reject ordinary boiling droplets without vapor-layer gliding.; hard_negative_family=wetting spread; evaporation plume; capillary action
Leidenfrost effect hot plate video,physics_physical_systems,__construct_after_principle_video_gate__,physics_physical_systems,thermal_physical_response,0,60,Droplet skitters or survives on a very hot surface while vapor supports it.,principle_id=PHY_THR_002; priority=core; reject=Reject ordinary boiling droplets without vapor-layer gliding.; hard_negative_family=wetting spread; evaporation plume; capillary action,principle_id=PHY_THR_002; priority=core; reject=Reject ordinary boiling droplets without vapor-layer gliding.; hard_negative_family=wetting spread; evaporation plume; capillary action
magnetic field alignment particles video,physics_physical_systems,__construct_after_principle_video_gate__,physics_physical_systems,electromagnetism_and_fields,0,60,"Needles, particles, or domains rotate or align when field direction changes.",principle_id=PHY_EM_001; priority=core; reject=Reject clips with magnets touching objects directly without field-driven alignment.; hard_negative_family=electric-field migration; gravity; fluid flow,principle_id=PHY_EM_001; priority=core; reject=Reject clips with magnets touching objects directly without field-driven alignment.; hard_negative_family=electric-field migration; gravity; fluid flow
magnetic dipole torque alignment video,physics_physical_systems,__construct_after_principle_video_gate__,physics_physical_systems,electromagnetism_and_fields,0,60,"Needles, particles, or domains rotate or align when field direction changes.",principle_id=PHY_EM_001; priority=core; reject=Reject clips with magnets touching objects directly without field-driven alignment.; hard_negative_family=electric-field migration; gravity; fluid flow,principle_id=PHY_EM_001; priority=core; reject=Reject clips with magnets touching objects directly without field-driven alignment.; hard_negative_family=electric-field migration; gravity; fluid flow
ferrofluid magnetic field motion video,physics_physical_systems,__construct_after_principle_video_gate__,physics_physical_systems,electromagnetism_and_fields,0,60,"Needles, particles, or domains rotate or align when field direction changes.",principle_id=PHY_EM_001; priority=core; reject=Reject clips with magnets touching objects directly without field-driven alignment.; hard_negative_family=electric-field migration; gravity; fluid flow,principle_id=PHY_EM_001; priority=core; reject=Reject clips with magnets touching objects directly without field-driven alignment.; hard_negative_family=electric-field migration; gravity; fluid flow
electric field charged droplet motion video,physics_physical_systems,__construct_after_principle_video_gate__,physics_physical_systems,electromagnetism_and_fields,0,60,Particles/droplets move along field lines or deform between electrodes.,principle_id=PHY_EM_002; priority=core; reject=Reject clips where electrodes are visible but no field-driven motion occurs.; hard_negative_family=magnetic alignment; diffusion; buoyancy,principle_id=PHY_EM_002; priority=core; reject=Reject clips where electrodes are visible but no field-driven motion occurs.; hard_negative_family=magnetic alignment; diffusion; buoyancy
electrophoresis particle migration video,physics_physical_systems,__construct_after_principle_video_gate__,physics_physical_systems,electromagnetism_and_fields,0,60,Particles/droplets move along field lines or deform between electrodes.,principle_id=PHY_EM_002; priority=core; reject=Reject clips where electrodes are visible but no field-driven motion occurs.; hard_negative_family=magnetic alignment; diffusion; buoyancy,principle_id=PHY_EM_002; priority=core; reject=Reject clips where electrodes are visible but no field-driven motion occurs.; hard_negative_family=magnetic alignment; diffusion; buoyancy
supersaturated solution crystallization time lapse,chemistry_materials_change,__construct_after_principle_video_gate__,chemistry_materials_change,phase_change_and_crystallization,0,60,Crystal nuclei appear and faces/fronts expand through solution.,principle_id=CHM_PHA_001; priority=core; reject=Reject static crystals or source-only crystallization titles.; hard_negative_family=precipitation cloud; dye diffusion; melting only,principle_id=CHM_PHA_001; priority=core; reject=Reject static crystals or source-only crystallization titles.; hard_negative_family=precipitation cloud; dye diffusion; melting only
crystal nucleation growth video,chemistry_materials_change,__construct_after_principle_video_gate__,chemistry_materials_change,phase_change_and_crystallization,0,60,Crystal nuclei appear and faces/fronts expand through solution.,principle_id=CHM_PHA_001; priority=core; reject=Reject static crystals or source-only crystallization titles.; hard_negative_family=precipitation cloud; dye diffusion; melting only,principle_id=CHM_PHA_001; priority=core; reject=Reject static crystals or source-only crystallization titles.; hard_negative_family=precipitation cloud; dye diffusion; melting only
sodium acetate crystallization video,chemistry_materials_change,__construct_after_principle_video_gate__,chemistry_materials_change,phase_change_and_crystallization,0,60,Crystal nuclei appear and faces/fronts expand through solution.,principle_id=CHM_PHA_001; priority=core; reject=Reject static crystals or source-only crystallization titles.; hard_negative_family=precipitation cloud; dye diffusion; melting only,principle_id=CHM_PHA_001; priority=core; reject=Reject static crystals or source-only crystallization titles.; hard_negative_family=precipitation cloud; dye diffusion; melting only
solidification front time lapse,chemistry_materials_change,__construct_after_principle_video_gate__,chemistry_materials_change,phase_change_and_crystallization,0,60,A visible solid-liquid boundary advances or dendrites grow.,principle_id=CHM_PHA_002; priority=core; reject=Reject final frozen samples without front propagation.; hard_negative_family=precipitation; evaporation; gas evolution,principle_id=CHM_PHA_002; priority=core; reject=Reject final frozen samples without front propagation.; hard_negative_family=precipitation; evaporation; gas evolution
ice crystal growth time lapse,chemistry_materials_change,__construct_after_principle_video_gate__,chemistry_materials_change,phase_change_and_crystallization,0,60,A visible solid-liquid boundary advances or dendrites grow.,principle_id=CHM_PHA_002; priority=core; reject=Reject final frozen samples without front propagation.; hard_negative_family=precipitation; evaporation; gas evolution,principle_id=CHM_PHA_002; priority=core; reject=Reject final frozen samples without front propagation.; hard_negative_family=precipitation; evaporation; gas evolution
freezing front propagation video,chemistry_materials_change,__construct_after_principle_video_gate__,chemistry_materials_change,phase_change_and_crystallization,0,60,A visible solid-liquid boundary advances or dendrites grow.,principle_id=CHM_PHA_002; priority=core; reject=Reject final frozen samples without front propagation.; hard_negative_family=precipitation; evaporation; gas evolution,principle_id=CHM_PHA_002; priority=core; reject=Reject final frozen samples without front propagation.; hard_negative_family=precipitation; evaporation; gas evolution
iodine clock reaction color change video,chemistry_materials_change,__construct_after_principle_video_gate__,chemistry_materials_change,redox_and_endpoint_reactions,0,60,"A mixture remains light, then abruptly turns dark after a delay.",principle_id=CHM_RED_001; priority=core; reject=Reject generic color changes without delayed endpoint.; hard_negative_family=precipitation; acid base indicator; diffusion,principle_id=CHM_RED_001; priority=core; reject=Reject generic color changes without delayed endpoint.; hard_negative_family=precipitation; acid base indicator; diffusion
iodine clock delayed endpoint video,chemistry_materials_change,__construct_after_principle_video_gate__,chemistry_materials_change,redox_and_endpoint_reactions,0,60,"A mixture remains light, then abruptly turns dark after a delay.",principle_id=CHM_RED_001; priority=core; reject=Reject generic color changes without delayed endpoint.; hard_negative_family=precipitation; acid base indicator; diffusion,principle_id=CHM_RED_001; priority=core; reject=Reject generic color changes without delayed endpoint.; hard_negative_family=precipitation; acid base indicator; diffusion
Benedict test reducing sugar precipitate video,chemistry_materials_change,__construct_after_principle_video_gate__,chemistry_materials_change,redox_and_endpoint_reactions,0,60,Blue reagent changes toward orange-red and precipitate forms during heating.,principle_id=CHM_RED_002; priority=core; reject=Reject if only final tube colors are shown or source text supplies all chemistry.; hard_negative_family=iodine clock; pH indicator; simple dye mixing,principle_id=CHM_RED_002; priority=core; reject=Reject if only final tube colors are shown or source text supplies all chemistry.; hard_negative_family=iodine clock; pH indicator; simple dye mixing
Benedict reagent color change heating video,chemistry_materials_change,__construct_after_principle_video_gate__,chemistry_materials_change,redox_and_endpoint_reactions,0,60,Blue reagent changes toward orange-red and precipitate forms during heating.,principle_id=CHM_RED_002; priority=core; reject=Reject if only final tube colors are shown or source text supplies all chemistry.; hard_negative_family=iodine clock; pH indicator; simple dye mixing,principle_id=CHM_RED_002; priority=core; reject=Reject if only final tube colors are shown or source text supplies all chemistry.; hard_negative_family=iodine clock; pH indicator; simple dye mixing
chemical traffic light reaction color cycle video,chemistry_materials_change,__construct_after_principle_video_gate__,chemistry_materials_change,redox_and_endpoint_reactions,0,60,Shaking/resting or reagent changes produce reversible color transitions.,principle_id=CHM_RED_003; priority=core; reject=Reject one-way color changes without redox-cycle evidence.; hard_negative_family=precipitation; crystallization; combustion,principle_id=CHM_RED_003; priority=core; reject=Reject one-way color changes without redox-cycle evidence.; hard_negative_family=precipitation; crystallization; combustion
blue bottle reaction reversible color video,chemistry_materials_change,__construct_after_principle_video_gate__,chemistry_materials_change,redox_and_endpoint_reactions,0,60,Shaking/resting or reagent changes produce reversible color transitions.,principle_id=CHM_RED_003; priority=core; reject=Reject one-way color changes without redox-cycle evidence.; hard_negative_family=precipitation; crystallization; combustion,principle_id=CHM_RED_003; priority=core; reject=Reject one-way color changes without redox-cycle evidence.; hard_negative_family=precipitation; crystallization; combustion
chemical chameleon reaction video,chemistry_materials_change,__construct_after_principle_video_gate__,chemistry_materials_change,redox_and_endpoint_reactions,0,60,Shaking/resting or reagent changes produce reversible color transitions.,principle_id=CHM_RED_003; priority=core; reject=Reject one-way color changes without redox-cycle evidence.; hard_negative_family=precipitation; crystallization; combustion,principle_id=CHM_RED_003; priority=core; reject=Reject one-way color changes without redox-cycle evidence.; hard_negative_family=precipitation; crystallization; combustion
precipitation reaction insoluble solid forming video,chemistry_materials_change,__construct_after_principle_video_gate__,chemistry_materials_change,precipitation_and_solubility,0,60,Solutions become cloudy or solid particles appear after mixing.,principle_id=CHM_PRE_001; priority=core; reject=Reject if the solid is already present before mixing or the identity is only in source text.; hard_negative_family=gas bubbles; dye diffusion; crystallization front,principle_id=CHM_PRE_001; priority=core; reject=Reject if the solid is already present before mixing or the identity is only in source text.; hard_negative_family=gas bubbles; dye diffusion; crystallization front
silver chloride precipitate video,chemistry_materials_change,__construct_after_principle_video_gate__,chemistry_materials_change,precipitation_and_solubility,0,60,Solutions become cloudy or solid particles appear after mixing.,principle_id=CHM_PRE_001; priority=core; reject=Reject if the solid is already present before mixing or the identity is only in source text.; hard_negative_family=gas bubbles; dye diffusion; crystallization front,principle_id=CHM_PRE_001; priority=core; reject=Reject if the solid is already present before mixing or the identity is only in source text.; hard_negative_family=gas bubbles; dye diffusion; crystallization front
lead iodide precipitation video,chemistry_materials_change,__construct_after_principle_video_gate__,chemistry_materials_change,precipitation_and_solubility,0,60,Solutions become cloudy or solid particles appear after mixing.,principle_id=CHM_PRE_001; priority=core; reject=Reject if the solid is already present before mixing or the identity is only in source text.; hard_negative_family=gas bubbles; dye diffusion; crystallization front,principle_id=CHM_PRE_001; priority=core; reject=Reject if the solid is already present before mixing or the identity is only in source text.; hard_negative_family=gas bubbles; dye diffusion; crystallization front
diffusion precipitation band reaction video,chemistry_materials_change,__construct_after_principle_video_gate__,chemistry_materials_change,precipitation_and_solubility,0,60,"Solid appears where two liquids meet, often as rings, tubes, or membranes.",principle_id=CHM_PRE_002; priority=core; reject=Reject bulk turbidity without visible interface or local formation.; hard_negative_family=homogeneous crystallization; pH color; gas evolution,principle_id=CHM_PRE_002; priority=core; reject=Reject bulk turbidity without visible interface or local formation.; hard_negative_family=homogeneous crystallization; pH color; gas evolution
chemical garden precipitation tube growth video,chemistry_materials_change,__construct_after_principle_video_gate__,chemistry_materials_change,precipitation_and_solubility,0,60,"Solid appears where two liquids meet, often as rings, tubes, or membranes.",principle_id=CHM_PRE_002; priority=core; reject=Reject bulk turbidity without visible interface or local formation.; hard_negative_family=homogeneous crystallization; pH color; gas evolution,principle_id=CHM_PRE_002; priority=core; reject=Reject bulk turbidity without visible interface or local formation.; hard_negative_family=homogeneous crystallization; pH color; gas evolution
Liesegang ring precipitation time lapse,chemistry_materials_change,__construct_after_principle_video_gate__,chemistry_materials_change,precipitation_and_solubility,0,60,"Solid appears where two liquids meet, often as rings, tubes, or membranes.",principle_id=CHM_PRE_002; priority=core; reject=Reject bulk turbidity without visible interface or local formation.; hard_negative_family=homogeneous crystallization; pH color; gas evolution,principle_id=CHM_PRE_002; priority=core; reject=Reject bulk turbidity without visible interface or local formation.; hard_negative_family=homogeneous crystallization; pH color; gas evolution
gas evolution reaction bubbles video,chemistry_materials_change,__construct_after_principle_video_gate__,chemistry_materials_change,gas_evolution_and_combustion,0,60,"Bubbles nucleate and rise, foam grows, or liquid volume changes after reactants meet.",principle_id=CHM_GAS_001; priority=core; reject=Reject ordinary boiling or pre-existing bubbles.; hard_negative_family=boiling; precipitation; diffusion,principle_id=CHM_GAS_001; priority=core; reject=Reject ordinary boiling or pre-existing bubbles.; hard_negative_family=boiling; precipitation; diffusion
acid carbonate reaction bubbles video,chemistry_materials_change,__construct_after_principle_video_gate__,chemistry_materials_change,gas_evolution_and_combustion,0,60,"Bubbles nucleate and rise, foam grows, or liquid volume changes after reactants meet.",principle_id=CHM_GAS_001; priority=core; reject=Reject ordinary boiling or pre-existing bubbles.; hard_negative_family=boiling; precipitation; diffusion,principle_id=CHM_GAS_001; priority=core; reject=Reject ordinary boiling or pre-existing bubbles.; hard_negative_family=boiling; precipitation; diffusion
hydrogen gas evolution reaction video,chemistry_materials_change,__construct_after_principle_video_gate__,chemistry_materials_change,gas_evolution_and_combustion,0,60,"Bubbles nucleate and rise, foam grows, or liquid volume changes after reactants meet.",principle_id=CHM_GAS_001; priority=core; reject=Reject ordinary boiling or pre-existing bubbles.; hard_negative_family=boiling; precipitation; diffusion,principle_id=CHM_GAS_001; priority=core; reject=Reject ordinary boiling or pre-existing bubbles.; hard_negative_family=boiling; precipitation; diffusion
flame extinction oxygen deprivation video,chemistry_materials_change,__construct_after_principle_video_gate__,chemistry_materials_change,gas_evolution_and_combustion,0,60,"Flame appears, propagates, or extinguishes after oxygen/fuel/temperature changes.",principle_id=CHM_GAS_002; priority=core; reject=Reject clips that only show a flame without causal change.; hard_negative_family=redox color; evaporation; glow without flame,principle_id=CHM_GAS_002; priority=core; reject=Reject clips that only show a flame without causal change.; hard_negative_family=redox color; evaporation; glow without flame
combustion reaction ignition video,chemistry_materials_change,__construct_after_principle_video_gate__,chemistry_materials_change,gas_evolution_and_combustion,0,60,"Flame appears, propagates, or extinguishes after oxygen/fuel/temperature changes.",principle_id=CHM_GAS_002; priority=core; reject=Reject clips that only show a flame without causal change.; hard_negative_family=redox color; evaporation; glow without flame,principle_id=CHM_GAS_002; priority=core; reject=Reject clips that only show a flame without causal change.; hard_negative_family=redox color; evaporation; glow without flame
hydrogen gas ignition bubbles video,chemistry_materials_change,__construct_after_principle_video_gate__,chemistry_materials_change,gas_evolution_and_combustion,0,60,"Flame appears, propagates, or extinguishes after oxygen/fuel/temperature changes.",principle_id=CHM_GAS_002; priority=core; reject=Reject clips that only show a flame without causal change.; hard_negative_family=redox color; evaporation; glow without flame,principle_id=CHM_GAS_002; priority=core; reject=Reject clips that only show a flame without causal change.; hard_negative_family=redox color; evaporation; glow without flame
dye diffusion concentration gradient time lapse,chemistry_materials_change,__construct_after_principle_video_gate__,chemistry_materials_change,diffusion_mixing_and_transport,0,60,Dye or solute front broadens from high concentration to low concentration.,principle_id=CHM_DIF_001; priority=core; reject=Reject turbulent stirring when diffusion cannot be separated.; hard_negative_family=vortex mixing; precipitation; convection,principle_id=CHM_DIF_001; priority=core; reject=Reject turbulent stirring when diffusion cannot be separated.; hard_negative_family=vortex mixing; precipitation; convection
diffusion in water dye time lapse,chemistry_materials_change,__construct_after_principle_video_gate__,chemistry_materials_change,diffusion_mixing_and_transport,0,60,Dye or solute front broadens from high concentration to low concentration.,principle_id=CHM_DIF_001; priority=core; reject=Reject turbulent stirring when diffusion cannot be separated.; hard_negative_family=vortex mixing; precipitation; convection,principle_id=CHM_DIF_001; priority=core; reject=Reject turbulent stirring when diffusion cannot be separated.; hard_negative_family=vortex mixing; precipitation; convection
microfluidic diffusion video,chemistry_materials_change,__construct_after_principle_video_gate__,chemistry_materials_change,diffusion_mixing_and_transport,0,60,Dye or solute front broadens from high concentration to low concentration.,principle_id=CHM_DIF_001; priority=core; reject=Reject turbulent stirring when diffusion cannot be separated.; hard_negative_family=vortex mixing; precipitation; convection,principle_id=CHM_DIF_001; priority=core; reject=Reject turbulent stirring when diffusion cannot be separated.; hard_negative_family=vortex mixing; precipitation; convection
laminar mixing stretching folding dye video,chemistry_materials_change,__construct_after_principle_video_gate__,chemistry_materials_change,diffusion_mixing_and_transport,0,60,Colored bands elongate into thin layers and may reverse under reversed shear.,principle_id=CHM_DIF_002; priority=core; reject=Reject fully turbulent mixing or simple shaking.; hard_negative_family=diffusion only; vortex turbulence; precipitation,principle_id=CHM_DIF_002; priority=core; reject=Reject fully turbulent mixing or simple shaking.; hard_negative_family=diffusion only; vortex turbulence; precipitation
reversible laminar mixing video,chemistry_materials_change,__construct_after_principle_video_gate__,chemistry_materials_change,diffusion_mixing_and_transport,0,60,Colored bands elongate into thin layers and may reverse under reversed shear.,principle_id=CHM_DIF_002; priority=core; reject=Reject fully turbulent mixing or simple shaking.; hard_negative_family=diffusion only; vortex turbulence; precipitation,principle_id=CHM_DIF_002; priority=core; reject=Reject fully turbulent mixing or simple shaking.; hard_negative_family=diffusion only; vortex turbulence; precipitation
Taylor Couette mixing dye video,chemistry_materials_change,__construct_after_principle_video_gate__,chemistry_materials_change,diffusion_mixing_and_transport,0,60,Colored bands elongate into thin layers and may reverse under reversed shear.,principle_id=CHM_DIF_002; priority=core; reject=Reject fully turbulent mixing or simple shaking.; hard_negative_family=diffusion only; vortex turbulence; precipitation,principle_id=CHM_DIF_002; priority=core; reject=Reject fully turbulent mixing or simple shaking.; hard_negative_family=diffusion only; vortex turbulence; precipitation
shear thickening cornstarch impact slow motion,chemistry_materials_change,__construct_after_principle_video_gate__,chemistry_materials_change,material_deformation_and_response,0,60,Material behaves liquid under slow motion but solid-like under impact.,principle_id=CHM_MAT_001; priority=core; reject=Reject generic thick liquids without rate-dependent contrast.; hard_negative_family=gelation; plastic deformation; surface tension,principle_id=CHM_MAT_001; priority=core; reject=Reject generic thick liquids without rate-dependent contrast.; hard_negative_family=gelation; plastic deformation; surface tension
oobleck impact resistance video,chemistry_materials_change,__construct_after_principle_video_gate__,chemistry_materials_change,material_deformation_and_response,0,60,Material behaves liquid under slow motion but solid-like under impact.,principle_id=CHM_MAT_001; priority=core; reject=Reject generic thick liquids without rate-dependent contrast.; hard_negative_family=gelation; plastic deformation; surface tension,principle_id=CHM_MAT_001; priority=core; reject=Reject generic thick liquids without rate-dependent contrast.; hard_negative_family=gelation; plastic deformation; surface tension
heat softening material deformation video,chemistry_materials_change,__construct_after_principle_video_gate__,chemistry_materials_change,material_deformation_and_response,0,60,"Material deforms, sags, flows, or breaks as temperature increases.",principle_id=CHM_MAT_002; priority=core; reject=Reject post-heating final shape without thermal sequence.; hard_negative_family=mechanical cutting; crystallization; combustion,principle_id=CHM_MAT_002; priority=core; reject=Reject post-heating final shape without thermal sequence.; hard_negative_family=mechanical cutting; crystallization; combustion
polymer melting deformation time lapse,chemistry_materials_change,__construct_after_principle_video_gate__,chemistry_materials_change,material_deformation_and_response,0,60,"Material deforms, sags, flows, or breaks as temperature increases.",principle_id=CHM_MAT_002; priority=core; reject=Reject post-heating final shape without thermal sequence.; hard_negative_family=mechanical cutting; crystallization; combustion,principle_id=CHM_MAT_002; priority=core; reject=Reject post-heating final shape without thermal sequence.; hard_negative_family=mechanical cutting; crystallization; combustion
glass softening heat shaping video,chemistry_materials_change,__construct_after_principle_video_gate__,chemistry_materials_change,material_deformation_and_response,0,60,"Material deforms, sags, flows, or breaks as temperature increases.",principle_id=CHM_MAT_002; priority=core; reject=Reject post-heating final shape without thermal sequence.; hard_negative_family=mechanical cutting; crystallization; combustion,principle_id=CHM_MAT_002; priority=core; reject=Reject post-heating final shape without thermal sequence.; hard_negative_family=mechanical cutting; crystallization; combustion
mitosis chromosome segregation time lapse microscopy,biology_living_systems,__construct_after_principle_video_gate__,biology_living_systems,germination_and_development,0,60,Chromosomes align at the metaphase plate and move toward opposite poles.,principle_id=BIO_CELL_001; priority=core; reject=Reject static mitosis-stage diagrams and clips without chromosome movement.; hard_negative_family=cytokinesis only; cell migration; diffusion,principle_id=BIO_CELL_001; priority=core; reject=Reject static mitosis-stage diagrams and clips without chromosome movement.; hard_negative_family=cytokinesis only; cell migration; diffusion
live cell mitosis spindle chromosome video,biology_living_systems,__construct_after_principle_video_gate__,biology_living_systems,germination_and_development,0,60,Chromosomes align at the metaphase plate and move toward opposite poles.,principle_id=BIO_CELL_001; priority=core; reject=Reject static mitosis-stage diagrams and clips without chromosome movement.; hard_negative_family=cytokinesis only; cell migration; diffusion,principle_id=BIO_CELL_001; priority=core; reject=Reject static mitosis-stage diagrams and clips without chromosome movement.; hard_negative_family=cytokinesis only; cell migration; diffusion
cytokinesis contractile ring time lapse,biology_living_systems,__construct_after_principle_video_gate__,biology_living_systems,germination_and_development,0,60,A cleavage furrow deepens until one cell becomes two.,principle_id=BIO_CELL_002; priority=core; reject=Reject static two-cell images or pure animation without real dynamics.; hard_negative_family=mitosis chromosome motion; apoptosis; cell migration,principle_id=BIO_CELL_002; priority=core; reject=Reject static two-cell images or pure animation without real dynamics.; hard_negative_family=mitosis chromosome motion; apoptosis; cell migration
cell cleavage furrow live imaging,biology_living_systems,__construct_after_principle_video_gate__,biology_living_systems,germination_and_development,0,60,A cleavage furrow deepens until one cell becomes two.,principle_id=BIO_CELL_002; priority=core; reject=Reject static two-cell images or pure animation without real dynamics.; hard_negative_family=mitosis chromosome motion; apoptosis; cell migration,principle_id=BIO_CELL_002; priority=core; reject=Reject static two-cell images or pure animation without real dynamics.; hard_negative_family=mitosis chromosome motion; apoptosis; cell migration
cell migration pseudopod actin time lapse,biology_living_systems,__construct_after_principle_video_gate__,biology_living_systems,organism_behavior_and_taxis,0,60,"Leading edge protrudes, adhesions shift, rear retracts, and the cell body translocates.",principle_id=BIO_CELL_003; priority=core; reject=Reject random cell shape changes without net displacement.; hard_negative_family=Brownian motion; ciliary swimming; mitosis,principle_id=BIO_CELL_003; priority=core; reject=Reject random cell shape changes without net displacement.; hard_negative_family=Brownian motion; ciliary swimming; mitosis
amoeboid cell migration time lapse,biology_living_systems,__construct_after_principle_video_gate__,biology_living_systems,organism_behavior_and_taxis,0,60,"Leading edge protrudes, adhesions shift, rear retracts, and the cell body translocates.",principle_id=BIO_CELL_003; priority=core; reject=Reject random cell shape changes without net displacement.; hard_negative_family=Brownian motion; ciliary swimming; mitosis,principle_id=BIO_CELL_003; priority=core; reject=Reject random cell shape changes without net displacement.; hard_negative_family=Brownian motion; ciliary swimming; mitosis
immune cell crawling microscopy,biology_living_systems,__construct_after_principle_video_gate__,biology_living_systems,organism_behavior_and_taxis,0,60,"Leading edge protrudes, adhesions shift, rear retracts, and the cell body translocates.",principle_id=BIO_CELL_003; priority=core; reject=Reject random cell shape changes without net displacement.; hard_negative_family=Brownian motion; ciliary swimming; mitosis,principle_id=BIO_CELL_003; priority=core; reject=Reject random cell shape changes without net displacement.; hard_negative_family=Brownian motion; ciliary swimming; mitosis
plasmolysis deplasmolysis time lapse microscopy,biology_living_systems,__construct_after_principle_video_gate__,biology_living_systems,plant_water_relations_and_turgor,0,60,Protoplast shrinks away from cell wall in hypertonic solution and recovers in water.,principle_id=BIO_TRA_001; priority=core; reject=Reject single final plasmolyzed images or label-only school videos.; hard_negative_family=cytoplasmic streaming; stomata; diffusion in water,principle_id=BIO_TRA_001; priority=core; reject=Reject single final plasmolyzed images or label-only school videos.; hard_negative_family=cytoplasmic streaming; stomata; diffusion in water
onion cell plasmolysis video,biology_living_systems,__construct_after_principle_video_gate__,biology_living_systems,plant_water_relations_and_turgor,0,60,Protoplast shrinks away from cell wall in hypertonic solution and recovers in water.,principle_id=BIO_TRA_001; priority=core; reject=Reject single final plasmolyzed images or label-only school videos.; hard_negative_family=cytoplasmic streaming; stomata; diffusion in water,principle_id=BIO_TRA_001; priority=core; reject=Reject single final plasmolyzed images or label-only school videos.; hard_negative_family=cytoplasmic streaming; stomata; diffusion in water
Elodea plasmolysis time lapse,biology_living_systems,__construct_after_principle_video_gate__,biology_living_systems,plant_water_relations_and_turgor,0,60,Protoplast shrinks away from cell wall in hypertonic solution and recovers in water.,principle_id=BIO_TRA_001; priority=core; reject=Reject single final plasmolyzed images or label-only school videos.; hard_negative_family=cytoplasmic streaming; stomata; diffusion in water,principle_id=BIO_TRA_001; priority=core; reject=Reject single final plasmolyzed images or label-only school videos.; hard_negative_family=cytoplasmic streaming; stomata; diffusion in water
stomata opening closing guard cell turgor time lapse,biology_living_systems,__construct_after_principle_video_gate__,biology_living_systems,plant_water_relations_and_turgor,0,60,Stomatal aperture increases or decreases as guard cells change shape.,principle_id=BIO_TRA_002; priority=core; reject=Reject static stomata views or graphs without visible pore change.; hard_negative_family=phototropism; plasmolysis; leaf folding,principle_id=BIO_TRA_002; priority=core; reject=Reject static stomata views or graphs without visible pore change.; hard_negative_family=phototropism; plasmolysis; leaf folding
stomatal aperture time lapse microscopy,biology_living_systems,__construct_after_principle_video_gate__,biology_living_systems,plant_water_relations_and_turgor,0,60,Stomatal aperture increases or decreases as guard cells change shape.,principle_id=BIO_TRA_002; priority=core; reject=Reject static stomata views or graphs without visible pore change.; hard_negative_family=phototropism; plasmolysis; leaf folding,principle_id=BIO_TRA_002; priority=core; reject=Reject static stomata views or graphs without visible pore change.; hard_negative_family=phototropism; plasmolysis; leaf folding
Elodea cytoplasmic streaming chloroplast movement video,biology_living_systems,__construct_after_principle_video_gate__,biology_living_systems,plant_water_relations_and_turgor,0,60,Chloroplasts or granules circulate along cell boundaries or strands.,principle_id=BIO_TRA_003; priority=core; reject=Reject if movement is only camera drift or Brownian jitter.; hard_negative_family=plasmolysis; diffusion; mitosis,principle_id=BIO_TRA_003; priority=core; reject=Reject if movement is only camera drift or Brownian jitter.; hard_negative_family=plasmolysis; diffusion; mitosis
cytoplasmic streaming plant cell microscopy,biology_living_systems,__construct_after_principle_video_gate__,biology_living_systems,plant_water_relations_and_turgor,0,60,Chloroplasts or granules circulate along cell boundaries or strands.,principle_id=BIO_TRA_003; priority=core; reject=Reject if movement is only camera drift or Brownian jitter.; hard_negative_family=plasmolysis; diffusion; mitosis,principle_id=BIO_TRA_003; priority=core; reject=Reject if movement is only camera drift or Brownian jitter.; hard_negative_family=plasmolysis; diffusion; mitosis
photosynthesis oxygen bubbles light intensity video,biology_living_systems,__construct_after_principle_video_gate__,biology_living_systems,plant_growth_and_tropisms,0,60,Oxygen bubbles increase after light exposure or light intensity changes.,principle_id=BIO_ENE_001; priority=core; reject=Reject generic plant growth videos or final gas collection only.; hard_negative_family=respiration CO2; boiling; gas evolution chemistry,principle_id=BIO_ENE_001; priority=core; reject=Reject generic plant growth videos or final gas collection only.; hard_negative_family=respiration CO2; boiling; gas evolution chemistry
Elodea photosynthesis oxygen bubble video,biology_living_systems,__construct_after_principle_video_gate__,biology_living_systems,plant_growth_and_tropisms,0,60,Oxygen bubbles increase after light exposure or light intensity changes.,principle_id=BIO_ENE_001; priority=core; reject=Reject generic plant growth videos or final gas collection only.; hard_negative_family=respiration CO2; boiling; gas evolution chemistry,principle_id=BIO_ENE_001; priority=core; reject=Reject generic plant growth videos or final gas collection only.; hard_negative_family=respiration CO2; boiling; gas evolution chemistry
photosynthesis rate bubbles light video,biology_living_systems,__construct_after_principle_video_gate__,biology_living_systems,plant_growth_and_tropisms,0,60,Oxygen bubbles increase after light exposure or light intensity changes.,principle_id=BIO_ENE_001; priority=core; reject=Reject generic plant growth videos or final gas collection only.; hard_negative_family=respiration CO2; boiling; gas evolution chemistry,principle_id=BIO_ENE_001; priority=core; reject=Reject generic plant growth videos or final gas collection only.; hard_negative_family=respiration CO2; boiling; gas evolution chemistry
cellular respiration CO2 indicator color change video,biology_living_systems,__construct_after_principle_video_gate__,biology_living_systems,germination_and_development,0,60,CO2 indicator or sensor changes over time due to living tissue or microbes.,principle_id=BIO_ENE_002; priority=core; reject=Reject simple fermentation foam unless respiration mechanism and control are visible.; hard_negative_family=photosynthesis oxygen; acid-base demo; combustion,principle_id=BIO_ENE_002; priority=core; reject=Reject simple fermentation foam unless respiration mechanism and control are visible.; hard_negative_family=photosynthesis oxygen; acid-base demo; combustion
yeast respiration CO2 indicator video,biology_living_systems,__construct_after_principle_video_gate__,biology_living_systems,germination_and_development,0,60,CO2 indicator or sensor changes over time due to living tissue or microbes.,principle_id=BIO_ENE_002; priority=core; reject=Reject simple fermentation foam unless respiration mechanism and control are visible.; hard_negative_family=photosynthesis oxygen; acid-base demo; combustion,principle_id=BIO_ENE_002; priority=core; reject=Reject simple fermentation foam unless respiration mechanism and control are visible.; hard_negative_family=photosynthesis oxygen; acid-base demo; combustion
seed respiration carbon dioxide indicator video,biology_living_systems,__construct_after_principle_video_gate__,biology_living_systems,germination_and_development,0,60,CO2 indicator or sensor changes over time due to living tissue or microbes.,principle_id=BIO_ENE_002; priority=core; reject=Reject simple fermentation foam unless respiration mechanism and control are visible.; hard_negative_family=photosynthesis oxygen; acid-base demo; combustion,principle_id=BIO_ENE_002; priority=core; reject=Reject simple fermentation foam unless respiration mechanism and control are visible.; hard_negative_family=photosynthesis oxygen; acid-base demo; combustion
zebrafish embryo development time lapse,biology_living_systems,__construct_after_principle_video_gate__,biology_living_systems,germination_and_development,0,60,"Cleavage, gastrulation, or tissue formation is visible over time.",principle_id=BIO_DEV_001; priority=core; reject=Reject final embryo stage slides or pure text overlays.; hard_negative_family=plant germination; cell migration only; mitosis isolated,principle_id=BIO_DEV_001; priority=core; reject=Reject final embryo stage slides or pure text overlays.; hard_negative_family=plant germination; cell migration only; mitosis isolated
embryogenesis cell division migration time lapse,biology_living_systems,__construct_after_principle_video_gate__,biology_living_systems,germination_and_development,0,60,"Cleavage, gastrulation, or tissue formation is visible over time.",principle_id=BIO_DEV_001; priority=core; reject=Reject final embryo stage slides or pure text overlays.; hard_negative_family=plant germination; cell migration only; mitosis isolated,principle_id=BIO_DEV_001; priority=core; reject=Reject final embryo stage slides or pure text overlays.; hard_negative_family=plant germination; cell migration only; mitosis isolated
C elegans embryo development time lapse,biology_living_systems,__construct_after_principle_video_gate__,biology_living_systems,germination_and_development,0,60,"Cleavage, gastrulation, or tissue formation is visible over time.",principle_id=BIO_DEV_001; priority=core; reject=Reject final embryo stage slides or pure text overlays.; hard_negative_family=plant germination; cell migration only; mitosis isolated,principle_id=BIO_DEV_001; priority=core; reject=Reject final embryo stage slides or pure text overlays.; hard_negative_family=plant germination; cell migration only; mitosis isolated
seed germination radicle emergence time lapse,biology_living_systems,__construct_after_principle_video_gate__,biology_living_systems,germination_and_development,0,60,"Seed swells, radicle emerges, shoot later elongates.",principle_id=BIO_DEV_002; priority=core; reject=Reject generic seedling growth after germination if radicle emergence is absent.; hard_negative_family=phototropism; leaf unfurling; fungal growth,principle_id=BIO_DEV_002; priority=core; reject=Reject generic seedling growth after germination if radicle emergence is absent.; hard_negative_family=phototropism; leaf unfurling; fungal growth
bean germination root shoot time lapse,biology_living_systems,__construct_after_principle_video_gate__,biology_living_systems,germination_and_development,0,60,"Seed swells, radicle emerges, shoot later elongates.",principle_id=BIO_DEV_002; priority=core; reject=Reject generic seedling growth after germination if radicle emergence is absent.; hard_negative_family=phototropism; leaf unfurling; fungal growth,principle_id=BIO_DEV_002; priority=core; reject=Reject generic seedling growth after germination if radicle emergence is absent.; hard_negative_family=phototropism; leaf unfurling; fungal growth
phototropism plant shoot bending time lapse,biology_living_systems,__construct_after_principle_video_gate__,biology_living_systems,plant_growth_and_tropisms,0,60,Shoot curvature gradually changes toward a visible or known light source.,principle_id=BIO_TRO_001; priority=core; reject=Reject normal vertical growth without directional stimulus.; hard_negative_family=circumnutation; germination; stomata,principle_id=BIO_TRO_001; priority=core; reject=Reject normal vertical growth without directional stimulus.; hard_negative_family=circumnutation; germination; stomata
plant growing toward light time lapse,biology_living_systems,__construct_after_principle_video_gate__,biology_living_systems,plant_growth_and_tropisms,0,60,Shoot curvature gradually changes toward a visible or known light source.,principle_id=BIO_TRO_001; priority=core; reject=Reject normal vertical growth without directional stimulus.; hard_negative_family=circumnutation; germination; stomata,principle_id=BIO_TRO_001; priority=core; reject=Reject normal vertical growth without directional stimulus.; hard_negative_family=circumnutation; germination; stomata
root gravitropism time lapse,biology_living_systems,__construct_after_principle_video_gate__,biology_living_systems,plant_growth_and_tropisms,0,60,Root tip curves downward or shoot curves upward after rotation.,principle_id=BIO_TRO_002; priority=core; reject=Reject clips without reorientation or gravity-relative change.; hard_negative_family=phototropism; hydrotropism; circumnutation,principle_id=BIO_TRO_002; priority=core; reject=Reject clips without reorientation or gravity-relative change.; hard_negative_family=phototropism; hydrotropism; circumnutation
plant gravitropism reorientation video,biology_living_systems,__construct_after_principle_video_gate__,biology_living_systems,plant_growth_and_tropisms,0,60,Root tip curves downward or shoot curves upward after rotation.,principle_id=BIO_TRO_002; priority=core; reject=Reject clips without reorientation or gravity-relative change.; hard_negative_family=phototropism; hydrotropism; circumnutation,principle_id=BIO_TRO_002; priority=core; reject=Reject clips without reorientation or gravity-relative change.; hard_negative_family=phototropism; hydrotropism; circumnutation
shoot gravitropism time lapse,biology_living_systems,__construct_after_principle_video_gate__,biology_living_systems,plant_growth_and_tropisms,0,60,Root tip curves downward or shoot curves upward after rotation.,principle_id=BIO_TRO_002; priority=core; reject=Reject clips without reorientation or gravity-relative change.; hard_negative_family=phototropism; hydrotropism; circumnutation,principle_id=BIO_TRO_002; priority=core; reject=Reject clips without reorientation or gravity-relative change.; hard_negative_family=phototropism; hydrotropism; circumnutation
root hydrotropism water gradient time lapse,biology_living_systems,__construct_after_principle_video_gate__,biology_living_systems,plant_growth_and_tropisms,0,60,Root curvature changes toward wetter side over hours or days.,principle_id=BIO_TRO_003; priority=core; reject=Reject source-only hydrotropism setups without root curvature.; hard_negative_family=gravitropism; halotropism; germination,principle_id=BIO_TRO_003; priority=core; reject=Reject source-only hydrotropism setups without root curvature.; hard_negative_family=gravitropism; halotropism; germination
plant root growing toward water video,biology_living_systems,__construct_after_principle_video_gate__,biology_living_systems,plant_growth_and_tropisms,0,60,Root curvature changes toward wetter side over hours or days.,principle_id=BIO_TRO_003; priority=core; reject=Reject source-only hydrotropism setups without root curvature.; hard_negative_family=gravitropism; halotropism; germination,principle_id=BIO_TRO_003; priority=core; reject=Reject source-only hydrotropism setups without root curvature.; hard_negative_family=gravitropism; halotropism; germination
thigmonasty plant movement touch time lapse,biology_living_systems,__construct_after_principle_video_gate__,biology_living_systems,plant_nastic_movements,0,60,Touch is followed by rapid closure or bending independent of stimulus direction.,principle_id=BIO_NAS_001; priority=core; reject=Reject closed-only/open-only frames or clips where touch is not visible.; hard_negative_family=thigmotropism; phototropism; wilting,principle_id=BIO_NAS_001; priority=core; reject=Reject closed-only/open-only frames or clips where touch is not visible.; hard_negative_family=thigmotropism; phototropism; wilting
Mimosa leaf folding touch video,biology_living_systems,__construct_after_principle_video_gate__,biology_living_systems,plant_nastic_movements,0,60,Touch is followed by rapid closure or bending independent of stimulus direction.,principle_id=BIO_NAS_001; priority=core; reject=Reject closed-only/open-only frames or clips where touch is not visible.; hard_negative_family=thigmotropism; phototropism; wilting,principle_id=BIO_NAS_001; priority=core; reject=Reject closed-only/open-only frames or clips where touch is not visible.; hard_negative_family=thigmotropism; phototropism; wilting
Venus flytrap closure trigger hair video,biology_living_systems,__construct_after_principle_video_gate__,biology_living_systems,plant_nastic_movements,0,60,Touch is followed by rapid closure or bending independent of stimulus direction.,principle_id=BIO_NAS_001; priority=core; reject=Reject closed-only/open-only frames or clips where touch is not visible.; hard_negative_family=thigmotropism; phototropism; wilting,principle_id=BIO_NAS_001; priority=core; reject=Reject closed-only/open-only frames or clips where touch is not visible.; hard_negative_family=thigmotropism; phototropism; wilting
nyctinasty leaf movement time lapse,biology_living_systems,__construct_after_principle_video_gate__,biology_living_systems,plant_nastic_movements,0,60,Leaves open/close or change angle over day-night transitions.,principle_id=BIO_NAS_002; priority=core; reject=Reject generic wind movement or one-state leaf images.; hard_negative_family=phototropism; wilting; touch response,principle_id=BIO_NAS_002; priority=core; reject=Reject generic wind movement or one-state leaf images.; hard_negative_family=phototropism; wilting; touch response
Oxalis leaf sleep movement video,biology_living_systems,__construct_after_principle_video_gate__,biology_living_systems,plant_nastic_movements,0,60,Leaves open/close or change angle over day-night transitions.,principle_id=BIO_NAS_002; priority=core; reject=Reject generic wind movement or one-state leaf images.; hard_negative_family=phototropism; wilting; touch response,principle_id=BIO_NAS_002; priority=core; reject=Reject generic wind movement or one-state leaf images.; hard_negative_family=phototropism; wilting; touch response
circadian plant leaf movement time lapse,biology_living_systems,__construct_after_principle_video_gate__,biology_living_systems,plant_nastic_movements,0,60,Leaves open/close or change angle over day-night transitions.,principle_id=BIO_NAS_002; priority=core; reject=Reject generic wind movement or one-state leaf images.; hard_negative_family=phototropism; wilting; touch response,principle_id=BIO_NAS_002; priority=core; reject=Reject generic wind movement or one-state leaf images.; hard_negative_family=phototropism; wilting; touch response
jellyfish jet propulsion bell contraction video,biology_living_systems,__construct_after_principle_video_gate__,biology_living_systems,animal_locomotion_and_biomechanics,0,60,"Body cavity or bell contracts, then the body translates in the opposite direction of expelled fluid.",principle_id=BIO_LOC_001; priority=core; reject=Reject swimming clips without contraction-pulse displacement.; hard_negative_family=peristalsis; flapping lift; tail undulation,principle_id=BIO_LOC_001; priority=core; reject=Reject swimming clips without contraction-pulse displacement.; hard_negative_family=peristalsis; flapping lift; tail undulation
fluid jet propulsion animal locomotion video,biology_living_systems,__construct_after_principle_video_gate__,biology_living_systems,animal_locomotion_and_biomechanics,0,60,"Body cavity or bell contracts, then the body translates in the opposite direction of expelled fluid.",principle_id=BIO_LOC_001; priority=core; reject=Reject swimming clips without contraction-pulse displacement.; hard_negative_family=peristalsis; flapping lift; tail undulation,principle_id=BIO_LOC_001; priority=core; reject=Reject swimming clips without contraction-pulse displacement.; hard_negative_family=peristalsis; flapping lift; tail undulation
peristaltic locomotion caterpillar time lapse,biology_living_systems,__construct_after_principle_video_gate__,biology_living_systems,animal_locomotion_and_biomechanics,0,60,Soft body shortens/extends in waves while contact points shift and the body advances.,principle_id=BIO_LOC_002; priority=core; reject=Reject legged walking where no contraction wave is visible.; hard_negative_family=jet propulsion; tripod gait; passive drift,principle_id=BIO_LOC_002; priority=core; reject=Reject legged walking where no contraction wave is visible.; hard_negative_family=jet propulsion; tripod gait; passive drift
earthworm peristaltic crawling video,biology_living_systems,__construct_after_principle_video_gate__,biology_living_systems,animal_locomotion_and_biomechanics,0,60,Soft body shortens/extends in waves while contact points shift and the body advances.,principle_id=BIO_LOC_002; priority=core; reject=Reject legged walking where no contraction wave is visible.; hard_negative_family=jet propulsion; tripod gait; passive drift,principle_id=BIO_LOC_002; priority=core; reject=Reject legged walking where no contraction wave is visible.; hard_negative_family=jet propulsion; tripod gait; passive drift
soft body contraction wave locomotion,biology_living_systems,__construct_after_principle_video_gate__,biology_living_systems,animal_locomotion_and_biomechanics,0,60,Soft body shortens/extends in waves while contact points shift and the body advances.,principle_id=BIO_LOC_002; priority=core; reject=Reject legged walking where no contraction wave is visible.; hard_negative_family=jet propulsion; tripod gait; passive drift,principle_id=BIO_LOC_002; priority=core; reject=Reject legged walking where no contraction wave is visible.; hard_negative_family=jet propulsion; tripod gait; passive drift
flapping wing takeoff lift slow motion,biology_living_systems,__construct_after_principle_video_gate__,biology_living_systems,animal_locomotion_and_biomechanics,0,60,Wingbeats begin or intensify before lift-off or sustained flight.,principle_id=BIO_LOC_003; priority=core; reject=Reject gliding or leg-only jumps with passive wings.; hard_negative_family=leg jump; passive gliding; swimming,principle_id=BIO_LOC_003; priority=core; reject=Reject gliding or leg-only jumps with passive wings.; hard_negative_family=leg jump; passive gliding; swimming
insect takeoff wingbeats slow motion,biology_living_systems,__construct_after_principle_video_gate__,biology_living_systems,animal_locomotion_and_biomechanics,0,60,Wingbeats begin or intensify before lift-off or sustained flight.,principle_id=BIO_LOC_003; priority=core; reject=Reject gliding or leg-only jumps with passive wings.; hard_negative_family=leg jump; passive gliding; swimming,principle_id=BIO_LOC_003; priority=core; reject=Reject gliding or leg-only jumps with passive wings.; hard_negative_family=leg jump; passive gliding; swimming
bee takeoff slow motion lift,biology_living_systems,__construct_after_principle_video_gate__,biology_living_systems,animal_locomotion_and_biomechanics,0,60,Wingbeats begin or intensify before lift-off or sustained flight.,principle_id=BIO_LOC_003; priority=core; reject=Reject gliding or leg-only jumps with passive wings.; hard_negative_family=leg jump; passive gliding; swimming,principle_id=BIO_LOC_003; priority=core; reject=Reject gliding or leg-only jumps with passive wings.; hard_negative_family=leg jump; passive gliding; swimming
fish fast start S bend swimming video,biology_living_systems,__construct_after_principle_video_gate__,biology_living_systems,animal_locomotion_and_biomechanics,0,60,S- or C-shaped bend is followed by rapid forward acceleration.,principle_id=BIO_LOC_004; priority=core; reject=Reject clips where swimming is slow cruising without rapid curvature-acceleration sequence.; hard_negative_family=phototaxis; peristalsis; passive drift,principle_id=BIO_LOC_004; priority=core; reject=Reject clips where swimming is slow cruising without rapid curvature-acceleration sequence.; hard_negative_family=phototaxis; peristalsis; passive drift
zebrafish escape response slow motion,biology_living_systems,__construct_after_principle_video_gate__,biology_living_systems,animal_locomotion_and_biomechanics,0,60,S- or C-shaped bend is followed by rapid forward acceleration.,principle_id=BIO_LOC_004; priority=core; reject=Reject clips where swimming is slow cruising without rapid curvature-acceleration sequence.; hard_negative_family=phototaxis; peristalsis; passive drift,principle_id=BIO_LOC_004; priority=core; reject=Reject clips where swimming is slow cruising without rapid curvature-acceleration sequence.; hard_negative_family=phototaxis; peristalsis; passive drift
larval fish predatory strike video,biology_living_systems,__construct_after_principle_video_gate__,biology_living_systems,animal_locomotion_and_biomechanics,0,60,S- or C-shaped bend is followed by rapid forward acceleration.,principle_id=BIO_LOC_004; priority=core; reject=Reject clips where swimming is slow cruising without rapid curvature-acceleration sequence.; hard_negative_family=phototaxis; peristalsis; passive drift,principle_id=BIO_LOC_004; priority=core; reject=Reject clips where swimming is slow cruising without rapid curvature-acceleration sequence.; hard_negative_family=phototaxis; peristalsis; passive drift
chemotaxis cell migration gradient time lapse,biology_living_systems,__construct_after_principle_video_gate__,biology_living_systems,organism_behavior_and_taxis,0,60,Trajectories accumulate toward/away from a chemical source or gradient.,principle_id=BIO_TAX_001; priority=core; reject=Reject random wandering without gradient cue.; hard_negative_family=phototaxis; Brownian motion; thermotaxis,principle_id=BIO_TAX_001; priority=core; reject=Reject random wandering without gradient cue.; hard_negative_family=phototaxis; Brownian motion; thermotaxis
bacterial chemotaxis microfluidic gradient video,biology_living_systems,__construct_after_principle_video_gate__,biology_living_systems,organism_behavior_and_taxis,0,60,Trajectories accumulate toward/away from a chemical source or gradient.,principle_id=BIO_TAX_001; priority=core; reject=Reject random wandering without gradient cue.; hard_negative_family=phototaxis; Brownian motion; thermotaxis,principle_id=BIO_TAX_001; priority=core; reject=Reject random wandering without gradient cue.; hard_negative_family=phototaxis; Brownian motion; thermotaxis
neutrophil chemotaxis time lapse,biology_living_systems,__construct_after_principle_video_gate__,biology_living_systems,organism_behavior_and_taxis,0,60,Trajectories accumulate toward/away from a chemical source or gradient.,principle_id=BIO_TAX_001; priority=core; reject=Reject random wandering without gradient cue.; hard_negative_family=phototaxis; Brownian motion; thermotaxis,principle_id=BIO_TAX_001; priority=core; reject=Reject random wandering without gradient cue.; hard_negative_family=phototaxis; Brownian motion; thermotaxis
phototaxis microorganism light stimulus video,biology_living_systems,__construct_after_principle_video_gate__,biology_living_systems,organism_behavior_and_taxis,0,60,Organisms redistribute toward/away from a light source or stimulus marker.,principle_id=BIO_TAX_002; priority=core; reject=Reject clips with a lamp but no moving organisms or no directional redistribution.; hard_negative_family=phototropism; random walk; chemotaxis,principle_id=BIO_TAX_002; priority=core; reject=Reject clips with a lamp but no moving organisms or no directional redistribution.; hard_negative_family=phototropism; random walk; chemotaxis
Euglena phototaxis video,biology_living_systems,__construct_after_principle_video_gate__,biology_living_systems,organism_behavior_and_taxis,0,60,Organisms redistribute toward/away from a light source or stimulus marker.,principle_id=BIO_TAX_002; priority=core; reject=Reject clips with a lamp but no moving organisms or no directional redistribution.; hard_negative_family=phototropism; random walk; chemotaxis,principle_id=BIO_TAX_002; priority=core; reject=Reject clips with a lamp but no moving organisms or no directional redistribution.; hard_negative_family=phototropism; random walk; chemotaxis
insect phototaxis light source video,biology_living_systems,__construct_after_principle_video_gate__,biology_living_systems,organism_behavior_and_taxis,0,60,Organisms redistribute toward/away from a light source or stimulus marker.,principle_id=BIO_TAX_002; priority=core; reject=Reject clips with a lamp but no moving organisms or no directional redistribution.; hard_negative_family=phototropism; random walk; chemotaxis,principle_id=BIO_TAX_002; priority=core; reject=Reject clips with a lamp but no moving organisms or no directional redistribution.; hard_negative_family=phototropism; random walk; chemotaxis
magnetotactic bacteria magnetic field direction video,biology_living_systems,__construct_after_principle_video_gate__,biology_living_systems,organism_behavior_and_taxis,0,60,Cell bands or trajectories reorganize when magnetic field direction changes.,principle_id=BIO_TAX_003; priority=core; reject=Reject source-only magnetotaxis where field marker or movement bias is absent.; hard_negative_family=chemotaxis; phototaxis; Brownian motion,principle_id=BIO_TAX_003; priority=core; reject=Reject source-only magnetotaxis where field marker or movement bias is absent.; hard_negative_family=chemotaxis; phototaxis; Brownian motion
magnetotaxis field reversal microscopy video,biology_living_systems,__construct_after_principle_video_gate__,biology_living_systems,organism_behavior_and_taxis,0,60,Cell bands or trajectories reorganize when magnetic field direction changes.,principle_id=BIO_TAX_003; priority=core; reject=Reject source-only magnetotaxis where field marker or movement bias is absent.; hard_negative_family=chemotaxis; phototaxis; Brownian motion,principle_id=BIO_TAX_003; priority=core; reject=Reject source-only magnetotaxis where field marker or movement bias is absent.; hard_negative_family=chemotaxis; phototaxis; Brownian motion
bacteria run and tumble trajectory video,biology_living_systems,__construct_after_principle_video_gate__,biology_living_systems,organism_behavior_and_taxis,0,60,Tracked trajectories show long runs interrupted by reorientation turns.,principle_id=BIO_TAX_004; priority=core; reject=Reject smooth swimming or untracked crowd motion.; hard_negative_family=diffusion; taxis gradient; ciliary beating,principle_id=BIO_TAX_004; priority=core; reject=Reject smooth swimming or untracked crowd motion.; hard_negative_family=diffusion; taxis gradient; ciliary beating
Levy walk bacteria tracking video,biology_living_systems,__construct_after_principle_video_gate__,biology_living_systems,organism_behavior_and_taxis,0,60,Tracked trajectories show long runs interrupted by reorientation turns.,principle_id=BIO_TAX_004; priority=core; reject=Reject smooth swimming or untracked crowd motion.; hard_negative_family=diffusion; taxis gradient; ciliary beating,principle_id=BIO_TAX_004; priority=core; reject=Reject smooth swimming or untracked crowd motion.; hard_negative_family=diffusion; taxis gradient; ciliary beating
intermittent search trajectory time lapse,biology_living_systems,__construct_after_principle_video_gate__,biology_living_systems,organism_behavior_and_taxis,0,60,Tracked trajectories show long runs interrupted by reorientation turns.,principle_id=BIO_TAX_004; priority=core; reject=Reject smooth swimming or untracked crowd motion.; hard_negative_family=diffusion; taxis gradient; ciliary beating,principle_id=BIO_TAX_004; priority=core; reject=Reject smooth swimming or untracked crowd motion.; hard_negative_family=diffusion; taxis gradient; ciliary beating
cloud formation convection time lapse,earth_environmental_systems,__construct_after_principle_video_gate__,earth_environmental_systems,weather_and_atmospheric_dynamics,0,60,"Clouds initiate, rise, billow, and deepen vertically.",principle_id=EAR_WEA_001; priority=core; reject=Reject scenic clouds drifting with no growth or vertical development.; hard_negative_family=fog advection; smoke plume; rain band,principle_id=EAR_WEA_001; priority=core; reject=Reject scenic clouds drifting with no growth or vertical development.; hard_negative_family=fog advection; smoke plume; rain band
cumulus cloud tower growth time lapse,earth_environmental_systems,__construct_after_principle_video_gate__,earth_environmental_systems,weather_and_atmospheric_dynamics,0,60,"Clouds initiate, rise, billow, and deepen vertically.",principle_id=EAR_WEA_001; priority=core; reject=Reject scenic clouds drifting with no growth or vertical development.; hard_negative_family=fog advection; smoke plume; rain band,principle_id=EAR_WEA_001; priority=core; reject=Reject scenic clouds drifting with no growth or vertical development.; hard_negative_family=fog advection; smoke plume; rain band
atmospheric convection cloud video,earth_environmental_systems,__construct_after_principle_video_gate__,earth_environmental_systems,weather_and_atmospheric_dynamics,0,60,"Clouds initiate, rise, billow, and deepen vertically.",principle_id=EAR_WEA_001; priority=core; reject=Reject scenic clouds drifting with no growth or vertical development.; hard_negative_family=fog advection; smoke plume; rain band,principle_id=EAR_WEA_001; priority=core; reject=Reject scenic clouds drifting with no growth or vertical development.; hard_negative_family=fog advection; smoke plume; rain band
cloud vortex rotation time lapse,earth_environmental_systems,__construct_after_principle_video_gate__,earth_environmental_systems,weather_and_atmospheric_dynamics,0,60,Cloud bands rotate around a center or funnel-like structure develops.,principle_id=EAR_WEA_002; priority=core; reject=Reject static satellite images or non-rotating cloud drift.; hard_negative_family=linear front motion; river flow; smoke,principle_id=EAR_WEA_002; priority=core; reject=Reject static satellite images or non-rotating cloud drift.; hard_negative_family=linear front motion; river flow; smoke
cyclone cloud bands rotation video,earth_environmental_systems,__construct_after_principle_video_gate__,earth_environmental_systems,weather_and_atmospheric_dynamics,0,60,Cloud bands rotate around a center or funnel-like structure develops.,principle_id=EAR_WEA_002; priority=core; reject=Reject static satellite images or non-rotating cloud drift.; hard_negative_family=linear front motion; river flow; smoke,principle_id=EAR_WEA_002; priority=core; reject=Reject static satellite images or non-rotating cloud drift.; hard_negative_family=linear front motion; river flow; smoke
tornado formation cloud rotation video,earth_environmental_systems,__construct_after_principle_video_gate__,earth_environmental_systems,weather_and_atmospheric_dynamics,0,60,Cloud bands rotate around a center or funnel-like structure develops.,principle_id=EAR_WEA_002; priority=core; reject=Reject static satellite images or non-rotating cloud drift.; hard_negative_family=linear front motion; river flow; smoke,principle_id=EAR_WEA_002; priority=core; reject=Reject static satellite images or non-rotating cloud drift.; hard_negative_family=linear front motion; river flow; smoke
surface runoff slope erosion experiment video,earth_environmental_systems,__construct_after_principle_video_gate__,earth_environmental_systems,hydrology_and_flow_processes,0,60,"Water gathers, accelerates downslope, and forms rills or channels.",principle_id=EAR_HYD_001; priority=core; reject=Reject standing water or generic rain without flow paths.; hard_negative_family=capillary absorption; seepage only; wave motion,principle_id=EAR_HYD_001; priority=core; reject=Reject standing water or generic rain without flow paths.; hard_negative_family=capillary absorption; seepage only; wave motion
rainfall runoff flume video,earth_environmental_systems,__construct_after_principle_video_gate__,earth_environmental_systems,hydrology_and_flow_processes,0,60,"Water gathers, accelerates downslope, and forms rills or channels.",principle_id=EAR_HYD_001; priority=core; reject=Reject standing water or generic rain without flow paths.; hard_negative_family=capillary absorption; seepage only; wave motion,principle_id=EAR_HYD_001; priority=core; reject=Reject standing water or generic rain without flow paths.; hard_negative_family=capillary absorption; seepage only; wave motion
water flowing downslope channel formation video,earth_environmental_systems,__construct_after_principle_video_gate__,earth_environmental_systems,hydrology_and_flow_processes,0,60,"Water gathers, accelerates downslope, and forms rills or channels.",principle_id=EAR_HYD_001; priority=core; reject=Reject standing water or generic rain without flow paths.; hard_negative_family=capillary absorption; seepage only; wave motion,principle_id=EAR_HYD_001; priority=core; reject=Reject standing water or generic rain without flow paths.; hard_negative_family=capillary absorption; seepage only; wave motion
soil infiltration wetting front time lapse,earth_environmental_systems,__construct_after_principle_video_gate__,earth_environmental_systems,hydrology_and_flow_processes,0,60,Water level drops and a visible wetting boundary moves downward or laterally.,principle_id=EAR_HYD_002; priority=core; reject=Reject top-surface wetting without internal front movement.; hard_negative_family=surface runoff; capillary tube; sediment transport,principle_id=EAR_HYD_002; priority=core; reject=Reject top-surface wetting without internal front movement.; hard_negative_family=surface runoff; capillary tube; sediment transport
porous soil water infiltration video,earth_environmental_systems,__construct_after_principle_video_gate__,earth_environmental_systems,hydrology_and_flow_processes,0,60,Water level drops and a visible wetting boundary moves downward or laterally.,principle_id=EAR_HYD_002; priority=core; reject=Reject top-surface wetting without internal front movement.; hard_negative_family=surface runoff; capillary tube; sediment transport,principle_id=EAR_HYD_002; priority=core; reject=Reject top-surface wetting without internal front movement.; hard_negative_family=surface runoff; capillary tube; sediment transport
sediment transport threshold flume video,earth_environmental_systems,__construct_after_principle_video_gate__,earth_environmental_systems,erosion_transport_and_deposition,0,60,"Grains transition from rest to rolling, saltation, or suspension as flow increases.",principle_id=EAR_ERO_001; priority=core; reject=Reject sediment already moving without flow change or threshold evidence.; hard_negative_family=debris flow; diffusion; landslide,principle_id=EAR_ERO_001; priority=core; reject=Reject sediment already moving without flow change or threshold evidence.; hard_negative_family=debris flow; diffusion; landslide
bedload motion start flume experiment,earth_environmental_systems,__construct_after_principle_video_gate__,earth_environmental_systems,erosion_transport_and_deposition,0,60,"Grains transition from rest to rolling, saltation, or suspension as flow increases.",principle_id=EAR_ERO_001; priority=core; reject=Reject sediment already moving without flow change or threshold evidence.; hard_negative_family=debris flow; diffusion; landslide,principle_id=EAR_ERO_001; priority=core; reject=Reject sediment already moving without flow change or threshold evidence.; hard_negative_family=debris flow; diffusion; landslide
grain entrainment by water flow video,earth_environmental_systems,__construct_after_principle_video_gate__,earth_environmental_systems,erosion_transport_and_deposition,0,60,"Grains transition from rest to rolling, saltation, or suspension as flow increases.",principle_id=EAR_ERO_001; priority=core; reject=Reject sediment already moving without flow change or threshold evidence.; hard_negative_family=debris flow; diffusion; landslide,principle_id=EAR_ERO_001; priority=core; reject=Reject sediment already moving without flow change or threshold evidence.; hard_negative_family=debris flow; diffusion; landslide
sediment sorting flume experiment video,earth_environmental_systems,__construct_after_principle_video_gate__,earth_environmental_systems,erosion_transport_and_deposition,0,60,Particles separate spatially or layers form as flow slows.,principle_id=EAR_ERO_002; priority=core; reject=Reject final sorted samples without movement/deposition sequence.; hard_negative_family=filtration; granular vibration; chemical precipitation,principle_id=EAR_ERO_002; priority=core; reject=Reject final sorted samples without movement/deposition sequence.; hard_negative_family=filtration; granular vibration; chemical precipitation
particle settling sorting time lapse,earth_environmental_systems,__construct_after_principle_video_gate__,earth_environmental_systems,erosion_transport_and_deposition,0,60,Particles separate spatially or layers form as flow slows.,principle_id=EAR_ERO_002; priority=core; reject=Reject final sorted samples without movement/deposition sequence.; hard_negative_family=filtration; granular vibration; chemical precipitation,principle_id=EAR_ERO_002; priority=core; reject=Reject final sorted samples without movement/deposition sequence.; hard_negative_family=filtration; granular vibration; chemical precipitation
delta deposition flume video,earth_environmental_systems,__construct_after_principle_video_gate__,earth_environmental_systems,erosion_transport_and_deposition,0,60,Particles separate spatially or layers form as flow slows.,principle_id=EAR_ERO_002; priority=core; reject=Reject final sorted samples without movement/deposition sequence.; hard_negative_family=filtration; granular vibration; chemical precipitation,principle_id=EAR_ERO_002; priority=core; reject=Reject final sorted samples without movement/deposition sequence.; hard_negative_family=filtration; granular vibration; chemical precipitation
landslide failure slope model video,earth_environmental_systems,__construct_after_principle_video_gate__,earth_environmental_systems,geology_and_geophysical_change,0,60,"Cracks, deformation, and mass movement develop downslope.",principle_id=EAR_GEO_001; priority=core; reject=Reject post-landslide aftermath without failure sequence.; hard_negative_family=debris flow transport; erosion; glacier calving,principle_id=EAR_GEO_001; priority=core; reject=Reject post-landslide aftermath without failure sequence.; hard_negative_family=debris flow transport; erosion; glacier calving
slope instability landslide experiment video,earth_environmental_systems,__construct_after_principle_video_gate__,earth_environmental_systems,geology_and_geophysical_change,0,60,"Cracks, deformation, and mass movement develop downslope.",principle_id=EAR_GEO_001; priority=core; reject=Reject post-landslide aftermath without failure sequence.; hard_negative_family=debris flow transport; erosion; glacier calving,principle_id=EAR_GEO_001; priority=core; reject=Reject post-landslide aftermath without failure sequence.; hard_negative_family=debris flow transport; erosion; glacier calving
soil slope collapse time lapse,earth_environmental_systems,__construct_after_principle_video_gate__,earth_environmental_systems,geology_and_geophysical_change,0,60,"Cracks, deformation, and mass movement develop downslope.",principle_id=EAR_GEO_001; priority=core; reject=Reject post-landslide aftermath without failure sequence.; hard_negative_family=debris flow transport; erosion; glacier calving,principle_id=EAR_GEO_001; priority=core; reject=Reject post-landslide aftermath without failure sequence.; hard_negative_family=debris flow transport; erosion; glacier calving
pyroclastic density current experiment video,earth_environmental_systems,__construct_after_principle_video_gate__,earth_environmental_systems,geology_and_geophysical_change,0,60,Dense current advances along the ground with a leading front and suspended particles.,principle_id=EAR_GEO_002; priority=core; reject=Reject smoke plumes rising vertically without ground-hugging current.; hard_negative_family=lava flow; debris slide; steam convection,principle_id=EAR_GEO_002; priority=core; reject=Reject smoke plumes rising vertically without ground-hugging current.; hard_negative_family=lava flow; debris slide; steam convection
pyroclastic flow analogue flume video,earth_environmental_systems,__construct_after_principle_video_gate__,earth_environmental_systems,geology_and_geophysical_change,0,60,Dense current advances along the ground with a leading front and suspended particles.,principle_id=EAR_GEO_002; priority=core; reject=Reject smoke plumes rising vertically without ground-hugging current.; hard_negative_family=lava flow; debris slide; steam convection,principle_id=EAR_GEO_002; priority=core; reject=Reject smoke plumes rising vertically without ground-hugging current.; hard_negative_family=lava flow; debris slide; steam convection
particle laden gravity current video,earth_environmental_systems,__construct_after_principle_video_gate__,earth_environmental_systems,geology_and_geophysical_change,0,60,Dense current advances along the ground with a leading front and suspended particles.,principle_id=EAR_GEO_002; priority=core; reject=Reject smoke plumes rising vertically without ground-hugging current.; hard_negative_family=lava flow; debris slide; steam convection,principle_id=EAR_GEO_002; priority=core; reject=Reject smoke plumes rising vertically without ground-hugging current.; hard_negative_family=lava flow; debris slide; steam convection
lava flow crust folding time lapse,earth_environmental_systems,__construct_after_principle_video_gate__,earth_environmental_systems,geology_and_geophysical_change,0,60,"Surface crust wrinkles, breaks, or folds as the flow front moves.",principle_id=EAR_GEO_003; priority=core; reject=Reject static lava images or glow-only clips.; hard_negative_family=pyroclastic current; mudflow; glacier,principle_id=EAR_GEO_003; priority=core; reject=Reject static lava images or glow-only clips.; hard_negative_family=pyroclastic current; mudflow; glacier
pahoehoe lava flow time lapse,earth_environmental_systems,__construct_after_principle_video_gate__,earth_environmental_systems,geology_and_geophysical_change,0,60,"Surface crust wrinkles, breaks, or folds as the flow front moves.",principle_id=EAR_GEO_003; priority=core; reject=Reject static lava images or glow-only clips.; hard_negative_family=pyroclastic current; mudflow; glacier,principle_id=EAR_GEO_003; priority=core; reject=Reject static lava images or glow-only clips.; hard_negative_family=pyroclastic current; mudflow; glacier
molten lava flow front video,earth_environmental_systems,__construct_after_principle_video_gate__,earth_environmental_systems,geology_and_geophysical_change,0,60,"Surface crust wrinkles, breaks, or folds as the flow front moves.",principle_id=EAR_GEO_003; priority=core; reject=Reject static lava images or glow-only clips.; hard_negative_family=pyroclastic current; mudflow; glacier,principle_id=EAR_GEO_003; priority=core; reject=Reject static lava images or glow-only clips.; hard_negative_family=pyroclastic current; mudflow; glacier
glacier flow time lapse,earth_environmental_systems,__construct_after_principle_video_gate__,earth_environmental_systems,cryosphere_and_seasonal_change,0,60,"Ice features, crevasses, or markers move over time.",principle_id=EAR_CRY_001; priority=core; reject=Reject glacier scenery without measurable motion.; hard_negative_family=river flow; avalanche; calving only,principle_id=EAR_CRY_001; priority=core; reject=Reject glacier scenery without measurable motion.; hard_negative_family=river flow; avalanche; calving only
ice deformation glacier motion video,earth_environmental_systems,__construct_after_principle_video_gate__,earth_environmental_systems,cryosphere_and_seasonal_change,0,60,"Ice features, crevasses, or markers move over time.",principle_id=EAR_CRY_001; priority=core; reject=Reject glacier scenery without measurable motion.; hard_negative_family=river flow; avalanche; calving only,principle_id=EAR_CRY_001; priority=core; reject=Reject glacier scenery without measurable motion.; hard_negative_family=river flow; avalanche; calving only
glacier movement markers time lapse,earth_environmental_systems,__construct_after_principle_video_gate__,earth_environmental_systems,cryosphere_and_seasonal_change,0,60,"Ice features, crevasses, or markers move over time.",principle_id=EAR_CRY_001; priority=core; reject=Reject glacier scenery without measurable motion.; hard_negative_family=river flow; avalanche; calving only,principle_id=EAR_CRY_001; priority=core; reject=Reject glacier scenery without measurable motion.; hard_negative_family=river flow; avalanche; calving only
glacier calving slow motion,earth_environmental_systems,__construct_after_principle_video_gate__,earth_environmental_systems,cryosphere_and_seasonal_change,0,60,Cracks widen and a block breaks from the glacier front into water.,principle_id=EAR_CRY_002; priority=core; reject=Reject clips that only show floating ice after detachment.; hard_negative_family=landslide; freeze-thaw; wave breaking,principle_id=EAR_CRY_002; priority=core; reject=Reject clips that only show floating ice after detachment.; hard_negative_family=landslide; freeze-thaw; wave breaking
iceberg calving fracture video,earth_environmental_systems,__construct_after_principle_video_gate__,earth_environmental_systems,cryosphere_and_seasonal_change,0,60,Cracks widen and a block breaks from the glacier front into water.,principle_id=EAR_CRY_002; priority=core; reject=Reject clips that only show floating ice after detachment.; hard_negative_family=landslide; freeze-thaw; wave breaking,principle_id=EAR_CRY_002; priority=core; reject=Reject clips that only show floating ice after detachment.; hard_negative_family=landslide; freeze-thaw; wave breaking
glacier front collapse video,earth_environmental_systems,__construct_after_principle_video_gate__,earth_environmental_systems,cryosphere_and_seasonal_change,0,60,Cracks widen and a block breaks from the glacier front into water.,principle_id=EAR_CRY_002; priority=core; reject=Reject clips that only show floating ice after detachment.; hard_negative_family=landslide; freeze-thaw; wave breaking,principle_id=EAR_CRY_002; priority=core; reject=Reject clips that only show floating ice after detachment.; hard_negative_family=landslide; freeze-thaw; wave breaking
predator prey interaction high speed video,earth_environmental_systems,__construct_after_principle_video_gate__,earth_environmental_systems,ecosystem_interactions,0,60,"Predator approaches, accelerates or strikes, prey escapes or is captured.",principle_id=EAR_ECO_001; priority=core; reject=Reject simple co-presence of organisms without interaction sequence.; hard_negative_family=pollination; taxis; passive movement,principle_id=EAR_ECO_001; priority=core; reject=Reject simple co-presence of organisms without interaction sequence.; hard_negative_family=pollination; taxis; passive movement
predator strike capture slow motion,earth_environmental_systems,__construct_after_principle_video_gate__,earth_environmental_systems,ecosystem_interactions,0,60,"Predator approaches, accelerates or strikes, prey escapes or is captured.",principle_id=EAR_ECO_001; priority=core; reject=Reject simple co-presence of organisms without interaction sequence.; hard_negative_family=pollination; taxis; passive movement,principle_id=EAR_ECO_001; priority=core; reject=Reject simple co-presence of organisms without interaction sequence.; hard_negative_family=pollination; taxis; passive movement
hunting behavior prey escape video,earth_environmental_systems,__construct_after_principle_video_gate__,earth_environmental_systems,ecosystem_interactions,0,60,"Predator approaches, accelerates or strikes, prey escapes or is captured.",principle_id=EAR_ECO_001; priority=core; reject=Reject simple co-presence of organisms without interaction sequence.; hard_negative_family=pollination; taxis; passive movement,principle_id=EAR_ECO_001; priority=core; reject=Reject simple co-presence of organisms without interaction sequence.; hard_negative_family=pollination; taxis; passive movement
pollination insect flower contact slow motion,earth_environmental_systems,__construct_after_principle_video_gate__,earth_environmental_systems,ecosystem_interactions,0,60,Visitor contacts anthers/stigma and then moves away or to another flower.,principle_id=EAR_ECO_002; priority=core; reject=Reject flower visitor videos without contact to reproductive parts.; hard_negative_family=feeding only; phototaxis; wind,principle_id=EAR_ECO_002; priority=core; reject=Reject flower visitor videos without contact to reproductive parts.; hard_negative_family=feeding only; phototaxis; wind
bee pollination anther stigma contact video,earth_environmental_systems,__construct_after_principle_video_gate__,earth_environmental_systems,ecosystem_interactions,0,60,Visitor contacts anthers/stigma and then moves away or to another flower.,principle_id=EAR_ECO_002; priority=core; reject=Reject flower visitor videos without contact to reproductive parts.; hard_negative_family=feeding only; phototaxis; wind,principle_id=EAR_ECO_002; priority=core; reject=Reject flower visitor videos without contact to reproductive parts.; hard_negative_family=feeding only; phototaxis; wind
flower visitor pollen transfer video,earth_environmental_systems,__construct_after_principle_video_gate__,earth_environmental_systems,ecosystem_interactions,0,60,Visitor contacts anthers/stigma and then moves away or to another flower.,principle_id=EAR_ECO_002; priority=core; reject=Reject flower visitor videos without contact to reproductive parts.; hard_negative_family=feeding only; phototaxis; wind,principle_id=EAR_ECO_002; priority=core; reject=Reject flower visitor videos without contact to reproductive parts.; hard_negative_family=feeding only; phototaxis; wind
four bar linkage motion conversion video,engineered_systems_and_operations,__construct_after_principle_video_gate__,engineered_systems_and_operations,machines_control_and_failure_modes,0,60,"Input crank rotates while output point follows a bounded, straight, oscillating, or pick-and-place trajectory.",principle_id=ENG_MCH_001; priority=core; reject=Reject pure physics pendulums or animations without input-output transformation.; hard_negative_family=gear train; cam follower; free rotation,principle_id=ENG_MCH_001; priority=core; reject=Reject pure physics pendulums or animations without input-output transformation.; hard_negative_family=gear train; cam follower; free rotation
crank rocker linkage output path video,engineered_systems_and_operations,__construct_after_principle_video_gate__,engineered_systems_and_operations,machines_control_and_failure_modes,0,60,"Input crank rotates while output point follows a bounded, straight, oscillating, or pick-and-place trajectory.",principle_id=ENG_MCH_001; priority=core; reject=Reject pure physics pendulums or animations without input-output transformation.; hard_negative_family=gear train; cam follower; free rotation,principle_id=ENG_MCH_001; priority=core; reject=Reject pure physics pendulums or animations without input-output transformation.; hard_negative_family=gear train; cam follower; free rotation
straight line linkage mechanism video,engineered_systems_and_operations,__construct_after_principle_video_gate__,engineered_systems_and_operations,machines_control_and_failure_modes,0,60,"Input crank rotates while output point follows a bounded, straight, oscillating, or pick-and-place trajectory.",principle_id=ENG_MCH_001; priority=core; reject=Reject pure physics pendulums or animations without input-output transformation.; hard_negative_family=gear train; cam follower; free rotation,principle_id=ENG_MCH_001; priority=core; reject=Reject pure physics pendulums or animations without input-output transformation.; hard_negative_family=gear train; cam follower; free rotation
cam follower mechanism slow motion,engineered_systems_and_operations,__construct_after_principle_video_gate__,engineered_systems_and_operations,machines_control_and_failure_modes,0,60,"Rotating cam makes a follower rise, dwell, and fall.",principle_id=ENG_MCH_002; priority=core; reject=Reject rotating disks without follower contact.; hard_negative_family=linkage; gear ratio; pendulum,principle_id=ENG_MCH_002; priority=core; reject=Reject rotating disks without follower contact.; hard_negative_family=linkage; gear ratio; pendulum
cam profile follower rise dwell fall video,engineered_systems_and_operations,__construct_after_principle_video_gate__,engineered_systems_and_operations,machines_control_and_failure_modes,0,60,"Rotating cam makes a follower rise, dwell, and fall.",principle_id=ENG_MCH_002; priority=core; reject=Reject rotating disks without follower contact.; hard_negative_family=linkage; gear ratio; pendulum,principle_id=ENG_MCH_002; priority=core; reject=Reject rotating disks without follower contact.; hard_negative_family=linkage; gear ratio; pendulum
valve cam mechanism animation,engineered_systems_and_operations,__construct_after_principle_video_gate__,engineered_systems_and_operations,machines_control_and_failure_modes,0,60,"Rotating cam makes a follower rise, dwell, and fall.",principle_id=ENG_MCH_002; priority=core; reject=Reject rotating disks without follower contact.; hard_negative_family=linkage; gear ratio; pendulum,principle_id=ENG_MCH_002; priority=core; reject=Reject rotating disks without follower contact.; hard_negative_family=linkage; gear ratio; pendulum
clock escapement mechanism slow motion,engineered_systems_and_operations,__construct_after_principle_video_gate__,engineered_systems_and_operations,machines_control_and_failure_modes,0,60,Oscillator motion locks/unlocks teeth and gear advances one step at a time.,principle_id=ENG_MCH_003; priority=core; reject=Reject clock face videos with no visible escapement action.; hard_negative_family=gear train; ratchet; pendulum only,principle_id=ENG_MCH_003; priority=core; reject=Reject clock face videos with no visible escapement action.; hard_negative_family=gear train; ratchet; pendulum only
anchor escapement gear step video,engineered_systems_and_operations,__construct_after_principle_video_gate__,engineered_systems_and_operations,machines_control_and_failure_modes,0,60,Oscillator motion locks/unlocks teeth and gear advances one step at a time.,principle_id=ENG_MCH_003; priority=core; reject=Reject clock face videos with no visible escapement action.; hard_negative_family=gear train; ratchet; pendulum only,principle_id=ENG_MCH_003; priority=core; reject=Reject clock face videos with no visible escapement action.; hard_negative_family=gear train; ratchet; pendulum only
watch escapement slow motion,engineered_systems_and_operations,__construct_after_principle_video_gate__,engineered_systems_and_operations,machines_control_and_failure_modes,0,60,Oscillator motion locks/unlocks teeth and gear advances one step at a time.,principle_id=ENG_MCH_003; priority=core; reject=Reject clock face videos with no visible escapement action.; hard_negative_family=gear train; ratchet; pendulum only,principle_id=ENG_MCH_003; priority=core; reject=Reject clock face videos with no visible escapement action.; hard_negative_family=gear train; ratchet; pendulum only
ratchet mechanism one way motion video,engineered_systems_and_operations,__construct_after_principle_video_gate__,engineered_systems_and_operations,machines_control_and_failure_modes,0,60,Pawl engages teeth during one direction and slips/resets in the other.,principle_id=ENG_MCH_004; priority=core; reject=Reject tools using ratchets without visible pawl-tooth sequence.; hard_negative_family=escapement; gear train; clutch,principle_id=ENG_MCH_004; priority=core; reject=Reject tools using ratchets without visible pawl-tooth sequence.; hard_negative_family=escapement; gear train; clutch
pawl ratchet intermittent motion slow motion,engineered_systems_and_operations,__construct_after_principle_video_gate__,engineered_systems_and_operations,machines_control_and_failure_modes,0,60,Pawl engages teeth during one direction and slips/resets in the other.,principle_id=ENG_MCH_004; priority=core; reject=Reject tools using ratchets without visible pawl-tooth sequence.; hard_negative_family=escapement; gear train; clutch,principle_id=ENG_MCH_004; priority=core; reject=Reject tools using ratchets without visible pawl-tooth sequence.; hard_negative_family=escapement; gear train; clutch
valve flow control transparent video,engineered_systems_and_operations,__construct_after_principle_video_gate__,engineered_systems_and_operations,pressure_flow_and_process_control,0,60,"Valve position changes are followed by flow-rate, jet, or level changes.",principle_id=ENG_PRS_001; priority=core; reject=Reject static valve cutaways without fluid response.; hard_negative_family=Venturi physics only; pump; siphon,principle_id=ENG_PRS_001; priority=core; reject=Reject static valve cutaways without fluid response.; hard_negative_family=Venturi physics only; pump; siphon
flow control valve pressure drop video,engineered_systems_and_operations,__construct_after_principle_video_gate__,engineered_systems_and_operations,pressure_flow_and_process_control,0,60,"Valve position changes are followed by flow-rate, jet, or level changes.",principle_id=ENG_PRS_001; priority=core; reject=Reject static valve cutaways without fluid response.; hard_negative_family=Venturi physics only; pump; siphon,principle_id=ENG_PRS_001; priority=core; reject=Reject static valve cutaways without fluid response.; hard_negative_family=Venturi physics only; pump; siphon
transparent ball valve water flow,engineered_systems_and_operations,__construct_after_principle_video_gate__,engineered_systems_and_operations,pressure_flow_and_process_control,0,60,"Valve position changes are followed by flow-rate, jet, or level changes.",principle_id=ENG_PRS_001; priority=core; reject=Reject static valve cutaways without fluid response.; hard_negative_family=Venturi physics only; pump; siphon,principle_id=ENG_PRS_001; priority=core; reject=Reject static valve cutaways without fluid response.; hard_negative_family=Venturi physics only; pump; siphon
peristaltic pump flow visualization video,engineered_systems_and_operations,__construct_after_principle_video_gate__,engineered_systems_and_operations,pressure_flow_and_process_control,0,60,"Piston, diaphragm, peristaltic rollers, or impeller motion drives visible one-way flow.",principle_id=ENG_PRS_002; priority=core; reject=Reject source-only pump videos without visible fluid movement.; hard_negative_family=siphon; capillary action; open-channel flow,principle_id=ENG_PRS_002; priority=core; reject=Reject source-only pump videos without visible fluid movement.; hard_negative_family=siphon; capillary action; open-channel flow
diaphragm pump transparent flow video,engineered_systems_and_operations,__construct_after_principle_video_gate__,engineered_systems_and_operations,pressure_flow_and_process_control,0,60,"Piston, diaphragm, peristaltic rollers, or impeller motion drives visible one-way flow.",principle_id=ENG_PRS_002; priority=core; reject=Reject source-only pump videos without visible fluid movement.; hard_negative_family=siphon; capillary action; open-channel flow,principle_id=ENG_PRS_002; priority=core; reject=Reject source-only pump videos without visible fluid movement.; hard_negative_family=siphon; capillary action; open-channel flow
piston pump one way valve video,engineered_systems_and_operations,__construct_after_principle_video_gate__,engineered_systems_and_operations,pressure_flow_and_process_control,0,60,"Piston, diaphragm, peristaltic rollers, or impeller motion drives visible one-way flow.",principle_id=ENG_PRS_002; priority=core; reject=Reject source-only pump videos without visible fluid movement.; hard_negative_family=siphon; capillary action; open-channel flow,principle_id=ENG_PRS_002; priority=core; reject=Reject source-only pump videos without visible fluid movement.; hard_negative_family=siphon; capillary action; open-channel flow
feedback control valve level system video,engineered_systems_and_operations,__construct_after_principle_video_gate__,engineered_systems_and_operations,pressure_flow_and_process_control,0,60,A disturbance or setpoint change is followed by actuator response and variable stabilization.,principle_id=ENG_PRS_003; priority=core; reject=Reject manually adjusted controls without closed-loop response.; hard_negative_family=open-loop valve; pressure relief; natural flow,principle_id=ENG_PRS_003; priority=core; reject=Reject manually adjusted controls without closed-loop response.; hard_negative_family=open-loop valve; pressure relief; natural flow
PID level control tank video,engineered_systems_and_operations,__construct_after_principle_video_gate__,engineered_systems_and_operations,pressure_flow_and_process_control,0,60,A disturbance or setpoint change is followed by actuator response and variable stabilization.,principle_id=ENG_PRS_003; priority=core; reject=Reject manually adjusted controls without closed-loop response.; hard_negative_family=open-loop valve; pressure relief; natural flow,principle_id=ENG_PRS_003; priority=core; reject=Reject manually adjusted controls without closed-loop response.; hard_negative_family=open-loop valve; pressure relief; natural flow
closed loop process control demonstration,engineered_systems_and_operations,__construct_after_principle_video_gate__,engineered_systems_and_operations,pressure_flow_and_process_control,0,60,A disturbance or setpoint change is followed by actuator response and variable stabilization.,principle_id=ENG_PRS_003; priority=core; reject=Reject manually adjusted controls without closed-loop response.; hard_negative_family=open-loop valve; pressure relief; natural flow,principle_id=ENG_PRS_003; priority=core; reject=Reject manually adjusted controls without closed-loop response.; hard_negative_family=open-loop valve; pressure relief; natural flow
vacuum filtration filter cake formation video,engineered_systems_and_operations,__construct_after_principle_video_gate__,engineered_systems_and_operations,filtration_and_separation,0,60,Filtrate passes through while a solid cake accumulates upstream.,principle_id=ENG_SEP_001; priority=core; reject=Reject final filtered beakers without cake formation or fluid passage.; hard_negative_family=sedimentation; sieving; diffusion,principle_id=ENG_SEP_001; priority=core; reject=Reject final filtered beakers without cake formation or fluid passage.; hard_negative_family=sedimentation; sieving; diffusion
pressure filtration porous media video,engineered_systems_and_operations,__construct_after_principle_video_gate__,engineered_systems_and_operations,filtration_and_separation,0,60,Filtrate passes through while a solid cake accumulates upstream.,principle_id=ENG_SEP_001; priority=core; reject=Reject final filtered beakers without cake formation or fluid passage.; hard_negative_family=sedimentation; sieving; diffusion,principle_id=ENG_SEP_001; priority=core; reject=Reject final filtered beakers without cake formation or fluid passage.; hard_negative_family=sedimentation; sieving; diffusion
membrane filtration particle retention video,engineered_systems_and_operations,__construct_after_principle_video_gate__,engineered_systems_and_operations,filtration_and_separation,0,60,Filtrate passes through while a solid cake accumulates upstream.,principle_id=ENG_SEP_001; priority=core; reject=Reject final filtered beakers without cake formation or fluid passage.; hard_negative_family=sedimentation; sieving; diffusion,principle_id=ENG_SEP_001; priority=core; reject=Reject final filtered beakers without cake formation or fluid passage.; hard_negative_family=sedimentation; sieving; diffusion
sedimentation separation time lapse,engineered_systems_and_operations,__construct_after_principle_video_gate__,engineered_systems_and_operations,filtration_and_separation,0,60,Suspension clears from top while particles accumulate at bottom.,principle_id=ENG_SEP_002; priority=core; reject=Reject shaking or centrifuge if gravity settling is not the mechanism.; hard_negative_family=precipitation; filtration; centrifugation,principle_id=ENG_SEP_002; priority=core; reject=Reject shaking or centrifuge if gravity settling is not the mechanism.; hard_negative_family=precipitation; filtration; centrifugation
settling column particles time lapse,engineered_systems_and_operations,__construct_after_principle_video_gate__,engineered_systems_and_operations,filtration_and_separation,0,60,Suspension clears from top while particles accumulate at bottom.,principle_id=ENG_SEP_002; priority=core; reject=Reject shaking or centrifuge if gravity settling is not the mechanism.; hard_negative_family=precipitation; filtration; centrifugation,principle_id=ENG_SEP_002; priority=core; reject=Reject shaking or centrifuge if gravity settling is not the mechanism.; hard_negative_family=precipitation; filtration; centrifugation
clarification suspension settling video,engineered_systems_and_operations,__construct_after_principle_video_gate__,engineered_systems_and_operations,filtration_and_separation,0,60,Suspension clears from top while particles accumulate at bottom.,principle_id=ENG_SEP_002; priority=core; reject=Reject shaking or centrifuge if gravity settling is not the mechanism.; hard_negative_family=precipitation; filtration; centrifugation,principle_id=ENG_SEP_002; priority=core; reject=Reject shaking or centrifuge if gravity settling is not the mechanism.; hard_negative_family=precipitation; filtration; centrifugation
Brazil nut effect granular segregation video,engineered_systems_and_operations,__construct_after_principle_video_gate__,engineered_systems_and_operations,filtration_and_separation,0,60,Larger particles rise or appear at the top under repeated shaking.,principle_id=ENG_SEP_003; priority=core; reject=Reject static layered bins or manual sorting.; hard_negative_family=sediment sorting; sieving; buoyancy,principle_id=ENG_SEP_003; priority=core; reject=Reject static layered bins or manual sorting.; hard_negative_family=sediment sorting; sieving; buoyancy
vibrated granular mixture size segregation video,engineered_systems_and_operations,__construct_after_principle_video_gate__,engineered_systems_and_operations,filtration_and_separation,0,60,Larger particles rise or appear at the top under repeated shaking.,principle_id=ENG_SEP_003; priority=core; reject=Reject static layered bins or manual sorting.; hard_negative_family=sediment sorting; sieving; buoyancy,principle_id=ENG_SEP_003; priority=core; reject=Reject static layered bins or manual sorting.; hard_negative_family=sediment sorting; sieving; buoyancy
fluid mixing dye visualization video,engineered_systems_and_operations,__construct_after_principle_video_gate__,engineered_systems_and_operations,mixing_dispersion_and_wetting,0,60,Colored fluids or particles are stretched into filaments and distributed through the volume.,principle_id=ENG_MIX_001; priority=core; reject=Reject final homogeneous mixtures without mixing trajectory.; hard_negative_family=molecular diffusion only; precipitation; laminar reversible mixing,principle_id=ENG_MIX_001; priority=core; reject=Reject final homogeneous mixtures without mixing trajectory.; hard_negative_family=molecular diffusion only; precipitation; laminar reversible mixing
static mixer dye stretching folding video,engineered_systems_and_operations,__construct_after_principle_video_gate__,engineered_systems_and_operations,mixing_dispersion_and_wetting,0,60,Colored fluids or particles are stretched into filaments and distributed through the volume.,principle_id=ENG_MIX_001; priority=core; reject=Reject final homogeneous mixtures without mixing trajectory.; hard_negative_family=molecular diffusion only; precipitation; laminar reversible mixing,principle_id=ENG_MIX_001; priority=core; reject=Reject final homogeneous mixtures without mixing trajectory.; hard_negative_family=molecular diffusion only; precipitation; laminar reversible mixing
impeller mixing dispersion video,engineered_systems_and_operations,__construct_after_principle_video_gate__,engineered_systems_and_operations,mixing_dispersion_and_wetting,0,60,Colored fluids or particles are stretched into filaments and distributed through the volume.,principle_id=ENG_MIX_001; priority=core; reject=Reject final homogeneous mixtures without mixing trajectory.; hard_negative_family=molecular diffusion only; precipitation; laminar reversible mixing,principle_id=ENG_MIX_001; priority=core; reject=Reject final homogeneous mixtures without mixing trajectory.; hard_negative_family=molecular diffusion only; precipitation; laminar reversible mixing
spray coating droplet deposition slow motion,engineered_systems_and_operations,__construct_after_principle_video_gate__,engineered_systems_and_operations,mixing_dispersion_and_wetting,0,60,"Droplets impact, spread, merge, and form a continuous layer.",principle_id=ENG_MIX_002; priority=core; reject=Reject isolated physics droplet demos unless process goal is coating or cleaning.; hard_negative_family=capillary rise; rain drops; diffusion,principle_id=ENG_MIX_002; priority=core; reject=Reject isolated physics droplet demos unless process goal is coating or cleaning.; hard_negative_family=capillary rise; rain drops; diffusion
coating wetting contact angle video,engineered_systems_and_operations,__construct_after_principle_video_gate__,engineered_systems_and_operations,mixing_dispersion_and_wetting,0,60,"Droplets impact, spread, merge, and form a continuous layer.",principle_id=ENG_MIX_002; priority=core; reject=Reject isolated physics droplet demos unless process goal is coating or cleaning.; hard_negative_family=capillary rise; rain drops; diffusion,principle_id=ENG_MIX_002; priority=core; reject=Reject isolated physics droplet demos unless process goal is coating or cleaning.; hard_negative_family=capillary rise; rain drops; diffusion
droplet coalescence coating film video,engineered_systems_and_operations,__construct_after_principle_video_gate__,engineered_systems_and_operations,mixing_dispersion_and_wetting,0,60,"Droplets impact, spread, merge, and form a continuous layer.",principle_id=ENG_MIX_002; priority=core; reject=Reject isolated physics droplet demos unless process goal is coating or cleaning.; hard_negative_family=capillary rise; rain drops; diffusion,principle_id=ENG_MIX_002; priority=core; reject=Reject isolated physics droplet demos unless process goal is coating or cleaning.; hard_negative_family=capillary rise; rain drops; diffusion
hot forging plastic deformation video,engineered_systems_and_operations,__construct_after_principle_video_gate__,engineered_systems_and_operations,thermal_process_control,0,60,Heated workpiece deforms progressively under hammer/press blows.,principle_id=ENG_THM_001; priority=core; reject=Reject cold hammering or decorative final shapes without deformation sequence.; hard_negative_family=thermal expansion; cutting; welding,principle_id=ENG_THM_001; priority=core; reject=Reject cold hammering or decorative final shapes without deformation sequence.; hard_negative_family=thermal expansion; cutting; welding
heated metal hammer forging slow motion,engineered_systems_and_operations,__construct_after_principle_video_gate__,engineered_systems_and_operations,thermal_process_control,0,60,Heated workpiece deforms progressively under hammer/press blows.,principle_id=ENG_THM_001; priority=core; reject=Reject cold hammering or decorative final shapes without deformation sequence.; hard_negative_family=thermal expansion; cutting; welding,principle_id=ENG_THM_001; priority=core; reject=Reject cold hammering or decorative final shapes without deformation sequence.; hard_negative_family=thermal expansion; cutting; welding
press forging red hot steel video,engineered_systems_and_operations,__construct_after_principle_video_gate__,engineered_systems_and_operations,thermal_process_control,0,60,Heated workpiece deforms progressively under hammer/press blows.,principle_id=ENG_THM_001; priority=core; reject=Reject cold hammering or decorative final shapes without deformation sequence.; hard_negative_family=thermal expansion; cutting; welding,principle_id=ENG_THM_001; priority=core; reject=Reject cold hammering or decorative final shapes without deformation sequence.; hard_negative_family=thermal expansion; cutting; welding
quenching hot steel cooling video,engineered_systems_and_operations,__construct_after_principle_video_gate__,engineered_systems_and_operations,thermal_process_control,0,60,"Hot part is immersed, vapor/boiling forms, and cooling progresses rapidly.",principle_id=ENG_THM_002; priority=core; reject=Reject simple dunking with no thermal response or material context.; hard_negative_family=Leidenfrost droplet; forging; welding,principle_id=ENG_THM_002; priority=core; reject=Reject simple dunking with no thermal response or material context.; hard_negative_family=Leidenfrost droplet; forging; welding
heat treatment quench boiling video,engineered_systems_and_operations,__construct_after_principle_video_gate__,engineered_systems_and_operations,thermal_process_control,0,60,"Hot part is immersed, vapor/boiling forms, and cooling progresses rapidly.",principle_id=ENG_THM_002; priority=core; reject=Reject simple dunking with no thermal response or material context.; hard_negative_family=Leidenfrost droplet; forging; welding,principle_id=ENG_THM_002; priority=core; reject=Reject simple dunking with no thermal response or material context.; hard_negative_family=Leidenfrost droplet; forging; welding
steel quench vapor blanket video,engineered_systems_and_operations,__construct_after_principle_video_gate__,engineered_systems_and_operations,thermal_process_control,0,60,"Hot part is immersed, vapor/boiling forms, and cooling progresses rapidly.",principle_id=ENG_THM_002; priority=core; reject=Reject simple dunking with no thermal response or material context.; hard_negative_family=Leidenfrost droplet; forging; welding,principle_id=ENG_THM_002; priority=core; reject=Reject simple dunking with no thermal response or material context.; hard_negative_family=Leidenfrost droplet; forging; welding
metal cutting chip formation slow motion,engineered_systems_and_operations,__construct_after_principle_video_gate__,engineered_systems_and_operations,tooling_force_and_precision,0,60,Tool advances and continuous or segmented chips form and evacuate.,principle_id=ENG_TOOL_001; priority=core; reject=Reject finished cuts without visible chip formation.; hard_negative_family=fracture impact; drilling; polishing,principle_id=ENG_TOOL_001; priority=core; reject=Reject finished cuts without visible chip formation.; hard_negative_family=fracture impact; drilling; polishing
orthogonal cutting shear plane video,engineered_systems_and_operations,__construct_after_principle_video_gate__,engineered_systems_and_operations,tooling_force_and_precision,0,60,Tool advances and continuous or segmented chips form and evacuate.,principle_id=ENG_TOOL_001; priority=core; reject=Reject finished cuts without visible chip formation.; hard_negative_family=fracture impact; drilling; polishing,principle_id=ENG_TOOL_001; priority=core; reject=Reject finished cuts without visible chip formation.; hard_negative_family=fracture impact; drilling; polishing
lathe chip formation slow motion,engineered_systems_and_operations,__construct_after_principle_video_gate__,engineered_systems_and_operations,tooling_force_and_precision,0,60,Tool advances and continuous or segmented chips form and evacuate.,principle_id=ENG_TOOL_001; priority=core; reject=Reject finished cuts without visible chip formation.; hard_negative_family=fracture impact; drilling; polishing,principle_id=ENG_TOOL_001; priority=core; reject=Reject finished cuts without visible chip formation.; hard_negative_family=fracture impact; drilling; polishing
drilling chip evacuation slow motion,engineered_systems_and_operations,__construct_after_principle_video_gate__,engineered_systems_and_operations,tooling_force_and_precision,0,60,"Drill rotates, advances, and chips evacuate from the hole.",principle_id=ENG_TOOL_002; priority=core; reject=Reject hole already made or no visible chips.; hard_negative_family=sawing; cutting only; melting,principle_id=ENG_TOOL_002; priority=core; reject=Reject hole already made or no visible chips.; hard_negative_family=sawing; cutting only; melting
drill bit cutting chips video,engineered_systems_and_operations,__construct_after_principle_video_gate__,engineered_systems_and_operations,tooling_force_and_precision,0,60,"Drill rotates, advances, and chips evacuate from the hole.",principle_id=ENG_TOOL_002; priority=core; reject=Reject hole already made or no visible chips.; hard_negative_family=sawing; cutting only; melting,principle_id=ENG_TOOL_002; priority=core; reject=Reject hole already made or no visible chips.; hard_negative_family=sawing; cutting only; melting
machining drilling process slow motion,engineered_systems_and_operations,__construct_after_principle_video_gate__,engineered_systems_and_operations,tooling_force_and_precision,0,60,"Drill rotates, advances, and chips evacuate from the hole.",principle_id=ENG_TOOL_002; priority=core; reject=Reject hole already made or no visible chips.; hard_negative_family=sawing; cutting only; melting,principle_id=ENG_TOOL_002; priority=core; reject=Reject hole already made or no visible chips.; hard_negative_family=sawing; cutting only; melting
mechanical resonance failure video,engineered_systems_and_operations,__construct_after_principle_video_gate__,engineered_systems_and_operations,machines_control_and_failure_modes,0,60,"Vibration amplitude grows and structure deforms, loses control, or breaks.",principle_id=ENG_FAIL_001; priority=core; reject=Reject failures with no visible oscillation growth.; hard_negative_family=impact fracture; damping; normal operation,principle_id=ENG_FAIL_001; priority=core; reject=Reject failures with no visible oscillation growth.; hard_negative_family=impact fracture; damping; normal operation
vibration amplitude growth structural failure video,engineered_systems_and_operations,__construct_after_principle_video_gate__,engineered_systems_and_operations,machines_control_and_failure_modes,0,60,"Vibration amplitude grows and structure deforms, loses control, or breaks.",principle_id=ENG_FAIL_001; priority=core; reject=Reject failures with no visible oscillation growth.; hard_negative_family=impact fracture; damping; normal operation,principle_id=ENG_FAIL_001; priority=core; reject=Reject failures with no visible oscillation growth.; hard_negative_family=impact fracture; damping; normal operation
rotating machinery resonance instability video,engineered_systems_and_operations,__construct_after_principle_video_gate__,engineered_systems_and_operations,machines_control_and_failure_modes,0,60,"Vibration amplitude grows and structure deforms, loses control, or breaks.",principle_id=ENG_FAIL_001; priority=core; reject=Reject failures with no visible oscillation growth.; hard_negative_family=impact fracture; damping; normal operation,principle_id=ENG_FAIL_001; priority=core; reject=Reject failures with no visible oscillation growth.; hard_negative_family=impact fracture; damping; normal operation
filter clogging flow rate time lapse,engineered_systems_and_operations,__construct_after_principle_video_gate__,engineered_systems_and_operations,pressure_flow_and_process_control,0,60,"Particles collect in a filter/channel, flow slows, and blockage worsens.",principle_id=ENG_FAIL_002; priority=core; reject=Reject final clogged filters without accumulation sequence.; hard_negative_family=sedimentation; filtration normal; precipitation,principle_id=ENG_FAIL_002; priority=core; reject=Reject final clogged filters without accumulation sequence.; hard_negative_family=sedimentation; filtration normal; precipitation
channel blockage particle accumulation video,engineered_systems_and_operations,__construct_after_principle_video_gate__,engineered_systems_and_operations,pressure_flow_and_process_control,0,60,"Particles collect in a filter/channel, flow slows, and blockage worsens.",principle_id=ENG_FAIL_002; priority=core; reject=Reject final clogged filters without accumulation sequence.; hard_negative_family=sedimentation; filtration normal; precipitation,principle_id=ENG_FAIL_002; priority=core; reject=Reject final clogged filters without accumulation sequence.; hard_negative_family=sedimentation; filtration normal; precipitation
fouling filter time lapse,engineered_systems_and_operations,__construct_after_principle_video_gate__,engineered_systems_and_operations,pressure_flow_and_process_control,0,60,"Particles collect in a filter/channel, flow slows, and blockage worsens.",principle_id=ENG_FAIL_002; priority=core; reject=Reject final clogged filters without accumulation sequence.; hard_negative_family=sedimentation; filtration normal; precipitation,principle_id=ENG_FAIL_002; priority=core; reject=Reject final clogged filters without accumulation sequence.; hard_negative_family=sedimentation; filtration normal; precipitation
