concept_id,domain,domain_zh,subdomain,subdomain_zh,concept_zh,concept_en,concept_type,capability_label,priority,risk_reason,static_shortcut_risk,video_availability_guess,accepted_answers_json,direct_answer_question,retrieval_query_seed,concept_validity_tier,tier_reason,recommended_answer_en,recommended_answer_zh,production_gate
vdcr_concept_0001,physics_physical_systems,自然物理规律,physics_family_01,流体不稳定性与涡动力学,马格努斯效应,Magnus Effect,自然动态机制,dynamic_mechanism_concept,B,usable_candidate_requires_video_availability_and_static_shortcut_review,medium,medium,"[""Magnus Effect"", ""马格努斯效应""]",Which named dynamic concept is instantiated by the temporally evolving process in this video?,Magnus Effect,strict_main_candidate,valid_name_but_requires_extra_visual_gate,Magnus Effect,马格努斯效应,must_show_object_spin_curved_trajectory_and_fluid_deflection_or_lift_effect_not_just_ball_motion
vdcr_concept_0002,physics_physical_systems,自然物理规律,physics_family_01,流体不稳定性与涡动力学,周期涡脱落/卡门涡街,Vortex Shedding / Karman Vortex Street,自然动态机制,dynamic_mechanism_concept,A,strong_temporal_signature_and_named_dynamic_concept,medium,medium,"[""Vortex Shedding / Karman Vortex Street"", ""周期涡脱落/卡门涡街"", ""Vortex Shedding"", ""Karman Vortex Street""]",Which named dynamic concept is instantiated by the temporally evolving process in this video?,Vortex Shedding / Karman Vortex Street,core_main,strong_named_temporal_signature,Vortex Shedding / Karman Vortex Street,周期涡脱落/卡门涡街,video_must_show_named_dynamic_mechanism_sequence_without_title_or_source_leakage
vdcr_concept_0003,physics_physical_systems,自然物理规律,physics_family_01,流体不稳定性与涡动力学,空化泡生长与塌缩,Cavitation Bubble Growth and Collapse,自然动态机制,dynamic_mechanism_concept,A,strong_temporal_signature_and_named_dynamic_concept,medium,medium,"[""Cavitation Bubble Growth and Collapse"", ""空化泡生长与塌缩""]",Which named dynamic concept is instantiated by the temporally evolving process in this video?,Cavitation Bubble Growth and Collapse,core_main,strong_named_temporal_signature,Cavitation Bubble Growth and Collapse,空化泡生长与塌缩,video_must_show_named_dynamic_mechanism_sequence_without_title_or_source_leakage
vdcr_concept_0004,physics_physical_systems,自然物理规律,physics_family_01,流体不稳定性与涡动力学,开尔文-亥姆霍兹不稳定性,Kelvin-Helmholtz Instability,自然动态机制,dynamic_mechanism_concept,A,strong_temporal_signature_and_named_dynamic_concept,medium,medium,"[""Kelvin-Helmholtz Instability"", ""开尔文-亥姆霍兹不稳定性""]",Which named dynamic concept is instantiated by the temporally evolving process in this video?,Kelvin-Helmholtz Instability,core_main,strong_named_temporal_signature,Kelvin-Helmholtz Instability,开尔文-亥姆霍兹不稳定性,video_must_show_named_dynamic_mechanism_sequence_without_title_or_source_leakage
vdcr_concept_0005,physics_physical_systems,自然物理规律,physics_family_01,流体不稳定性与涡动力学,瑞利-泰勒不稳定性,Rayleigh-Taylor Instability,自然动态机制,dynamic_mechanism_concept,A,strong_temporal_signature_and_named_dynamic_concept,medium,medium,"[""Rayleigh-Taylor Instability"", ""瑞利-泰勒不稳定性""]",Which named dynamic concept is instantiated by the temporally evolving process in this video?,Rayleigh-Taylor Instability,core_main,strong_named_temporal_signature,Rayleigh-Taylor Instability,瑞利-泰勒不稳定性,video_must_show_named_dynamic_mechanism_sequence_without_title_or_source_leakage
vdcr_concept_0006,physics_physical_systems,自然物理规律,physics_family_01,流体不稳定性与涡动力学,萨夫曼-泰勒黏性指进,Saffman-Taylor Viscous Fingering,自然动态机制,dynamic_mechanism_concept,B,usable_candidate_requires_video_availability_and_static_shortcut_review,medium,medium,"[""Saffman-Taylor Viscous Fingering"", ""萨夫曼-泰勒黏性指进""]",Which named dynamic concept is instantiated by the temporally evolving process in this video?,Saffman-Taylor Viscous Fingering,strict_main_candidate,usable_only_after_video_specific_gate,Saffman-Taylor Viscous Fingering,萨夫曼-泰勒黏性指进,video_must_show_named_dynamic_mechanism_sequence_without_title_or_source_leakage
vdcr_concept_0007,physics_physical_systems,自然物理规律,physics_family_01,流体不稳定性与涡动力学,泰勒-库埃特涡,Taylor-Couette Vortices,自然动态机制,dynamic_mechanism_concept,B,usable_candidate_requires_video_availability_and_static_shortcut_review,medium,medium,"[""Taylor-Couette Vortices"", ""泰勒-库埃特涡""]",Which named dynamic concept is instantiated by the temporally evolving process in this video?,Taylor-Couette Vortices,strict_main_candidate,usable_only_after_video_specific_gate,Taylor-Couette Vortices,泰勒-库埃特涡,video_must_show_named_dynamic_mechanism_sequence_without_title_or_source_leakage
vdcr_concept_0008,physics_physical_systems,自然物理规律,physics_family_01,流体不稳定性与涡动力学,水跃,Hydraulic Jump,自然动态机制,dynamic_mechanism_concept,A,strong_temporal_signature_and_named_dynamic_concept,medium,medium,"[""Hydraulic Jump"", ""水跃""]",Which named dynamic concept is instantiated by the temporally evolving process in this video?,Hydraulic Jump,core_main,strong_named_temporal_signature,Hydraulic Jump,水跃,video_must_show_named_dynamic_mechanism_sequence_without_title_or_source_leakage
vdcr_concept_0009,physics_physical_systems,自然物理规律,physics_family_02,表面张力与界面动力学,瑞利-普拉托断裂,Rayleigh-Plateau Breakup,自然动态机制,dynamic_mechanism_concept,A,strong_temporal_signature_and_named_dynamic_concept,medium,medium,"[""Rayleigh-Plateau Breakup"", ""瑞利-普拉托断裂""]",Which named dynamic concept is instantiated by the temporally evolving process in this video?,Rayleigh-Plateau Breakup,core_main,strong_named_temporal_signature,Rayleigh-Plateau Breakup,瑞利-普拉托断裂,video_must_show_named_dynamic_mechanism_sequence_without_title_or_source_leakage
vdcr_concept_0010,physics_physical_systems,自然物理规律,physics_family_02,表面张力与界面动力学,毛细上升/芯吸,Capillary Rise / Wicking,自然动态机制,dynamic_mechanism_concept,B,usable_candidate_requires_video_availability_and_static_shortcut_review,medium,medium,"[""Capillary Rise / Wicking"", ""毛细上升/芯吸"", ""Capillary Rise"", ""Wicking""]",Which named dynamic concept is instantiated by the temporally evolving process in this video?,Capillary Rise / Wicking,strict_main_candidate,valid_name_but_requires_extra_visual_gate,Capillary Rise / Wicking,毛细上升/芯吸,must_show_liquid_or_wetting_front_rising_through_capillary_or_porous_path_over_time
vdcr_concept_0011,physics_physical_systems,自然物理规律,physics_family_02,表面张力与界面动力学,液滴并合,Droplet Coalescence,自然动态机制,dynamic_mechanism_concept,B,usable_candidate_requires_video_availability_and_static_shortcut_review,medium,medium,"[""Droplet Coalescence"", ""液滴并合""]",Which named dynamic concept is instantiated by the temporally evolving process in this video?,Droplet Coalescence,strict_main_candidate,usable_only_after_video_specific_gate,Capillary-Driven Droplet Coalescence,毛细驱动液滴并合,video_must_show_named_dynamic_mechanism_sequence_without_title_or_source_leakage
vdcr_concept_0012,physics_physical_systems,自然物理规律,physics_family_02,表面张力与界面动力学,毛细断裂,Capillary Breakup,自然动态机制,dynamic_mechanism_concept,B,usable_candidate_requires_video_availability_and_static_shortcut_review,medium,medium,"[""Capillary Breakup"", ""毛细断裂""]",Which named dynamic concept is instantiated by the temporally evolving process in this video?,Capillary Breakup,strict_main_candidate,usable_only_after_video_specific_gate,Capillary-Driven Jet/Thread Breakup,毛细驱动射流/液丝断裂,video_must_show_named_dynamic_mechanism_sequence_without_title_or_source_leakage
vdcr_concept_0013,physics_physical_systems,自然物理规律,physics_family_02,表面张力与界面动力学,液桥颈缩断裂,Liquid Bridge Pinch-Off,自然动态机制,dynamic_mechanism_concept,A,strong_temporal_signature_and_named_dynamic_concept,medium,medium,"[""Liquid Bridge Pinch-Off"", ""液桥颈缩断裂""]",Which named dynamic concept is instantiated by the temporally evolving process in this video?,Liquid Bridge Pinch-Off,strict_main_candidate,valid_name_but_requires_extra_visual_gate,Liquid Bridge Pinch-Off,液桥颈缩断裂,must_show_bridge_stretching_necking_and_final_breakup_sequence
vdcr_concept_0014,physics_physical_systems,自然物理规律,physics_family_02,表面张力与界面动力学,莱顿弗罗斯特液滴运动,Leidenfrost Droplet Motion,自然动态机制,dynamic_mechanism_concept,A,strong_temporal_signature_and_named_dynamic_concept,medium,medium,"[""Leidenfrost Droplet Motion"", ""莱顿弗罗斯特液滴运动""]",Which named dynamic concept is instantiated by the temporally evolving process in this video?,Leidenfrost Droplet Motion,strict_main_candidate,valid_name_but_requires_extra_visual_gate,Leidenfrost Droplet Motion,莱顿弗罗斯特液滴运动,must_show_hot_surface_vapor_cushion_behavior_sustained_sliding_or_lifetime_change_without_text_leakage
vdcr_concept_0015,physics_physical_systems,自然物理规律,physics_family_02,表面张力与界面动力学,马兰戈尼驱动流,Marangoni-Driven Flow,自然动态机制,dynamic_mechanism_concept,A,strong_temporal_signature_and_named_dynamic_concept,medium,medium,"[""Marangoni-Driven Flow"", ""马兰戈尼驱动流""]",Which named dynamic concept is instantiated by the temporally evolving process in this video?,Marangoni-Driven Flow,strict_main_candidate,valid_name_but_requires_extra_visual_gate,Marangoni-Driven Flow,马兰戈尼驱动流,must_show_surface_tension_gradient_driven_directed_transport_with_source_double_check
vdcr_concept_0016,physics_physical_systems,自然物理规律,physics_family_02,表面张力与界面动力学,接触线钉扎-脱钉,Contact-Line Pinning and Depinning,自然动态机制,dynamic_mechanism_concept,B,usable_candidate_requires_video_availability_and_static_shortcut_review,medium,medium,"[""Contact-Line Pinning and Depinning"", ""接触线钉扎-脱钉""]",Which named dynamic concept is instantiated by the temporally evolving process in this video?,Contact-Line Pinning and Depinning,strict_main_candidate,usable_only_after_video_specific_gate,Contact-Line Pinning and Depinning,接触线钉扎-脱钉,video_must_show_named_dynamic_mechanism_sequence_without_title_or_source_leakage
vdcr_concept_0017,physics_physical_systems,自然物理规律,physics_family_03,波动、振动与非线性动力学,驻波形成,Standing Wave Formation,自然动态机制,dynamic_mechanism_concept,A,strong_temporal_signature_and_named_dynamic_concept,medium,medium,"[""Standing Wave Formation"", ""驻波形成""]",Which named dynamic concept is instantiated by the temporally evolving process in this video?,Standing Wave Formation,core_main,strong_named_temporal_signature,Standing-Wave Mode Formation,驻波模态形成,video_must_show_named_dynamic_mechanism_sequence_without_title_or_source_leakage
vdcr_concept_0018,physics_physical_systems,自然物理规律,physics_family_03,波动、振动与非线性动力学,波的相干干涉,Coherent Wave Interference,自然动态机制,dynamic_mechanism_concept,B,usable_candidate_requires_video_availability_and_static_shortcut_review,medium,medium,"[""Coherent Wave Interference"", ""波的相干干涉""]",Which named dynamic concept is instantiated by the temporally evolving process in this video?,Coherent Wave Interference,strict_main_candidate,usable_only_after_video_specific_gate,Coherent Interference Pattern Formation,相干干涉图样形成,video_must_show_named_dynamic_mechanism_sequence_without_title_or_source_leakage
vdcr_concept_0019,physics_physical_systems,自然物理规律,physics_family_03,波动、振动与非线性动力学,法拉第波,Faraday Waves,自然动态机制,dynamic_mechanism_concept,A,strong_temporal_signature_and_named_dynamic_concept,medium,medium,"[""Faraday Waves"", ""法拉第波""]",Which named dynamic concept is instantiated by the temporally evolving process in this video?,Faraday Waves,core_main,strong_named_temporal_signature,Faraday Waves,法拉第波,video_must_show_named_dynamic_mechanism_sequence_without_title_or_source_leakage
vdcr_concept_0020,physics_physical_systems,自然物理规律,physics_family_03,波动、振动与非线性动力学,参数共振,Parametric Resonance,自然动态机制,dynamic_mechanism_concept,B,usable_candidate_requires_video_availability_and_static_shortcut_review,medium,medium,"[""Parametric Resonance"", ""参数共振""]",Which named dynamic concept is instantiated by the temporally evolving process in this video?,Parametric Resonance,strict_main_candidate,usable_only_after_video_specific_gate,Parametric Resonance,参数共振,video_must_show_named_dynamic_mechanism_sequence_without_title_or_source_leakage
vdcr_concept_0021,physics_physical_systems,自然物理规律,physics_family_03,波动、振动与非线性动力学,耦合摆同步,Coupled Pendulum Synchronization,自然动态机制,dynamic_mechanism_concept,B,usable_candidate_requires_video_availability_and_static_shortcut_review,medium,medium,"[""Coupled Pendulum Synchronization"", ""耦合摆同步""]",Which named dynamic concept is instantiated by the temporally evolving process in this video?,Coupled Pendulum Synchronization,strict_main_candidate,usable_only_after_video_specific_gate,Coupled Pendulum Synchronization,耦合摆同步,video_must_show_named_dynamic_mechanism_sequence_without_title_or_source_leakage
vdcr_concept_0022,physics_physical_systems,自然物理规律,physics_family_03,波动、振动与非线性动力学,阻尼振荡,Damped Oscillation,自然动态机制,dynamic_mechanism_concept,B,usable_candidate_requires_video_availability_and_static_shortcut_review,medium,medium,"[""Damped Oscillation"", ""阻尼振荡""]",Which named dynamic concept is instantiated by the temporally evolving process in this video?,Damped Oscillation,strict_main_candidate,valid_name_but_requires_extra_visual_gate,Damped Oscillation,阻尼振荡,must_show_repeated_oscillation_cycles_with_visibly_decaying_amplitude
vdcr_concept_0023,physics_physical_systems,自然物理规律,physics_family_03,波动、振动与非线性动力学,双摆混沌,Double Pendulum Chaos,自然动态机制,dynamic_mechanism_concept,B,usable_candidate_requires_video_availability_and_static_shortcut_review,medium,medium,"[""Double Pendulum Chaos"", ""双摆混沌""]",Which named dynamic concept is instantiated by the temporally evolving process in this video?,Double Pendulum Chaos,strict_main_candidate,usable_only_after_video_specific_gate,Double Pendulum Chaos,双摆混沌,video_must_show_named_dynamic_mechanism_sequence_without_title_or_source_leakage
vdcr_concept_0024,physics_physical_systems,自然物理规律,physics_family_04,刚体与颗粒动力学,陀螺进动,Gyroscopic Precession,自然动态机制,dynamic_mechanism_concept,A,strong_temporal_signature_and_named_dynamic_concept,medium,medium,"[""Gyroscopic Precession"", ""陀螺进动""]",Which named dynamic concept is instantiated by the temporally evolving process in this video?,Gyroscopic Precession,core_main,strong_named_temporal_signature,Gyroscopic Precession,陀螺进动,video_must_show_named_dynamic_mechanism_sequence_without_title_or_source_leakage
vdcr_concept_0025,physics_physical_systems,自然物理规律,physics_family_04,刚体与颗粒动力学,贾尼别科夫效应/网球拍定理,Dzhanibekov Effect / Tennis Racket Theorem,自然动态机制,dynamic_mechanism_concept,A,strong_temporal_signature_and_named_dynamic_concept,medium,medium,"[""Dzhanibekov Effect / Tennis Racket Theorem"", ""贾尼别科夫效应/网球拍定理"", ""Dzhanibekov Effect"", ""Tennis Racket Theorem""]",Which named dynamic concept is instantiated by the temporally evolving process in this video?,Dzhanibekov Effect / Tennis Racket Theorem,core_main,strong_named_temporal_signature,Dzhanibekov Effect / Tennis Racket Theorem,贾尼别科夫效应/网球拍定理,video_must_show_named_dynamic_mechanism_sequence_without_title_or_source_leakage
vdcr_concept_0026,physics_physical_systems,自然物理规律,physics_family_04,刚体与颗粒动力学,欧拉圆盘运动,Euler's Disk Motion,自然动态机制,dynamic_mechanism_concept,B,usable_candidate_requires_video_availability_and_static_shortcut_review,medium,medium,"[""Euler's Disk Motion"", ""欧拉圆盘运动""]",Which named dynamic concept is instantiated by the temporally evolving process in this video?,Euler's Disk Motion,strict_main_candidate,usable_only_after_video_specific_gate,Euler's Disk Motion,欧拉圆盘运动,video_must_show_named_dynamic_mechanism_sequence_without_title_or_source_leakage
vdcr_concept_0027,physics_physical_systems,自然物理规律,physics_family_04,刚体与颗粒动力学,弹性摆运动,Elastic Pendulum Motion,自然动态机制,dynamic_mechanism_concept,B,usable_candidate_requires_video_availability_and_static_shortcut_review,medium,medium,"[""Elastic Pendulum Motion"", ""弹性摆运动""]",Which named dynamic concept is instantiated by the temporally evolving process in this video?,Elastic Pendulum Motion,strict_main_candidate,usable_only_after_video_specific_gate,Elastic Pendulum Motion,弹性摆运动,video_must_show_named_dynamic_mechanism_sequence_without_title_or_source_leakage
vdcr_concept_0028,physics_physical_systems,自然物理规律,physics_family_04,刚体与颗粒动力学,巴西坚果效应,Brazil Nut Effect,自然动态机制,dynamic_mechanism_concept,A,strong_temporal_signature_and_named_dynamic_concept,medium,medium,"[""Brazil Nut Effect"", ""巴西坚果效应""]",Which named dynamic concept is instantiated by the temporally evolving process in this video?,Brazil Nut Effect,core_main,strong_named_temporal_signature,Brazil Nut Effect,巴西坚果效应,video_must_show_named_dynamic_mechanism_sequence_without_title_or_source_leakage
vdcr_concept_0029,physics_physical_systems,自然物理规律,physics_family_04,刚体与颗粒动力学,颗粒对流,Granular Convection,自然动态机制,dynamic_mechanism_concept,B,usable_candidate_requires_video_availability_and_static_shortcut_review,medium,medium,"[""Granular Convection"", ""颗粒对流""]",Which named dynamic concept is instantiated by the temporally evolving process in this video?,Granular Convection,strict_main_candidate,usable_only_after_video_specific_gate,Granular Convection,颗粒对流,video_must_show_named_dynamic_mechanism_sequence_without_title_or_source_leakage
vdcr_concept_0030,physics_physical_systems,自然物理规律,physics_family_04,刚体与颗粒动力学,颗粒表面雪崩,Granular Surface Avalanche,自然动态机制,dynamic_mechanism_concept,B,usable_candidate_requires_video_availability_and_static_shortcut_review,medium,medium,"[""Granular Surface Avalanche"", ""颗粒表面雪崩""]",Which named dynamic concept is instantiated by the temporally evolving process in this video?,Granular Surface Avalanche,strict_main_candidate,usable_only_after_video_specific_gate,Granular Surface Avalanche,颗粒表面雪崩,video_must_show_named_dynamic_mechanism_sequence_without_title_or_source_leakage
vdcr_concept_0031,physics_physical_systems,自然物理规律,physics_family_04,刚体与颗粒动力学,黏滑运动,Stick-Slip Motion,自然动态机制,dynamic_mechanism_concept,B,usable_candidate_requires_video_availability_and_static_shortcut_review,medium,medium,"[""Stick-Slip Motion"", ""黏滑运动""]",Which named dynamic concept is instantiated by the temporally evolving process in this video?,Stick-Slip Motion,strict_main_candidate,usable_only_after_video_specific_gate,Stick-Slip Motion,黏滑运动,video_must_show_named_dynamic_mechanism_sequence_without_title_or_source_leakage
vdcr_concept_0032,physics_physical_systems,自然物理规律,physics_family_05,液滴冲击、喷射与飞溅,冠状飞溅,Crown Splash,自然动态机制,dynamic_mechanism_concept,A,strong_temporal_signature_and_named_dynamic_concept,medium,medium,"[""Crown Splash"", ""冠状飞溅""]",Which named dynamic concept is instantiated by the temporally evolving process in this video?,Crown Splash,core_main,strong_named_temporal_signature,Crown Splash,冠状飞溅,video_must_show_named_dynamic_mechanism_sequence_without_title_or_source_leakage
vdcr_concept_0033,physics_physical_systems,自然物理规律,physics_family_05,液滴冲击、喷射与飞溅,沃辛顿射流,Worthington Jet,自然动态机制,dynamic_mechanism_concept,A,strong_temporal_signature_and_named_dynamic_concept,medium,medium,"[""Worthington Jet"", ""沃辛顿射流""]",Which named dynamic concept is instantiated by the temporally evolving process in this video?,Worthington Jet,core_main,strong_named_temporal_signature,Worthington Jet,沃辛顿射流,video_must_show_named_dynamic_mechanism_sequence_without_title_or_source_leakage
vdcr_concept_0034,physics_physical_systems,自然物理规律,physics_family_05,液滴冲击、喷射与飞溅,液滴反弹,Droplet Rebound,自然动态机制,dynamic_mechanism_concept,B,usable_candidate_requires_video_availability_and_static_shortcut_review,high,medium,"[""Droplet Rebound"", ""液滴反弹""]",Which named dynamic concept is instantiated by the temporally evolving process in this video?,Droplet Rebound,strict_main_candidate,valid_name_but_requires_extra_visual_gate,Inertia-Capillarity Droplet Rebound,惯性-毛细液滴反弹,must_show_impact_deformation_capillary_retraction_and_liftoff_sequence
vdcr_concept_0035,physics_physical_systems,自然物理规律,physics_family_05,液滴冲击、喷射与飞溅,液滴铺展-回缩,Droplet Spreading and Retraction,自然动态机制,dynamic_mechanism_concept,B,usable_candidate_requires_video_availability_and_static_shortcut_review,medium,medium,"[""Droplet Spreading and Retraction"", ""液滴铺展-回缩""]",Which named dynamic concept is instantiated by the temporally evolving process in this video?,Droplet Spreading and Retraction,strict_main_candidate,usable_only_after_video_specific_gate,Droplet Spreading and Retraction,液滴铺展-回缩,video_must_show_named_dynamic_mechanism_sequence_without_title_or_source_leakage
vdcr_concept_0036,physics_physical_systems,自然物理规律,physics_family_05,液滴冲击、喷射与飞溅,液滴撞击铺展,Droplet Impact Spreading,自然动态机制,dynamic_mechanism_concept,B,usable_candidate_requires_video_availability_and_static_shortcut_review,medium,medium,"[""Droplet Impact Spreading"", ""液滴撞击铺展""]",Which named dynamic concept is instantiated by the temporally evolving process in this video?,Droplet Impact Spreading,strict_main_candidate,valid_name_but_requires_extra_visual_gate,Inertia-Driven Droplet Impact Spreading,惯性驱动液滴撞击铺展,must_show_impact_then_radial_spreading_sequence
vdcr_concept_0037,physics_physical_systems,自然物理规律,physics_family_05,液滴冲击、喷射与飞溅,液丝破碎雾化,Ligament-Mediated Atomization,自然动态机制,dynamic_mechanism_concept,B,usable_candidate_requires_video_availability_and_static_shortcut_review,high,medium,"[""Ligament-Mediated Atomization"", ""液丝破碎雾化""]",Which named dynamic concept is instantiated by the temporally evolving process in this video?,Ligament-Mediated Atomization,strict_main_candidate,usable_only_after_video_specific_gate,Ligament-Mediated Atomization,液丝破碎雾化,video_must_show_named_dynamic_mechanism_sequence_without_title_or_source_leakage
vdcr_concept_0038,physics_physical_systems,自然物理规律,physics_family_05,液滴冲击、喷射与飞溅,气泡破裂射流,Bubble-Bursting Jet,自然动态机制,dynamic_mechanism_concept,B,usable_candidate_requires_video_availability_and_static_shortcut_review,medium,medium,"[""Bubble-Bursting Jet"", ""气泡破裂射流""]",Which named dynamic concept is instantiated by the temporally evolving process in this video?,Bubble-Bursting Jet,strict_main_candidate,usable_only_after_video_specific_gate,Bubble-Bursting Jet,气泡破裂射流,video_must_show_named_dynamic_mechanism_sequence_without_title_or_source_leakage
vdcr_concept_0039,physics_physical_systems,自然物理规律,physics_family_05,液滴冲击、喷射与飞溅,涡环形成,Vortex Ring Formation,自然动态机制,dynamic_mechanism_concept,A,strong_temporal_signature_and_named_dynamic_concept,medium,medium,"[""Vortex Ring Formation"", ""涡环形成""]",Which named dynamic concept is instantiated by the temporally evolving process in this video?,Vortex Ring Formation,core_main,strong_named_temporal_signature,Vortex Ring Formation,涡环形成,video_must_show_named_dynamic_mechanism_sequence_without_title_or_source_leakage
vdcr_concept_0040,physics_physical_systems,自然物理规律,physics_family_06,压缩流与冲击波,激波传播,Shock Wave Propagation,自然动态机制,dynamic_mechanism_concept,B,usable_candidate_requires_video_availability_and_static_shortcut_review,medium,medium,"[""Shock Wave Propagation"", ""激波传播""]",Which named dynamic concept is instantiated by the temporally evolving process in this video?,Shock Wave Propagation,strict_main_candidate,valid_name_but_requires_extra_visual_gate,Shock Wave Propagation,激波传播,must_show_clear_shock_front_or_compression_front_propagating_not_static_schlieren_frame
vdcr_concept_0041,physics_physical_systems,自然物理规律,physics_family_06,压缩流与冲击波,马赫锥形成,Mach Cone Formation,自然动态机制,dynamic_mechanism_concept,B,usable_candidate_requires_video_availability_and_static_shortcut_review,medium,medium,"[""Mach Cone Formation"", ""马赫锥形成""]",Which named dynamic concept is instantiated by the temporally evolving process in this video?,Mach Cone Formation,strict_main_candidate,usable_only_after_video_specific_gate,Mach Cone Formation,马赫锥形成,video_must_show_named_dynamic_mechanism_sequence_without_title_or_source_leakage
vdcr_concept_0042,physics_physical_systems,自然物理规律,physics_family_06,压缩流与冲击波,弓形激波,Bow Shock,自然动态机制,dynamic_mechanism_concept,B,usable_candidate_requires_video_availability_and_static_shortcut_review,medium,medium,"[""Bow Shock"", ""弓形激波""]",Which named dynamic concept is instantiated by the temporally evolving process in this video?,Bow Shock,strict_main_candidate,usable_only_after_video_specific_gate,Bow Shock,弓形激波,video_must_show_named_dynamic_mechanism_sequence_without_title_or_source_leakage
vdcr_concept_0043,physics_physical_systems,自然物理规律,physics_family_06,压缩流与冲击波,普朗特-迈耶膨胀扇,Prandtl-Meyer Expansion Fan,自然动态机制,dynamic_mechanism_concept,C,likely_requires_simulation_instrumentation_or_long_timescale_review,medium,low,"[""Prandtl-Meyer Expansion Fan"", ""普朗特-迈耶膨胀扇""]",Which named dynamic concept is instantiated by the temporally evolving process in this video?,Prandtl-Meyer Expansion Fan,defer_or_remove,typically_requires_schlieren_or_simulation_context,Prandtl-Meyer Expansion Fan,普朗特-迈耶膨胀扇,video_must_show_named_dynamic_mechanism_sequence_without_title_or_source_leakage
vdcr_concept_0044,physics_physical_systems,自然物理规律,physics_family_06,压缩流与冲击波,爆轰波前传播,Detonation Front Propagation,自然动态机制,dynamic_mechanism_concept,B,usable_candidate_requires_video_availability_and_static_shortcut_review,medium,medium,"[""Detonation Front Propagation"", ""爆轰波前传播""]",Which named dynamic concept is instantiated by the temporally evolving process in this video?,Detonation Front Propagation,strict_main_candidate,usable_only_after_video_specific_gate,Detonation Front Propagation,爆轰波前传播,video_must_show_named_dynamic_mechanism_sequence_without_title_or_source_leakage
vdcr_concept_0045,physics_physical_systems,自然物理规律,physics_family_06,压缩流与冲击波,瑞利-泰勒冲击混合,Shock-Driven Rayleigh-Taylor Mixing,自然动态机制,dynamic_mechanism_concept,B,usable_candidate_requires_video_availability_and_static_shortcut_review,medium,medium,"[""Shock-Driven Rayleigh-Taylor Mixing"", ""瑞利-泰勒冲击混合""]",Which named dynamic concept is instantiated by the temporally evolving process in this video?,Shock-Driven Rayleigh-Taylor Mixing,strict_main_candidate,usable_only_after_video_specific_gate,Shock-Driven Rayleigh-Taylor Mixing,瑞利-泰勒冲击混合,video_must_show_named_dynamic_mechanism_sequence_without_title_or_source_leakage
vdcr_concept_0046,physics_physical_systems,自然物理规律,physics_family_06,压缩流与冲击波,激波-边界层相互作用,Shock-Boundary-Layer Interaction,自然动态机制,dynamic_mechanism_concept,C,likely_requires_simulation_instrumentation_or_long_timescale_review,medium,low,"[""Shock-Boundary-Layer Interaction"", ""激波-边界层相互作用""]",Which named dynamic concept is instantiated by the temporally evolving process in this video?,Shock-Boundary-Layer Interaction,extension,candidate_is_source_or_availability_heavy,Shock-Boundary-Layer Interaction,激波-边界层相互作用,video_must_show_named_dynamic_mechanism_sequence_without_title_or_source_leakage
vdcr_concept_0047,physics_physical_systems,自然物理规律,physics_family_07,电磁与等离子体动态,磁场重联,Magnetic Reconnection,自然动态机制,dynamic_mechanism_concept,C,likely_requires_simulation_instrumentation_or_long_timescale_review,medium,low,"[""Magnetic Reconnection"", ""磁场重联""]",Which named dynamic concept is instantiated by the temporally evolving process in this video?,Magnetic Reconnection,extension,candidate_is_source_or_availability_heavy,Magnetic Reconnection,磁场重联,video_must_show_named_dynamic_mechanism_sequence_without_title_or_source_leakage
vdcr_concept_0048,physics_physical_systems,自然物理规律,physics_family_07,电磁与等离子体动态,等离子体丝化,Plasma Filamentation,自然动态机制,dynamic_mechanism_concept,C,likely_requires_simulation_instrumentation_or_long_timescale_review,medium,low,"[""Plasma Filamentation"", ""等离子体丝化""]",Which named dynamic concept is instantiated by the temporally evolving process in this video?,Plasma Filamentation,extension,candidate_is_source_or_availability_heavy,Plasma Filamentation,等离子体丝化,video_must_show_named_dynamic_mechanism_sequence_without_title_or_source_leakage
vdcr_concept_0049,physics_physical_systems,自然物理规律,physics_family_07,电磁与等离子体动态,辉光放电扩展,Glow Discharge Propagation,自然动态机制,dynamic_mechanism_concept,B,usable_candidate_requires_video_availability_and_static_shortcut_review,medium,medium,"[""Glow Discharge Propagation"", ""辉光放电扩展""]",Which named dynamic concept is instantiated by the temporally evolving process in this video?,Glow Discharge Propagation,strict_main_candidate,usable_only_after_video_specific_gate,Glow Discharge Propagation,辉光放电扩展,video_must_show_named_dynamic_mechanism_sequence_without_title_or_source_leakage
vdcr_concept_0050,physics_physical_systems,自然物理规律,physics_family_07,电磁与等离子体动态,电弧形成与弯曲,Electric Arc Formation and Bending,自然动态机制,dynamic_mechanism_concept,B,usable_candidate_requires_video_availability_and_static_shortcut_review,medium,medium,"[""Electric Arc Formation and Bending"", ""电弧形成与弯曲""]",Which named dynamic concept is instantiated by the temporally evolving process in this video?,Electric Arc Formation and Bending,strict_main_candidate,usable_only_after_video_specific_gate,Electric Arc Formation and Bending,电弧形成与弯曲,video_must_show_named_dynamic_mechanism_sequence_without_title_or_source_leakage
vdcr_concept_0051,physics_physical_systems,自然物理规律,physics_family_07,电磁与等离子体动态,介质阻挡放电流光,Dielectric Barrier Discharge Streamers,自然动态机制,dynamic_mechanism_concept,B,usable_candidate_requires_video_availability_and_static_shortcut_review,medium,medium,"[""Dielectric Barrier Discharge Streamers"", ""介质阻挡放电流光""]",Which named dynamic concept is instantiated by the temporally evolving process in this video?,Dielectric Barrier Discharge Streamers,strict_main_candidate,usable_only_after_video_specific_gate,Dielectric Barrier Discharge Streamers,介质阻挡放电流光,video_must_show_named_dynamic_mechanism_sequence_without_title_or_source_leakage
vdcr_concept_0052,physics_physical_systems,自然物理规律,physics_family_07,电磁与等离子体动态,太阳日珥喷发,Solar Prominence Eruption,自然动态机制,dynamic_mechanism_concept,C,likely_requires_simulation_instrumentation_or_long_timescale_review,medium,medium,"[""Solar Prominence Eruption"", ""太阳日珥喷发""]",Which named dynamic concept is instantiated by the temporally evolving process in this video?,Solar Prominence Eruption,extension,candidate_is_source_or_availability_heavy,Solar Prominence Eruption,太阳日珥喷发,video_must_show_named_dynamic_mechanism_sequence_without_title_or_source_leakage
vdcr_concept_0053,physics_physical_systems,自然物理规律,physics_family_07,电磁与等离子体动态,日冕物质抛射,Coronal Mass Ejection,自然动态机制,dynamic_mechanism_concept,C,likely_requires_simulation_instrumentation_or_long_timescale_review,medium,medium,"[""Coronal Mass Ejection"", ""日冕物质抛射""]",Which named dynamic concept is instantiated by the temporally evolving process in this video?,Coronal Mass Ejection,extension,candidate_is_source_or_availability_heavy,Coronal Mass Ejection,日冕物质抛射,video_must_show_named_dynamic_mechanism_sequence_without_title_or_source_leakage
vdcr_concept_0054,physics_physical_systems,自然物理规律,physics_family_08,热过程与浮力驱动流,自然对流羽流,Natural Convection Plume,自然动态机制,dynamic_mechanism_concept,B,usable_candidate_requires_video_availability_and_static_shortcut_review,medium,medium,"[""Natural Convection Plume"", ""自然对流羽流""]",Which named dynamic concept is instantiated by the temporally evolving process in this video?,Natural Convection Plume,strict_main_candidate,usable_only_after_video_specific_gate,Natural Convection Plume,自然对流羽流,video_must_show_named_dynamic_mechanism_sequence_without_title_or_source_leakage
vdcr_concept_0055,physics_physical_systems,自然物理规律,physics_family_08,热过程与浮力驱动流,瑞利-贝纳德对流,Rayleigh-Benard Convection,自然动态机制,dynamic_mechanism_concept,A,strong_temporal_signature_and_named_dynamic_concept,medium,medium,"[""Rayleigh-Benard Convection"", ""瑞利-贝纳德对流""]",Which named dynamic concept is instantiated by the temporally evolving process in this video?,Rayleigh-Benard Convection,core_main,strong_named_temporal_signature,Rayleigh-Benard Convection,瑞利-贝纳德对流,video_must_show_named_dynamic_mechanism_sequence_without_title_or_source_leakage
vdcr_concept_0056,physics_physical_systems,自然物理规律,physics_family_08,热过程与浮力驱动流,沸腾气泡成核与脱离,Boiling Bubble Nucleation and Departure,自然动态机制,dynamic_mechanism_concept,B,usable_candidate_requires_video_availability_and_static_shortcut_review,medium,medium,"[""Boiling Bubble Nucleation and Departure"", ""沸腾气泡成核与脱离""]",Which named dynamic concept is instantiated by the temporally evolving process in this video?,Boiling Bubble Nucleation and Departure,strict_main_candidate,usable_only_after_video_specific_gate,Boiling Bubble Nucleation and Departure,沸腾气泡成核与脱离,video_must_show_named_dynamic_mechanism_sequence_without_title_or_source_leakage
vdcr_concept_0057,physics_physical_systems,自然物理规律,physics_family_08,热过程与浮力驱动流,膜态沸腾,Film Boiling,自然动态机制,dynamic_mechanism_concept,B,usable_candidate_requires_video_availability_and_static_shortcut_review,medium,medium,"[""Film Boiling"", ""膜态沸腾""]",Which named dynamic concept is instantiated by the temporally evolving process in this video?,Film Boiling,strict_main_candidate,usable_only_after_video_specific_gate,Film Boiling,膜态沸腾,video_must_show_named_dynamic_mechanism_sequence_without_title_or_source_leakage
vdcr_concept_0058,physics_physical_systems,自然物理规律,physics_family_08,热过程与浮力驱动流,热毛细对流,Thermocapillary Convection,自然动态机制,dynamic_mechanism_concept,B,usable_candidate_requires_video_availability_and_static_shortcut_review,medium,medium,"[""Thermocapillary Convection"", ""热毛细对流""]",Which named dynamic concept is instantiated by the temporally evolving process in this video?,Thermocapillary Convection,strict_main_candidate,usable_only_after_video_specific_gate,Thermocapillary Convection,热毛细对流,video_must_show_named_dynamic_mechanism_sequence_without_title_or_source_leakage
vdcr_concept_0059,chemistry_materials_change,物质变化机制,materials_family_01,流变与非牛顿响应,剪切增稠,Shear Thickening,自然动态机制,dynamic_mechanism_concept,A,strong_temporal_signature_and_named_dynamic_concept,medium,medium,"[""Shear Thickening"", ""剪切增稠""]",Which named dynamic concept is instantiated by the temporally evolving process in this video?,Shear Thickening,core_main,strong_named_temporal_signature,Shear Thickening,剪切增稠,video_must_show_material_or_reaction_state_evolution; source_text_may_only_double_check_not_supply_answer
vdcr_concept_0060,chemistry_materials_change,物质变化机制,materials_family_01,流变与非牛顿响应,剪切变稀,Shear Thinning,自然动态机制,dynamic_mechanism_concept,B,usable_candidate_requires_video_availability_and_static_shortcut_review,medium,medium,"[""Shear Thinning"", ""剪切变稀""]",Which named dynamic concept is instantiated by the temporally evolving process in this video?,Shear Thinning,strict_main_candidate,usable_only_after_video_specific_gate,Shear Thinning,剪切变稀,video_must_show_material_or_reaction_state_evolution; source_text_may_only_double_check_not_supply_answer
vdcr_concept_0061,chemistry_materials_change,物质变化机制,materials_family_01,流变与非牛顿响应,触变性,Thixotropy,自然动态机制,dynamic_mechanism_concept,B,usable_candidate_requires_video_availability_and_static_shortcut_review,medium,medium,"[""Thixotropy"", ""触变性""]",Which named dynamic concept is instantiated by the temporally evolving process in this video?,Thixotropy,strict_main_candidate,usable_only_after_video_specific_gate,Thixotropy,触变性,video_must_show_material_or_reaction_state_evolution; source_text_may_only_double_check_not_supply_answer
vdcr_concept_0062,chemistry_materials_change,物质变化机制,materials_family_01,流变与非牛顿响应,黏弹回弹,Viscoelastic Recoil,自然动态机制,dynamic_mechanism_concept,B,usable_candidate_requires_video_availability_and_static_shortcut_review,medium,medium,"[""Viscoelastic Recoil"", ""黏弹回弹""]",Which named dynamic concept is instantiated by the temporally evolving process in this video?,Viscoelastic Recoil,strict_main_candidate,usable_only_after_video_specific_gate,Viscoelastic Recoil,黏弹回弹,video_must_show_material_or_reaction_state_evolution; source_text_may_only_double_check_not_supply_answer
vdcr_concept_0063,chemistry_materials_change,物质变化机制,materials_family_01,流变与非牛顿响应,宾汉屈服流动,Bingham Yield Flow,自然动态机制,dynamic_mechanism_concept,B,usable_candidate_requires_video_availability_and_static_shortcut_review,medium,medium,"[""Bingham Yield Flow"", ""宾汉屈服流动""]",Which named dynamic concept is instantiated by the temporally evolving process in this video?,Bingham Yield Flow,strict_main_candidate,usable_only_after_video_specific_gate,Bingham Yield Flow,宾汉屈服流动,video_must_show_material_or_reaction_state_evolution; source_text_may_only_double_check_not_supply_answer
vdcr_concept_0064,chemistry_materials_change,物质变化机制,materials_family_01,流变与非牛顿响应,魏森贝格爬杆效应,Weissenberg Rod-Climbing Effect,自然动态机制,dynamic_mechanism_concept,A,strong_temporal_signature_and_named_dynamic_concept,medium,medium,"[""Weissenberg Rod-Climbing Effect"", ""魏森贝格爬杆效应""]",Which named dynamic concept is instantiated by the temporally evolving process in this video?,Weissenberg Rod-Climbing Effect,core_main,strong_named_temporal_signature,Weissenberg Rod-Climbing Effect,魏森贝格爬杆效应,video_must_show_material_or_reaction_state_evolution; source_text_may_only_double_check_not_supply_answer
vdcr_concept_0065,chemistry_materials_change,物质变化机制,materials_family_02,晶体生长与相变前沿,晶核形成,Crystal Nucleation,自然动态机制,dynamic_mechanism_concept,B,usable_candidate_requires_video_availability_and_static_shortcut_review,medium,medium,"[""Crystal Nucleation"", ""晶核形成""]",Which named dynamic concept is instantiated by the temporally evolving process in this video?,Crystal Nucleation,strict_main_candidate,usable_only_after_video_specific_gate,Crystal Nucleation-and-Growth Dynamics,晶体成核-生长动态,video_must_show_material_or_reaction_state_evolution; source_text_may_only_double_check_not_supply_answer
vdcr_concept_0066,chemistry_materials_change,物质变化机制,materials_family_02,晶体生长与相变前沿,树枝状晶体生长,Dendritic Crystal Growth,自然动态机制,dynamic_mechanism_concept,A,strong_temporal_signature_and_named_dynamic_concept,medium,medium,"[""Dendritic Crystal Growth"", ""树枝状晶体生长""]",Which named dynamic concept is instantiated by the temporally evolving process in this video?,Dendritic Crystal Growth,core_main,strong_named_temporal_signature,Dendritic Crystal Growth,树枝状晶体生长,video_must_show_material_or_reaction_state_evolution; source_text_may_only_double_check_not_supply_answer
vdcr_concept_0067,chemistry_materials_change,物质变化机制,materials_family_02,晶体生长与相变前沿,球晶生长,Spherulitic Growth,自然动态机制,dynamic_mechanism_concept,B,usable_candidate_requires_video_availability_and_static_shortcut_review,medium,medium,"[""Spherulitic Growth"", ""球晶生长""]",Which named dynamic concept is instantiated by the temporally evolving process in this video?,Spherulitic Growth,strict_main_candidate,usable_only_after_video_specific_gate,Spherulitic Growth,球晶生长,video_must_show_material_or_reaction_state_evolution; source_text_may_only_double_check_not_supply_answer
vdcr_concept_0068,chemistry_materials_change,物质变化机制,materials_family_02,晶体生长与相变前沿,结晶前沿推进,Crystallization Front Propagation,自然动态机制,dynamic_mechanism_concept,B,usable_candidate_requires_video_availability_and_static_shortcut_review,medium,medium,"[""Crystallization Front Propagation"", ""结晶前沿推进""]",Which named dynamic concept is instantiated by the temporally evolving process in this video?,Crystallization Front Propagation,strict_main_candidate,usable_only_after_video_specific_gate,Crystallization Front Propagation,结晶前沿推进,video_must_show_material_or_reaction_state_evolution; source_text_may_only_double_check_not_supply_answer
vdcr_concept_0069,chemistry_materials_change,物质变化机制,materials_family_02,晶体生长与相变前沿,过冷液体瞬时结晶,Supercooled Liquid Rapid Crystallization,实验动态图样,experimental_dynamic_pattern,A,strong_temporal_signature_and_named_dynamic_concept,medium,high,"[""Supercooled Liquid Rapid Crystallization"", ""过冷液体瞬时结晶""]",Which named dynamic concept is instantiated by the temporally evolving process in this video?,Supercooled Liquid Rapid Crystallization,core_main,strong_named_temporal_signature,Supercooled Liquid Rapid Crystallization,过冷液体瞬时结晶,video_must_show_material_or_reaction_state_evolution; source_text_may_only_double_check_not_supply_answer
vdcr_concept_0070,chemistry_materials_change,物质变化机制,materials_family_03,反应动力学与振荡反应,碘钟反应,Iodine Clock Reaction,实验动态图样,experimental_dynamic_pattern,A,strong_temporal_signature_and_named_dynamic_concept,medium,high,"[""Iodine Clock Reaction"", ""碘钟反应""]",Which named dynamic concept is instantiated by the temporally evolving process in this video?,Iodine Clock Reaction,core_main,strong_named_temporal_signature,Iodine Clock Reaction,碘钟反应,video_must_show_material_or_reaction_state_evolution; source_text_may_only_double_check_not_supply_answer
vdcr_concept_0071,chemistry_materials_change,物质变化机制,materials_family_03,反应动力学与振荡反应,蓝瓶反应,Blue Bottle Reaction,实验动态图样,experimental_dynamic_pattern,B,usable_candidate_requires_video_availability_and_static_shortcut_review,medium,high,"[""Blue Bottle Reaction"", ""蓝瓶反应""]",Which named dynamic concept is instantiated by the temporally evolving process in this video?,Blue Bottle Reaction,strict_main_candidate,valid_name_but_requires_extra_visual_gate,Blue Bottle Reaction,蓝瓶反应,must_show_shaking_or_oxygenation_cycle_and_reversible_color_recovery_without_title_leakage
vdcr_concept_0072,chemistry_materials_change,物质变化机制,materials_family_03,反应动力学与振荡反应,化学交通灯反应,Chemical Traffic Light Reaction,实验动态图样,experimental_dynamic_pattern,B,usable_candidate_requires_video_availability_and_static_shortcut_review,medium,high,"[""Chemical Traffic Light Reaction"", ""化学交通灯反应""]",Which named dynamic concept is instantiated by the temporally evolving process in this video?,Chemical Traffic Light Reaction,strict_main_candidate,usable_only_after_video_specific_gate,Chemical Traffic Light Reaction,化学交通灯反应,video_must_show_material_or_reaction_state_evolution; source_text_may_only_double_check_not_supply_answer
vdcr_concept_0073,chemistry_materials_change,物质变化机制,materials_family_03,反应动力学与振荡反应,别洛乌索夫-扎鲍廷斯基振荡反应,Belousov-Zhabotinsky Reaction,实验动态图样,experimental_dynamic_pattern,A,strong_temporal_signature_and_named_dynamic_concept,medium,high,"[""Belousov-Zhabotinsky Reaction"", ""别洛乌索夫-扎鲍廷斯基振荡反应""]",Which named dynamic concept is instantiated by the temporally evolving process in this video?,Belousov-Zhabotinsky Reaction,core_main,strong_named_temporal_signature,Belousov-Zhabotinsky Reaction,别洛乌索夫-扎鲍廷斯基振荡反应,video_must_show_material_or_reaction_state_evolution; source_text_may_only_double_check_not_supply_answer
vdcr_concept_0074,chemistry_materials_change,物质变化机制,materials_family_03,反应动力学与振荡反应,布里格斯-劳舍尔振荡反应,Briggs-Rauscher Reaction,实验动态图样,experimental_dynamic_pattern,A,strong_temporal_signature_and_named_dynamic_concept,medium,high,"[""Briggs-Rauscher Reaction"", ""布里格斯-劳舍尔振荡反应""]",Which named dynamic concept is instantiated by the temporally evolving process in this video?,Briggs-Rauscher Reaction,core_main,strong_named_temporal_signature,Briggs-Rauscher Reaction,布里格斯-劳舍尔振荡反应,video_must_show_material_or_reaction_state_evolution; source_text_may_only_double_check_not_supply_answer
vdcr_concept_0075,chemistry_materials_change,物质变化机制,materials_family_03,反应动力学与振荡反应,本尼迪克特阳性还原反应,Benedict Positive Reducing-Sugar Reaction,实验动态图样,experimental_dynamic_pattern,B,usable_candidate_requires_video_availability_and_static_shortcut_review,medium,high,"[""Benedict Positive Reducing-Sugar Reaction"", ""本尼迪克特阳性还原反应""]",Which named dynamic concept is instantiated by the temporally evolving process in this video?,Benedict Positive Reducing-Sugar Reaction,strict_main_candidate,valid_name_but_requires_extra_visual_gate,Benedict Positive Reducing-Sugar Reaction,本尼迪克特阳性还原反应,must_show_reagent_heating_and_progressive_color_or_precipitate_evolution_without_text_leakage
vdcr_concept_0076,chemistry_materials_change,物质变化机制,materials_family_04,沉淀、自组织与扩散前沿,化学花园生长,Chemical Garden Growth,实验动态图样,experimental_dynamic_pattern,A,strong_temporal_signature_and_named_dynamic_concept,medium,high,"[""Chemical Garden Growth"", ""化学花园生长""]",Which named dynamic concept is instantiated by the temporally evolving process in this video?,Chemical Garden Growth,core_main,strong_named_temporal_signature,Chemical Garden Growth,化学花园生长,video_must_show_material_or_reaction_state_evolution; source_text_may_only_double_check_not_supply_answer
vdcr_concept_0077,chemistry_materials_change,物质变化机制,materials_family_04,沉淀、自组织与扩散前沿,沉淀前沿推进,Precipitation Front Propagation,自然动态机制,dynamic_mechanism_concept,B,usable_candidate_requires_video_availability_and_static_shortcut_review,medium,medium,"[""Precipitation Front Propagation"", ""沉淀前沿推进""]",Which named dynamic concept is instantiated by the temporally evolving process in this video?,Precipitation Front Propagation,strict_main_candidate,usable_only_after_video_specific_gate,Reaction-Precipitation Front Propagation,反应-沉淀前沿推进,video_must_show_material_or_reaction_state_evolution; source_text_may_only_double_check_not_supply_answer
vdcr_concept_0078,chemistry_materials_change,物质变化机制,materials_family_04,沉淀、自组织与扩散前沿,利塞冈环形成,Liesegang Ring Formation,实验动态图样,experimental_dynamic_pattern,A,strong_temporal_signature_and_named_dynamic_concept,medium,high,"[""Liesegang Ring Formation"", ""利塞冈环形成""]",Which named dynamic concept is instantiated by the temporally evolving process in this video?,Liesegang Ring Formation,core_main,strong_named_temporal_signature,Liesegang Ring Formation,利塞冈环形成,video_must_show_material_or_reaction_state_evolution; source_text_may_only_double_check_not_supply_answer
vdcr_concept_0079,chemistry_materials_change,物质变化机制,materials_family_04,沉淀、自组织与扩散前沿,反应-扩散波,Reaction-Diffusion Wave,自然动态机制,dynamic_mechanism_concept,B,usable_candidate_requires_video_availability_and_static_shortcut_review,medium,medium,"[""Reaction-Diffusion Wave"", ""反应-扩散波""]",Which named dynamic concept is instantiated by the temporally evolving process in this video?,Reaction-Diffusion Wave,strict_main_candidate,usable_only_after_video_specific_gate,Reaction-Diffusion Wave,反应-扩散波,video_must_show_material_or_reaction_state_evolution; source_text_may_only_double_check_not_supply_answer
vdcr_concept_0080,chemistry_materials_change,物质变化机制,materials_family_05,界面输运与沉积,表面活性剂驱动液滴运动,Surfactant-Driven Droplet Motion,自然动态机制,dynamic_mechanism_concept,B,usable_candidate_requires_video_availability_and_static_shortcut_review,medium,medium,"[""Surfactant-Driven Droplet Motion"", ""表面活性剂驱动液滴运动""]",Which named dynamic concept is instantiated by the temporally evolving process in this video?,Surfactant-Driven Droplet Motion,strict_main_candidate,usable_only_after_video_specific_gate,Surfactant-Driven Droplet Motion,表面活性剂驱动液滴运动,video_must_show_material_or_reaction_state_evolution; source_text_may_only_double_check_not_supply_answer
vdcr_concept_0081,chemistry_materials_change,物质变化机制,materials_family_05,界面输运与沉积,咖啡环形成,Coffee-Ring Formation,自然动态机制,dynamic_mechanism_concept,B,usable_candidate_requires_video_availability_and_static_shortcut_review,medium,medium,"[""Coffee-Ring Formation"", ""咖啡环形成""]",Which named dynamic concept is instantiated by the temporally evolving process in this video?,Coffee-Ring Formation,strict_main_candidate,valid_name_but_requires_extra_visual_gate,Coffee-Ring Formation,咖啡环形成,must_show_evaporation_period_and_particle_deposition_front_forming_not_only_final_ring
vdcr_concept_0082,chemistry_materials_change,物质变化机制,materials_family_05,界面输运与沉积,蒸发诱导沉积前沿,Evaporation-Induced Deposition Front,自然动态机制,dynamic_mechanism_concept,B,usable_candidate_requires_video_availability_and_static_shortcut_review,medium,medium,"[""Evaporation-Induced Deposition Front"", ""蒸发诱导沉积前沿""]",Which named dynamic concept is instantiated by the temporally evolving process in this video?,Evaporation-Induced Deposition Front,strict_main_candidate,usable_only_after_video_specific_gate,Evaporation-Induced Deposition Front,蒸发诱导沉积前沿,video_must_show_material_or_reaction_state_evolution; source_text_may_only_double_check_not_supply_answer
vdcr_concept_0083,chemistry_materials_change,物质变化机制,materials_family_06,相分离与粗化动力学,旋节线分解,Spinodal Decomposition,自然动态机制,dynamic_mechanism_concept,A,strong_temporal_signature_and_named_dynamic_concept,medium,medium,"[""Spinodal Decomposition"", ""旋节线分解""]",Which named dynamic concept is instantiated by the temporally evolving process in this video?,Spinodal Decomposition,core_main,strong_named_temporal_signature,Spinodal Decomposition,旋节线分解,video_must_show_material_or_reaction_state_evolution; source_text_may_only_double_check_not_supply_answer
vdcr_concept_0084,chemistry_materials_change,物质变化机制,materials_family_06,相分离与粗化动力学,奥斯特瓦尔德熟化,Ostwald Ripening,自然动态机制,dynamic_mechanism_concept,B,usable_candidate_requires_video_availability_and_static_shortcut_review,medium,medium,"[""Ostwald Ripening"", ""奥斯特瓦尔德熟化""]",Which named dynamic concept is instantiated by the temporally evolving process in this video?,Ostwald Ripening,strict_main_candidate,usable_only_after_video_specific_gate,Ostwald Ripening,奥斯特瓦尔德熟化,video_must_show_material_or_reaction_state_evolution; source_text_may_only_double_check_not_supply_answer
vdcr_concept_0085,chemistry_materials_change,物质变化机制,materials_family_06,相分离与粗化动力学,液滴聚并粗化,Coalescence-Driven Coarsening,自然动态机制,dynamic_mechanism_concept,B,usable_candidate_requires_video_availability_and_static_shortcut_review,medium,medium,"[""Coalescence-Driven Coarsening"", ""液滴聚并粗化""]",Which named dynamic concept is instantiated by the temporally evolving process in this video?,Coalescence-Driven Coarsening,strict_main_candidate,usable_only_after_video_specific_gate,Coalescence-Driven Coarsening,液滴聚并粗化,video_must_show_material_or_reaction_state_evolution; source_text_may_only_double_check_not_supply_answer
vdcr_concept_0086,chemistry_materials_change,物质变化机制,materials_family_06,相分离与粗化动力学,液膜退润湿,Thin-Film Dewetting,自然动态机制,dynamic_mechanism_concept,A,strong_temporal_signature_and_named_dynamic_concept,medium,medium,"[""Thin-Film Dewetting"", ""液膜退润湿""]",Which named dynamic concept is instantiated by the temporally evolving process in this video?,Thin-Film Dewetting,core_main,strong_named_temporal_signature,Thin-Film Dewetting,液膜退润湿,video_must_show_material_or_reaction_state_evolution; source_text_may_only_double_check_not_supply_answer
vdcr_concept_0087,chemistry_materials_change,物质变化机制,materials_family_06,相分离与粗化动力学,成核与生长相分离,Nucleation-and-Growth Phase Separation,自然动态机制,dynamic_mechanism_concept,B,usable_candidate_requires_video_availability_and_static_shortcut_review,medium,medium,"[""Nucleation-and-Growth Phase Separation"", ""成核与生长相分离""]",Which named dynamic concept is instantiated by the temporally evolving process in this video?,Nucleation-and-Growth Phase Separation,strict_main_candidate,usable_only_after_video_specific_gate,Nucleation-and-Growth Phase Separation,成核与生长相分离,video_must_show_material_or_reaction_state_evolution; source_text_may_only_double_check_not_supply_answer
vdcr_concept_0088,chemistry_materials_change,物质变化机制,materials_family_06,相分离与粗化动力学,相界面迁移,Phase Boundary Migration,自然动态机制,dynamic_mechanism_concept,B,usable_candidate_requires_video_availability_and_static_shortcut_review,medium,medium,"[""Phase Boundary Migration"", ""相界面迁移""]",Which named dynamic concept is instantiated by the temporally evolving process in this video?,Phase Boundary Migration,strict_main_candidate,usable_only_after_video_specific_gate,Phase Boundary Migration,相界面迁移,video_must_show_material_or_reaction_state_evolution; source_text_may_only_double_check_not_supply_answer
vdcr_concept_0089,chemistry_materials_change,物质变化机制,materials_family_07,燃烧与反应前沿,火焰前沿传播,Flame Front Propagation,自然动态机制,dynamic_mechanism_concept,B,usable_candidate_requires_video_availability_and_static_shortcut_review,medium,medium,"[""Flame Front Propagation"", ""火焰前沿传播""]",Which named dynamic concept is instantiated by the temporally evolving process in this video?,Flame Front Propagation,strict_main_candidate,valid_name_but_requires_extra_visual_gate,Reactive Flame-Front Propagation,反应性火焰前沿传播,must_show_reactive_flame_front_advancing_through_fuel_or_mixture_not_generic_fire_motion
vdcr_concept_0090,chemistry_materials_change,物质变化机制,materials_family_07,燃烧与反应前沿,扩散火焰,Diffusion Flame,自然动态机制,dynamic_mechanism_concept,B,usable_candidate_requires_video_availability_and_static_shortcut_review,medium,medium,"[""Diffusion Flame"", ""扩散火焰""]",Which named dynamic concept is instantiated by the temporally evolving process in this video?,Diffusion Flame,strict_main_candidate,valid_name_but_requires_extra_visual_gate,Diffusion Flame,扩散火焰,must_show_nonpremixed_fuel_oxidizer_interface_or_flame_establishment_not_just_fire
vdcr_concept_0091,chemistry_materials_change,物质变化机制,materials_family_07,燃烧与反应前沿,预混火焰传播,Premixed Flame Propagation,自然动态机制,dynamic_mechanism_concept,B,usable_candidate_requires_video_availability_and_static_shortcut_review,medium,medium,"[""Premixed Flame Propagation"", ""预混火焰传播""]",Which named dynamic concept is instantiated by the temporally evolving process in this video?,Premixed Flame Propagation,strict_main_candidate,usable_only_after_video_specific_gate,Premixed Flame Propagation,预混火焰传播,video_must_show_material_or_reaction_state_evolution; source_text_may_only_double_check_not_supply_answer
vdcr_concept_0092,chemistry_materials_change,物质变化机制,materials_family_07,燃烧与反应前沿,火焰胞状不稳定性,Cellular Flame Instability,自然动态机制,dynamic_mechanism_concept,B,usable_candidate_requires_video_availability_and_static_shortcut_review,medium,medium,"[""Cellular Flame Instability"", ""火焰胞状不稳定性""]",Which named dynamic concept is instantiated by the temporally evolving process in this video?,Cellular Flame Instability,strict_main_candidate,usable_only_after_video_specific_gate,Cellular Flame Instability,火焰胞状不稳定性,video_must_show_material_or_reaction_state_evolution; source_text_may_only_double_check_not_supply_answer
vdcr_concept_0093,chemistry_materials_change,物质变化机制,materials_family_07,燃烧与反应前沿,火焰闪回,Flame Flashback,自然动态机制,dynamic_mechanism_concept,B,usable_candidate_requires_video_availability_and_static_shortcut_review,medium,medium,"[""Flame Flashback"", ""火焰闪回""]",Which named dynamic concept is instantiated by the temporally evolving process in this video?,Flame Flashback,strict_main_candidate,usable_only_after_video_specific_gate,Flame Flashback,火焰闪回,video_must_show_material_or_reaction_state_evolution; source_text_may_only_double_check_not_supply_answer
vdcr_concept_0094,chemistry_materials_change,物质变化机制,materials_family_07,燃烧与反应前沿,火焰吹熄,Flame Blowoff,自然动态机制,dynamic_mechanism_concept,B,usable_candidate_requires_video_availability_and_static_shortcut_review,medium,medium,"[""Flame Blowoff"", ""火焰吹熄""]",Which named dynamic concept is instantiated by the temporally evolving process in this video?,Flame Blowoff,strict_main_candidate,usable_only_after_video_specific_gate,Flame Blowoff,火焰吹熄,video_must_show_material_or_reaction_state_evolution; source_text_may_only_double_check_not_supply_answer
vdcr_concept_0095,chemistry_materials_change,物质变化机制,materials_family_07,燃烧与反应前沿,振荡火焰,Oscillating Flame,自然动态机制,dynamic_mechanism_concept,B,usable_candidate_requires_video_availability_and_static_shortcut_review,medium,medium,"[""Oscillating Flame"", ""振荡火焰""]",Which named dynamic concept is instantiated by the temporally evolving process in this video?,Oscillating Flame,strict_main_candidate,usable_only_after_video_specific_gate,Oscillating Flame,振荡火焰,video_must_show_material_or_reaction_state_evolution; source_text_may_only_double_check_not_supply_answer
vdcr_concept_0096,chemistry_materials_change,物质变化机制,materials_family_08,电化学与腐蚀动态,电沉积枝晶生长,Electrodeposition Dendrite Growth,自然动态机制,dynamic_mechanism_concept,A,strong_temporal_signature_and_named_dynamic_concept,medium,medium,"[""Electrodeposition Dendrite Growth"", ""电沉积枝晶生长""]",Which named dynamic concept is instantiated by the temporally evolving process in this video?,Electrodeposition Dendrite Growth,strict_main_candidate,valid_name_but_requires_extra_visual_gate,Electrodeposition Dendrite Growth,电沉积枝晶生长,must_show_branching_metal_dendrite_or_crystal_growth_from_an_electrode_over_time_not_only_existing_crystals
vdcr_concept_0097,chemistry_materials_change,物质变化机制,materials_family_08,电化学与腐蚀动态,金属置换枝晶生长,Metal Displacement Dendrite Growth,实验动态图样,experimental_dynamic_pattern,B,usable_candidate_requires_video_availability_and_static_shortcut_review,medium,high,"[""Metal Displacement Dendrite Growth"", ""金属置换枝晶生长""]",Which named dynamic concept is instantiated by the temporally evolving process in this video?,Metal Displacement Dendrite Growth,strict_main_candidate,usable_only_after_video_specific_gate,Metal Displacement Dendrite Growth,金属置换枝晶生长,video_must_show_material_or_reaction_state_evolution; source_text_may_only_double_check_not_supply_answer
vdcr_concept_0098,chemistry_materials_change,物质变化机制,materials_family_08,电化学与腐蚀动态,电解气泡成核与脱离,Electrolysis Bubble Nucleation and Detachment,自然动态机制,dynamic_mechanism_concept,B,usable_candidate_requires_video_availability_and_static_shortcut_review,medium,medium,"[""Electrolysis Bubble Nucleation and Detachment"", ""电解气泡成核与脱离""]",Which named dynamic concept is instantiated by the temporally evolving process in this video?,Electrolysis Bubble Nucleation and Detachment,strict_main_candidate,usable_only_after_video_specific_gate,Electrolysis Bubble Nucleation and Detachment,电解气泡成核与脱离,video_must_show_material_or_reaction_state_evolution; source_text_may_only_double_check_not_supply_answer
vdcr_concept_0099,chemistry_materials_change,物质变化机制,materials_family_08,电化学与腐蚀动态,腐蚀坑扩展,Corrosion Pit Growth,自然动态机制,dynamic_mechanism_concept,C,likely_requires_simulation_instrumentation_or_long_timescale_review,medium,medium,"[""Corrosion Pit Growth"", ""腐蚀坑扩展""]",Which named dynamic concept is instantiated by the temporally evolving process in this video?,Corrosion Pit Growth,extension,candidate_is_source_or_availability_heavy,Corrosion Pit Growth,腐蚀坑扩展,video_must_show_material_or_reaction_state_evolution; source_text_may_only_double_check_not_supply_answer
vdcr_concept_0100,chemistry_materials_change,物质变化机制,materials_family_08,电化学与腐蚀动态,阳极氧化膜生长,Anodic Oxide Film Growth,自然动态机制,dynamic_mechanism_concept,C,likely_requires_simulation_instrumentation_or_long_timescale_review,medium,low,"[""Anodic Oxide Film Growth"", ""阳极氧化膜生长""]",Which named dynamic concept is instantiated by the temporally evolving process in this video?,Anodic Oxide Film Growth,extension,candidate_is_source_or_availability_heavy,Anodic Oxide Film Growth,阳极氧化膜生长,video_must_show_material_or_reaction_state_evolution; source_text_may_only_double_check_not_supply_answer
vdcr_concept_0101,chemistry_materials_change,物质变化机制,materials_family_08,电化学与腐蚀动态,锂枝晶生长,Lithium Dendrite Growth,自然动态机制,dynamic_mechanism_concept,C,likely_requires_simulation_instrumentation_or_long_timescale_review,medium,low,"[""Lithium Dendrite Growth"", ""锂枝晶生长""]",Which named dynamic concept is instantiated by the temporally evolving process in this video?,Lithium Dendrite Growth,extension,candidate_is_source_or_availability_heavy,Lithium Dendrite Growth,锂枝晶生长,video_must_show_material_or_reaction_state_evolution; source_text_may_only_double_check_not_supply_answer
vdcr_concept_0102,chemistry_materials_change,物质变化机制,materials_family_09,凝胶、聚合物与软物质,凝胶化前沿推进,Gelation Front Propagation,自然动态机制,dynamic_mechanism_concept,B,usable_candidate_requires_video_availability_and_static_shortcut_review,medium,medium,"[""Gelation Front Propagation"", ""凝胶化前沿推进""]",Which named dynamic concept is instantiated by the temporally evolving process in this video?,Gelation Front Propagation,strict_main_candidate,usable_only_after_video_specific_gate,Gelation Front Propagation,凝胶化前沿推进,video_must_show_material_or_reaction_state_evolution; source_text_may_only_double_check_not_supply_answer
vdcr_concept_0103,chemistry_materials_change,物质变化机制,materials_family_09,凝胶、聚合物与软物质,聚合收缩前沿,Polymerization Shrinkage Front,自然动态机制,dynamic_mechanism_concept,C,likely_requires_simulation_instrumentation_or_long_timescale_review,medium,medium,"[""Polymerization Shrinkage Front"", ""聚合收缩前沿""]",Which named dynamic concept is instantiated by the temporally evolving process in this video?,Polymerization Shrinkage Front,extension,candidate_is_source_or_availability_heavy,Polymerization Shrinkage Front,聚合收缩前沿,video_must_show_material_or_reaction_state_evolution; source_text_may_only_double_check_not_supply_answer
vdcr_concept_0104,chemistry_materials_change,物质变化机制,materials_family_09,凝胶、聚合物与软物质,凝胶溶胀,Gel Swelling,自然动态机制,dynamic_mechanism_concept,B,usable_candidate_requires_video_availability_and_static_shortcut_review,medium,medium,"[""Gel Swelling"", ""凝胶溶胀""]",Which named dynamic concept is instantiated by the temporally evolving process in this video?,Gel Swelling,strict_main_candidate,valid_name_but_requires_extra_visual_gate,Osmotic Gel Swelling Dynamics,渗透压驱动凝胶溶胀动态,must_show_osmotic_or_solvent_driven_volume_increase_over_time
vdcr_concept_0105,chemistry_materials_change,物质变化机制,materials_family_09,凝胶、聚合物与软物质,凝胶去溶胀塌缩,Gel Deswelling Collapse,自然动态机制,dynamic_mechanism_concept,B,usable_candidate_requires_video_availability_and_static_shortcut_review,medium,medium,"[""Gel Deswelling Collapse"", ""凝胶去溶胀塌缩""]",Which named dynamic concept is instantiated by the temporally evolving process in this video?,Gel Deswelling Collapse,strict_main_candidate,usable_only_after_video_specific_gate,Gel Deswelling Collapse,凝胶去溶胀塌缩,video_must_show_material_or_reaction_state_evolution; source_text_may_only_double_check_not_supply_answer
vdcr_concept_0106,chemistry_materials_change,物质变化机制,materials_family_09,凝胶、聚合物与软物质,液晶相畴演化,Liquid Crystal Domain Evolution,自然动态机制,dynamic_mechanism_concept,C,likely_requires_simulation_instrumentation_or_long_timescale_review,medium,low,"[""Liquid Crystal Domain Evolution"", ""液晶相畴演化""]",Which named dynamic concept is instantiated by the temporally evolving process in this video?,Liquid Crystal Domain Evolution,extension,candidate_is_source_or_availability_heavy,Liquid Crystal Domain Evolution,液晶相畴演化,video_must_show_material_or_reaction_state_evolution; source_text_may_only_double_check_not_supply_answer
vdcr_concept_0107,chemistry_materials_change,物质变化机制,materials_family_09,凝胶、聚合物与软物质,液晶缺陷湮灭,Liquid Crystal Defect Annihilation,自然动态机制,dynamic_mechanism_concept,C,likely_requires_simulation_instrumentation_or_long_timescale_review,medium,low,"[""Liquid Crystal Defect Annihilation"", ""液晶缺陷湮灭""]",Which named dynamic concept is instantiated by the temporally evolving process in this video?,Liquid Crystal Defect Annihilation,extension,candidate_is_source_or_availability_heavy,Liquid Crystal Defect Annihilation,液晶缺陷湮灭,video_must_show_material_or_reaction_state_evolution; source_text_may_only_double_check_not_supply_answer
vdcr_concept_0108,biology_living_systems,生命过程机制,biology_family_01,动物运动机制与生态策略,C 型快速逃逸反应,C-Start Escape Response,专有动态动作概念,specialized_dynamic_action_concept,A,strong_temporal_signature_and_named_dynamic_concept,medium,high,"[""C-Start Escape Response"", ""C 型快速逃逸反应""]",Which named dynamic concept is instantiated by the temporally evolving process in this video?,C-Start Escape Response,core_main,strong_named_temporal_signature,C-Start Escape Response,C 型快速逃逸反应,video_must_show_biological_dynamic_sequence_or_strategy_not_species_or_generic_action
vdcr_concept_0109,biology_living_systems,生命过程机制,biology_family_01,动物运动机制与生态策略,水母伞体收缩喷射推进,Medusan Bell-Contraction Jet Propulsion,自然动态机制,dynamic_mechanism_concept,B,usable_candidate_requires_video_availability_and_static_shortcut_review,medium,medium,"[""Medusan Bell-Contraction Jet Propulsion"", ""水母伞体收缩喷射推进"", ""Bell-Contraction Jet Propulsion"", ""Jet Propulsion Swimming""]",Which named dynamic concept is instantiated by the temporally evolving process in this video?,Medusan Bell-Contraction Jet Propulsion,strict_main_candidate,valid_name_but_requires_extra_visual_gate,Medusan Jet Propulsion by Bell Contraction,水母伞体收缩喷射推进,must_show_bell_contraction_water_expelled_or_implied_reaction_and_forward_motion_sequence
vdcr_concept_0110,biology_living_systems,生命过程机制,biology_family_01,动物运动机制与生态策略,鳗鲡式波状推进,Anguilliform Undulation,自然动态机制,dynamic_mechanism_concept,B,usable_candidate_requires_video_availability_and_static_shortcut_review,medium,medium,"[""Anguilliform Undulation"", ""鳗鲡式波状推进"", ""Anguilliform Locomotion"", ""Undulatory Locomotion""]",Which named dynamic concept is instantiated by the temporally evolving process in this video?,Anguilliform Undulation,extension,formal_term_but_close_to_animal_motion_recognition,Anguilliform Undulation,鳗鲡式波状推进,video_must_show_biological_dynamic_sequence_or_strategy_not_species_or_generic_action
vdcr_concept_0111,biology_living_systems,生命过程机制,biology_family_01,动物运动机制与生态策略,节律相位波推进,Metachronal Wave Locomotion,自然动态机制,dynamic_mechanism_concept,A,strong_temporal_signature_and_named_dynamic_concept,medium,medium,"[""Metachronal Wave Locomotion"", ""节律相位波推进""]",Which named dynamic concept is instantiated by the temporally evolving process in this video?,Metachronal Wave Locomotion,core_main,strong_named_temporal_signature,Metachronal Wave Locomotion,节律相位波推进,video_must_show_biological_dynamic_sequence_or_strategy_not_species_or_generic_action
vdcr_concept_0112,biology_living_systems,生命过程机制,biology_family_01,动物运动机制与生态策略,泡泡网捕食,Bubble-Net Feeding,生态行为策略,ecological_behavior_strategy,A,strong_temporal_signature_and_named_dynamic_concept,medium,high,"[""Bubble-Net Feeding"", ""泡泡网捕食""]",Which named dynamic concept is instantiated by the temporally evolving process in this video?,Bubble-Net Feeding,core_main,strong_named_temporal_signature,Bubble-Net Feeding,泡泡网捕食,video_must_show_biological_dynamic_sequence_or_strategy_not_species_or_generic_action
vdcr_concept_0113,biology_living_systems,生命过程机制,biology_family_01,动物运动机制与生态策略,泥环捕食,Mud-Ring Feeding,生态行为策略,ecological_behavior_strategy,A,strong_temporal_signature_and_named_dynamic_concept,medium,high,"[""Mud-Ring Feeding"", ""泥环捕食""]",Which named dynamic concept is instantiated by the temporally evolving process in this video?,Mud-Ring Feeding,core_main,strong_named_temporal_signature,Mud-Ring Feeding,泥环捕食,video_must_show_biological_dynamic_sequence_or_strategy_not_species_or_generic_action
vdcr_concept_0114,biology_living_systems,生命过程机制,biology_family_01,动物运动机制与生态策略,鸟群群舞,Murmuration,生态行为策略,ecological_behavior_strategy,A,strong_temporal_signature_and_named_dynamic_concept,medium,high,"[""Murmuration"", ""鸟群群舞""]",Which named dynamic concept is instantiated by the temporally evolving process in this video?,Murmuration,strict_main_candidate,valid_name_but_requires_extra_visual_gate,Murmuration,鸟群群舞,must_show_collective_shape_wave_synchronous_turning_or_flow_like_flock_reorganization
vdcr_concept_0115,biology_living_systems,生命过程机制,biology_family_02,人体专项动作与运动技术,阿克塞尔跳,Axel Jump,专有动态动作概念,specialized_dynamic_action_concept,B,specialized_action_requires_nearby_action_contrast_and_clear_sequence,medium,high,"[""Axel Jump"", ""阿克塞尔跳""]",Which named dynamic concept is instantiated by the temporally evolving process in this video?,Axel Jump,stress_slice,formal_movement_taxonomy_but_not_main_scientific_dynamic_knowledge,Axel Jump,阿克塞尔跳,video_must_show_biological_dynamic_sequence_or_strategy_not_species_or_generic_action
vdcr_concept_0116,biology_living_systems,生命过程机制,biology_family_02,人体专项动作与运动技术,后内结环跳,Salchow Jump,专有动态动作概念,specialized_dynamic_action_concept,B,specialized_action_requires_nearby_action_contrast_and_clear_sequence,medium,high,"[""Salchow Jump"", ""后内结环跳""]",Which named dynamic concept is instantiated by the temporally evolving process in this video?,Salchow Jump,stress_slice,formal_movement_taxonomy_but_not_main_scientific_dynamic_knowledge,Salchow Jump,后内结环跳,video_must_show_biological_dynamic_sequence_or_strategy_not_species_or_generic_action
vdcr_concept_0117,biology_living_systems,生命过程机制,biology_family_02,人体专项动作与运动技术,后外点冰跳,Toe Loop Jump,专有动态动作概念,specialized_dynamic_action_concept,B,specialized_action_requires_nearby_action_contrast_and_clear_sequence,medium,high,"[""Toe Loop Jump"", ""后外点冰跳""]",Which named dynamic concept is instantiated by the temporally evolving process in this video?,Toe Loop Jump,stress_slice,formal_movement_taxonomy_but_not_main_scientific_dynamic_knowledge,Toe Loop Jump,后外点冰跳,video_must_show_biological_dynamic_sequence_or_strategy_not_species_or_generic_action
vdcr_concept_0118,biology_living_systems,生命过程机制,biology_family_02,人体专项动作与运动技术,尤尔琴科跳马,Yurchenko Vault,专有动态动作概念,specialized_dynamic_action_concept,B,specialized_action_requires_nearby_action_contrast_and_clear_sequence,medium,high,"[""Yurchenko Vault"", ""尤尔琴科跳马""]",Which named dynamic concept is instantiated by the temporally evolving process in this video?,Yurchenko Vault,stress_slice,formal_movement_taxonomy_but_not_main_scientific_dynamic_knowledge,Yurchenko Vault,尤尔琴科跳马,video_must_show_biological_dynamic_sequence_or_strategy_not_species_or_generic_action
vdcr_concept_0119,biology_living_systems,生命过程机制,biology_family_02,人体专项动作与运动技术,月面空翻,Tsukahara Vault,专有动态动作概念,specialized_dynamic_action_concept,B,specialized_action_requires_nearby_action_contrast_and_clear_sequence,medium,high,"[""Tsukahara Vault"", ""月面空翻""]",Which named dynamic concept is instantiated by the temporally evolving process in this video?,Tsukahara Vault,stress_slice,formal_movement_taxonomy_but_not_main_scientific_dynamic_knowledge,Tsukahara Vault,月面空翻,video_must_show_biological_dynamic_sequence_or_strategy_not_species_or_generic_action
vdcr_concept_0120,biology_living_systems,生命过程机制,biology_family_02,人体专项动作与运动技术,科瓦奇腾越,Kovacs Release,专有动态动作概念,specialized_dynamic_action_concept,B,specialized_action_requires_nearby_action_contrast_and_clear_sequence,medium,high,"[""Kovacs Release"", ""科瓦奇腾越""]",Which named dynamic concept is instantiated by the temporally evolving process in this video?,Kovacs Release,stress_slice,formal_movement_taxonomy_but_not_main_scientific_dynamic_knowledge,Kovacs Release,科瓦奇腾越,video_must_show_biological_dynamic_sequence_or_strategy_not_species_or_generic_action
vdcr_concept_0121,biology_living_systems,生命过程机制,biology_family_02,人体专项动作与运动技术,背越式跳高,Fosbury Flop,专有动态动作概念,specialized_dynamic_action_concept,B,specialized_action_requires_nearby_action_contrast_and_clear_sequence,medium,high,"[""Fosbury Flop"", ""背越式跳高""]",Which named dynamic concept is instantiated by the temporally evolving process in this video?,Fosbury Flop,stress_slice,formal_movement_taxonomy_but_not_main_scientific_dynamic_knowledge,Fosbury Flop,背越式跳高,video_must_show_biological_dynamic_sequence_or_strategy_not_species_or_generic_action
vdcr_concept_0122,biology_living_systems,生命过程机制,biology_family_02,人体专项动作与运动技术,芭蕾挥鞭转,Fouette Turn,专有动态动作概念,specialized_dynamic_action_concept,B,specialized_action_requires_nearby_action_contrast_and_clear_sequence,medium,high,"[""Fouette Turn"", ""芭蕾挥鞭转""]",Which named dynamic concept is instantiated by the temporally evolving process in this video?,Fouette Turn,stress_slice,formal_movement_taxonomy_but_not_main_scientific_dynamic_knowledge,Fouette Turn,芭蕾挥鞭转,video_must_show_biological_dynamic_sequence_or_strategy_not_species_or_generic_action
vdcr_concept_0123,biology_living_systems,生命过程机制,biology_family_02,人体专项动作与运动技术,一本背负投,Ippon Seoi Nage,专有动态动作概念,specialized_dynamic_action_concept,B,specialized_action_requires_nearby_action_contrast_and_clear_sequence,medium,high,"[""Ippon Seoi Nage"", ""一本背负投""]",Which named dynamic concept is instantiated by the temporally evolving process in this video?,Ippon Seoi Nage,stress_slice,formal_movement_taxonomy_but_not_main_scientific_dynamic_knowledge,Ippon Seoi Nage,一本背负投,video_must_show_biological_dynamic_sequence_or_strategy_not_species_or_generic_action
vdcr_concept_0124,biology_living_systems,生命过程机制,biology_family_02,人体专项动作与运动技术,内股投,Uchi Mata,专有动态动作概念,specialized_dynamic_action_concept,B,specialized_action_requires_nearby_action_contrast_and_clear_sequence,medium,high,"[""Uchi Mata"", ""内股投""]",Which named dynamic concept is instantiated by the temporally evolving process in this video?,Uchi Mata,stress_slice,formal_movement_taxonomy_but_not_main_scientific_dynamic_knowledge,Uchi Mata,内股投,video_must_show_biological_dynamic_sequence_or_strategy_not_species_or_generic_action
vdcr_concept_0125,biology_living_systems,生命过程机制,biology_family_02,人体专项动作与运动技术,大外刈,Osoto Gari,专有动态动作概念,specialized_dynamic_action_concept,B,specialized_action_requires_nearby_action_contrast_and_clear_sequence,medium,high,"[""Osoto Gari"", ""大外刈""]",Which named dynamic concept is instantiated by the temporally evolving process in this video?,Osoto Gari,stress_slice,formal_movement_taxonomy_but_not_main_scientific_dynamic_knowledge,Osoto Gari,大外刈,video_must_show_biological_dynamic_sequence_or_strategy_not_species_or_generic_action
vdcr_concept_0126,biology_living_systems,生命过程机制,biology_family_02,人体专项动作与运动技术,巴投,Tomoe Nage,专有动态动作概念,specialized_dynamic_action_concept,B,specialized_action_requires_nearby_action_contrast_and_clear_sequence,medium,high,"[""Tomoe Nage"", ""巴投""]",Which named dynamic concept is instantiated by the temporally evolving process in this video?,Tomoe Nage,stress_slice,formal_movement_taxonomy_but_not_main_scientific_dynamic_knowledge,Tomoe Nage,巴投,video_must_show_biological_dynamic_sequence_or_strategy_not_species_or_generic_action
vdcr_concept_0127,biology_living_systems,生命过程机制,biology_family_02,人体专项动作与运动技术,爱斯基摩翻滚,Eskimo Roll / Kayak Roll,专有动态动作概念,specialized_dynamic_action_concept,B,specialized_action_requires_nearby_action_contrast_and_clear_sequence,medium,high,"[""Eskimo Roll / Kayak Roll"", ""爱斯基摩翻滚"", ""Eskimo Roll"", ""Kayak Roll""]",Which named dynamic concept is instantiated by the temporally evolving process in this video?,Eskimo Roll / Kayak Roll,stress_slice,formal_movement_taxonomy_but_not_main_scientific_dynamic_knowledge,Eskimo Roll / Kayak Roll,爱斯基摩翻滚,video_must_show_biological_dynamic_sequence_or_strategy_not_species_or_generic_action
vdcr_concept_0128,biology_living_systems,生命过程机制,biology_family_02,人体专项动作与运动技术,踩水蛋打腿,Eggbeater Kick,专有动态动作概念,specialized_dynamic_action_concept,B,specialized_action_requires_nearby_action_contrast_and_clear_sequence,high,high,"[""Eggbeater Kick"", ""踩水蛋打腿""]",Which named dynamic concept is instantiated by the temporally evolving process in this video?,Eggbeater Kick,stress_slice,formal_movement_taxonomy_but_not_main_scientific_dynamic_knowledge,Eggbeater Kick,踩水蛋打腿,video_must_show_biological_dynamic_sequence_or_strategy_not_species_or_generic_action
vdcr_concept_0129,biology_living_systems,生命过程机制,biology_family_02,人体专项动作与运动技术,冲浪底转,Surfing Bottom Turn,专有动态动作概念,specialized_dynamic_action_concept,B,specialized_action_requires_nearby_action_contrast_and_clear_sequence,medium,high,"[""Surfing Bottom Turn"", ""冲浪底转""]",Which named dynamic concept is instantiated by the temporally evolving process in this video?,Surfing Bottom Turn,stress_slice,formal_movement_taxonomy_but_not_main_scientific_dynamic_knowledge,Surfing Bottom Turn,冲浪底转,video_must_show_biological_dynamic_sequence_or_strategy_not_species_or_generic_action
vdcr_concept_0130,biology_living_systems,生命过程机制,biology_family_02,人体专项动作与运动技术,滑雪刻滑转弯,Carving Turn,专有动态动作概念,specialized_dynamic_action_concept,B,specialized_action_requires_nearby_action_contrast_and_clear_sequence,medium,high,"[""Carving Turn"", ""滑雪刻滑转弯""]",Which named dynamic concept is instantiated by the temporally evolving process in this video?,Carving Turn,stress_slice,formal_movement_taxonomy_but_not_main_scientific_dynamic_knowledge,Carving Turn,滑雪刻滑转弯,video_must_show_biological_dynamic_sequence_or_strategy_not_species_or_generic_action
vdcr_concept_0131,biology_living_systems,生命过程机制,biology_family_03,球类专项动作与战术序列,牛尾巴,Elastico / Flip Flap,专有动态动作概念,specialized_dynamic_action_concept,B,specialized_action_requires_nearby_action_contrast_and_clear_sequence,medium,high,"[""Elastico / Flip Flap"", ""牛尾巴"", ""Elastico"", ""Flip Flap""]",Which named dynamic concept is instantiated by the temporally evolving process in this video?,Elastico / Flip Flap soccer skill,defer_or_remove,ball_sport_terms_shift_story_toward_action_or_play_recognition,Elastico / Flip Flap,牛尾巴,video_must_show_biological_dynamic_sequence_or_strategy_not_species_or_generic_action
vdcr_concept_0132,biology_living_systems,生命过程机制,biology_family_03,球类专项动作与战术序列,马赛回旋,Marseille Turn / Roulette,专有动态动作概念,specialized_dynamic_action_concept,B,specialized_action_requires_nearby_action_contrast_and_clear_sequence,medium,high,"[""Marseille Turn / Roulette"", ""马赛回旋"", ""Marseille Turn"", ""Roulette""]",Which named dynamic concept is instantiated by the temporally evolving process in this video?,Marseille Turn / Roulette soccer skill,defer_or_remove,ball_sport_terms_shift_story_toward_action_or_play_recognition,Marseille Turn / Roulette,马赛回旋,video_must_show_biological_dynamic_sequence_or_strategy_not_species_or_generic_action
vdcr_concept_0133,biology_living_systems,生命过程机制,biology_family_03,球类专项动作与战术序列,克鲁伊夫转身,Cruyff Turn,专有动态动作概念,specialized_dynamic_action_concept,B,specialized_action_requires_nearby_action_contrast_and_clear_sequence,medium,high,"[""Cruyff Turn"", ""克鲁伊夫转身""]",Which named dynamic concept is instantiated by the temporally evolving process in this video?,Cruyff Turn soccer skill,defer_or_remove,ball_sport_terms_shift_story_toward_action_or_play_recognition,Cruyff Turn,克鲁伊夫转身,video_must_show_biological_dynamic_sequence_or_strategy_not_species_or_generic_action
vdcr_concept_0134,biology_living_systems,生命过程机制,biology_family_03,球类专项动作与战术序列,彩虹过人,Rainbow Flick,专有动态动作概念,specialized_dynamic_action_concept,B,specialized_action_requires_nearby_action_contrast_and_clear_sequence,medium,high,"[""Rainbow Flick"", ""彩虹过人""]",Which named dynamic concept is instantiated by the temporally evolving process in this video?,Rainbow Flick soccer skill,defer_or_remove,ball_sport_terms_shift_story_toward_action_or_play_recognition,Rainbow Flick,彩虹过人,video_must_show_biological_dynamic_sequence_or_strategy_not_species_or_generic_action
vdcr_concept_0135,biology_living_systems,生命过程机制,biology_family_03,球类专项动作与战术序列,西班牙战术,Spain Action,专有动态动作概念,specialized_dynamic_action_concept,A,strong_temporal_signature_and_named_dynamic_concept,medium,high,"[""Spain Action"", ""西班牙战术""]",Which named dynamic concept is instantiated by the temporally evolving process in this video?,Spain Action basketball play,defer_or_remove,ball_sport_terms_shift_story_toward_action_or_play_recognition,Spain Action,西班牙战术,video_must_show_biological_dynamic_sequence_or_strategy_not_species_or_generic_action
vdcr_concept_0136,biology_living_systems,生命过程机制,biology_family_03,球类专项动作与战术序列,电梯门掩护,Elevator Screen,专有动态动作概念,specialized_dynamic_action_concept,A,strong_temporal_signature_and_named_dynamic_concept,medium,high,"[""Elevator Screen"", ""电梯门掩护""]",Which named dynamic concept is instantiated by the temporally evolving process in this video?,Elevator Screen basketball play,defer_or_remove,ball_sport_terms_shift_story_toward_action_or_play_recognition,Elevator Screen,电梯门掩护,video_must_show_biological_dynamic_sequence_or_strategy_not_species_or_generic_action
vdcr_concept_0137,biology_living_systems,生命过程机制,biology_family_03,球类专项动作与战术序列,锤子战术,Hammer Action,专有动态动作概念,specialized_dynamic_action_concept,A,strong_temporal_signature_and_named_dynamic_concept,medium,high,"[""Hammer Action"", ""锤子战术""]",Which named dynamic concept is instantiated by the temporally evolving process in this video?,Hammer Action basketball play,defer_or_remove,ball_sport_terms_shift_story_toward_action_or_play_recognition,Hammer Action,锤子战术,video_must_show_biological_dynamic_sequence_or_strategy_not_species_or_generic_action
vdcr_concept_0138,biology_living_systems,生命过程机制,biology_family_03,球类专项动作与战术序列,弗洛皮跑位,Floppy Action,专有动态动作概念,specialized_dynamic_action_concept,B,specialized_action_requires_nearby_action_contrast_and_clear_sequence,medium,high,"[""Floppy Action"", ""弗洛皮跑位""]",Which named dynamic concept is instantiated by the temporally evolving process in this video?,Floppy Action basketball play,defer_or_remove,ball_sport_terms_shift_story_toward_action_or_play_recognition,Floppy Action,弗洛皮跑位,video_must_show_biological_dynamic_sequence_or_strategy_not_species_or_generic_action
vdcr_concept_0139,biology_living_systems,生命过程机制,biology_family_03,球类专项动作与战术序列,艾弗森横切,Iverson Cut,专有动态动作概念,specialized_dynamic_action_concept,B,specialized_action_requires_nearby_action_contrast_and_clear_sequence,medium,high,"[""Iverson Cut"", ""艾弗森横切""]",Which named dynamic concept is instantiated by the temporally evolving process in this video?,Iverson Cut basketball play,defer_or_remove,ball_sport_terms_shift_story_toward_action_or_play_recognition,Iverson Cut,艾弗森横切,video_must_show_biological_dynamic_sequence_or_strategy_not_species_or_generic_action
vdcr_concept_0140,biology_living_systems,生命过程机制,biology_family_03,球类专项动作与战术序列,UCLA 切入,UCLA Cut,专有动态动作概念,specialized_dynamic_action_concept,B,specialized_action_requires_nearby_action_contrast_and_clear_sequence,medium,high,"[""UCLA Cut"", ""UCLA 切入""]",Which named dynamic concept is instantiated by the temporally evolving process in this video?,UCLA Cut basketball play,defer_or_remove,ball_sport_terms_shift_story_toward_action_or_play_recognition,UCLA Cut,UCLA 切入,video_must_show_biological_dynamic_sequence_or_strategy_not_species_or_generic_action
vdcr_concept_0141,biology_living_systems,生命过程机制,biology_family_03,球类专项动作与战术序列,拉姆掩护,Ram Screen,专有动态动作概念,specialized_dynamic_action_concept,B,specialized_action_requires_nearby_action_contrast_and_clear_sequence,medium,high,"[""Ram Screen"", ""拉姆掩护""]",Which named dynamic concept is instantiated by the temporally evolving process in this video?,Ram Screen basketball play,defer_or_remove,ball_sport_terms_shift_story_toward_action_or_play_recognition,Ram Screen,拉姆掩护,video_must_show_biological_dynamic_sequence_or_strategy_not_species_or_generic_action
vdcr_concept_0142,biology_living_systems,生命过程机制,biology_family_03,球类专项动作与战术序列,西班牙背掩护,Spain Back Screen,专有动态动作概念,specialized_dynamic_action_concept,B,specialized_action_requires_nearby_action_contrast_and_clear_sequence,medium,high,"[""Spain Back Screen"", ""西班牙背掩护""]",Which named dynamic concept is instantiated by the temporally evolving process in this video?,Spain Back Screen basketball play,defer_or_remove,ball_sport_terms_shift_story_toward_action_or_play_recognition,Spain Back Screen,西班牙背掩护,video_must_show_biological_dynamic_sequence_or_strategy_not_species_or_generic_action
vdcr_concept_0143,biology_living_systems,生命过程机制,biology_family_04,植物趋性、感性与快速运动,向光性,Phototropism,自然动态机制,dynamic_mechanism_concept,A,strong_temporal_signature_and_named_dynamic_concept,medium,medium,"[""Phototropism"", ""向光性""]",Which named dynamic concept is instantiated by the temporally evolving process in this video?,Phototropism,core_main,strong_named_temporal_signature,Phototropism,向光性,video_must_show_biological_dynamic_sequence_or_strategy_not_species_or_generic_action
vdcr_concept_0144,biology_living_systems,生命过程机制,biology_family_04,植物趋性、感性与快速运动,向重性,Gravitropism,自然动态机制,dynamic_mechanism_concept,A,strong_temporal_signature_and_named_dynamic_concept,medium,medium,"[""Gravitropism"", ""向重性""]",Which named dynamic concept is instantiated by the temporally evolving process in this video?,Gravitropism,core_main,strong_named_temporal_signature,Gravitropism,向重性,video_must_show_biological_dynamic_sequence_or_strategy_not_species_or_generic_action
vdcr_concept_0145,biology_living_systems,生命过程机制,biology_family_04,植物趋性、感性与快速运动,向水性,Hydrotropism,自然动态机制,dynamic_mechanism_concept,B,usable_candidate_requires_video_availability_and_static_shortcut_review,medium,medium,"[""Hydrotropism"", ""向水性""]",Which named dynamic concept is instantiated by the temporally evolving process in this video?,Hydrotropism,strict_main_candidate,usable_only_after_video_specific_gate,Hydrotropism,向水性,video_must_show_biological_dynamic_sequence_or_strategy_not_species_or_generic_action
vdcr_concept_0146,biology_living_systems,生命过程机制,biology_family_04,植物趋性、感性与快速运动,感触性运动,Thigmonasty,自然动态机制,dynamic_mechanism_concept,A,strong_temporal_signature_and_named_dynamic_concept,medium,medium,"[""Thigmonasty"", ""感触性运动""]",Which named dynamic concept is instantiated by the temporally evolving process in this video?,Thigmonasty,core_main,strong_named_temporal_signature,Thigmonasty,感触性运动,video_must_show_biological_dynamic_sequence_or_strategy_not_species_or_generic_action
vdcr_concept_0147,biology_living_systems,生命过程机制,biology_family_04,植物趋性、感性与快速运动,感震性运动,Seismonasty,自然动态机制,dynamic_mechanism_concept,B,usable_candidate_requires_video_availability_and_static_shortcut_review,medium,medium,"[""Seismonasty"", ""感震性运动""]",Which named dynamic concept is instantiated by the temporally evolving process in this video?,Seismonasty,strict_main_candidate,usable_only_after_video_specific_gate,Seismonasty,感震性运动,video_must_show_biological_dynamic_sequence_or_strategy_not_species_or_generic_action
vdcr_concept_0148,biology_living_systems,生命过程机制,biology_family_04,植物趋性、感性与快速运动,昼夜感性运动,Nyctinasty,自然动态机制,dynamic_mechanism_concept,A,strong_temporal_signature_and_named_dynamic_concept,medium,medium,"[""Nyctinasty"", ""昼夜感性运动""]",Which named dynamic concept is instantiated by the temporally evolving process in this video?,Nyctinasty,core_main,strong_named_temporal_signature,Nyctinasty,昼夜感性运动,video_must_show_biological_dynamic_sequence_or_strategy_not_species_or_generic_action
vdcr_concept_0149,biology_living_systems,生命过程机制,biology_family_04,植物趋性、感性与快速运动,卷须旋转探寻,Tendril Circumnutation,自然动态机制,dynamic_mechanism_concept,B,usable_candidate_requires_video_availability_and_static_shortcut_review,medium,medium,"[""Tendril Circumnutation"", ""卷须旋转探寻""]",Which named dynamic concept is instantiated by the temporally evolving process in this video?,Tendril Circumnutation,strict_main_candidate,usable_only_after_video_specific_gate,Tendril Circumnutation,卷须旋转探寻,video_must_show_biological_dynamic_sequence_or_strategy_not_species_or_generic_action
vdcr_concept_0150,biology_living_systems,生命过程机制,biology_family_04,植物趋性、感性与快速运动,卷须缠绕,Tendril Coiling,自然动态机制,dynamic_mechanism_concept,B,usable_candidate_requires_video_availability_and_static_shortcut_review,medium,medium,"[""Tendril Coiling"", ""卷须缠绕""]",Which named dynamic concept is instantiated by the temporally evolving process in this video?,Tendril Coiling,strict_main_candidate,usable_only_after_video_specific_gate,Tendril Coiling,卷须缠绕,video_must_show_biological_dynamic_sequence_or_strategy_not_species_or_generic_action
vdcr_concept_0151,biology_living_systems,生命过程机制,biology_family_04,植物趋性、感性与快速运动,双稳态捕虫夹闭合,Bistable Snap-Trap Closure,自然动态机制,dynamic_mechanism_concept,A,strong_temporal_signature_and_named_dynamic_concept,medium,medium,"[""Bistable Snap-Trap Closure"", ""双稳态捕虫夹闭合""]",Which named dynamic concept is instantiated by the temporally evolving process in this video?,Bistable Snap-Trap Closure,core_main,strong_named_temporal_signature,Bistable Snap-Trap Closure,双稳态捕虫夹闭合,video_must_show_biological_dynamic_sequence_or_strategy_not_species_or_generic_action
vdcr_concept_0152,biology_living_systems,生命过程机制,biology_family_05,细胞运动与显微动态,变形虫式趋化爬行,Amoeboid Chemotactic Crawling,自然动态机制,dynamic_mechanism_concept,B,usable_candidate_requires_video_availability_and_static_shortcut_review,medium,medium,"[""Amoeboid Chemotactic Crawling"", ""变形虫式趋化爬行""]",Which named dynamic concept is instantiated by the temporally evolving process in this video?,Amoeboid Chemotactic Crawling,strict_main_candidate,usable_only_after_video_specific_gate,Amoeboid Chemotactic Crawling,变形虫式趋化爬行,video_must_show_biological_dynamic_sequence_or_strategy_not_species_or_generic_action
vdcr_concept_0153,biology_living_systems,生命过程机制,biology_family_05,细胞运动与显微动态,细胞质流动,Cytoplasmic Streaming,自然动态机制,dynamic_mechanism_concept,A,strong_temporal_signature_and_named_dynamic_concept,medium,medium,"[""Cytoplasmic Streaming"", ""细胞质流动""]",Which named dynamic concept is instantiated by the temporally evolving process in this video?,Cytoplasmic Streaming,core_main,strong_named_temporal_signature,Cytoplasmic Streaming,细胞质流动,video_must_show_biological_dynamic_sequence_or_strategy_not_species_or_generic_action
vdcr_concept_0154,biology_living_systems,生命过程机制,biology_family_05,细胞运动与显微动态,有丝分裂染色体分离,Mitotic Chromosome Segregation,自然动态机制,dynamic_mechanism_concept,A,strong_temporal_signature_and_named_dynamic_concept,medium,medium,"[""Mitotic Chromosome Segregation"", ""有丝分裂染色体分离""]",Which named dynamic concept is instantiated by the temporally evolving process in this video?,Mitotic Chromosome Segregation,core_main,strong_named_temporal_signature,Mitotic Chromosome Segregation,有丝分裂染色体分离,video_must_show_biological_dynamic_sequence_or_strategy_not_species_or_generic_action
vdcr_concept_0155,biology_living_systems,生命过程机制,biology_family_05,细胞运动与显微动态,胞质分裂沟收缩,Cytokinetic Furrow Ingression,自然动态机制,dynamic_mechanism_concept,B,usable_candidate_requires_video_availability_and_static_shortcut_review,medium,medium,"[""Cytokinetic Furrow Ingression"", ""胞质分裂沟收缩""]",Which named dynamic concept is instantiated by the temporally evolving process in this video?,Cytokinetic Furrow Ingression,strict_main_candidate,usable_only_after_video_specific_gate,Cytokinetic Furrow Ingression,胞质分裂沟收缩,video_must_show_biological_dynamic_sequence_or_strategy_not_species_or_generic_action
vdcr_concept_0156,biology_living_systems,生命过程机制,biology_family_05,细胞运动与显微动态,中性粒细胞趋化,Neutrophil Chemotaxis,自然动态机制,dynamic_mechanism_concept,B,usable_candidate_requires_video_availability_and_static_shortcut_review,medium,medium,"[""Neutrophil Chemotaxis"", ""中性粒细胞趋化""]",Which named dynamic concept is instantiated by the temporally evolving process in this video?,Neutrophil Chemotaxis,strict_main_candidate,usable_only_after_video_specific_gate,Neutrophil Chemotaxis,中性粒细胞趋化,video_must_show_biological_dynamic_sequence_or_strategy_not_species_or_generic_action
vdcr_concept_0157,biology_living_systems,生命过程机制,biology_family_05,细胞运动与显微动态,轴突运输,Axonal Transport,自然动态机制,dynamic_mechanism_concept,B,usable_candidate_requires_video_availability_and_static_shortcut_review,medium,medium,"[""Axonal Transport"", ""轴突运输""]",Which named dynamic concept is instantiated by the temporally evolving process in this video?,Axonal Transport,strict_main_candidate,usable_only_after_video_specific_gate,Axonal Transport,轴突运输,video_must_show_biological_dynamic_sequence_or_strategy_not_species_or_generic_action
vdcr_concept_0158,biology_living_systems,生命过程机制,biology_family_05,细胞运动与显微动态,纤毛节律摆动,Ciliary Beating,自然动态机制,dynamic_mechanism_concept,A,strong_temporal_signature_and_named_dynamic_concept,medium,medium,"[""Ciliary Beating"", ""纤毛节律摆动""]",Which named dynamic concept is instantiated by the temporally evolving process in this video?,Ciliary Beating,strict_main_candidate,valid_name_but_requires_extra_visual_gate,Coordinated Ciliary Beating Dynamics,协同纤毛摆动动态,must_show_coordinated_repeated_ciliary_motion_or_metachronal_pattern_not_static_cell_structure
vdcr_concept_0159,biology_living_systems,生命过程机制,biology_family_05,细胞运动与显微动态,钙波传播,Calcium Wave Propagation,自然动态机制,dynamic_mechanism_concept,A,strong_temporal_signature_and_named_dynamic_concept,medium,medium,"[""Calcium Wave Propagation"", ""钙波传播""]",Which named dynamic concept is instantiated by the temporally evolving process in this video?,Calcium Wave Propagation,core_main,strong_named_temporal_signature,Calcium Wave Propagation,钙波传播,video_must_show_biological_dynamic_sequence_or_strategy_not_species_or_generic_action
vdcr_concept_0160,biology_living_systems,生命过程机制,biology_family_05,细胞运动与显微动态,光漂白后荧光恢复,FRAP Recovery,实验动态图样,experimental_dynamic_pattern,A,strong_temporal_signature_and_named_dynamic_concept,medium,high,"[""FRAP Recovery"", ""光漂白后荧光恢复""]",Which named dynamic concept is instantiated by the temporally evolving process in this video?,FRAP Recovery,extension,valid_experimental_concept_but_depends_on_operation_context,FRAP Recovery,光漂白后荧光恢复,video_must_show_biological_dynamic_sequence_or_strategy_not_species_or_generic_action
vdcr_concept_0161,biology_living_systems,生命过程机制,biology_family_05,细胞运动与显微动态,线粒体分裂-融合动态,Mitochondrial Fission-Fusion Dynamics,自然动态机制,dynamic_mechanism_concept,B,usable_candidate_requires_video_availability_and_static_shortcut_review,medium,medium,"[""Mitochondrial Fission-Fusion Dynamics"", ""线粒体分裂-融合动态""]",Which named dynamic concept is instantiated by the temporally evolving process in this video?,Mitochondrial Fission-Fusion Dynamics,strict_main_candidate,usable_only_after_video_specific_gate,Mitochondrial Fission-Fusion Dynamics,线粒体分裂-融合动态,video_must_show_biological_dynamic_sequence_or_strategy_not_species_or_generic_action
vdcr_concept_0162,biology_living_systems,生命过程机制,biology_family_06,细胞膜与囊泡运输,胞吞作用,Endocytosis,自然动态机制,dynamic_mechanism_concept,A,strong_temporal_signature_and_named_dynamic_concept,medium,medium,"[""Endocytosis"", ""胞吞作用""]",Which named dynamic concept is instantiated by the temporally evolving process in this video?,Endocytosis,strict_main_candidate,valid_name_but_requires_extra_visual_gate,Endocytosis,胞吞作用,must_show_membrane_invagination_and_vesicle_formation_not_static_cell_image
vdcr_concept_0163,biology_living_systems,生命过程机制,biology_family_06,细胞膜与囊泡运输,胞吐作用,Exocytosis,自然动态机制,dynamic_mechanism_concept,A,strong_temporal_signature_and_named_dynamic_concept,medium,medium,"[""Exocytosis"", ""胞吐作用""]",Which named dynamic concept is instantiated by the temporally evolving process in this video?,Exocytosis,strict_main_candidate,valid_name_but_requires_extra_visual_gate,Exocytosis,胞吐作用,must_show_vesicle_motion_fusion_or_release_not_static_cell_image
vdcr_concept_0164,biology_living_systems,生命过程机制,biology_family_06,细胞膜与囊泡运输,吞噬作用,Phagocytosis,自然动态机制,dynamic_mechanism_concept,B,usable_candidate_requires_video_availability_and_static_shortcut_review,medium,medium,"[""Phagocytosis"", ""吞噬作用""]",Which named dynamic concept is instantiated by the temporally evolving process in this video?,Phagocytosis,strict_main_candidate,usable_only_after_video_specific_gate,Phagocytosis,吞噬作用,video_must_show_biological_dynamic_sequence_or_strategy_not_species_or_generic_action
vdcr_concept_0165,biology_living_systems,生命过程机制,biology_family_06,细胞膜与囊泡运输,囊泡出芽,Vesicle Budding,自然动态机制,dynamic_mechanism_concept,B,usable_candidate_requires_video_availability_and_static_shortcut_review,medium,medium,"[""Vesicle Budding"", ""囊泡出芽""]",Which named dynamic concept is instantiated by the temporally evolving process in this video?,Vesicle Budding,strict_main_candidate,usable_only_after_video_specific_gate,Vesicle Budding,囊泡出芽,video_must_show_biological_dynamic_sequence_or_strategy_not_species_or_generic_action
vdcr_concept_0166,biology_living_systems,生命过程机制,biology_family_06,细胞膜与囊泡运输,囊泡融合,Vesicle Fusion,自然动态机制,dynamic_mechanism_concept,B,usable_candidate_requires_video_availability_and_static_shortcut_review,medium,medium,"[""Vesicle Fusion"", ""囊泡融合""]",Which named dynamic concept is instantiated by the temporally evolving process in this video?,Vesicle Fusion,strict_main_candidate,usable_only_after_video_specific_gate,Vesicle Fusion,囊泡融合,video_must_show_biological_dynamic_sequence_or_strategy_not_species_or_generic_action
vdcr_concept_0167,biology_living_systems,生命过程机制,biology_family_06,细胞膜与囊泡运输,胞饮作用,Pinocytosis,自然动态机制,dynamic_mechanism_concept,B,usable_candidate_requires_video_availability_and_static_shortcut_review,medium,medium,"[""Pinocytosis"", ""胞饮作用""]",Which named dynamic concept is instantiated by the temporally evolving process in this video?,Pinocytosis,strict_main_candidate,usable_only_after_video_specific_gate,Pinocytosis,胞饮作用,video_must_show_biological_dynamic_sequence_or_strategy_not_species_or_generic_action
vdcr_concept_0168,biology_living_systems,生命过程机制,biology_family_07,细胞骨架与细胞形变,微管动态不稳定性,Microtubule Dynamic Instability,自然动态机制,dynamic_mechanism_concept,A,strong_temporal_signature_and_named_dynamic_concept,medium,medium,"[""Microtubule Dynamic Instability"", ""微管动态不稳定性""]",Which named dynamic concept is instantiated by the temporally evolving process in this video?,Microtubule Dynamic Instability,core_main,strong_named_temporal_signature,Microtubule Dynamic Instability,微管动态不稳定性,video_must_show_biological_dynamic_sequence_or_strategy_not_species_or_generic_action
vdcr_concept_0169,biology_living_systems,生命过程机制,biology_family_07,细胞骨架与细胞形变,肌动蛋白波,Actin Wave,自然动态机制,dynamic_mechanism_concept,B,usable_candidate_requires_video_availability_and_static_shortcut_review,medium,medium,"[""Actin Wave"", ""肌动蛋白波""]",Which named dynamic concept is instantiated by the temporally evolving process in this video?,Actin Wave,strict_main_candidate,usable_only_after_video_specific_gate,Actin Wave,肌动蛋白波,video_must_show_biological_dynamic_sequence_or_strategy_not_species_or_generic_action
vdcr_concept_0170,biology_living_systems,生命过程机制,biology_family_07,细胞骨架与细胞形变,片状伪足延伸,Lamellipodium Extension,自然动态机制,dynamic_mechanism_concept,B,usable_candidate_requires_video_availability_and_static_shortcut_review,medium,medium,"[""Lamellipodium Extension"", ""片状伪足延伸""]",Which named dynamic concept is instantiated by the temporally evolving process in this video?,Lamellipodium Extension,strict_main_candidate,valid_name_but_requires_extra_visual_gate,Actin-Driven Lamellipodium Extension,肌动蛋白驱动片状伪足延伸,must_show_actin_driven_sheetlike_cell_edge_protrusion_over_time
vdcr_concept_0171,biology_living_systems,生命过程机制,biology_family_07,细胞骨架与细胞形变,丝状伪足探伸,Filopodium Protrusion,自然动态机制,dynamic_mechanism_concept,B,usable_candidate_requires_video_availability_and_static_shortcut_review,medium,medium,"[""Filopodium Protrusion"", ""丝状伪足探伸""]",Which named dynamic concept is instantiated by the temporally evolving process in this video?,Filopodium Protrusion,strict_main_candidate,valid_name_but_requires_extra_visual_gate,Actin-Driven Filopodium Protrusion,肌动蛋白驱动丝状伪足探伸,must_show_thin_actin_rich_protrusion_extension_and_retraction_or_exploration_over_time
vdcr_concept_0172,biology_living_systems,生命过程机制,biology_family_07,细胞骨架与细胞形变,细胞收缩环收缩,Actomyosin Contractile Ring Constriction,自然动态机制,dynamic_mechanism_concept,B,usable_candidate_requires_video_availability_and_static_shortcut_review,medium,medium,"[""Actomyosin Contractile Ring Constriction"", ""细胞收缩环收缩""]",Which named dynamic concept is instantiated by the temporally evolving process in this video?,Actomyosin Contractile Ring Constriction,strict_main_candidate,usable_only_after_video_specific_gate,Actomyosin Contractile Ring Constriction,细胞收缩环收缩,video_must_show_biological_dynamic_sequence_or_strategy_not_species_or_generic_action
vdcr_concept_0173,biology_living_systems,生命过程机制,biology_family_07,细胞骨架与细胞形变,细胞膜起泡,Membrane Blebbing,自然动态机制,dynamic_mechanism_concept,B,usable_candidate_requires_video_availability_and_static_shortcut_review,medium,medium,"[""Membrane Blebbing"", ""细胞膜起泡""]",Which named dynamic concept is instantiated by the temporally evolving process in this video?,Membrane Blebbing,strict_main_candidate,usable_only_after_video_specific_gate,Membrane Blebbing,细胞膜起泡,video_must_show_biological_dynamic_sequence_or_strategy_not_species_or_generic_action
vdcr_concept_0174,biology_living_systems,生命过程机制,biology_family_08,发育与形态发生动态,胚胎卵裂分裂序列,Embryonic Cleavage Division Sequence,自然动态机制,dynamic_mechanism_concept,B,usable_candidate_requires_video_availability_and_static_shortcut_review,medium,medium,"[""Embryonic Cleavage Division Sequence"", ""胚胎卵裂分裂序列"", ""Cleavage"", ""卵裂""]",Which named dynamic concept is instantiated by the temporally evolving process in this video?,Embryonic Cleavage Division Sequence,strict_main_candidate,usable_only_after_video_specific_gate,Early Embryonic Cleavage Sequence,早期胚胎卵裂序列,video_must_show_biological_dynamic_sequence_or_strategy_not_species_or_generic_action
vdcr_concept_0175,biology_living_systems,生命过程机制,biology_family_08,发育与形态发生动态,原肠胚形成,Gastrulation,自然动态机制,dynamic_mechanism_concept,A,strong_temporal_signature_and_named_dynamic_concept,medium,medium,"[""Gastrulation"", ""原肠胚形成""]",Which named dynamic concept is instantiated by the temporally evolving process in this video?,Gastrulation,core_main,strong_named_temporal_signature,Gastrulation,原肠胚形成,video_must_show_biological_dynamic_sequence_or_strategy_not_species_or_generic_action
vdcr_concept_0176,biology_living_systems,生命过程机制,biology_family_08,发育与形态发生动态,汇聚延伸运动,Convergent Extension,自然动态机制,dynamic_mechanism_concept,C,likely_requires_simulation_instrumentation_or_long_timescale_review,medium,medium,"[""Convergent Extension"", ""汇聚延伸运动""]",Which named dynamic concept is instantiated by the temporally evolving process in this video?,Convergent Extension,defer_or_remove,often_requires_labeled_microscopy_or_developmental_context,Convergent Extension,汇聚延伸运动,video_must_show_biological_dynamic_sequence_or_strategy_not_species_or_generic_action
vdcr_concept_0177,biology_living_systems,生命过程机制,biology_family_08,发育与形态发生动态,神经管闭合,Neural Tube Closure,自然动态机制,dynamic_mechanism_concept,C,likely_requires_simulation_instrumentation_or_long_timescale_review,medium,medium,"[""Neural Tube Closure"", ""神经管闭合""]",Which named dynamic concept is instantiated by the temporally evolving process in this video?,Neural Tube Closure,defer_or_remove,often_requires_labeled_microscopy_or_developmental_context,Neural Tube Closure,神经管闭合,video_must_show_biological_dynamic_sequence_or_strategy_not_species_or_generic_action
vdcr_concept_0178,biology_living_systems,生命过程机制,biology_family_08,发育与形态发生动态,上皮-间质转化,Epithelial-Mesenchymal Transition,自然动态机制,dynamic_mechanism_concept,C,likely_requires_simulation_instrumentation_or_long_timescale_review,medium,medium,"[""Epithelial-Mesenchymal Transition"", ""上皮-间质转化""]",Which named dynamic concept is instantiated by the temporally evolving process in this video?,Epithelial-Mesenchymal Transition,defer_or_remove,often_requires_labeled_microscopy_or_marker_context,Epithelial-Mesenchymal Transition,上皮-间质转化,video_must_show_biological_dynamic_sequence_or_strategy_not_species_or_generic_action
vdcr_concept_0179,biology_living_systems,生命过程机制,biology_family_08,发育与形态发生动态,组织内陷,Tissue Invagination,自然动态机制,dynamic_mechanism_concept,B,usable_candidate_requires_video_availability_and_static_shortcut_review,medium,medium,"[""Tissue Invagination"", ""组织内陷""]",Which named dynamic concept is instantiated by the temporally evolving process in this video?,Tissue Invagination,strict_main_candidate,usable_only_after_video_specific_gate,Tissue Invagination,组织内陷,video_must_show_biological_dynamic_sequence_or_strategy_not_species_or_generic_action
vdcr_concept_0180,biology_living_systems,生命过程机制,biology_family_09,植物细胞与器官动态响应,气孔开闭,Stomatal Opening and Closing,自然动态机制,dynamic_mechanism_concept,A,strong_temporal_signature_and_named_dynamic_concept,medium,medium,"[""Stomatal Opening and Closing"", ""气孔开闭""]",Which named dynamic concept is instantiated by the temporally evolving process in this video?,Stomatal Opening and Closing,core_main,strong_named_temporal_signature,Guard-Cell Turgor-Driven Stomatal Aperture Dynamics,保卫细胞膨压驱动气孔孔径动态,video_must_show_biological_dynamic_sequence_or_strategy_not_species_or_generic_action
vdcr_concept_0181,biology_living_systems,生命过程机制,biology_family_09,植物细胞与器官动态响应,叶绿体光定位运动,Chloroplast Photorelocation Movement,自然动态机制,dynamic_mechanism_concept,B,usable_candidate_requires_video_availability_and_static_shortcut_review,medium,medium,"[""Chloroplast Photorelocation Movement"", ""叶绿体光定位运动""]",Which named dynamic concept is instantiated by the temporally evolving process in this video?,Chloroplast Photorelocation Movement,strict_main_candidate,usable_only_after_video_specific_gate,Chloroplast Photorelocation Movement,叶绿体光定位运动,video_must_show_biological_dynamic_sequence_or_strategy_not_species_or_generic_action
vdcr_concept_0182,biology_living_systems,生命过程机制,biology_family_09,植物细胞与器官动态响应,花粉管趋化生长,Pollen Tube Chemotropic Growth,自然动态机制,dynamic_mechanism_concept,B,usable_candidate_requires_video_availability_and_static_shortcut_review,medium,medium,"[""Pollen Tube Chemotropic Growth"", ""花粉管趋化生长""]",Which named dynamic concept is instantiated by the temporally evolving process in this video?,Pollen Tube Chemotropic Growth,strict_main_candidate,usable_only_after_video_specific_gate,Pollen Tube Chemotropic Growth,花粉管趋化生长,video_must_show_biological_dynamic_sequence_or_strategy_not_species_or_generic_action
vdcr_concept_0183,biology_living_systems,生命过程机制,biology_family_09,植物细胞与器官动态响应,根毛极性生长,Root Hair Tip Growth,自然动态机制,dynamic_mechanism_concept,B,usable_candidate_requires_video_availability_and_static_shortcut_review,medium,medium,"[""Root Hair Tip Growth"", ""根毛极性生长""]",Which named dynamic concept is instantiated by the temporally evolving process in this video?,Root Hair Tip Growth,strict_main_candidate,usable_only_after_video_specific_gate,Root Hair Tip Growth,根毛极性生长,video_must_show_biological_dynamic_sequence_or_strategy_not_species_or_generic_action
vdcr_concept_0184,biology_living_systems,生命过程机制,biology_family_09,植物细胞与器官动态响应,质壁分离与复原,Plasmolysis and Deplasmolysis,自然动态机制,dynamic_mechanism_concept,B,usable_candidate_requires_video_availability_and_static_shortcut_review,medium,medium,"[""Plasmolysis and Deplasmolysis"", ""质壁分离与复原""]",Which named dynamic concept is instantiated by the temporally evolving process in this video?,Plasmolysis and Deplasmolysis,strict_main_candidate,usable_only_after_video_specific_gate,Plasmolysis and Deplasmolysis,质壁分离与复原,video_must_show_biological_dynamic_sequence_or_strategy_not_species_or_generic_action
vdcr_concept_0185,biology_living_systems,生命过程机制,biology_family_10,微生物与群体动力学,细菌趋化游动,Bacterial Chemotaxis,自然动态机制,dynamic_mechanism_concept,A,strong_temporal_signature_and_named_dynamic_concept,medium,medium,"[""Bacterial Chemotaxis"", ""细菌趋化游动""]",Which named dynamic concept is instantiated by the temporally evolving process in this video?,Bacterial Chemotaxis,core_main,strong_named_temporal_signature,Bacterial Chemotaxis,细菌趋化游动,video_must_show_biological_dynamic_sequence_or_strategy_not_species_or_generic_action
vdcr_concept_0186,biology_living_systems,生命过程机制,biology_family_10,微生物与群体动力学,细菌集群运动,Bacterial Swarming Motility,自然动态机制,dynamic_mechanism_concept,B,usable_candidate_requires_video_availability_and_static_shortcut_review,medium,medium,"[""Bacterial Swarming Motility"", ""细菌集群运动""]",Which named dynamic concept is instantiated by the temporally evolving process in this video?,Bacterial Swarming Motility,strict_main_candidate,usable_only_after_video_specific_gate,Bacterial Swarming Motility,细菌集群运动,video_must_show_biological_dynamic_sequence_or_strategy_not_species_or_generic_action
vdcr_concept_0187,biology_living_systems,生命过程机制,biology_family_10,微生物与群体动力学,生物膜扩张,Biofilm Expansion,自然动态机制,dynamic_mechanism_concept,B,usable_candidate_requires_video_availability_and_static_shortcut_review,medium,medium,"[""Biofilm Expansion"", ""生物膜扩张""]",Which named dynamic concept is instantiated by the temporally evolving process in this video?,Biofilm Expansion,strict_main_candidate,valid_name_but_requires_extra_visual_gate,Biofilm Colony Expansion Dynamics,生物膜群落扩张动态,must_show_colony_front_expansion_or_collective_growth_dynamics_over_time
vdcr_concept_0188,biology_living_systems,生命过程机制,biology_family_10,微生物与群体动力学,群体感应波,Quorum-Sensing Wave,自然动态机制,dynamic_mechanism_concept,B,usable_candidate_requires_video_availability_and_static_shortcut_review,medium,medium,"[""Quorum-Sensing Wave"", ""群体感应波""]",Which named dynamic concept is instantiated by the temporally evolving process in this video?,Quorum-Sensing Wave,strict_main_candidate,usable_only_after_video_specific_gate,Quorum-Sensing Wave,群体感应波,video_must_show_biological_dynamic_sequence_or_strategy_not_species_or_generic_action
vdcr_concept_0189,biology_living_systems,生命过程机制,biology_family_10,微生物与群体动力学,黏菌聚集,Slime Mold Aggregation,自然动态机制,dynamic_mechanism_concept,B,usable_candidate_requires_video_availability_and_static_shortcut_review,medium,medium,"[""Slime Mold Aggregation"", ""黏菌聚集""]",Which named dynamic concept is instantiated by the temporally evolving process in this video?,Slime Mold Aggregation,strict_main_candidate,usable_only_after_video_specific_gate,Slime Mold Aggregation,黏菌聚集,video_must_show_biological_dynamic_sequence_or_strategy_not_species_or_generic_action
vdcr_concept_0190,earth_environmental_systems,地球环境过程,earth_family_01,大气风暴动力学,下击暴流出流扩散,Downburst / Microburst Outflow,自然动态机制,dynamic_mechanism_concept,A,strong_temporal_signature_and_named_dynamic_concept,medium,medium,"[""Downburst / Microburst Outflow"", ""下击暴流出流扩散"", ""Downburst"", ""Microburst Outflow""]",Which named dynamic concept is instantiated by the temporally evolving process in this video?,Downburst / Microburst Outflow,core_main,strong_named_temporal_signature,Downburst / Microburst Outflow,下击暴流出流扩散,video_must_show_process_evolution_or_instability_sequence_not_static_landform_or_event_label
vdcr_concept_0191,earth_environmental_systems,地球环境过程,earth_family_01,大气风暴动力学,超级单体中气旋旋转,Supercell Mesocyclone Rotation,自然动态机制,dynamic_mechanism_concept,A,strong_temporal_signature_and_named_dynamic_concept,medium,medium,"[""Supercell Mesocyclone Rotation"", ""超级单体中气旋旋转""]",Which named dynamic concept is instantiated by the temporally evolving process in this video?,Supercell Mesocyclone Rotation,core_main,strong_named_temporal_signature,Supercell Mesocyclone Rotation,超级单体中气旋旋转,video_must_show_process_evolution_or_instability_sequence_not_static_landform_or_event_label
vdcr_concept_0192,earth_environmental_systems,地球环境过程,earth_family_01,大气风暴动力学,龙卷生成,Tornadogenesis,自然动态机制,dynamic_mechanism_concept,A,strong_temporal_signature_and_named_dynamic_concept,medium,medium,"[""Tornadogenesis"", ""龙卷生成""]",Which named dynamic concept is instantiated by the temporally evolving process in this video?,Tornadogenesis,core_main,strong_named_temporal_signature,Tornadogenesis,龙卷生成,video_must_show_process_evolution_or_instability_sequence_not_static_landform_or_event_label
vdcr_concept_0193,earth_environmental_systems,地球环境过程,earth_family_01,大气风暴动力学,墙云旋转,Wall Cloud Rotation,自然动态机制,dynamic_mechanism_concept,B,usable_candidate_requires_video_availability_and_static_shortcut_review,medium,medium,"[""Wall Cloud Rotation"", ""墙云旋转""]",Which named dynamic concept is instantiated by the temporally evolving process in this video?,Wall Cloud Rotation,strict_main_candidate,usable_only_after_video_specific_gate,Wall Cloud Rotation,墙云旋转,video_must_show_process_evolution_or_instability_sequence_not_static_landform_or_event_label
vdcr_concept_0194,earth_environmental_systems,地球环境过程,earth_family_01,大气风暴动力学,阵风锋推进,Gust Front Propagation,自然动态机制,dynamic_mechanism_concept,B,usable_candidate_requires_video_availability_and_static_shortcut_review,medium,medium,"[""Gust Front Propagation"", ""阵风锋推进""]",Which named dynamic concept is instantiated by the temporally evolving process in this video?,Gust Front Propagation,strict_main_candidate,usable_only_after_video_specific_gate,Gust Front Propagation,阵风锋推进,video_must_show_process_evolution_or_instability_sequence_not_static_landform_or_event_label
vdcr_concept_0195,earth_environmental_systems,地球环境过程,earth_family_01,大气风暴动力学,陆龙卷发展,Landspout Development,自然动态机制,dynamic_mechanism_concept,B,usable_candidate_requires_video_availability_and_static_shortcut_review,medium,medium,"[""Landspout Development"", ""陆龙卷发展""]",Which named dynamic concept is instantiated by the temporally evolving process in this video?,Landspout Development,strict_main_candidate,usable_only_after_video_specific_gate,Landspout Development,陆龙卷发展,video_must_show_process_evolution_or_instability_sequence_not_static_landform_or_event_label
vdcr_concept_0196,earth_environmental_systems,地球环境过程,earth_family_02,水文、河流与海岸动力学,曲流河裁弯取直,Meander Neck Cutoff,自然动态机制,dynamic_mechanism_concept,A,strong_temporal_signature_and_named_dynamic_concept,medium,medium,"[""Meander Neck Cutoff"", ""曲流河裁弯取直""]",Which named dynamic concept is instantiated by the temporally evolving process in this video?,Meander Neck Cutoff,core_main,strong_named_temporal_signature,Meander Neck Cutoff,曲流河裁弯取直,video_must_show_process_evolution_or_instability_sequence_not_static_landform_or_event_label
vdcr_concept_0197,earth_environmental_systems,地球环境过程,earth_family_02,水文、河流与海岸动力学,凹岸侵蚀与凸岸沉积,Cutbank Erosion / Point-Bar Deposition,自然动态机制,dynamic_mechanism_concept,B,usable_candidate_requires_video_availability_and_static_shortcut_review,medium,medium,"[""Cutbank Erosion / Point-Bar Deposition"", ""凹岸侵蚀与凸岸沉积"", ""Cutbank Erosion"", ""Point-Bar Deposition""]",Which named dynamic concept is instantiated by the temporally evolving process in this video?,Cutbank Erosion / Point-Bar Deposition,strict_main_candidate,valid_name_but_requires_extra_visual_gate,Cutbank Erosion / Point-Bar Deposition,凹岸侵蚀与凸岸沉积,must_show_channel_boundary_retreat_and_opposite_bar_or_inner_bank_accretion_over_time_not_static_meander_geometry
vdcr_concept_0198,earth_environmental_systems,地球环境过程,earth_family_02,水文、河流与海岸动力学,河流决口改道,River Avulsion,自然动态机制,dynamic_mechanism_concept,B,usable_candidate_requires_video_availability_and_static_shortcut_review,medium,medium,"[""River Avulsion"", ""河流决口改道""]",Which named dynamic concept is instantiated by the temporally evolving process in this video?,River Avulsion,strict_main_candidate,usable_only_after_video_specific_gate,River Avulsion,河流决口改道,video_must_show_process_evolution_or_instability_sequence_not_static_landform_or_event_label
vdcr_concept_0199,earth_environmental_systems,地球环境过程,earth_family_02,水文、河流与海岸动力学,辫状河道迁移,Braided Channel Migration,自然动态机制,dynamic_mechanism_concept,B,usable_candidate_requires_video_availability_and_static_shortcut_review,medium,medium,"[""Braided Channel Migration"", ""辫状河道迁移""]",Which named dynamic concept is instantiated by the temporally evolving process in this video?,Braided Channel Migration,strict_main_candidate,usable_only_after_video_specific_gate,Braided Channel Migration,辫状河道迁移,video_must_show_process_evolution_or_instability_sequence_not_static_landform_or_event_label
vdcr_concept_0200,earth_environmental_systems,地球环境过程,earth_family_02,水文、河流与海岸动力学,泥沙跃移,Sediment Saltation,自然动态机制,dynamic_mechanism_concept,A,strong_temporal_signature_and_named_dynamic_concept,medium,medium,"[""Sediment Saltation"", ""泥沙跃移""]",Which named dynamic concept is instantiated by the temporally evolving process in this video?,Sediment Saltation,core_main,strong_named_temporal_signature,Sediment Saltation,泥沙跃移,video_must_show_process_evolution_or_instability_sequence_not_static_landform_or_event_label
vdcr_concept_0201,earth_environmental_systems,地球环境过程,earth_family_02,水文、河流与海岸动力学,浊流推进,Turbidity Current Propagation,自然动态机制,dynamic_mechanism_concept,B,usable_candidate_requires_video_availability_and_static_shortcut_review,medium,medium,"[""Turbidity Current Propagation"", ""浊流推进""]",Which named dynamic concept is instantiated by the temporally evolving process in this video?,Turbidity Current Propagation,strict_main_candidate,usable_only_after_video_specific_gate,Turbidity Current Propagation,浊流推进,video_must_show_process_evolution_or_instability_sequence_not_static_landform_or_event_label
vdcr_concept_0202,earth_environmental_systems,地球环境过程,earth_family_02,水文、河流与海岸动力学,裂流出海通道形成,Rip Current Channel Formation,自然动态机制,dynamic_mechanism_concept,B,usable_candidate_requires_video_availability_and_static_shortcut_review,medium,medium,"[""Rip Current Channel Formation"", ""裂流出海通道形成""]",Which named dynamic concept is instantiated by the temporally evolving process in this video?,Rip Current Channel Formation,strict_main_candidate,usable_only_after_video_specific_gate,Rip Current Channel Formation,裂流出海通道形成,video_must_show_process_evolution_or_instability_sequence_not_static_landform_or_event_label
vdcr_concept_0203,earth_environmental_systems,地球环境过程,earth_family_02,水文、河流与海岸动力学,沿岸漂移,Longshore Drift,自然动态机制,dynamic_mechanism_concept,C,likely_requires_simulation_instrumentation_or_long_timescale_review,high,medium,"[""Longshore Drift"", ""沿岸漂移""]",Which named dynamic concept is instantiated by the temporally evolving process in this video?,Longshore Drift,defer_or_remove,high_static_scene_shortcut_and_often_requires_annotation,Longshore Drift,沿岸漂移,video_must_show_process_evolution_or_instability_sequence_not_static_landform_or_event_label
vdcr_concept_0204,earth_environmental_systems,地球环境过程,earth_family_02,水文、河流与海岸动力学,内波传播,Internal Wave Propagation,自然动态机制,dynamic_mechanism_concept,B,usable_candidate_requires_video_availability_and_static_shortcut_review,medium,medium,"[""Internal Wave Propagation"", ""内波传播""]",Which named dynamic concept is instantiated by the temporally evolving process in this video?,Internal Wave Propagation,strict_main_candidate,usable_only_after_video_specific_gate,Internal Wave Propagation,内波传播,video_must_show_process_evolution_or_instability_sequence_not_static_landform_or_event_label
vdcr_concept_0205,earth_environmental_systems,地球环境过程,earth_family_03,地质变形与质量流失稳,断层破裂传播,Fault Rupture Propagation,自然动态机制,dynamic_mechanism_concept,C,likely_requires_simulation_instrumentation_or_long_timescale_review,medium,medium,"[""Fault Rupture Propagation"", ""断层破裂传播""]",Which named dynamic concept is instantiated by the temporally evolving process in this video?,Fault Rupture Propagation,defer_or_remove,typically_requires_instrumented_or_simulation_context,Fault Rupture Propagation,断层破裂传播,video_must_show_process_evolution_or_instability_sequence_not_static_landform_or_event_label
vdcr_concept_0206,earth_environmental_systems,地球环境过程,earth_family_03,地质变形与质量流失稳,旋转滑塌,Rotational Slump Failure,自然动态机制,dynamic_mechanism_concept,B,usable_candidate_requires_video_availability_and_static_shortcut_review,medium,medium,"[""Rotational Slump Failure"", ""旋转滑塌""]",Which named dynamic concept is instantiated by the temporally evolving process in this video?,Rotational Slump Failure,strict_main_candidate,usable_only_after_video_specific_gate,Rotational Slump Failure,旋转滑塌,video_must_show_process_evolution_or_instability_sequence_not_static_landform_or_event_label
vdcr_concept_0207,earth_environmental_systems,地球环境过程,earth_family_03,地质变形与质量流失稳,土壤液化,Seismic Soil Liquefaction,自然动态机制,dynamic_mechanism_concept,B,usable_candidate_requires_video_availability_and_static_shortcut_review,medium,medium,"[""Seismic Soil Liquefaction"", ""土壤液化""]",Which named dynamic concept is instantiated by the temporally evolving process in this video?,Seismic Soil Liquefaction,strict_main_candidate,usable_only_after_video_specific_gate,Seismic Soil Liquefaction,土壤液化,video_must_show_process_evolution_or_instability_sequence_not_static_landform_or_event_label
vdcr_concept_0208,earth_environmental_systems,地球环境过程,earth_family_03,地质变形与质量流失稳,后退式滑塌,Retrogressive Slump Failure,自然动态机制,dynamic_mechanism_concept,B,usable_candidate_requires_video_availability_and_static_shortcut_review,medium,medium,"[""Retrogressive Slump Failure"", ""后退式滑塌""]",Which named dynamic concept is instantiated by the temporally evolving process in this video?,Retrogressive Slump Failure,strict_main_candidate,usable_only_after_video_specific_gate,Retrogressive Slump Failure,后退式滑塌,video_must_show_process_evolution_or_instability_sequence_not_static_landform_or_event_label
vdcr_concept_0209,earth_environmental_systems,地球环境过程,earth_family_03,地质变形与质量流失稳,泥石流脉冲推进,Debris-Flow Surge Propagation,自然动态机制,dynamic_mechanism_concept,B,usable_candidate_requires_video_availability_and_static_shortcut_review,medium,medium,"[""Debris-Flow Surge Propagation"", ""泥石流脉冲推进""]",Which named dynamic concept is instantiated by the temporally evolving process in this video?,Debris-Flow Surge Propagation,strict_main_candidate,usable_only_after_video_specific_gate,Debris-Flow Surge Propagation,泥石流脉冲推进,video_must_show_process_evolution_or_instability_sequence_not_static_landform_or_event_label
vdcr_concept_0210,earth_environmental_systems,地球环境过程,earth_family_04,火山与熔岩动力学,火山碎屑密度流,Pyroclastic Density Current,自然动态机制,dynamic_mechanism_concept,A,strong_temporal_signature_and_named_dynamic_concept,medium,medium,"[""Pyroclastic Density Current"", ""火山碎屑密度流""]",Which named dynamic concept is instantiated by the temporally evolving process in this video?,Pyroclastic Density Current,core_main,strong_named_temporal_signature,Pyroclastic Density Current,火山碎屑密度流,video_must_show_process_evolution_or_instability_sequence_not_static_landform_or_event_label
vdcr_concept_0211,earth_environmental_systems,地球环境过程,earth_family_04,火山与熔岩动力学,绳状熔岩形成,Pahoehoe Lava Roping,自然动态机制,dynamic_mechanism_concept,A,strong_temporal_signature_and_named_dynamic_concept,medium,medium,"[""Pahoehoe Lava Roping"", ""绳状熔岩形成""]",Which named dynamic concept is instantiated by the temporally evolving process in this video?,Pahoehoe Lava Roping,core_main,strong_named_temporal_signature,Pahoehoe Lava Roping,绳状熔岩形成,video_must_show_process_evolution_or_instability_sequence_not_static_landform_or_event_label
vdcr_concept_0212,earth_environmental_systems,地球环境过程,earth_family_04,火山与熔岩动力学,阿阿熔岩前缘推进,Aa Lava Front Advance,自然动态机制,dynamic_mechanism_concept,B,usable_candidate_requires_video_availability_and_static_shortcut_review,medium,medium,"[""Aa Lava Front Advance"", ""阿阿熔岩前缘推进""]",Which named dynamic concept is instantiated by the temporally evolving process in this video?,Aa Lava Front Advance,strict_main_candidate,usable_only_after_video_specific_gate,Aa Lava Front Advance,阿阿熔岩前缘推进,video_must_show_process_evolution_or_instability_sequence_not_static_landform_or_event_label
vdcr_concept_0213,earth_environmental_systems,地球环境过程,earth_family_04,火山与熔岩动力学,熔岩穹丘崩塌,Lava Dome Collapse,自然动态机制,dynamic_mechanism_concept,B,usable_candidate_requires_video_availability_and_static_shortcut_review,medium,medium,"[""Lava Dome Collapse"", ""熔岩穹丘崩塌""]",Which named dynamic concept is instantiated by the temporally evolving process in this video?,Lava Dome Collapse,strict_main_candidate,valid_name_but_requires_extra_visual_gate,Lava Dome Collapse,熔岩穹丘崩塌,must_show_dome_instability_collapse_and_pyroclastic_or_plume_response_sequence
vdcr_concept_0214,earth_environmental_systems,地球环境过程,earth_family_04,火山与熔岩动力学,喷发柱坍塌,Eruption Column Collapse,自然动态机制,dynamic_mechanism_concept,B,usable_candidate_requires_video_availability_and_static_shortcut_review,medium,medium,"[""Eruption Column Collapse"", ""喷发柱坍塌""]",Which named dynamic concept is instantiated by the temporally evolving process in this video?,Eruption Column Collapse,strict_main_candidate,usable_only_after_video_specific_gate,Eruption Column Collapse,喷发柱坍塌,video_must_show_process_evolution_or_instability_sequence_not_static_landform_or_event_label
vdcr_concept_0215,earth_environmental_systems,地球环境过程,earth_family_05,冰冻圈与冰川动力学,冰川塑性蠕变,Glacier Creep,自然动态机制,dynamic_mechanism_concept,C,likely_requires_simulation_instrumentation_or_long_timescale_review,medium,low,"[""Glacier Creep"", ""冰川塑性蠕变""]",Which named dynamic concept is instantiated by the temporally evolving process in this video?,Glacier Creep,defer_or_remove,too_long_timescale_visual_evidence_likely_source_dependent,Glacier Creep,冰川塑性蠕变,video_must_show_process_evolution_or_instability_sequence_not_static_landform_or_event_label
vdcr_concept_0216,earth_environmental_systems,地球环境过程,earth_family_05,冰冻圈与冰川动力学,冰川基底滑动,Basal Sliding,自然动态机制,dynamic_mechanism_concept,C,likely_requires_simulation_instrumentation_or_long_timescale_review,medium,low,"[""Basal Sliding"", ""冰川基底滑动""]",Which named dynamic concept is instantiated by the temporally evolving process in this video?,Basal Sliding,defer_or_remove,too_long_timescale_visual_evidence_likely_source_dependent,Basal Sliding,冰川基底滑动,video_must_show_process_evolution_or_instability_sequence_not_static_landform_or_event_label
vdcr_concept_0217,earth_environmental_systems,地球环境过程,earth_family_05,冰冻圈与冰川动力学,冰裂隙扩展,Crevasse Propagation,自然动态机制,dynamic_mechanism_concept,B,usable_candidate_requires_video_availability_and_static_shortcut_review,medium,medium,"[""Crevasse Propagation"", ""冰裂隙扩展""]",Which named dynamic concept is instantiated by the temporally evolving process in this video?,Crevasse Propagation,strict_main_candidate,usable_only_after_video_specific_gate,Crevasse Propagation,冰裂隙扩展,video_must_show_process_evolution_or_instability_sequence_not_static_landform_or_event_label
vdcr_concept_0218,earth_environmental_systems,地球环境过程,earth_family_05,冰冻圈与冰川动力学,冰崖崩解,Ice Cliff Calving,自然动态机制,dynamic_mechanism_concept,B,usable_candidate_requires_video_availability_and_static_shortcut_review,medium,medium,"[""Ice Cliff Calving"", ""冰崖崩解""]",Which named dynamic concept is instantiated by the temporally evolving process in this video?,Ice Cliff Calving,strict_main_candidate,valid_name_but_requires_extra_visual_gate,Ice Cliff Calving,冰崖崩解,must_show_crack_or_instability_then_ice_cliff_detachment_and_fall_sequence
vdcr_concept_0219,earth_environmental_systems,地球环境过程,earth_family_05,冰冻圈与冰川动力学,板状雪崩释放,Slab Avalanche Release,自然动态机制,dynamic_mechanism_concept,A,strong_temporal_signature_and_named_dynamic_concept,medium,medium,"[""Slab Avalanche Release"", ""板状雪崩释放""]",Which named dynamic concept is instantiated by the temporally evolving process in this video?,Slab Avalanche Release,core_main,strong_named_temporal_signature,Slab Avalanche Release,板状雪崩释放,video_must_show_process_evolution_or_instability_sequence_not_static_landform_or_event_label
vdcr_concept_0220,earth_environmental_systems,地球环境过程,earth_family_05,冰冻圈与冰川动力学,雪板冠状裂缝传播,Snow Slab Crown Crack Propagation,自然动态机制,dynamic_mechanism_concept,B,usable_candidate_requires_video_availability_and_static_shortcut_review,medium,medium,"[""Snow Slab Crown Crack Propagation"", ""雪板冠状裂缝传播""]",Which named dynamic concept is instantiated by the temporally evolving process in this video?,Snow Slab Crown Crack Propagation,strict_main_candidate,usable_only_after_video_specific_gate,Snow Slab Crown Crack Propagation,雪板冠状裂缝传播,video_must_show_process_evolution_or_instability_sequence_not_static_landform_or_event_label
vdcr_concept_0221,earth_environmental_systems,地球环境过程,earth_family_05,冰冻圈与冰川动力学,冰川跃动,Glacier Surge,自然动态机制,dynamic_mechanism_concept,B,usable_candidate_requires_video_availability_and_static_shortcut_review,medium,medium,"[""Glacier Surge"", ""冰川跃动""]",Which named dynamic concept is instantiated by the temporally evolving process in this video?,Glacier Surge,extension,long_timescale_and_source_context_heavy,Glacier Surge,冰川跃动,video_must_show_process_evolution_or_instability_sequence_not_static_landform_or_event_label
vdcr_concept_0222,earth_environmental_systems,地球环境过程,earth_family_06,野火与烟羽动力学,火旋风涡旋形成,Fire-Whirl Vortex Formation,自然动态机制,dynamic_mechanism_concept,B,usable_candidate_requires_video_availability_and_static_shortcut_review,high,medium,"[""Fire-Whirl Vortex Formation"", ""火旋风涡旋形成"", ""Fire Whirl"", ""火旋风""]",Which named dynamic concept is instantiated by the temporally evolving process in this video?,Fire-Whirl Vortex Formation,strict_main_candidate,usable_only_after_video_specific_gate,Fire-Whirl Vortex Formation,火旋风涡旋形成,video_must_show_process_evolution_or_instability_sequence_not_static_landform_or_event_label
vdcr_concept_0223,earth_environmental_systems,地球环境过程,earth_family_06,野火与烟羽动力学,树冠火转变,Crown Fire Transition,自然动态机制,dynamic_mechanism_concept,B,usable_candidate_requires_video_availability_and_static_shortcut_review,medium,medium,"[""Crown Fire Transition"", ""树冠火转变""]",Which named dynamic concept is instantiated by the temporally evolving process in this video?,Crown Fire Transition,strict_main_candidate,usable_only_after_video_specific_gate,Crown Fire Transition,树冠火转变,video_must_show_process_evolution_or_instability_sequence_not_static_landform_or_event_label
vdcr_concept_0224,earth_environmental_systems,地球环境过程,earth_family_06,野火与烟羽动力学,飞火传播,Spot Fire Propagation,自然动态机制,dynamic_mechanism_concept,B,usable_candidate_requires_video_availability_and_static_shortcut_review,medium,medium,"[""Spot Fire Propagation"", ""飞火传播""]",Which named dynamic concept is instantiated by the temporally evolving process in this video?,Spot Fire Propagation,strict_main_candidate,usable_only_after_video_specific_gate,Spot Fire Propagation,飞火传播,video_must_show_process_evolution_or_instability_sequence_not_static_landform_or_event_label
vdcr_concept_0225,earth_environmental_systems,地球环境过程,earth_family_06,野火与烟羽动力学,烟羽对流上升,Convective Smoke Plume Rise,自然动态机制,dynamic_mechanism_concept,B,usable_candidate_requires_video_availability_and_static_shortcut_review,medium,medium,"[""Convective Smoke Plume Rise"", ""烟羽对流上升""]",Which named dynamic concept is instantiated by the temporally evolving process in this video?,Convective Smoke Plume Rise,strict_main_candidate,valid_name_but_requires_extra_visual_gate,Buoyancy-Driven Smoke Plume Rise,浮力驱动烟羽上升,must_show_buoyancy_driven_plume_generation_rise_and_expansion_not_just_smoke
vdcr_concept_0226,earth_environmental_systems,地球环境过程,earth_family_06,野火与烟羽动力学,阵风驱动火线推进,Wind-Driven Fire-Front Propagation,自然动态机制,dynamic_mechanism_concept,B,usable_candidate_requires_video_availability_and_static_shortcut_review,medium,medium,"[""Wind-Driven Fire-Front Propagation"", ""阵风驱动火线推进""]",Which named dynamic concept is instantiated by the temporally evolving process in this video?,Wind-Driven Fire-Front Propagation,strict_main_candidate,usable_only_after_video_specific_gate,Wind-Driven Fire-Front Propagation,阵风驱动火线推进,video_must_show_process_evolution_or_instability_sequence_not_static_landform_or_event_label
vdcr_concept_0227,earth_environmental_systems,地球环境过程,earth_family_06,野火与烟羽动力学,火积云发展,Pyrocumulus Development,自然动态机制,dynamic_mechanism_concept,B,usable_candidate_requires_video_availability_and_static_shortcut_review,medium,medium,"[""Pyrocumulus Development"", ""火积云发展""]",Which named dynamic concept is instantiated by the temporally evolving process in this video?,Pyrocumulus Development,strict_main_candidate,usable_only_after_video_specific_gate,Pyrocumulus Development,火积云发展,video_must_show_process_evolution_or_instability_sequence_not_static_landform_or_event_label
vdcr_concept_0228,earth_environmental_systems,地球环境过程,earth_family_07,风沙与沙丘动力学,沙粒跃移,Aeolian Saltation,自然动态机制,dynamic_mechanism_concept,B,usable_candidate_requires_video_availability_and_static_shortcut_review,medium,medium,"[""Aeolian Saltation"", ""沙粒跃移""]",Which named dynamic concept is instantiated by the temporally evolving process in this video?,Aeolian Saltation,strict_main_candidate,valid_name_but_requires_extra_visual_gate,Aeolian Saltation,沙粒跃移,must_show_near_ground_grain_hopping_transport_not_generic_dust_or_wind
vdcr_concept_0229,earth_environmental_systems,地球环境过程,earth_family_07,风沙与沙丘动力学,风成波纹形成,Aeolian Ripple Formation,自然动态机制,dynamic_mechanism_concept,B,usable_candidate_requires_video_availability_and_static_shortcut_review,medium,medium,"[""Aeolian Ripple Formation"", ""风成波纹形成""]",Which named dynamic concept is instantiated by the temporally evolving process in this video?,Aeolian Ripple Formation,strict_main_candidate,usable_only_after_video_specific_gate,Aeolian Ripple Formation,风成波纹形成,video_must_show_process_evolution_or_instability_sequence_not_static_landform_or_event_label
vdcr_concept_0230,earth_environmental_systems,地球环境过程,earth_family_07,风沙与沙丘动力学,新月形沙丘迁移,Barchan Dune Migration,自然动态机制,dynamic_mechanism_concept,A,strong_temporal_signature_and_named_dynamic_concept,medium,medium,"[""Barchan Dune Migration"", ""新月形沙丘迁移""]",Which named dynamic concept is instantiated by the temporally evolving process in this video?,Barchan Dune Migration,strict_main_candidate,valid_name_but_requires_extra_visual_gate,Barchan Dune Migration,新月形沙丘迁移,must_show_real_time_lapse_dune_translation_not_static_aerial_flyover
vdcr_concept_0231,earth_environmental_systems,地球环境过程,earth_family_07,风沙与沙丘动力学,沙丘雪崩面滑移,Dune Slip-Face Avalanche,自然动态机制,dynamic_mechanism_concept,B,usable_candidate_requires_video_availability_and_static_shortcut_review,medium,medium,"[""Dune Slip-Face Avalanche"", ""沙丘雪崩面滑移""]",Which named dynamic concept is instantiated by the temporally evolving process in this video?,Dune Slip-Face Avalanche,strict_main_candidate,usable_only_after_video_specific_gate,Dune Slip-Face Grain Avalanche,沙丘滑移面颗粒雪崩,video_must_show_process_evolution_or_instability_sequence_not_static_landform_or_event_label
vdcr_concept_0232,earth_environmental_systems,地球环境过程,earth_family_07,风沙与沙丘动力学,尘暴锋面推进,Dust Storm Front Propagation,自然动态机制,dynamic_mechanism_concept,B,usable_candidate_requires_video_availability_and_static_shortcut_review,medium,medium,"[""Dust Storm Front Propagation"", ""尘暴锋面推进""]",Which named dynamic concept is instantiated by the temporally evolving process in this video?,Dust Storm Front Propagation,strict_main_candidate,usable_only_after_video_specific_gate,Dust Storm Front Propagation,尘暴锋面推进,video_must_show_process_evolution_or_instability_sequence_not_static_landform_or_event_label
vdcr_concept_0233,earth_environmental_systems,地球环境过程,earth_family_07,风沙与沙丘动力学,风沙流分选,Aeolian Granular Sorting,自然动态机制,dynamic_mechanism_concept,B,usable_candidate_requires_video_availability_and_static_shortcut_review,medium,medium,"[""Aeolian Granular Sorting"", ""风沙流分选""]",Which named dynamic concept is instantiated by the temporally evolving process in this video?,Aeolian Granular Sorting,strict_main_candidate,usable_only_after_video_specific_gate,Aeolian Granular Sorting,风沙流分选,video_must_show_process_evolution_or_instability_sequence_not_static_landform_or_event_label
vdcr_concept_0234,earth_environmental_systems,地球环境过程,earth_family_08,海洋波浪与海岸过程,卷破波,Plunging Breaker,自然动态机制,dynamic_mechanism_concept,B,usable_candidate_requires_video_availability_and_static_shortcut_review,high,medium,"[""Plunging Breaker"", ""卷破波""]",Which named dynamic concept is instantiated by the temporally evolving process in this video?,Plunging Breaker,strict_main_candidate,valid_name_but_requires_extra_visual_gate,Plunging Breaker,卷破波,must_show_crest_steepening_overturning_entrainment_and_breaking_sequence
vdcr_concept_0235,earth_environmental_systems,地球环境过程,earth_family_08,海洋波浪与海岸过程,潮汐涌浪,Tidal Bore,自然动态机制,dynamic_mechanism_concept,A,strong_temporal_signature_and_named_dynamic_concept,medium,medium,"[""Tidal Bore"", ""潮汐涌浪""]",Which named dynamic concept is instantiated by the temporally evolving process in this video?,Tidal Bore,core_main,strong_named_temporal_signature,Tidal Bore,潮汐涌浪,video_must_show_process_evolution_or_instability_sequence_not_static_landform_or_event_label
vdcr_concept_0236,earth_environmental_systems,地球环境过程,earth_family_08,海洋波浪与海岸过程,风暴潮推进,Storm Surge Propagation,自然动态机制,dynamic_mechanism_concept,B,usable_candidate_requires_video_availability_and_static_shortcut_review,medium,medium,"[""Storm Surge Propagation"", ""风暴潮推进""]",Which named dynamic concept is instantiated by the temporally evolving process in this video?,Storm Surge Propagation,strict_main_candidate,valid_name_but_requires_extra_visual_gate,Storm Surge Propagation,风暴潮推进,must_show_water_level_or_inundation_front_progression_not_only_path_map_or_warning_overlay
vdcr_concept_0237,earth_environmental_systems,地球环境过程,earth_family_08,海洋波浪与海岸过程,近岸裂流形成,Rip Current Formation,自然动态机制,dynamic_mechanism_concept,B,usable_candidate_requires_video_availability_and_static_shortcut_review,medium,medium,"[""Rip Current Formation"", ""近岸裂流形成""]",Which named dynamic concept is instantiated by the temporally evolving process in this video?,Rip Current Formation,strict_main_candidate,usable_only_after_video_specific_gate,Rip Current Formation,近岸裂流形成,video_must_show_process_evolution_or_instability_sequence_not_static_landform_or_event_label
vdcr_concept_0238,earth_environmental_systems,地球环境过程,earth_family_08,海洋波浪与海岸过程,波浪折射,Wave Refraction,自然动态机制,dynamic_mechanism_concept,C,likely_requires_simulation_instrumentation_or_long_timescale_review,medium,medium,"[""Wave Refraction"", ""波浪折射""]",Which named dynamic concept is instantiated by the temporally evolving process in this video?,Wave Refraction,extension,often_clean_only_as_teaching_animation_or_simulation,Wave Refraction,波浪折射,video_must_show_process_evolution_or_instability_sequence_not_static_landform_or_event_label
vdcr_concept_0239,earth_environmental_systems,地球环境过程,earth_family_08,海洋波浪与海岸过程,海蚀崖后退,Sea-Cliff Retreat,自然动态机制,dynamic_mechanism_concept,C,likely_requires_simulation_instrumentation_or_long_timescale_review,medium,medium,"[""Sea-Cliff Retreat"", ""海蚀崖后退""]",Which named dynamic concept is instantiated by the temporally evolving process in this video?,Sea-Cliff Retreat,defer_or_remove,too_long_timescale_visual_evidence_likely_source_dependent,Sea-Cliff Retreat,海蚀崖后退,video_must_show_process_evolution_or_instability_sequence_not_static_landform_or_event_label
vdcr_concept_0240,earth_environmental_systems,地球环境过程,earth_family_09,坡面侵蚀与地貌演化,沟蚀扩展,Gully Headcut Retreat,自然动态机制,dynamic_mechanism_concept,A,strong_temporal_signature_and_named_dynamic_concept,medium,medium,"[""Gully Headcut Retreat"", ""沟蚀扩展""]",Which named dynamic concept is instantiated by the temporally evolving process in this video?,Gully Headcut Retreat,core_main,strong_named_temporal_signature,Gully Headcut Retreat,沟蚀扩展,video_must_show_process_evolution_or_instability_sequence_not_static_landform_or_event_label
vdcr_concept_0241,earth_environmental_systems,地球环境过程,earth_family_09,坡面侵蚀与地貌演化,溯源侵蚀,Headward Erosion,自然动态机制,dynamic_mechanism_concept,B,usable_candidate_requires_video_availability_and_static_shortcut_review,medium,medium,"[""Headward Erosion"", ""溯源侵蚀""]",Which named dynamic concept is instantiated by the temporally evolving process in this video?,Headward Erosion,strict_main_candidate,usable_only_after_video_specific_gate,Headward Erosion,溯源侵蚀,video_must_show_process_evolution_or_instability_sequence_not_static_landform_or_event_label
vdcr_concept_0242,earth_environmental_systems,地球环境过程,earth_family_09,坡面侵蚀与地貌演化,三角洲分流改道,Delta Lobe Avulsion,自然动态机制,dynamic_mechanism_concept,B,usable_candidate_requires_video_availability_and_static_shortcut_review,medium,medium,"[""Delta Lobe Avulsion"", ""三角洲分流改道""]",Which named dynamic concept is instantiated by the temporally evolving process in this video?,Delta Lobe Avulsion,strict_main_candidate,usable_only_after_video_specific_gate,Delta Lobe Avulsion,三角洲分流改道,video_must_show_process_evolution_or_instability_sequence_not_static_landform_or_event_label
vdcr_concept_0243,earth_environmental_systems,地球环境过程,earth_family_09,坡面侵蚀与地貌演化,海岸沙嘴延伸,Spit Progradation,自然动态机制,dynamic_mechanism_concept,C,likely_requires_simulation_instrumentation_or_long_timescale_review,medium,medium,"[""Spit Progradation"", ""海岸沙嘴延伸""]",Which named dynamic concept is instantiated by the temporally evolving process in this video?,Spit Progradation,defer_or_remove,too_long_timescale_visual_evidence_likely_source_dependent,Spit Progradation,海岸沙嘴延伸,video_must_show_process_evolution_or_instability_sequence_not_static_landform_or_event_label
vdcr_concept_0244,earth_environmental_systems,地球环境过程,earth_family_09,坡面侵蚀与地貌演化,冲沟网络扩展,Rill Network Expansion,自然动态机制,dynamic_mechanism_concept,B,usable_candidate_requires_video_availability_and_static_shortcut_review,medium,medium,"[""Rill Network Expansion"", ""冲沟网络扩展""]",Which named dynamic concept is instantiated by the temporally evolving process in this video?,Rill Network Expansion,strict_main_candidate,usable_only_after_video_specific_gate,Rill Network Expansion,冲沟网络扩展,video_must_show_process_evolution_or_instability_sequence_not_static_landform_or_event_label
vdcr_concept_0245,earth_environmental_systems,地球环境过程,earth_family_09,坡面侵蚀与地貌演化,泥沙重力流分层,Stratified Sediment Gravity Flow,自然动态机制,dynamic_mechanism_concept,C,likely_requires_simulation_instrumentation_or_long_timescale_review,medium,medium,"[""Stratified Sediment Gravity Flow"", ""泥沙重力流分层""]",Which named dynamic concept is instantiated by the temporally evolving process in this video?,Stratified Sediment Gravity Flow,defer_or_remove,often_requires_instrumented_or_cross_section_evidence,Stratified Sediment Gravity Flow,泥沙重力流分层,video_must_show_process_evolution_or_instability_sequence_not_static_landform_or_event_label
vdcr_concept_0246,chemistry_materials_change,物质变化机制,materials_family_06,相分离与粗化动力学,冻结诱导相分离,Freeze-Induced Phase Separation,自然动态机制,dynamic_mechanism_concept,B,usable_candidate_requires_video_availability_and_static_shortcut_review,medium,medium,"[""Freeze-Induced Phase Separation"", ""冻结诱导相分离""]",Which named dynamic concept is instantiated by the temporally evolving process in this video?,Freeze-Induced Phase Separation,strict_main_candidate,usable_only_after_video_specific_gate,Freeze-Induced Phase Separation,冻结诱导相分离,video_must_show_material_or_reaction_state_evolution; source_text_may_only_double_check_not_supply_answer
vdcr_concept_0247,earth_environmental_systems,地球环境过程,earth_family_10,地球物理与地震波动力学,地震波传播,Seismic Wave Propagation,自然动态机制,dynamic_mechanism_concept,B,usable_candidate_requires_video_availability_and_static_shortcut_review,medium,medium,"[""Seismic Wave Propagation"", ""地震波传播""]",Which named dynamic concept is instantiated by the temporally evolving process in this video?,Seismic Wave Propagation,strict_main_candidate,valid_name_but_requires_extra_visual_gate,Seismic Wave Propagation,地震波传播,must_show_wavefront_or_ground_motion_propagating_outward_over_time_not_only_static_map_or_epicenter_marker
vdcr_concept_0248,physics_physical_systems,自然物理规律,physics_family_09,低雷诺数层流与可逆性,斯托克斯流运动学可逆性,Stokes Flow Kinematic Reversibility,自然动态机制,dynamic_mechanism_concept,B,usable_candidate_requires_video_availability_and_static_shortcut_review,medium,medium,"[""Stokes Flow Kinematic Reversibility"", ""Kinematic Reversibility"", ""Low-Reynolds-Number Flow Reversibility"", ""Stokes Flow Reversibility"", ""斯托克斯流运动学可逆性"", ""低雷诺数流动可逆性""]",Which named dynamic concept is instantiated by the temporally evolving process in this video?,Stokes Flow Kinematic Reversibility,strict_main_candidate,valid_name_but_requires_extra_visual_gate,Stokes Flow Kinematic Reversibility,斯托克斯流运动学可逆性,must_show_forward_laminar_deformation_or_mixing_followed_by_reverse_motion_restoring_the_pattern_not_only_static_colored_fluid
