id,candidate_knowledge_point,local_media,contact_sheet,review_status,recommended_action,suggested_start_sec,suggested_end_sec,review_notes
vdcr_archive_b02_000078,Rabona,media/vdcr_raw_pilot_v1/vdcr_archive_b02_000078.ogv,media/vdcr_frames_pilot_v1/vdcr_archive_b02_000078/contact_sheet.jpg,review,manual_sequence_check,0,3,"Likely a soccer Rabona technique clip, but duration is very short and TV scoreboard overlay is visible; verify full cross-leg kicking sequence before pass."
vdcr_archive_b03_000033,Exocytosis,media/vdcr_raw_pilot_v1/vdcr_archive_b03_000033.mp4,media/vdcr_frames_pilot_v1/vdcr_archive_b03_000033/contact_sheet.jpg,reject,wrong_sense_retrieval,0,0,"ASL/sign-language term video, not a cell exocytosis dynamic process."
vdcr_archive_b03_000030,Endocytosis,media/vdcr_raw_pilot_v1/vdcr_archive_b03_000030.mp4,media/vdcr_frames_pilot_v1/vdcr_archive_b03_000030/contact_sheet.jpg,reject,wrong_sense_retrieval,0,0,"ASL/sign-language term video, not a cell endocytosis dynamic process."
vdcr_archive_only_000003,Rayleigh-Taylor Instability,media/vdcr_raw_pilot_v1/vdcr_archive_only_000003.ogv,media/vdcr_frames_pilot_v1/vdcr_archive_only_000003/contact_sheet.jpg,revise,text_overlay_answer_risk,0,15,"Scientific visualization is relevant, but labels/colorbar and likely answer text are visible; use only if cropped/blurred or replaced."
vdcr_archive_b03_000032,Endocytosis,media/vdcr_raw_pilot_v1/vdcr_archive_b03_000032.mp4,media/vdcr_frames_pilot_v1/vdcr_archive_b03_000032/contact_sheet.jpg,pass_candidate,ready_for_license_check,0,16,"NIH microscopy footage; dynamic uptake/vesicle process is visible; only scale bar and timestamp overlays, no answer text."
vdcr_archive_b02_000048,Murmuration,media/vdcr_raw_pilot_v1/vdcr_archive_b02_000048.mp4,media/vdcr_frames_pilot_v1/vdcr_archive_b02_000048/contact_sheet.jpg,review,manual_temporal_check,0,17,"Clean footage with no obvious text leakage; bird flock is small, so verify that temporal flocking/swirl pattern is visible enough for VDCR."
vdcr_archive_b03_000035,Exocytosis,media/vdcr_raw_pilot_v1/vdcr_archive_b03_000035.mp4,media/vdcr_frames_pilot_v1/vdcr_archive_b03_000035/contact_sheet.jpg,pass_candidate,ready_for_license_check,0,20,"NIH microscopy footage; regulated exocytosis/granule release dynamics are visible; only scale bar and timestamp overlays, no answer text."
vdcr_archive_only_000025,Dzhanibekov Effect / Tennis Racket Theorem,media/vdcr_raw_pilot_v1/vdcr_archive_only_000025.mp4,media/vdcr_frames_pilot_v1/vdcr_archive_only_000025/contact_sheet.jpg,revise,trim_intro_text_leak,5,34,"Dynamic mechanism appears relevant, but the opening title directly reveals The Dzhanibekov Effect; trim intro and re-check for remaining text."
vdcr_archive_b02_000052,Elastico / Flip Flap,media/vdcr_raw_pilot_v1/vdcr_archive_b02_000052.mp4,media/vdcr_frames_pilot_v1/vdcr_archive_b02_000052/contact_sheet.jpg,reject,wrong_sense_retrieval,0,0,"Search matched Portuguese/Spanish 'elastic' flexibility performance, not the soccer Elastico / Flip Flap technique."
vdcr_archive_b02_000056,Elastico / Flip Flap,,,reject,wrong_sense_retrieval,0,0,"Search matched Flip Flap and Fly cartoon/song title, not the soccer Elastico / Flip Flap technique."
vdcr_archive_b03_000021,Phototropism,media/vdcr_raw_pilot_v1/vdcr_archive_b03_000021.webm,media/vdcr_frames_pilot_v1/vdcr_archive_b03_000021/contact_sheet.jpg,revise,text_overlay_heavy,0,0,"Plant growth dynamics are relevant, but large explanatory text covers the full clip; use only as source lead, not as benchmark sample."
vdcr_archive_b02_000010,Briggs-Rauscher Reaction,media/vdcr_raw_pilot_v1/vdcr_archive_b02_000010.mp4,media/vdcr_frames_pilot_v1/vdcr_archive_b02_000010/contact_sheet.jpg,revise,trim_setup_text_overlay,30,60,"Reaction dynamics appear relevant; first half has reagent overlay labels, so prefer later color-oscillation segment and re-check leakage."
vdcr_archive_b03_000057,Fire-Whirl Vortex Formation,media/vdcr_raw_pilot_v1/vdcr_archive_b03_000057.ogv,media/vdcr_frames_pilot_v1/vdcr_archive_b03_000057/contact_sheet.jpg,revise,text_overlay_heavy,0,0,"Fire-whirl vortex formation is visually clear, but news captions, credits, and watermarks are heavy; seek raw/no-overlay footage or crop if possible."
vdcr_archive_b03_000028,Cytoplasmic Streaming,media/vdcr_raw_pilot_v1/vdcr_archive_b03_000028.mp4,media/vdcr_frames_pilot_v1/vdcr_archive_b03_000028/contact_sheet.jpg,review,object_label_overlay,0,134,"Amoeba movement and internal streaming are visible, but labels such as Amoeba/pseudopodia/contractile vacuoles give strong biological cues; needs stricter leakage review."
vdcr_archive_b04_000009,Damped Oscillation,media/vdcr_raw_pilot_v1/vdcr_archive_b04_000009.ogv,media/vdcr_frames_pilot_v1/vdcr_archive_b04_000009/contact_sheet.jpg,reject,lecture_video_not_process,0,0,Lecture/whiteboard explanation rather than a clean phenomenon video; formulas and website text are visible.
vdcr_archive_b04_000014,Double Pendulum Chaos,media/vdcr_raw_pilot_v1/vdcr_archive_b04_000014.mp4,media/vdcr_frames_pilot_v1/vdcr_archive_b04_000014/contact_sheet.jpg,revise,trim_intro_text_leak,3,145,"Dynamic process is strong, but opening title directly says Chaotic Behavior / Double Pendulum; trim initial title and re-check."
vdcr_archive_only_000025_seg_005000_034000,Dzhanibekov Effect / Tennis Racket Theorem,media/vdcr_segments_pilot_v1/vdcr_archive_only_000025_seg_005000_034000.mp4,media/vdcr_segment_frames_pilot_v1/vdcr_archive_only_000025_seg_005000_034000/contact_sheet.jpg,pass_candidate,segment_ready_for_license_check,0,29,Trimmed segment removes the opening title; visible object undergoes intermediate-axis flip dynamics without answer text.
vdcr_archive_b02_000010_seg_030000_060000,Briggs-Rauscher Reaction,media/vdcr_segments_pilot_v1/vdcr_archive_b02_000010_seg_030000_060000.mp4,media/vdcr_segment_frames_pilot_v1/vdcr_archive_b02_000010_seg_030000_060000/contact_sheet.jpg,pass_candidate,segment_ready_for_license_check,0,30,"Trimmed segment removes setup reagent labels; visible liquid repeatedly changes between blue and yellow states, showing oscillating reaction dynamics."
vdcr_archive_b04_000014_seg_003000_145000,Double Pendulum Chaos,media/vdcr_segments_pilot_v1/vdcr_archive_b04_000014_seg_003000_145000.mp4,media/vdcr_segment_frames_pilot_v1/vdcr_archive_b04_000014_seg_003000_145000/contact_sheet.jpg,pass_candidate,segment_ready_for_license_check,0,142,Trimmed segment removes title card; double-pendulum apparatus exhibits nonperiodic trajectory changes without answer text.
vdcr_archive_only_000005,Rayleigh-Taylor Instability,media/vdcr_raw_pilot_v1/vdcr_archive_only_000005.ogv,media/vdcr_frames_pilot_v1/vdcr_archive_only_000005/contact_sheet.jpg,review,duplicate_visualization_with_overlay,0,15,"Relevant Rayleigh-Taylor visualization, but similar to existing candidates and includes colorbar/time overlays; defer unless more physics coverage is needed."
vdcr_archive_only_000002,Rayleigh-Taylor Instability,media/vdcr_raw_pilot_v1/vdcr_archive_only_000002.ogv,media/vdcr_frames_pilot_v1/vdcr_archive_only_000002/contact_sheet.jpg,review,duplicate_visualization_with_overlay,0,16,"Relevant Rayleigh-Taylor visualization, but similar to existing candidates and includes colorbar/time overlays; defer unless more physics coverage is needed."
vdcr_archive_b02_000045,Murmuration,media/vdcr_raw_pilot_v1/vdcr_archive_b02_000045.ogv,media/vdcr_frames_pilot_v1/vdcr_archive_b02_000045/contact_sheet.jpg,pass_candidate,ready_for_license_check,0,100,Clean starling flock footage with no text leakage; the dynamic collective flocking pattern is visible over time.
vdcr_archive_b05_000008,Diffusion Flame,media/vdcr_raw_pilot_v1/vdcr_archive_b05_000008.ogv,media/vdcr_frames_pilot_v1/vdcr_archive_b05_000008/contact_sheet.jpg,pass_candidate,ready_for_license_check,0,10,Clean laminar jet diffusion flame footage; flame forms and stabilizes without answer text.
vdcr_archive_b05_000007,Diffusion Flame,media/vdcr_raw_pilot_v1/vdcr_archive_b05_000007.ogv,media/vdcr_frames_pilot_v1/vdcr_archive_b05_000007/contact_sheet.jpg,review,text_overlay_midclip,0,21,Relevant diffusion flame footage but includes an explanatory text card; lower priority than the cleaner diffusion flame clip.
vdcr_archive_b05_000047,Eskimo Roll / Kayak Roll,media/vdcr_raw_pilot_v1/vdcr_archive_b05_000047.ogv,media/vdcr_frames_pilot_v1/vdcr_archive_b05_000047/contact_sheet.jpg,pass_candidate,ready_for_license_check,0,50,Clean kayak roll sequence with clear capsize and recovery dynamics; use with controlled sampling because it is a specialized action concept.
vdcr_archive_only_000004,Rayleigh-Taylor Instability,media/vdcr_raw_pilot_v1/vdcr_archive_only_000004.ogv,media/vdcr_frames_pilot_v1/vdcr_archive_only_000004/contact_sheet.jpg,review,duplicate_visualization_answer_text,0,17,"Relevant instability visualization, but bottom labels appear to reveal Rayleigh-Taylor-related answer text and the clip duplicates existing visualization candidates; defer for final samples."
vdcr_archive_b08_000009,Coronal Mass Ejection,media/vdcr_raw_pilot_v1/vdcr_archive_b08_000009.mp4,media/vdcr_frames_pilot_v1/vdcr_archive_b08_000009/contact_sheet.jpg,pass_candidate,ready_for_license_check,0,5.2,Clean coronagraph time series with expanding coronal outflow; timestamp overlay is present but does not reveal the concept name.
vdcr_archive_b08_000002,Magnetic Reconnection,media/vdcr_raw_pilot_v1/vdcr_archive_b08_000002.ogv,media/vdcr_frames_pilot_v1/vdcr_archive_b08_000002/contact_sheet.jpg,pass_candidate,ready_for_license_check,0,15.6,Focused scientific animation of field-line topology changing and energy release; no answer text is visible in the frames.
vdcr_archive_b08_000003,Magnetic Reconnection,media/vdcr_raw_pilot_v1/vdcr_archive_b08_000003.ogv,media/vdcr_frames_pilot_v1/vdcr_archive_b08_000003/contact_sheet.jpg,review,composite_duplicate_lower_priority,0,30.9,Composite CME-to-magnetosphere animation is relevant but less focused than the cleaner magnetic reconnection clip; defer to avoid duplicate and mixed-target samples.
vdcr_archive_b08_000006,Solar Prominence Eruption,media/vdcr_raw_pilot_v1/vdcr_archive_b08_000006.mp4,media/vdcr_frames_pilot_v1/vdcr_archive_b08_000006/contact_sheet.jpg,revise,trim_black_frames_and_far_shots,25,50,"Solar prominence eruption is visible without answer text, but the full clip contains long black/far-shot intervals; trim to the close solar-limb eruption sequence before passing."
vdcr_archive_b08_000006_seg_025000_050000,Solar Prominence Eruption,media/vdcr_segments_pilot_v1/vdcr_archive_b08_000006_seg_025000_050000.mp4,media/vdcr_segment_frames_pilot_v1/vdcr_archive_b08_000006_seg_025000_050000/contact_sheet.jpg,pass_candidate,segment_ready_for_license_check,0,25,Trimmed segment removes black/far-shot intervals; close solar-limb footage shows prominence eruption dynamics without answer text.
vdcr_archive_b07_000003,Wall Cloud Rotation,media/vdcr_raw_pilot_v1/vdcr_archive_b07_000003.ogv,media/vdcr_frames_pilot_v1/vdcr_archive_b07_000003/contact_sheet.jpg,review,manual_video_motion_check,0,30,"Clean supercell/wall-cloud footage without answer text, but contact sheet alone does not prove visible rotation; needs real-time playback or optical-flow review before pass."
vdcr_archive_b03_000050,Pyroclastic Density Current,media/vdcr_raw_pilot_v1/vdcr_archive_b03_000050.mp4,media/vdcr_frames_pilot_v1/vdcr_archive_b03_000050/contact_sheet.jpg,reject,wrong_sense_retrieval,0,0,"Search matched Herculaneum/Roman artifact imagery, not a pyroclastic density current dynamic process."
vdcr_archive_b03_000051,Pyroclastic Density Current,media/vdcr_raw_pilot_v1/vdcr_archive_b03_000051.mp4,media/vdcr_frames_pilot_v1/vdcr_archive_b03_000051/contact_sheet.jpg,reject,wrong_sense_retrieval,0,0,"Search matched Herculaneum paintings/artifact imagery, not a pyroclastic density current dynamic process."
vdcr_archive_b03_000052,Pyroclastic Density Current,media/vdcr_raw_pilot_v1/vdcr_archive_b03_000052.mp4,media/vdcr_frames_pilot_v1/vdcr_archive_b03_000052/contact_sheet.jpg,reject,wrong_sense_retrieval,0,0,"Search matched Herculaneum decorative/artifact imagery, not a pyroclastic density current dynamic process."
vdcr_archive_b03_000053,Pyroclastic Density Current,media/vdcr_raw_pilot_v1/vdcr_archive_b03_000053.mp4,media/vdcr_frames_pilot_v1/vdcr_archive_b03_000053/contact_sheet.jpg,reject,wrong_sense_retrieval,0,0,"Search matched Herculaneum bronze sculpture imagery, not a pyroclastic density current dynamic process."
vdcr_archive_b03_000054,Slab Avalanche Release,media/vdcr_raw_pilot_v1/vdcr_archive_b03_000054.ogv,media/vdcr_frames_pilot_v1/vdcr_archive_b03_000054/contact_sheet.jpg,revise,trim_title_and_credits,300,390,"Historical avalanche dynamics film contains real snow-avalanche motion, but full clip has title and credits; use a middle avalanche-motion segment without text."
vdcr_archive_b07_000006,Rip Current Channel Formation,media/vdcr_raw_pilot_v1/vdcr_archive_b07_000006.mp4,media/vdcr_frames_pilot_v1/vdcr_archive_b07_000006/contact_sheet.jpg,reject,interview_not_process_video,0,0,Lifeguard interview/intro footage rather than a visible rip-current channel formation process.
vdcr_archive_b08_000018,Fault Rupture Propagation,media/vdcr_raw_pilot_v1/vdcr_archive_b08_000018.mp4,media/vdcr_frames_pilot_v1/vdcr_archive_b08_000018/contact_sheet.jpg,reject,text_and_diagram_leakage,0,0,"Educational animation has labels, arrows, plots, and player controls that reveal the fault/slip-pulse concept; not a clean direct-answer sample."
vdcr_archive_b07_000014,Glacier Surge,media/vdcr_raw_pilot_v1/vdcr_archive_b07_000014.mp4,media/vdcr_frames_pilot_v1/vdcr_archive_b07_000014/contact_sheet.jpg,reject,wrong_sense_retrieval,0,0,"Search matched a crime/news mugshot clip, not glacier surge dynamics."
vdcr_archive_b07_000022,Spot Fire Propagation,media/vdcr_raw_pilot_v1/vdcr_archive_b07_000022.mp4,media/vdcr_frames_pilot_v1/vdcr_archive_b07_000022/contact_sheet.jpg,reject,wrong_sense_retrieval,0,0,"Search matched a coronavirus/self-recorded clip, not spot-fire propagation."
vdcr_archive_b03_000054_seg_300000_390000,Slab Avalanche Release,media/vdcr_segments_pilot_v1/vdcr_archive_b03_000054_seg_300000_390000.ogv,media/vdcr_segment_frames_pilot_v1/vdcr_archive_b03_000054_seg_300000_390000/contact_sheet.jpg,pass_candidate,segment_ready_for_license_check,0,90,Trimmed segment removes title and credits; footage shows snow slab/avalanche release and downslope propagation without answer text.
vdcr_archive_b02_000009,Belousov-Zhabotinsky Reaction,media/vdcr_raw_pilot_v1/vdcr_archive_b02_000009.mp4,media/vdcr_frames_pilot_v1/vdcr_archive_b02_000009/contact_sheet.jpg,review,duplicate_lower_priority_with_speed_overlays,0,60,"Relevant BZ reaction footage with visible reaction-diffusion ring patterns, but it includes bottle labels and speed overlays; lower priority than the cleaner reactions-only clip."
vdcr_archive_b02_000007,Belousov-Zhabotinsky Reaction,media/vdcr_raw_pilot_v1/vdcr_archive_b02_000007.webm,media/vdcr_frames_pilot_v1/vdcr_archive_b02_000007/contact_sheet.jpg,revise,trim_to_clean_pattern_sequence,0,90,Clean BZ reaction dish footage with ring/spiral chemical wave dynamics and no visible answer text; trim a shorter segment for benchmark use.
vdcr_archive_b02_000006,Iodine Clock Reaction,media/vdcr_raw_pilot_v1/vdcr_archive_b02_000006.mp4,media/vdcr_frames_pilot_v1/vdcr_archive_b02_000006/contact_sheet.jpg,review,text_and_formula_overlay,0,300,"Relevant iodine-clock setup and color-change chemistry, but dense reagent labels, instructional captions, and a reaction equation overlay make it risky for direct-answer release."
vdcr_archive_b04_000039,Crystal Nucleation,media/vdcr_raw_pilot_v1/vdcr_archive_b04_000039.mp4,media/vdcr_frames_pilot_v1/vdcr_archive_b04_000039/contact_sheet.jpg,reject,lecture_explainer_not_clean_process,0,0,"Mostly explainer footage with people, molecular models, and slides; not a clean crystal nucleation dynamic process video."
vdcr_archive_b04_000040,Crystal Nucleation,media/vdcr_raw_pilot_v1/vdcr_archive_b04_000040.webm,media/vdcr_frames_pilot_v1/vdcr_archive_b04_000040/contact_sheet.jpg,reject,food_explainer_not_target_process,0,0,Food/flash-freezing explainer with people and contextual text; not a clean crystal nucleation direct-answer sample.
vdcr_archive_b05_000002,Reaction-Diffusion Wave,media/vdcr_raw_pilot_v1/vdcr_archive_b05_000002.mp4,media/vdcr_frames_pilot_v1/vdcr_archive_b05_000002/contact_sheet.jpg,reject,wrong_sense_retrieval,0,0,"Search matched animated character/art footage, not a reaction-diffusion wave process."
vdcr_archive_b05_000015,Gel Swelling,media/vdcr_raw_pilot_v1/vdcr_archive_b05_000015.mp4,media/vdcr_frames_pilot_v1/vdcr_archive_b05_000015/contact_sheet.jpg,reject,medical_stock_ad_not_process,0,0,Medical stock/ad footage with watermarks and symptom text; not gel swelling dynamics.
vdcr_archive_b02_000007_seg_000000_090000,Belousov-Zhabotinsky Reaction,media/vdcr_segments_pilot_v1/vdcr_archive_b02_000007_seg_000000_090000.webm,media/vdcr_segment_frames_pilot_v1/vdcr_archive_b02_000007_seg_000000_090000/contact_sheet.jpg,pass_candidate,segment_ready_for_license_check,0,90,Trimmed segment shows BZ reaction-diffusion ring/spiral chemical-wave dynamics in a dish without answer text.
vdcr_archive_earth_000008,Pahoehoe Lava Roping,media/vdcr_raw_pilot_v1/vdcr_archive_earth_000008.mp4,media/vdcr_frames_pilot_v1/vdcr_archive_earth_000008/contact_sheet.jpg,revise,trim_to_ropy_lava_sequence,1825,1860,"Kilauea film contains real ropy pahoehoe lava surface and advancing flow, but the full clip includes maps, captions, and credits; trim the clean ropy-lava sequence."
vdcr_archive_earth_000010,Aa Lava Front Advance,media/vdcr_raw_pilot_v1/vdcr_archive_earth_000010.ogv,media/vdcr_frames_pilot_v1/vdcr_archive_earth_000010/contact_sheet.jpg,review,manual_specificity_check,0,1007,"Real volcano/lava footage without heavy text, but contact sheets do not prove a clean blocky aa lava front advance segment; keep as source lead."
vdcr_archive_earth_000013,Ice Cliff Calving,media/vdcr_raw_pilot_v1/vdcr_archive_earth_000013.mp4,media/vdcr_frames_pilot_v1/vdcr_archive_earth_000013/contact_sheet.jpg,reject,label_and_credit_heavy_visualization,0,0,"NASA cryosphere visualization contains extensive labels, dates, and credits; not a clean ice-cliff calving direct-answer sample."
vdcr_archive_earth_000014,Ice Cliff Calving,media/vdcr_raw_pilot_v1/vdcr_archive_earth_000014.mp4,media/vdcr_frames_pilot_v1/vdcr_archive_earth_000014/contact_sheet.jpg,revise,trim_to_calving_sequence,42,60,Greenland footage contains a clean glacier-front collapse/calving sequence near 42-60s; trim before passing.
vdcr_archive_earth_000020,Dune Slip-Face Avalanche,,media/vdcr_frames_pilot_v1/vdcr_archive_earth_000020/contact_sheet.jpg,reject,download_failed_unauthorized,0,0,"Archive direct media returned HTTP 401 Unauthorized, so the candidate cannot be reviewed or released from this source."
vdcr_archive_earth_000029,Debris-Flow Surge Propagation,media/vdcr_raw_pilot_v1/vdcr_archive_earth_000029.ogv,media/vdcr_frames_pilot_v1/vdcr_archive_earth_000029/contact_sheet.jpg,reject,news_aftermath_not_clean_dynamic_process,0,0,"News footage shows landslide/mudflow aftermath, rescue work, watermarks, and captions, but not a clean debris-flow surge propagation sequence."
vdcr_archive_earth_000034,Downburst / Microburst Outflow,media/vdcr_raw_pilot_v1/vdcr_archive_earth_000034.ogv,media/vdcr_frames_pilot_v1/vdcr_archive_earth_000034/contact_sheet.jpg,reject,captioned_explainer_not_clean_process,0,0,"NASA explainer has interview shots, cockpit footage, and large captions mentioning microburst/wind currents; not a clean direct-answer sample."
vdcr_archive_earth_000008_seg_1825000_1860000,Pahoehoe Lava Roping,media/vdcr_segments_pilot_v1/vdcr_archive_earth_000008_seg_1825000_1860000.mp4,media/vdcr_segment_frames_pilot_v1/vdcr_archive_earth_000008_seg_1825000_1860000/contact_sheet.jpg,pass_candidate,segment_ready_for_license_check,0,35,Trimmed segment removes maps/captions and shows ropy pahoehoe lava surface/flow dynamics without answer text.
vdcr_archive_earth_000014_seg_042000_055000,Ice Cliff Calving,media/vdcr_segments_pilot_v1/vdcr_archive_earth_000014_seg_042000_055000.mp4,media/vdcr_segment_frames_pilot_v1/vdcr_archive_earth_000014_seg_042000_055000/contact_sheet.jpg,pass_candidate,segment_ready_for_license_check,0,13,Trimmed segment removes the later title card and shows ice cliff detachment/collapse into water without answer text.
vdcr_archive_b02_000006_seg_270000_280000_crop,Iodine Clock Reaction,media/vdcr_segments_pilot_v1/vdcr_archive_b02_000006_seg_270000_280000_crop.mp4,media/vdcr_segment_frames_pilot_v1/vdcr_archive_b02_000006_seg_270000_280000_crop/contact_sheet.jpg,pass_candidate,segment_ready_for_license_check,0,10,Cropped segment removes bottom subtitles and setup labels; flask contents undergo a delayed sudden dark color transition without answer text.
vdcr_archive_b03_000028_seg_075000_115000,Cytoplasmic Streaming,media/vdcr_segments_pilot_v1/vdcr_archive_b03_000028_seg_075000_115000.mp4,media/vdcr_segment_frames_pilot_v1/vdcr_archive_b03_000028_seg_075000_115000/contact_sheet.jpg,pass_candidate,segment_ready_for_license_check,0,40,Trimmed segment removes earlier teaching labels; close microscopy shows intracellular granule/endoplasm motion and cell-shape change without answer text.
vdcr_archive_b03_000027,Thigmonasty,media/vdcr_raw_pilot_v1/vdcr_archive_b03_000027.mp4,media/vdcr_frames_pilot_v1/vdcr_archive_b03_000027/contact_sheet.jpg,pass_candidate,ready_for_license_check,0,12.9,"Clean Mimosa pudica touch-response clip; leaflets fold after finger contact with no visible concept text, instantiating touch-induced nastic movement."
vdcr_archive_b03_000025,Thigmonasty,media/vdcr_raw_pilot_v1/vdcr_archive_b03_000025.mp4,media/vdcr_frames_pilot_v1/vdcr_archive_b03_000025/contact_sheet.jpg,review,duplicate_concept_lower_priority,0,36.1,"Clean Mimosa pudica touch-response footage, but not admitted because vdcr_archive_b03_000027 is shorter and already covers Thigmonasty."
vdcr_archive_b03_000026,Thigmonasty,media/vdcr_raw_pilot_v1/vdcr_archive_b03_000026.mp4,media/vdcr_frames_pilot_v1/vdcr_archive_b03_000026/contact_sheet.jpg,review,duplicate_concept_lower_priority,0,21.1,"Clean Mimosa pudica touch-response footage, but not admitted because vdcr_archive_b03_000027 is shorter and already covers Thigmonasty."
vdcr_archive_b02_000004,Shear Thickening,media/vdcr_raw_pilot_v1/vdcr_archive_b02_000004.mp4,media/vdcr_frames_pilot_v1/vdcr_archive_b02_000004/contact_sheet.jpg,revise,find_clean_non_newtonian_window,0,0,"Source contains relevant shear-thickening/non-Newtonian material tests but has many scene cuts, captions, product shots, and unrelated military footage; requires a short clean dynamic segment."
vdcr_archive_only_000022,Gyroscopic Precession,media/vdcr_raw_pilot_v1/vdcr_archive_only_000022.mp4,media/vdcr_frames_pilot_v1/vdcr_archive_only_000022/contact_sheet.jpg,reject,animation_text_and_mixed_target,0,0,Gyro-X explainer has watermark/text cards and focuses on vehicle explanation rather than a clean gyroscopic-precession process.
vdcr_archive_only_000023,Gyroscopic Precession,media/vdcr_raw_pilot_v1/vdcr_archive_only_000023.mp4,media/vdcr_frames_pilot_v1/vdcr_archive_only_000023/contact_sheet.jpg,reject,text_label_leakage,0,0,"Gyroscope explainer repeatedly overlays Angular Momentum, Torque, Force, and Gyroscope labels; not a clean direct-answer sample."
vdcr_archive_b02_000003,Rayleigh-Benard Convection,media/vdcr_raw_pilot_v1/vdcr_archive_b02_000003.mp4,media/vdcr_frames_pilot_v1/vdcr_archive_b02_000003/contact_sheet.jpg,reject,text_and_plot_visualization,0,0,"Visualization contains title text, axes, Lorenz attractor plots, and temperature labels; too much explicit scientific context for VDCR direct-answer release."
vdcr_archive_b02_000032,Jet Propulsion Swimming,media/vdcr_raw_pilot_v1/vdcr_archive_b02_000032.mp4,media/vdcr_frames_pilot_v1/vdcr_archive_b02_000032/contact_sheet.jpg,reject,static_octopus_not_jet_propulsion,0,0,Footage mostly shows a stationary octopus with title/branding; contact sheet does not show a jet-propulsion swimming event.
vdcr_archive_b03_000038,Gastrulation,media/vdcr_raw_pilot_v1/vdcr_archive_b03_000038.mp4,media/vdcr_frames_pilot_v1/vdcr_archive_b03_000038/contact_sheet.jpg,review,possible_clean_embryo_window,0,950,"Historical amphibian embryo film includes potentially useful cleavage/gastrulation-like morphology sequences, but needs playback-level segment search and concept disambiguation before passing."
vdcr_archive_b03_000020,Phototropism,media/vdcr_raw_pilot_v1/vdcr_archive_b03_000020.ogv,media/vdcr_frames_pilot_v1/vdcr_archive_b03_000020/contact_sheet.jpg,reject,teaching_film_mixed_processes,0,0,Teaching film mixes multiple plant/animal demonstrations and lab apparatus; not a clean phototropism-only direct-answer sample.
vdcr_archive_b03_000060,Tidal Bore,media/vdcr_raw_pilot_v1/vdcr_archive_b03_000060.ogv,media/vdcr_frames_pilot_v1/vdcr_archive_b03_000060/contact_sheet.jpg,reject,educational_tide_explainer_not_tidal_bore,0,0,"Clip is a general tides educational film with diagrams and text, not clean footage of tidal-bore propagation."
vdcr_archive_b05_000001,Reaction-Diffusion Wave,media/vdcr_raw_pilot_v1/vdcr_archive_b05_000001.mp4,media/vdcr_frames_pilot_v1/vdcr_archive_b05_000001/contact_sheet.jpg,review,synthetic_visualization_specificity_check,0,900,"Dynamic reaction-diffusion-like visual patterns are present, but source appears to be synthetic audiovisual art; needs specificity and leakage review before benchmark use."
vdcr_archive_b02_000004_seg_178000_196000,Shear Thickening,media/vdcr_segments_pilot_v1/vdcr_archive_b02_000004_seg_178000_196000.mp4,media/vdcr_segment_frames_pilot_v1/vdcr_archive_b02_000004_seg_178000_196000/contact_sheet.jpg,pass_candidate,segment_ready_for_license_check,0,18,Trimmed segment removes graph/title/ad scenes; hand rapidly stirs and grabs oobleck-like suspension that behaves solid under shear and then flows without answer text.
vdcr_archive_earth_000010_seg_120000_145000,Aa Lava Front Advance,media/vdcr_segments_pilot_v1/vdcr_archive_earth_000010_seg_120000_145000.ogv,media/vdcr_segment_frames_pilot_v1/vdcr_archive_earth_000010_seg_120000_145000/contact_sheet.jpg,pass_candidate,segment_ready_for_license_check,0,25,Trimmed segment from a public-domain volcano film shows blocky aa lava front advancing and overturning without title cards or answer text.
vdcr_archive_b03_000057_seg_034000_050000_crop,Fire-Whirl Vortex Formation,media/vdcr_segments_pilot_v1/vdcr_archive_b03_000057_seg_034000_050000_crop.ogv,media/vdcr_segment_frames_pilot_v1/vdcr_archive_b03_000057_seg_034000_050000_crop/contact_sheet.jpg,pass_candidate,segment_ready_for_license_check,0,16,Cropped segment removes news captions and credits; fire column rotates into a visible whirl with no answer text in-frame.
vdcr_commons_mr1_000001_seg_008000_020000,Chemical Garden Growth,media/vdcr_commons_manual_segments_round1_v1/vdcr_commons_mr1_000001_seg_008000_020000.mp4,media/vdcr_commons_manual_clean_segment_frames_round1_v1/vdcr_commons_mr1_000001_seg_008000_020000/contact_sheet.jpg,pass_candidate,commons_segment_ready_for_license_check,0,12,New Commons segment trims title cards and explanatory overlays; visible tubular precipitate structures grow upward over time without answer text.
vdcr_commons_mr1_000002_seg_020000_150000,Blue Bottle Reaction,media/vdcr_commons_manual_segments_round1_v1/vdcr_commons_mr1_000002_seg_020000_150000.mp4,media/vdcr_commons_manual_clean_segment_frames_round1_v1/vdcr_commons_mr1_000002_seg_020000_150000/contact_sheet.jpg,pass_candidate,commons_segment_ready_for_license_check,0,130,"New Commons segment removes the opening whiteboard answer text; flask cycles between blue and colorless states under shaking/resting, supporting the named redox indicator reaction."
vdcr_commons_mr1_000003,Phototropism,media/vdcr_commons_manual_round1_v1/vdcr_commons_mr1_000003.webm,media/vdcr_commons_manual_frames_round1_v1/vdcr_commons_mr1_000003/contact_sheet.jpg,pass_candidate,commons_raw_ready_for_license_check,0,18,New Commons time-lapse shows tomato seedlings changing curvature direction over time toward illumination with no visible answer text.
vdcr_commons_mr1_000004_seg_020000_100000,Tidal Bore,media/vdcr_commons_manual_segments_round1_v1/vdcr_commons_mr1_000004_seg_020000_100000.mp4,media/vdcr_commons_manual_clean_segment_frames_round1_v1/vdcr_commons_mr1_000004_seg_020000_100000/contact_sheet.jpg,pass_candidate,commons_segment_ready_for_license_check,0,80,New Commons segment shows a coherent bore front propagating across the estuary; timestamp overlay remains but does not reveal the answer.
vdcr_commons_mr1_000005,Ciliary Beating,media/vdcr_commons_manual_round1_v1/vdcr_commons_mr1_000005.ogv,media/vdcr_commons_manual_frames_round1_v1/vdcr_commons_mr1_000005/contact_sheet.jpg,reject,wrong_target_immotile_cilia,0,0,"Commons/PLOS source describes DNAI1-deficient epithelial cells with completely immotile cilia, so it is not valid evidence for Ciliary Beating."
vdcr_commons_mr1_000006_seg_020000_055000,Hydraulic Jump,media/vdcr_commons_manual_segments_round1_v1/vdcr_commons_mr1_000006_seg_020000_055000.mp4,media/vdcr_commons_manual_clean_segment_frames_round1_v1/vdcr_commons_mr1_000006_seg_020000_055000/contact_sheet.jpg,pass_candidate,commons_segment_ready_for_license_check,0,35,New Commons segment removes the Russian title card and later schematic; visible circular jump boundary forms around the vertical jet without answer text.
vdcr_commons_mr2_000001,Vortex Shedding / Karman Vortex Street,media/vdcr_commons_manual_round2_v1/vdcr_commons_mr2_000001.ogv,media/vdcr_commons_manual_frames_round2_v1/vdcr_commons_mr2_000001/contact_sheet.jpg,pass_candidate,commons_raw_ready_for_license_check,0,5.2,"New Commons raw clip shows alternating dye-marked vortices shed downstream of a cylinder in a water channel; no answer text is visible, and the concept depends on the temporal alternating wake pattern."
vdcr_commons_mr2_000002,Leidenfrost Droplet Motion,media/vdcr_commons_manual_round2_v1/vdcr_commons_mr2_000002.webm,media/vdcr_commons_manual_frames_round2_v1/vdcr_commons_mr2_000002/contact_sheet.jpg,pass_candidate,commons_raw_ready_for_license_check,0,18,"New Commons raw clip shows water droplets skittering and persisting on a hot metal pan rather than instantly wetting or boiling; no answer text is visible, and the temporal droplet motion is the discriminative cue."
vdcr_commons_mr2_000003,Capillary Breakup,media/vdcr_commons_manual_round2_v1/vdcr_commons_mr2_000003.webm,media/vdcr_commons_manual_frames_round2_v1/vdcr_commons_mr2_000003/contact_sheet.jpg,pass_candidate,commons_raw_ready_for_license_check,0,9.4,"New Commons raw clip shows liquid necking and breakup across capillary flow geometries; the named process is defined by the time-evolving thinning and droplet separation, with no answer text in-frame."
vdcr_commons_mr2_000004,Supercell Mesocyclone Rotation,media/vdcr_commons_manual_round2_v1/vdcr_commons_mr2_000004.webm,media/vdcr_commons_manual_frames_round2_v1/vdcr_commons_mr2_000004/contact_sheet.jpg,pass_candidate,commons_raw_ready_for_license_check,0,10,New Commons/NOAA satellite loop shows coherent rotation in the supercell updraft over time; state boundary overlays remain but do not reveal the answer.
vdcr_commons_mr2_000005,Tornadogenesis,media/vdcr_commons_manual_round2_v1/vdcr_commons_mr2_000005.webm,media/vdcr_commons_manual_frames_round2_v1/vdcr_commons_mr2_000005/contact_sheet.jpg,reject,static_shortcut_too_strong,0,0,"Although the source says the clip shows tornado birth/life/death, the visible funnel creates a strong static shortcut; this risks becoming generic tornado recognition rather than VDCR concept recognition."
vdcr_commons_mr2_000006,Pyroclastic Density Current,media/vdcr_commons_manual_round2_v1/vdcr_commons_mr2_000006.ogv,media/vdcr_commons_manual_frames_round2_v1/vdcr_commons_mr2_000006/contact_sheet.jpg,reject,source_dependent_lab_analogue,0,0,"The movie is a laboratory particle-flow analogue; without the source page, the video itself is closer to a generic dense granular current than a uniquely identifiable pyroclastic density current."
vdcr_commons_mr3_000001,Supercooled Liquid Rapid Crystallization,media/vdcr_commons_manual_round3_v1/vdcr_commons_mr3_000001.ogv,media/vdcr_commons_manual_frames_round3_v1/vdcr_commons_mr3_000001/contact_sheet.jpg,pass_candidate,commons_raw_ready_for_license_check,0,45,"New Commons raw clip shows seeded crystallization rapidly propagating through a supersaturated sodium-acetate solution in a flask; visible setup objects do not reveal the answer, and the temporal spreading front is the discriminative cue."
vdcr_commons_mr3_000002,Liesegang Ring Formation,media/vdcr_commons_manual_round3_v1/vdcr_commons_mr3_000002.webm,media/vdcr_commons_manual_frames_round3_v1/vdcr_commons_mr3_000002/contact_sheet.jpg,pass_candidate,commons_raw_ready_for_license_check,0,31,"New Commons raw clip shows discontinuous horizontal precipitation bands appearing in a gel over time; no in-frame answer text is visible, and the pattern requires temporal band formation rather than a static final image."
vdcr_commons_mr3_000003,Electrodeposition Dendrite Growth,media/vdcr_commons_manual_round3_v1/vdcr_commons_mr3_000003.webm,media/vdcr_commons_manual_frames_round3_v1/vdcr_commons_mr3_000003/contact_sheet.jpg,reject,static_product_not_growth,0,0,"The contact sheet shows existing copper crystals being held/rotated, not electrodeposition growth or a time-evolving dendritic front; background text also creates leakage risk."
vdcr_commons_mr3_000004,Thin-Film Dewetting,media/vdcr_commons_manual_round3_v1/vdcr_commons_mr3_000004.ogv,media/vdcr_commons_manual_frames_round3_v1/vdcr_commons_mr3_000004/contact_sheet.jpg,pass_candidate,commons_raw_ready_for_license_check,0,18,New Commons/PMC supplementary movie shows a film/droplet layer retracting into separated rounded domains over time; x10 and timer overlays remain but do not reveal the answer.
vdcr_commons_mr3_000005,Bistable Snap-Trap Closure,media/vdcr_commons_manual_round3_v1/vdcr_commons_mr3_000005.webm,media/vdcr_commons_manual_frames_round3_v1/vdcr_commons_mr3_000005/contact_sheet.jpg,pass_candidate,commons_raw_ready_for_license_check,0,88,"New Commons time-lapse shows a Venus flytrap lobe closing around prey after contact/capture; no visible answer text, and the dynamic trap closure is required to identify the specialized plant movement."
vdcr_commons_mr3_000006,Bubble-Net Feeding,media/vdcr_commons_manual_round3_v1/vdcr_commons_mr3_000006.webm,media/vdcr_commons_manual_frames_round3_v1/vdcr_commons_mr3_000006/contact_sheet.jpg,review,visual_pass_but_license_review_pending,0,43,"Visually strong bubble-net feeding sequence with a circular bubble wall and coordinated whale surfacing, but Commons marks the external-source license review as pending; do not admit until license/source audit passes."
vdcr_commons_mr3_000007,Gust Front Propagation,media/vdcr_commons_manual_round3_v1/vdcr_commons_mr3_000007.webm,media/vdcr_commons_manual_frames_round3_v1/vdcr_commons_mr3_000007/contact_sheet.jpg,pass_candidate,commons_raw_ready_for_license_check,0,5.1,New Commons/NOAA satellite loop shows a coherent gust-front/outflow boundary expanding away from Gulf thunderstorms; NOAA/CIRA logos remain but do not reveal the answer.
vdcr_commons_mr3_000008,Downburst / Microburst Outflow,media/vdcr_commons_manual_round3_v1/vdcr_commons_mr3_000008.webm,media/vdcr_commons_manual_frames_round3_v1/vdcr_commons_mr3_000008/contact_sheet.jpg,reject,source_dependent_generic_storm,0,0,"The video shows intense rain/wind near buildings, but the visible process is too close to generic storm footage; the downburst label depends heavily on the source description rather than uniquely observable outflow structure."
vdcr_commons_mr3_000009,Crystallization Front Propagation,media/vdcr_commons_manual_round3_v1/vdcr_commons_mr3_000009.webm,media/vdcr_commons_manual_frames_round3_v1/vdcr_commons_mr3_000009/contact_sheet.jpg,reject,text_label_leakage,0,0,"The video repeatedly displays explicit text describing MAPbI3 crystal growth and inverse temperature crystallization, so it is not a clean VDCR direct-answer sample."
vdcr_commons_mr4_000001,Ciliary Beating,media/vdcr_commons_manual_round4_v1/vdcr_commons_mr4_000001.webm,media/vdcr_commons_manual_frames_round4_v1/vdcr_commons_mr4_000001/contact_sheet.jpg,review,visual_motion_check_needed,0,5.5,"Vorticella clip is plausible for ciliary beating or cilia-driven vortex flow, but the contact sheet alone does not prove the rhythmic ciliary motion; inspect full motion before pass."
vdcr_commons_mr4_000002,Microtubule Dynamic Instability,media/vdcr_commons_manual_round4_v1/vdcr_commons_mr4_000002.ogv,media/vdcr_commons_manual_frames_round4_v1/vdcr_commons_mr4_000002/contact_sheet.jpg,pass_candidate,commons_animation_ready_for_license_check,0,13.3,"New Commons scientific animation shows microtubules switching between polymerization growth and depolymerization shrinkage; no answer text is visible, and the named concept depends on the time-evolving grow-collapse sequence."
vdcr_commons_mr4_000003,Calcium Wave Propagation,media/vdcr_commons_manual_round4_v1/vdcr_commons_mr4_000003.ogv,media/vdcr_commons_manual_frames_round4_v1/vdcr_commons_mr4_000003/contact_sheet.jpg,pass_candidate,commons_raw_ready_for_license_check,0,5,"New Commons/PLOS microscopy clip shows green fluorescence propagating through connected cells as a spatial wave after stimulation; no answer text is visible, and the concept requires observing propagation rather than isolated bright cells."
vdcr_commons_mr4_000004,Calcium Wave Propagation,media/vdcr_commons_manual_round4_v1/vdcr_commons_mr4_000004.ogv,media/vdcr_commons_manual_frames_round4_v1/vdcr_commons_mr4_000004/contact_sheet.jpg,reject,duplicate_lower_quality_with_timestamp_overlay,0,0,The movie has visible time labels and the calcium-wave pattern is less clear than vdcr_commons_mr4_000003; reject to avoid duplicate answer and lower-quality source dependence.
vdcr_commons_mr4_000005,Mitotic Chromosome Segregation,media/vdcr_commons_manual_round4_v1/vdcr_commons_mr4_000005.ogv,media/vdcr_commons_manual_frames_round4_v1/vdcr_commons_mr4_000005/contact_sheet.jpg,reject,insufficient_single_cell_sequence,0,0,"The field contains fluorescent chromosomes, but the review frames do not show a clean single-cell alignment-to-separation sequence; the label would depend too much on source description."
vdcr_commons_mr4_000006,Mitotic Chromosome Segregation,media/vdcr_commons_manual_round4_v1/vdcr_commons_mr4_000006.ogv,media/vdcr_commons_manual_frames_round4_v1/vdcr_commons_mr4_000006/contact_sheet.jpg,reject,wrong_visual_target_spindle_not_chromosome_segregation,0,0,The clip mainly shows spindle/cell structure changes and not a stable chromosome segregation sequence; reject rather than hanging the answer on the file title.
vdcr_commons_mr4_000007,Dust Storm Front Propagation,media/vdcr_commons_manual_round4_v1/vdcr_commons_mr4_000007.webm,media/vdcr_commons_manual_frames_round4_v1/vdcr_commons_mr4_000007/contact_sheet.jpg,pass_candidate,commons_raw_ready_for_license_check,0,17.4,"New Commons ground-view clip shows a coherent dust wall advancing across the city and engulfing the camera view; the dynamic front propagation, not the static dust color alone, supports the named concept."
vdcr_commons_mr4_000008,Pyrocumulus Development,media/vdcr_commons_manual_round4_v1/vdcr_commons_mr4_000008.webm,media/vdcr_commons_manual_frames_round4_v1/vdcr_commons_mr4_000008/contact_sheet.jpg,review,source_dependent_subtype_check,0,5.2,"Satellite loop shows smoke and cloud growth near wildfires, but distinguishing pyrocumulus development from generic smoke-plume/cloud evolution may depend on the source title; keep under review."
vdcr_commons_mr4_000009,Dust Storm Front Propagation,media/vdcr_commons_manual_round4_v1/vdcr_commons_mr4_000009.webm,media/vdcr_commons_manual_frames_round4_v1/vdcr_commons_mr4_000009/contact_sheet.jpg,reject,duplicate_false_color_source_dependent,0,0,"False-color satellite loop may show a propagating dust band, but it is less visually direct than vdcr_commons_mr4_000007 and would duplicate the same answer; reject for v1 pass set."
vdcr_commons_mr4_000010,Convective Smoke Plume Rise,media/vdcr_commons_manual_round4_v1/vdcr_commons_mr4_000010.webm,media/vdcr_commons_manual_frames_round4_v1/vdcr_commons_mr4_000010/contact_sheet.jpg,pass_candidate,commons_raw_ready_for_license_check,0,4.1,New Commons/NOAA satellite loop shows multiple wildfire smoke plumes generated from hot spots and spreading upward/downwind over time; the answer is a buoyant smoke-plume dynamic rather than a static smoke map.
vdcr_commons_mr5_000001,Brazil Nut Effect,media/vdcr_commons_manual_round5_v1/vdcr_commons_mr5_000001.webm,media/vdcr_commons_manual_frames_round5_v1/vdcr_commons_mr5_000001/contact_sheet.jpg,pass_candidate,commons_raw_ready_for_license_check,0,18,"New Commons raw clip shows large cereal/nut pieces rising through a vibrated granular mixture to the surface; no answer text is visible, and the concept depends on the time-evolving granular segregation rather than a static package view."
vdcr_commons_mr5_000002,Marangoni-Driven Flow,media/vdcr_commons_manual_round5_v1/vdcr_commons_mr5_000002.ogv,media/vdcr_commons_manual_frames_round5_v1/vdcr_commons_mr5_000002/contact_sheet.jpg,revise,trim_or_crop_text_leakage,2,26,"The experiment is relevant, but the opening title explicitly says Marangoni effect and the dishes contain visible water/soapy solution labels; use only after trimming/cropping removes answer and setup text."
vdcr_commons_mr5_000003,Liquid Bridge Pinch-Off,media/vdcr_commons_manual_round5_v1/vdcr_commons_mr5_000003.webm,media/vdcr_commons_manual_frames_round5_v1/vdcr_commons_mr5_000003/contact_sheet.jpg,pass_candidate,commons_raw_ready_for_license_check,0,7.5,"New Commons reviewed-source clip shows a pendant liquid bridge neck thinning until topological breakup and satellite droplets form; no answer text is visible, and the named concept requires observing the necking-to-pinch-off sequence."
vdcr_commons_mr6_000001,Spinodal Decomposition,media/vdcr_commons_manual_round6_v1/vdcr_commons_mr6_000001.ogv,media/vdcr_commons_manual_frames_round6_v1/vdcr_commons_mr6_000001/contact_sheet.jpg,pass_candidate,commons_simulation_ready_for_license_check,0,23.8,"New Commons/Nature Communications simulation shows initially mixed short rods separating into extended orientation/color domains over time; no answer text is visible, and the named concept requires the temporal demixing trajectory rather than a static final texture."
vdcr_commons_mr6_000002,FRAP Recovery,media/vdcr_commons_manual_round6_v1/vdcr_commons_mr6_000002.ogv,media/vdcr_commons_manual_frames_round6_v1/vdcr_commons_mr6_000002/contact_sheet.jpg,reject,figure_panel_source_dependent,0,0,"The movie is a multi-panel FRAP experiment with visible condition labels, timestamps, red boxes, and scale bars; without the source context it is not a clean direct-answer VDCR sample."
vdcr_commons_mr6_000003,Gravitropism,media/vdcr_commons_manual_round6_v1/vdcr_commons_mr6_000003.webm,media/vdcr_commons_manual_frames_round6_v1/vdcr_commons_mr6_000003/contact_sheet.jpg,reject,competing_phototropism_gravitropism_label,0,0,"The time-lapse is visually clean, but the source describes competition between gravitropism and phototropism with light from below; assigning only Gravitropism would be source-dependent and conceptually ambiguous."
vdcr_commons_mr7_000001,Ciliary Beating,media/vdcr_commons_manual_round7_v1/vdcr_commons_mr7_000001.ogv,media/vdcr_commons_manual_frames_round7_v1/vdcr_commons_mr7_000001/contact_sheet.jpg,review,visual_motion_check_needed,0,13,"Commons/PLOS source describes high-speed slow-motion beating cilia with no visible answer text, but sparse contact-sheet evidence is visually weak; require short video playback review before accepting as a direct-answer VDCR sample."
vdcr_commons_mr7_000002,Metachronal Wave Locomotion,media/vdcr_commons_manual_round7_v1/vdcr_commons_mr7_000002.webm,media/vdcr_commons_manual_frames_round7_v1/vdcr_commons_mr7_000002/contact_sheet.jpg,pass_candidate,commons_scientific_animation_ready_for_license_check,0,14.4,"New Commons reviewed scientific animation shows phase-shifted ciliary beat cycles around a multi-ciliated microswimmer, producing coordinated locomotion; no visible answer text, and the concept requires temporal phase ordering rather than a static ciliate shape."
vdcr_commons_mr7_000003,Meander Neck Cutoff,media/vdcr_commons_manual_round7_v1/vdcr_commons_mr7_000003.gif,media/vdcr_commons_manual_frames_round7_v1/vdcr_commons_mr7_000003/contact_sheet.jpg,revise,crop_or_replace_text_leakage,0,12.6,"The animation shows meander cutoff/oxbow formation, but visible text says Oxbow Lake is formed and Flooding, creating source/answer leakage; use only after cropping or replacing with a no-text version and re-extracting frames."
vdcr_commons_mr8_000001,Pyroclastic Density Current,media/vdcr_commons_manual_segments_round8_v1/vdcr_commons_mr8_000001_noaudio.webm,media/vdcr_commons_manual_frames_round8_v1/vdcr_commons_mr8_000001/contact_sheet.jpg,pass_candidate,commons_public_domain_noaudio_ready_for_license_check,0,25,"New Commons/PHIVOLCS footage shows an explosive eruption producing a dense grey current spreading close to the volcano flank after plume development; visible timestamps and PHIVOLCS watermark do not reveal the target concept, and the admitted local media is a no-audio derivative."
vdcr_commons_mr8_000002,Pyroclastic Density Current,media/vdcr_commons_manual_round8_v1/vdcr_commons_mr8_000002.ogv,media/vdcr_commons_manual_frames_round8_v1/vdcr_commons_mr8_000002/contact_sheet.jpg,reject,lab_analogue_source_dependent,0,0,"The movie is a useful Nature Communications laboratory analogue, but the graph-paper apparatus and air-particle setup make Pyroclastic Density Current too source-dependent for direct-answer VDCR without textual context."
vdcr_commons_mr8_000003,Meander Neck Cutoff,media/vdcr_commons_manual_round8_v1/vdcr_commons_mr8_000003.gif,media/vdcr_commons_manual_frames_round8_v1/vdcr_commons_mr8_000003/contact_sheet.jpg,pass_candidate,commons_satellite_timelapse_ready_for_license_check,0,5.6,"New Commons animated satellite sequence shows meander bends migrating, a neck cutoff forming, and abandoned loop morphology emerging across dated frames; date and scale overlays do not reveal the answer, and the named concept requires the multi-year temporal sequence."
vdcr_commons_mr9_000001,Kelvin-Helmholtz Instability,media/vdcr_commons_manual_round9_v1/vdcr_commons_mr9_000001.ogv,media/vdcr_commons_manual_frames_round9_v1/vdcr_commons_mr9_000001/contact_sheet.jpg,pass_candidate,commons_simulation_ready_for_license_check,0,8.3,"New Commons public-domain simulation cleanly shows shear-interface billows rolling up and mixing over time; no visible answer text, and the named instability requires observing the temporal roll-up sequence."
vdcr_commons_mr9_000002_seg_003000_355000_noaudio,Vortex Ring Formation,media/vdcr_commons_manual_segments_round9_v1/vdcr_commons_mr9_000002_seg_003000_355000_noaudio.mp4,media/vdcr_commons_manual_segment_frames_round9_v1/vdcr_commons_mr9_000002_seg_003000_355000_noaudio/contact_sheet.jpg,pass_candidate,commons_noaudio_segment_ready_for_license_check,0,32.5,New no-audio segment removes the opening schematic/text and shows an X-ray drop-impact sequence where a toroidal vortex ring forms and propagates; the concept depends on the evolving ring trajectory rather than a single splash frame.
vdcr_commons_mr9_000003,Electrodeposition Dendrite Growth,media/vdcr_commons_manual_round9_v1/vdcr_commons_mr9_000003.webm,media/vdcr_commons_manual_frames_round9_v1/vdcr_commons_mr9_000003/contact_sheet.jpg,reject,existing_crystals_not_growth,0,0,The clip shows existing copper crystals being held and rotated rather than dendritic electrodeposition growth over time; it does not instantiate the target dynamic concept.
vdcr_commons_mr9_000004,Bubble-Net Feeding,media/vdcr_commons_manual_segments_round9_v1/vdcr_commons_mr9_000004_noaudio.webm,media/vdcr_commons_manual_frames_round9_v1/vdcr_commons_mr9_000004/contact_sheet.jpg,pass_candidate,commons_noaudio_license_audit_needed,0,43,"New Commons clip shows a bubble curtain forming a ring followed by whales surfacing inside the ring to feed; this is an ecological strategy sequence rather than generic whale motion. Local admitted media is no-audio, but Commons external-source license review remains required before release."
vdcr_commons_mr9_000005,Neutrophil Chemotaxis,media/vdcr_commons_manual_round9_v1/vdcr_commons_mr9_000005.ogv,media/vdcr_commons_manual_frames_round9_v1/vdcr_commons_mr9_000005/contact_sheet.jpg,review,possible_crop_or_gradient_context_needed,0,12,"The microscopy shows migrating neutrophil-like cells, but the orange arrow and gradient interpretation make the target partly source-dependent; review whether cropping or a cleaner source can establish directed chemotaxis without leakage."
vdcr_commons_mr9_000006,Bacterial Swarming Motility,media/vdcr_commons_manual_round9_v1/vdcr_commons_mr9_000006.ogv,media/vdcr_commons_manual_frames_round9_v1/vdcr_commons_mr9_000006/contact_sheet.jpg,reject,trajectory_analysis_not_clean_swarming,0,0,The video primarily shows colored single-cell trajectory overlays on a weak microscopy background; it does not clearly show dense collective surface swarming as a direct-answer visual concept.
vdcr_commons_mr10_000001,Crystallization Front Propagation,media/vdcr_commons_manual_round10_v1/vdcr_commons_mr10_000001.webm,media/vdcr_commons_manual_frames_round10_v1/vdcr_commons_mr10_000001/contact_sheet.jpg,revise,crop_text_and_reassess_concept_specificity,0,0,The time-lapse is relevant but contains visible title/setup text naming crystal growth and crystallization; a lower-field crop still leaves setup text and the target concept is closer to generic crystal growth than a clean crystallization-front sample.
vdcr_commons_mr10_000002,Dendritic Crystal Growth,media/vdcr_commons_manual_round10_v1/vdcr_commons_mr10_000002.gif,media/vdcr_commons_manual_frames_round10_v1/vdcr_commons_mr10_000002/contact_sheet.jpg,pass_candidate,commons_animation_ready_for_license_check,0,2.5,"New Commons public-domain animation cleanly shows branching dendrite arms growing outward over time; no visible answer text, and the target concept requires observing the growth trajectory rather than only a final dendrite shape."
vdcr_commons_mr10_000003,Marangoni-Driven Flow,media/vdcr_commons_manual_round10_v1/vdcr_commons_mr10_000003.ogv,media/vdcr_commons_manual_frames_round10_v1/vdcr_commons_mr10_000003/contact_sheet.jpg,revise,trim_crop_title_labels_and_url,0,0,"The experiment is relevant, but the clip includes an opening title that names Marangoni effect, water/soapy solution labels, and an ending URL; use only after robust trimming/cropping removes all visible setup and answer text."
vdcr_commons_mr10_000004_seg_012000_460000_lowerfoam_noaudio,Ostwald Ripening,media/vdcr_commons_manual_segments_round10_v1/vdcr_commons_mr10_000004_seg_012000_460000_lowerfoam_noaudio.mp4,media/vdcr_commons_manual_segment_frames_round10_v1/vdcr_commons_mr10_000004_seg_012000_460000_lowerfoam_noaudio/contact_sheet.jpg,pass_candidate,commons_noaudio_crop_ready_for_license_check,0,34,New no-audio lower-panel crop removes title text and shows foam coarsening: smaller bubbles disappear while larger bubbles grow and merge over time; the concept requires the temporal size-transfer pattern rather than a static foam texture.
vdcr_commons_mr10_000005,Crystal Nucleation,media/vdcr_commons_manual_round10_v1/vdcr_commons_mr10_000005.ogv,media/vdcr_commons_manual_frames_round10_v1/vdcr_commons_mr10_000005/contact_sheet.jpg,reject,labeled_scientific_visualization_source_dependent,0,0,"The movie is a labeled scientific visualization with time stamps, flow velocities, and before/after pore renderings; it does not cleanly show visually identifiable crystal nucleation without source context."
vdcr_commons_mr11_000001,Downburst / Microburst Outflow,media/vdcr_commons_manual_round11_v1/vdcr_commons_mr11_000001.webm,media/vdcr_commons_manual_frames_round11_v1/vdcr_commons_mr11_000001/contact_sheet.jpg,reject,source_dependent_generic_storm,0,0,"The clip shows intense wind and rain around buildings, but the visible evidence is still generic severe-storm footage; a viewer cannot uniquely infer a downburst/microburst outflow boundary without source context."
vdcr_commons_mr11_000002,Tornadogenesis,media/vdcr_commons_manual_round11_v1/vdcr_commons_mr11_000002.webm,media/vdcr_commons_manual_frames_round11_v1/vdcr_commons_mr11_000002/contact_sheet.jpg,review,static_shortcut_and_label_scope_review,0,36,"The time-lapse shows a tornado forming, maturing, and roping out, but the static funnel shortcut is strong and the target label Tornadogenesis may be narrower than the full tornado life cycle; keep under review until a better contrast/gate note is defined."
vdcr_commons_mr11_000003,Axonal Transport,media/vdcr_commons_manual_round11_v1/vdcr_commons_mr11_000003.ogv,media/vdcr_commons_manual_frames_round11_v1/vdcr_commons_mr11_000003/contact_sheet.jpg,pass_candidate,commons_raw_ready_for_license_check,0,20,"New Commons/PLOS microscopy movie shows fluorescent puncta moving directionally along long axonal processes; no answer text is visible, and the concept requires observing transport trajectories rather than a static field of green particles."
vdcr_commons_mr11_000004,Phagocytosis,media/vdcr_commons_manual_round11_v1/vdcr_commons_mr11_000004.webm,media/vdcr_commons_manual_frames_round11_v1/vdcr_commons_mr11_000004/contact_sheet.jpg,pass_candidate,commons_raw_ready_for_license_check,0,57.8,"New Commons microscopy video shows a neutrophil-like cell searching, contacting, deforming around, and absorbing a bacterium among red blood cells; no patient-identifiable information or answer text is visible, and the named concept depends on the engulfment sequence."
vdcr_commons_mr12_000001,Debris-Flow Surge Propagation,media/vdcr_commons_manual_round12_v1/vdcr_commons_mr12_000001.webm,,reject,technical_duration_probe_failed_duplicate_answer,0,0,"The long Commons debris-flow source has ffprobe duration N/A for the current extractor and would duplicate the cleaner Bondo segment admitted for the same answer; keep only as traceable source lead, not as a pass sample."
vdcr_commons_mr12_000002_seg_000000_040000_noaudio,Debris-Flow Surge Propagation,media/vdcr_commons_manual_segments_round12_v1/vdcr_commons_mr12_000002_seg_000000_040000_noaudio.webm,media/vdcr_commons_manual_segment_frames_round12_v1/vdcr_commons_mr12_000002_seg_000000_040000_noaudio/contact_sheet.jpg,pass_candidate,commons_noaudio_segment_ready_for_license_check,0,40,New no-audio Commons segment shows a coarse debris-laden surge front moving through a village channel with dust and bouldery material advancing over time; the named concept depends on the surge propagation sequence rather than a static muddy deposit.
vdcr_commons_mr12_000003,Plunging Breaker,media/vdcr_commons_manual_round12_v1/vdcr_commons_mr12_000003.gif,media/vdcr_commons_manual_frames_round12_v1/vdcr_commons_mr12_000003/contact_sheet.jpg,pass_candidate,commons_animation_ready_for_license_check,0,8.75,"New Commons wave-flume-derived animation shows the wave crest steepening, pitching forward, curling over, and collapsing into foam; no answer text is visible, and the concept requires the crest-overturning sequence."
vdcr_commons_mr12_000004,Rip Current Formation,media/vdcr_commons_manual_round12_v1/vdcr_commons_mr12_000004.webm,media/vdcr_commons_manual_frames_round12_v1/vdcr_commons_mr12_000004/contact_sheet.jpg,review,source_dependent_flow_direction_check,0,32.7,"The surf-zone clip may show a narrow return channel cutting through breakers, but the contact sheet alone is not strong enough to distinguish rip-current formation from generic surf/backwash; keep under review unless video playback proves offshore-directed channel flow."
vdcr_commons_mr12_000005,Pyrocumulus Development,media/vdcr_commons_manual_round12_v1/vdcr_commons_mr12_000005.webm,media/vdcr_commons_manual_frames_round12_v1/vdcr_commons_mr12_000005/contact_sheet.jpg,pass_candidate,commons_public_domain_satellite_loop_ready_for_license_check,0,5.27,"New Commons/NOAA no-label satellite loop shows wildfire heat sources feeding bright convective cloud billows that grow and expand above smoke plumes; NOAA/CIRA logos do not reveal the answer, and the concept depends on temporal cloud development rather than a static smoke plume."
vdcr_commons_mr12_000006,Seismic Soil Liquefaction,media/vdcr_commons_manual_round12_v1/vdcr_commons_mr12_000006.gif,media/vdcr_commons_manual_frames_round12_v1/vdcr_commons_mr12_000006/contact_sheet.jpg,reject,generic_liquefaction_animation_not_seismic_specific,0,0,The GIF shows a generic particle/water rearrangement schematic but does not visibly instantiate seismic forcing or a field-scale soil-liquefaction sequence; assigning Seismic Soil Liquefaction would depend too much on source context.
vdcr_commons_mr12_000007,Barchan Dune Migration,media/vdcr_commons_manual_round12_v1/vdcr_commons_mr12_000007.webm,media/vdcr_commons_manual_frames_round12_v1/vdcr_commons_mr12_000007/contact_sheet.jpg,reject,title_leakage_and_static_flyover,0,0,The video contains visible title text and appears to be a flyover/zoom of static barchan dunes rather than a time-lapse showing dune migration; reject as text-leaking and not temporally sufficient.
vdcr_commons_mr13_000001,Cavitation Bubble Growth and Collapse,media/vdcr_commons_manual_round13_v1/vdcr_commons_mr13_000001.ogv,media/vdcr_commons_manual_frames_round13_v1/vdcr_commons_mr13_000001/contact_sheet.jpg,pass_candidate,commons_raw_ready_for_license_check,0,56.14,"New Commons transparent gear-pump video shows vapor cavities and bubble clouds appearing, growing, collapsing, and being swept through the gear teeth; no answer text or audio stream is present, and the concept depends on temporal bubble/cloud dynamics rather than a static pump view."
vdcr_commons_mr13_000002,Faraday Waves,media/vdcr_commons_manual_round13_v1/vdcr_commons_mr13_000002.gif,media/vdcr_commons_manual_frames_round13_v1/vdcr_commons_mr13_000002/contact_sheet.jpg,review,source_dependent_bead_template_visualization,0,0,"The GIF shows beads rearranging into repeated nodal-like patterns, but the liquid surface waves themselves are not visually explicit enough; identifying Faraday Waves may depend on source metadata rather than direct video evidence."
vdcr_commons_mr13_000003,Chemical Traffic Light Reaction,media/vdcr_commons_manual_round13_v1/vdcr_commons_mr13_000003.webm,media/vdcr_commons_manual_frames_round13_v1/vdcr_commons_mr13_000003/contact_sheet.jpg,pass_candidate,commons_raw_ready_for_license_check,0,56.62,"New Commons time-lapse shows the same reaction flask cycling through green, red/orange, and yellow-green states after mixing/agitation; no answer text or audio stream is present, and the named concept requires the repeated traffic-light color sequence rather than a single color frame."
vdcr_commons_mr13_000004,Electrodeposition Dendrite Growth,media/vdcr_commons_manual_round13_v1/vdcr_commons_mr13_000004.ogv,media/vdcr_commons_manual_frames_round13_v1/vdcr_commons_mr13_000004/contact_sheet.jpg,reject,electrodeposition_visible_but_not_clear_dendrite_growth,0,0,"The microscopy sequence shows electrodeposit morphology changing along an electrode, but the contact sheet does not show clear branching dendritic growth; assigning Electrodeposition Dendrite Growth would be too source-dependent."
vdcr_commons_mr13_000005,Rayleigh-Taylor Instability,media/vdcr_commons_manual_round13_v1/vdcr_commons_mr13_000005.gif,media/vdcr_commons_manual_frames_round13_v1/vdcr_commons_mr13_000005/contact_sheet.jpg,pass_candidate,commons_simulation_ready_for_license_check,0,0.1,"New Commons public-domain hydrodynamic simulation GIF shows a heavy-over-light interface deforming into rising/falling mushroom plumes and roll-up structures; axes are visible but no answer text is shown, and the concept requires the instability growth sequence."
vdcr_commons_mr13_000006,Cavitation Bubble Growth and Collapse,media/vdcr_commons_manual_round13_v1/vdcr_commons_mr13_000006.ogg,media/vdcr_commons_manual_frames_round13_v1/vdcr_commons_mr13_000006/contact_sheet.jpg,reject,explanatory_animation_text_leakage_and_duplicate_answer,0,0,The animation contains explicit explanatory labels such as Pressure and D.S.T. plus arrows and schematic panels; it is source-dependent and would duplicate the cleaner cavitation pump video for the same answer.
vdcr_commons_mr14_000001_seg_000000_031270_noaudio,Electrolysis Bubble Nucleation and Detachment,media/vdcr_segments_pilot_v1/vdcr_commons_mr14_000001_seg_000000_031270_noaudio.webm,media/vdcr_segment_frames_round14_v1/vdcr_commons_mr14_000001_seg_000000_031270_noaudio/contact_sheet.jpg,pass_candidate,noaudio_segment_ready_for_license_check,0,30.709,"New no-audio segment shows repeated gas bubbles appearing on the electrode surface, growing into visible bubble clouds, and detaching/releasing into the liquid during electrolysis. A single frame can show an electrode and bubbles, but the named concept requires the temporal nucleation-growth-detachment cycle rather than generic bubbling."
vdcr_commons_mr14_000002,Mitotic Chromosome Segregation,media/vdcr_commons_manual_round14_v1/vdcr_commons_mr14_000002.ogv,media/vdcr_commons_manual_frames_round14_v1/vdcr_commons_mr14_000002/contact_sheet.jpg,reject,wrong_scope_chromosome_congression_simulation,0,0,"The video is a simulation of microtubule/kinetochore congression, not a clean chromosome separation sequence. Passing it as Mitotic Chromosome Segregation would depend too much on source metadata and a broader paper title."
vdcr_commons_mr14_000003,Mitotic Chromosome Segregation,media/vdcr_commons_manual_round14_v1/vdcr_commons_mr14_000003.ogv,media/vdcr_commons_manual_frames_round14_v1/vdcr_commons_mr14_000003/contact_sheet.jpg,reject,text_overlay_and_insufficient_chromosome_sequence,0,0,The contact sheet contains visible phase/time overlays and the visual sequence mainly shows whole-cell fluorescence and morphology changes rather than a clearly identifiable chromosome separation trajectory; reject to avoid source-title dependence.
vdcr_commons_mr14_000004_seg_000000_016667_clean,Ciliary Beating,media/vdcr_segments_pilot_v1/vdcr_commons_mr14_000004_seg_000000_016667_clean.webm,media/vdcr_segment_frames_round14_v1/vdcr_commons_mr14_000004_seg_000000_016667_clean/contact_sheet.jpg,pass_candidate,clean_no_metadata_segment_ready_for_license_check,0,16.667,"New clean no-metadata microscopy segment has no audio stream, no answer text, and shows motile cilia along the epithelial edge repeatedly changing waveform across consecutive frames. The concept is not generic cell imaging: it requires observing rhythmic ciliary beat cycles, not a single static view of cilia."
vdcr_commons_mr15_000001,Gyroscopic Precession,media/vdcr_commons_manual_round15_v1/vdcr_commons_mr15_000001.gif,media/vdcr_commons_manual_frames_round15_v1/vdcr_commons_mr15_000001/contact_sheet.jpg,pass_candidate,commons_gif_ready_for_license_check,0,2.1,New public-domain Commons GIF has no answer text and shows a spinning gyroscope whose tilted axis sweeps around in a continuous precessional path. A single frame only shows gyroscope orientation; the named concept requires observing the axis direction changing over time under rotational dynamics.
vdcr_commons_mr15_000002,Coffee-Ring Formation,media/vdcr_commons_manual_round15_v1/vdcr_commons_mr15_000002.ogv,media/vdcr_commons_manual_frames_round15_v1/vdcr_commons_mr15_000002/contact_sheet.jpg,reject,multipanel_labels_and_weak_temporal_evidence,0,0,The video contains repeated PEG/SDS and particle-size labels and appears as a multi-panel comparison. The visible temporal change is too weak to identify Coffee-Ring Formation without relying on the source title or paper context.
vdcr_commons_mr15_000003,FRAP Recovery,media/vdcr_commons_manual_round15_v1/vdcr_commons_mr15_000003.ogv,media/vdcr_commons_manual_frames_round15_v1/vdcr_commons_mr15_000003/contact_sheet.jpg,reject,figure_panel_text_and_source_dependent_frap,0,0,"The video has prominent condition labels, time stamps, scale bars, and red ROI boxes across a figure-like panel. It is a valid FRAP source scientifically, but the clip is not a clean VDCR sample because recognition would rely on experimental-panel context and metadata rather than video-native dynamics."
vdcr_commons_mr15_000004_seg_036000_079000_clean,Turbidity Current Propagation,media/vdcr_segments_pilot_v1/vdcr_commons_mr15_000004_seg_036000_079000_clean.webm,media/vdcr_segment_frames_round15_v1/vdcr_commons_mr15_000004_seg_036000_079000_clean/contact_sheet.jpg,pass_candidate,clean_segment_noncommercial_license_audit_required,0,43.009,"New clean segment shows a dense dyed sediment-laden gravity current propagating through a flume, forming a visible head/body, overtopping a sill, and accelerating down a slope with billowing entrainment. A single frame can show colored water, but the named concept requires the temporal propagation of the turbidity current front; final release must audit the CC BY-NC-SA license."
vdcr_commons_mr15_000005_seg_000000_051000_crop_clean,Nyctinasty,media/vdcr_segments_pilot_v1/vdcr_commons_mr15_000005_seg_000000_051000_crop_clean.webm,media/vdcr_segment_frames_round15_v1/vdcr_commons_mr15_000005_seg_000000_051000_crop_clean/contact_sheet.jpg,pass_candidate,cropped_clean_segment_ready_for_license_check,0,50.88,New cropped clean segment removes the time overlay and shows a flower opening through a continuous plant-organ movement sequence. The concept is not static flower recognition: it requires observing the nastic opening motion over time rather than identifying the plant or final open-flower state.
vdcr_commons_mr16_000001_seg_000000_015206_clean,Flame Front Propagation,media/vdcr_segments_pilot_v1/vdcr_commons_mr16_000001_seg_000000_015206_clean.webm,media/vdcr_segment_frames_round16_v1/vdcr_commons_mr16_000001_seg_000000_015206_clean/contact_sheet.jpg,pass_candidate,clean_noaudio_segment_ready_for_license_check,0,15.2,"New clean no-audio segment shows an ethanol flame/reaction front entering one end of a narrow channel, propagating along the channel, and then fading after the front has traversed the fuel path. A single frame only shows a dark channel or a flame patch; the named concept requires the temporal advance of the flame front rather than generic fire recognition."
vdcr_commons_mr16_000002,Precipitation Front Propagation,media/vdcr_commons_manual_round16_v1/vdcr_commons_mr16_000002.webm,media/vdcr_commons_manual_frames_round16_v1/vdcr_commons_mr16_000002/contact_sheet.jpg,reject,text_overlay_and_no_clean_precipitation_front,0,0,"The source contains prominent German title/instruction/end text and an audio stream. Visually it mainly shows setup/mixing followed by cloudy sodium-sulfate precipitation, not a clean propagating precipitation front; accepting it would rely on source context and would leak text rather than video-native dynamics."
vdcr_commons_mr17_000001,Crown Splash,media/vdcr_commons_manual_round17_v1/vdcr_commons_mr17_000001.webm,media/vdcr_commons_manual_frames_round17_v1/vdcr_commons_mr17_000001/contact_sheet.jpg,reject,advertising_brand_text_and_cgi_source,0,0,"The clip contains prominent Valspar/product branding, an Octavio watermark, and end-card advertising text. Although liquid crown-like shapes are visible, the source is a commercial CGI paint ad rather than a clean video-native physics process."
vdcr_commons_mr17_000002_seg_000000_031371_clean,Metal Displacement Dendrite Growth,media/vdcr_segments_pilot_v1/vdcr_commons_mr17_000002_seg_000000_031371_clean.webm,media/vdcr_segment_frames_round17_v1/vdcr_commons_mr17_000002_seg_000000_031371_clean/contact_sheet.jpg,pass_candidate,clean_noaudio_segment_ready_for_license_check,0,31.364,"New clean no-audio segment shows white/silver dendritic crystal branches extending and thickening on a copper-colored substrate during a metal-displacement reaction. A single frame can show crystals, but the named concept requires observing branching growth over time rather than static crystal morphology."
vdcr_commons_mr17_000003,Mitotic Chromosome Segregation,media/vdcr_commons_manual_round17_v1/vdcr_commons_mr17_000003.ogv,media/vdcr_commons_manual_frames_round17_v1/vdcr_commons_mr17_000003/contact_sheet.jpg,reject,insufficient_clear_chromosome_separation_visual_evidence,0,0,"The microscopy movie has no answer text or audio, but the contact sheet mainly shows a compact fluorescent mass changing shape with scale bars. It does not clearly show chromosomes separating into daughter groups, so accepting it would be too source-title dependent."
vdcr_commons_mr17_000004,Gravitropism,media/vdcr_commons_manual_round17_v1/vdcr_commons_mr17_000004.gif,media/vdcr_commons_manual_frames_round17_v1/vdcr_commons_mr17_000004/contact_sheet.jpg,pass_candidate,commons_animation_ready_for_static_shortcut_audit,0,1.6,"New Commons animation shows a root tip progressively curving relative to downward gravity arrows as asymmetric growth response accumulates along the organ. This is a schematic rather than raw microscopy, but the target is the named plant tropism mechanism; the reviewer should keep the static-diagram shortcut risk visible in final sampling."
vdcr_commons_mr17_000005,Downburst / Microburst Outflow,media/vdcr_commons_manual_round17_v1/vdcr_commons_mr17_000005.webm,media/vdcr_commons_manual_frames_round17_v1/vdcr_commons_mr17_000005/contact_sheet.jpg,reject,generic_wind_rain_no_decisive_outflow_structure,0,0,"The clip shows severe rain and wind around buildings, but the visual evidence is not sufficient to distinguish a downburst/microburst outflow from generic storm winds. The ground-level radial outflow or advancing outflow boundary is not clearly visible."
vdcr_commons_mr17_000006_seg_000000_036218_clean,Tornadogenesis,media/vdcr_segments_pilot_v1/vdcr_commons_mr17_000006_seg_000000_036218_clean.webm,media/vdcr_segment_frames_round17_v1/vdcr_commons_mr17_000006_seg_000000_036218_clean/contact_sheet.jpg,pass_candidate,clean_noaudio_segment_ready_for_strict_static_shortcut_audit,0,36.217,"New clean no-audio time-lapse shows a low rotating cloud base developing a funnel that grows downward into a visible tornado-like vortex and later weakens. A single mature-funnel frame creates some static shortcut risk, but the admitted concept is the formation sequence, so final review should keep the early-to-mature temporal transition as the required evidence."
vdcr_commons_mr17_000007,Rayleigh-Plateau Breakup,media/vdcr_commons_manual_round17_v1/vdcr_commons_mr17_000007.ogv,media/vdcr_commons_manual_frames_round17_v1/vdcr_commons_mr17_000007/contact_sheet.jpg,pass_candidate,commons_silent_video_ready_for_near_neighbor_audit,0,4.0,"New silent Commons video shows a pendant water drop forming a narrowing neck, the neck breaking, and a main drop plus small satellite droplets separating under capillary instability. It is a near neighbor of generic capillary breakup, so final sampling should preserve the Rayleigh-Plateau necking-and-breakup sequence as the discriminative evidence."
vdcr_commons_mr18_000001,Marangoni-Driven Flow,media/vdcr_commons_manual_round18_v1/vdcr_commons_mr18_000001.ogv,media/vdcr_commons_manual_frames_round18_v1/vdcr_commons_mr18_000001/contact_sheet.jpg,pass_candidate,commons_scientific_video_ready_for_license_check,0,5.6,"New Commons/Scientific Reports video shows a surface-tension-gradient-driven interfacial flow: the dyed region and adjacent interface are advected laterally through the field, showing directed Marangoni-driven transport. A single frame only shows a blur or local droplet-like patch; the named concept requires observing directional interfacial flow over time."
vdcr_commons_mr18_000002,Marangoni-Driven Flow,media/vdcr_commons_manual_round18_v1/vdcr_commons_mr18_000002.webm,media/vdcr_commons_manual_frames_round18_v1/vdcr_commons_mr18_000002/contact_sheet.jpg,reject,beautiful_but_source_dependent_freezing_bubble,0,0,"The freezing soap-bubble clip has visible crystallization patterns and an audio stream, but the visual evidence alone is better described as freezing or crystal growth. Identifying Marangoni-Driven Flow would depend too much on the source explanation, so this duplicate backup is rejected."
vdcr_commons_mr18_000003_seg_000000_024000_crop_clean,Weissenberg Rod-Climbing Effect,media/vdcr_segments_pilot_v1/vdcr_commons_mr18_000003_seg_000000_024000_crop_clean.webm,media/vdcr_segment_frames_round18_v1/vdcr_commons_mr18_000003_seg_000000_024000_crop_clean/contact_sheet.jpg,pass_candidate,cropped_clean_segment_license_audit_required,0,24.0,"New cropped clean segment removes the bottom lab text and shows a viscoelastic fluid being dragged upward along a rotating rod, forming a rising annular column instead of a simple inward vortex. A single frame can show the rod and fluid level, but the named concept requires the temporal rod-climbing sequence; final release must audit MIT source rights."
vdcr_commons_mr18_000004,Plasmolysis and Deplasmolysis,media/vdcr_commons_manual_round18_v1/vdcr_commons_mr18_000004.ogv,media/vdcr_commons_manual_frames_round18_v1/vdcr_commons_mr18_000004/contact_sheet.jpg,pass_candidate,commons_microscopy_strict_gate_ready_for_license_check,0,20.787,"New Commons microscopy timelapse shows plant epidermal cells whose internal contents shrink away from the cell walls and then recover or expand, instantiating plasmolysis and deplasmolysis. A single frame is just a plant-cell micrograph; the named concept requires observing the shrinkage-and-recovery sequence."
vdcr_commons_mr18_000005,River Avulsion,media/vdcr_commons_manual_round18_v1/vdcr_commons_mr18_000005.mp4,media/vdcr_commons_manual_frames_round18_v1/vdcr_commons_mr18_000005/contact_sheet.jpg,pass_candidate,google_timelapse_no_label_cc_by_ready_for_license_check,0,3.9,"New no-label Google Earth Timelapse video shows the Kosi River channel network reorganizing as flow shifts from older channels into newly occupied pathways across the fan. A single satellite frame shows braided channels, but the named concept requires observing channel abandonment and relocation over time rather than ordinary static river morphology."
vdcr_commons_mr19_000001,Faraday Waves,media/vdcr_commons_manual_round19_v1/vdcr_commons_mr19_000001.gif,media/vdcr_commons_manual_frames_round19_v1/vdcr_commons_mr19_000001/contact_sheet.jpg,reject,source_dependent_bead_assembly_no_visible_surface_wave,0,0,The GIF mainly shows red microscale beads forming and rearranging patterns while the underlying vibrating liquid surface wave is not visually explicit. Accepting it as Faraday Waves would rely on the source title and experiment context rather than video-native evidence of the wave field.
vdcr_commons_mr19_000002,Electrodeposition Dendrite Growth,media/vdcr_commons_manual_round19_v1/vdcr_commons_mr19_000002.webm,media/vdcr_commons_manual_frames_round19_v1/vdcr_commons_mr19_000002/contact_sheet.jpg,reject,existing_crystals_handled_no_growth,0,0,"The clip shows a hand or packet rotating already-grown copper crystals, not dendrites forming under electrodeposition. There is no visible growth front or electrochemical deposition sequence, so the concept would be inferred from metadata rather than the video."
vdcr_commons_mr19_000003,FRAP Recovery,media/vdcr_commons_manual_round19_v1/vdcr_commons_mr19_000003.ogv,media/vdcr_commons_manual_frames_round19_v1/vdcr_commons_mr19_000003/contact_sheet.jpg,reject,answer_text_frap_roi_leakage,0,0,"The microscopy panel contains visible answer-level text such as FRAP ROI plus time and scale overlays. Although the source is scientifically relevant, VDCR must exclude clips where the target concept can be read from the frame rather than recognized from temporal recovery dynamics."
vdcr_commons_mr19_000004,Glacier Surge,media/vdcr_commons_manual_round19_v1/vdcr_commons_mr19_000004.mp4,media/vdcr_commons_manual_frames_round19_v1/vdcr_commons_mr19_000004/contact_sheet.jpg,pass_candidate,nps_public_domain_strict_long_timescale_gate,0,30,"New NPS time-lapse shows the Muldrow Glacier surge front advancing through the valley, with the ice surface and terminus position changing relative to a fixed mountain foreground. A single frame only shows glacier terrain; the named concept requires observing the surge-phase advance over time. This is a strict long-timescale sample and final release review should verify playback visibility."
vdcr_commons_mr19_000005_seg_000000_003333_crop_clean,Taylor-Couette Vortices,media/vdcr_segments_pilot_v1/vdcr_commons_mr19_000005_seg_000000_003333_crop_clean.webm,media/vdcr_segment_frames_round19_v1/vdcr_commons_mr19_000005_seg_000000_003333_crop_clean/contact_sheet.jpg,pass_candidate,cropped_clean_scientific_visualization_ready_for_license_check,0,3.334,"New cropped clean derivative removes the surrounding formula and parameter panels and preserves the annular helical vortex structure changing in a rotating-cylinder Taylor-Couette system. A single frame shows a colored cylinder-like pattern, but the named concept requires the temporal vortex-pattern dynamics rather than generic simulation imagery."
vdcr_commons_mr19_000006,Crystallization Front Propagation,media/vdcr_commons_manual_round19_v1/vdcr_commons_mr19_000006.webm,media/vdcr_commons_manual_frames_round19_v1/vdcr_commons_mr19_000006/contact_sheet.jpg,pass_candidate,commons_strict_crystallization_front_ready_for_license_check,0,25.73,"New Commons video shows a purple potassium-permanganate solution retreating or clearing while needle-like crystals remain and extend through the field, instantiating a crystallization front moving through the solution. A single frame can show crystals, but the named concept requires observing the front propagation and crystal-growth sequence over time."
vdcr_commons_mr19_000007_seg_000000_036143_crop_clean,Cytokinetic Furrow Ingression,media/vdcr_segments_pilot_v1/vdcr_commons_mr19_000007_seg_000000_036143_crop_clean.webm,media/vdcr_segment_frames_round19_v1/vdcr_commons_mr19_000007_seg_000000_036143_crop_clean/contact_sheet.jpg,pass_candidate,cropped_clean_microscopy_ready_for_license_check,0,36.143,"New cropped clean microscopy segment removes the time overlay and shows a dividing cell forming a narrowing cleavage furrow between two daughter-cell lobes, followed by connection or regression dynamics. A single frame may show two rounded lobes, but the named concept requires observing the furrow constricting over time."
vdcr_commons_mr20_000001,Magnus Effect,media/vdcr_commons_manual_round20_v1/vdcr_commons_mr20_000001.gif,media/vdcr_commons_manual_frames_round20_v1/vdcr_commons_mr20_000001/contact_sheet.jpg,pass_candidate,commons_simulation_gif_strict_ready_for_license_check,0,10.1,New Commons GIF shows a rotating disk-like body interacting with surrounding flow/particle texture and following a laterally deflected path while vortical wake structures form. A single frame only shows a colored disk and flow texture; the named concept requires observing the rotation-coupled trajectory/flow deflection over time.
vdcr_commons_mr20_000002,Gel Swelling,media/vdcr_commons_manual_round20_v1/vdcr_commons_mr20_000002.webm,media/vdcr_commons_manual_frames_round20_v1/vdcr_commons_mr20_000002/contact_sheet.jpg,reject,hydrogel_micropump_device_actuation_not_clear_swelling,0,0,"The clip shows a hydrogel-bar micropump or valve-like device moving between channel walls, but the visible evidence is a device actuation cycle rather than a clear gel swelling or deswelling process. Accepting it would depend too much on the source description and device context."
vdcr_commons_mr20_000003,Crystal Nucleation,media/vdcr_commons_manual_round20_v1/vdcr_commons_mr20_000003.webm,media/vdcr_commons_manual_frames_round20_v1/vdcr_commons_mr20_000003/contact_sheet.jpg,reject,crystal_growth_without_clear_nucleation_onset,0,0,"The microscopy video shows visible crystal growth and changing crystal edges, but the accepted answer would be Crystal Nucleation and the frames do not clearly show new nuclei appearing from an initially nucleus-free field. This is closer to generic crystal growth, which is not a current v1 answer label."
vdcr_commons_mr20_000004,Stomatal Opening and Closing,media/vdcr_commons_manual_round20_v1/vdcr_commons_mr20_000004.ogv,media/vdcr_commons_manual_frames_round20_v1/vdcr_commons_mr20_000004/contact_sheet.jpg,reject,wrong_target_whole_plant_ozone_timelapse_with_text,0,0,"The Commons guard-cell-category video is actually a whole-plant ozone-exposure time-lapse with visible labels such as Ozone exposure, time stamps, and accession names. It does not show guard-cell aperture opening/closing, so it is a wrong-target and text-leaking candidate."
vdcr_commons_mr20_000005,Slime Mold Aggregation,media/vdcr_commons_manual_round20_v1/vdcr_commons_mr20_000005.webm,media/vdcr_commons_manual_frames_round20_v1/vdcr_commons_mr20_000005/contact_sheet.jpg,review,visually_relevant_but_aggregation_vs_expansion_label_uncertain,0,0,"The time-lapse clearly shows slime-mold network/mass expansion and reorganization without text leakage, but the target label Slime Mold Aggregation may be too specific: the visible process reads more like plasmodial foraging or expansion than aggregation. Keep as review until the concept label is tightened or a better aggregation-specific source is found."
vdcr_commons_mr20_000006,Sediment Saltation,media/vdcr_commons_manual_round20_v1/vdcr_commons_mr20_000006.ogv,media/vdcr_commons_manual_frames_round20_v1/vdcr_commons_mr20_000006/contact_sheet.jpg,reject,granular_creep_not_saltation_and_time_overlay,0,0,"The long-timescale particle-bed movie contains prominent time and scale overlays and visually emphasizes slow granular creep/rearrangement under shear rather than grains hopping in saltation. It is scientifically relevant sediment transport, but not a clean VDCR sample for Sediment Saltation."
vdcr_commons_mr20_000007,Sediment Saltation,media/vdcr_commons_manual_round20_v1/vdcr_commons_mr20_000007.ogv,media/vdcr_commons_manual_frames_round20_v1/vdcr_commons_mr20_000007/contact_sheet.jpg,reject,particle_bed_motion_not_decisive_saltation,0,0,"The shorter particle-bed movie has time and scale overlays and shows subtle bed reorganization under shear. It does not provide visually decisive hopping/intermittent grain trajectories needed for Sediment Saltation, so accepting it would be source-dependent."
vdcr_commons_mr20_000008_seg_000000_018133_crop_clean,Gel Swelling,media/vdcr_segments_pilot_v1/vdcr_commons_mr20_000008_seg_000000_018133_crop_clean.webm,media/vdcr_segment_frames_round20_v1/vdcr_commons_mr20_000008_seg_000000_018133_crop_clean/contact_sheet.jpg,pass_candidate,cropped_clean_hydrogel_swelling_strict_ready_for_license_check,0,18.133,New cropped clean derivative removes visible time/speed text and shows a dyed hydrogel strip progressively bending as swelling-driven osmotic actuation accumulates over hours. A single frame shows only a curved strip; the named concept requires observing the gradual swelling-driven deformation sequence over time.
vdcr_commons_mr20_000009,Membrane Blebbing,media/vdcr_commons_manual_round20_v1/vdcr_commons_mr20_000009.ogv,media/vdcr_commons_manual_frames_round20_v1/vdcr_commons_mr20_000009/contact_sheet.jpg,pass_candidate,commons_microscopy_strict_ready_for_license_check,0,40.0,New Commons/PLOS microscopy video shows a migrating cell edge repeatedly forming rounded membrane protrusions and changing outline over time. A single frame is only a phase-contrast cell image; the named concept requires the transient bleb formation/retraction dynamics.
vdcr_commons_mr20_000010,Headward Erosion,media/vdcr_commons_manual_round20_v1/vdcr_commons_mr20_000010.ogv,media/vdcr_commons_manual_frames_round20_v1/vdcr_commons_mr20_000010/contact_sheet.jpg,pass_candidate,commons_geography_video_strict_ready_for_license_check,0,15.942,"New Commons video shows sand on a slope collapsing and the erosion head retreating upward/backward, forming a dendritic erosion pattern through time. A single frame can show a sand scar, but the named concept requires observing the erosional head migrate headward during the collapse sequence."
vdcr_commons_mr21_000001,Thermocapillary Convection,media/vdcr_commons_manual_round21_v1/vdcr_commons_mr21_000001.ogv,media/vdcr_commons_manual_frames_round21_v1/vdcr_commons_mr21_000001/contact_sheet.jpg,revise,raw_video_has_visible_condition_text_and_metadata_answer_leakage,0,88.6,"The raw Commons microscopy video shows a strong thermocapillary instability sequence in a triangular sessile drop, but it contains visible condition text and source metadata that explicitly names the thermocapillary process. Use only the cropped metadata-stripped derivative."
vdcr_commons_mr21_000001_crop_clean,Thermocapillary Convection,media/vdcr_segments_pilot_v1/vdcr_commons_mr21_000001_crop_clean.mp4,media/vdcr_segment_frames_round21_v1/vdcr_commons_mr21_000001_crop_clean/contact_sheet.jpg,pass_candidate,cropped_metadata_stripped_thermocapillary_ready_for_license_check,0,88.6,"New cropped clean derivative removes the visible condition text and strips source metadata, leaving the infrared sequence of an evaporating triangular sessile drop whose internal bright/dark flow pattern develops, reorganizes, and breaks into cellular structures. A single frame shows only an intermediate thermal texture; the named concept requires observing the thermocapillary instability/convection pattern emerge and evolve over time."
vdcr_commons_mr21_000002,Electric Arc Formation and Bending,media/vdcr_commons_manual_round21_v1/vdcr_commons_mr21_000002.webm,media/vdcr_commons_manual_frames_round21_v1/vdcr_commons_mr21_000002/contact_sheet.jpg,reject,generic_arc_flash_static_scene_and_safety_apparatus_shortcut,0,0,"The clip shows a distant electrical arc flash in an apparatus, but the temporal structure is too generic and brief; a model could answer from the scene/apparatus and bright spark rather than tracking a named arc-formation/bending process. Reject for v1 main production."
vdcr_commons_mr21_000003_metadata_clean,Evaporation-Induced Deposition Front,media/vdcr_segments_pilot_v1/vdcr_commons_mr21_000003_metadata_clean.mp4,media/vdcr_segment_frames_round21_v1/vdcr_commons_mr21_000003_metadata_clean/contact_sheet.jpg,pass_candidate,metadata_stripped_materials_deposition_front_strict_ready_for_license_check,0,33.967,"New metadata-stripped derivative from a Commons/Nature Communications video shows a moving contact-line/deposition zone creating a row of polymer filaments as the front advances along the substrate. A single frame can show already-formed filaments, but the named concept requires observing the deposition front sweep forward and leave the patterned material behind over time."
vdcr_commons_mr21_000004,Evaporation-Induced Deposition Front,media/vdcr_commons_manual_round21_v1/vdcr_commons_mr21_000004.ogv,media/vdcr_commons_manual_frames_round21_v1/vdcr_commons_mr21_000004/contact_sheet.jpg,reject,duplicate_deposition_front_candidate_lower_information_gain,0,0,"The clip is another valid-looking contact-line/deposition-pattern formation sequence from the same paper, but the concept is already represented by vdcr_commons_mr21_000003_metadata_clean. Reject as duplicate to maintain answer-level deduplication."
vdcr_commons_mr21_000005_metadata_clean,Actin Wave,media/vdcr_segments_pilot_v1/vdcr_commons_mr21_000005_metadata_clean.mp4,media/vdcr_segment_frames_round21_v1/vdcr_commons_mr21_000005_metadata_clean/contact_sheet.jpg,pass_candidate,metadata_stripped_cell_biology_actin_wave_strict_ready_for_license_check,0,7.833,"New metadata-stripped derivative from a Commons/PLOS microscopy video shows bright actin-associated wave structures propagating, colliding, and reorganizing along the cell cortex. A single frame shows only a fluorescent cell boundary or punctate signal; the named concept requires observing the wave-like propagation and annihilation/reorganization over time."
vdcr_commons_mr21_000006,Actin Wave,media/vdcr_commons_manual_round21_v1/vdcr_commons_mr21_000006.ogv,media/vdcr_commons_manual_frames_round21_v1/vdcr_commons_mr21_000006/contact_sheet.jpg,reject,duplicate_actin_wave_candidate_lower_information_gain,0,0,"The clip shows a related actin/Hem-1 wave sequence, but the concept is already represented by vdcr_commons_mr21_000005_metadata_clean. Reject as duplicate to preserve concept-level deduplication."
vdcr_commons_mr21_000007,Mitochondrial Fission-Fusion Dynamics,media/vdcr_commons_manual_round21_v1/vdcr_commons_mr21_000007.ogv,media/vdcr_commons_manual_frames_round21_v1/vdcr_commons_mr21_000007/contact_sheet.jpg,reject,mitochondrial_network_motion_too_sparse_for_unambiguous_fission_fusion,0,0,"The microscopy video contains a punctate mitochondrial network whose points shift over time, but the contact sheet does not make individual fission or fusion events visually decisive without the source title. Reject for now because the answer would be too source-dependent."
vdcr_commons_mr21_000008_metadata_clean,Braided Channel Migration,media/vdcr_segments_pilot_v1/vdcr_commons_mr21_000008_metadata_clean.mp4,media/vdcr_segment_frames_round21_v1/vdcr_commons_mr21_000008_metadata_clean/contact_sheet.jpg,pass_candidate,metadata_stripped_nasa_braided_channel_migration_ready_for_license_check,0,47.967,"New metadata-stripped NASA/Commons satellite animation derivative shows a braided river repeatedly shifting active channels, abandoning threads, and redrawing mid-channel bars across years. A single satellite frame can show a braided planform, but the named concept requires observing channel migration and reorganization through time."
vdcr_commons_mr22_000001_metadata_clean,Faraday Waves,media/vdcr_segments_pilot_v1/vdcr_commons_mr22_000001_metadata_clean.mp4,media/vdcr_segment_frames_round22_v1/vdcr_commons_mr22_000001_metadata_clean/contact_sheet.jpg,pass_candidate,metadata_stripped_faraday_waves_ready_for_license_check,0,39.44,"New metadata-stripped no-audio Commons derivative shows a driven liquid surface in a singing bowl repeatedly transitioning from a flat surface to standing wave-like ripples under vibration. A single frame can show a bowl or a textured surface, but the named concept requires observing vibration-driven surface wave emergence and oscillatory patterning."
vdcr_commons_mr22_000002,Faraday Waves,media/vdcr_commons_manual_round22_v1/vdcr_commons_mr22_000002.gif,media/vdcr_commons_manual_frames_round22_v1/vdcr_commons_mr22_000002/contact_sheet.jpg,reject,duplicate_faraday_waves_lower_information_gain,0,0,"The bead assembly GIF is related to Faraday-wave forcing, but Faraday Waves is already represented by vdcr_commons_mr22_000001_metadata_clean with a clearer liquid-surface dynamic. Reject as duplicate for concept-level deduplication."
vdcr_commons_mr22_000003,Standing Wave Formation,media/vdcr_commons_manual_round22_v1/vdcr_commons_mr22_000003.gif,media/vdcr_commons_manual_frames_round22_v1/vdcr_commons_mr22_000003/contact_sheet.jpg,reject,schematic_animation_low_expert_naming_gap,0,0,"The GIF is a simple schematic standing-wave animation. It is temporally dynamic, but the concept is too classroom-basic and visually self-explanatory for the main VDCR pool; reject rather than lower the benchmark difficulty."
vdcr_commons_mr22_000004,Electrodeposition Dendrite Growth,media/vdcr_commons_manual_round22_v1/vdcr_commons_mr22_000004.webm,media/vdcr_commons_manual_frames_round22_v1/vdcr_commons_mr22_000004/contact_sheet.jpg,reject,no_visible_growth_source_dependent_label,0,0,"The clip shows copper crystals already present and being moved or observed, but the contact sheet does not show dendritic electrodeposition growth unfolding over time. The answer would depend on the source title rather than video evidence."
vdcr_commons_mr22_000005,Coffee-Ring Formation,media/vdcr_commons_manual_round22_v1/vdcr_commons_mr22_000005.ogv,media/vdcr_commons_manual_frames_round22_v1/vdcr_commons_mr22_000005/contact_sheet.jpg,reject,text_figure_panel_and_static_deposition_shortcut,0,0,The video is a multi-panel microscopy figure with visible labels and scale bars. It also risks being solvable from final ring-like deposition states rather than the evaporation-driven transport process. Reject for text leakage and static shortcut risk.
vdcr_commons_mr22_000006_seg_015000_020000_clean,C-Start Escape Response,media/vdcr_segments_pilot_v1/vdcr_commons_mr22_000006_seg_015000_020000_clean.mp4,media/vdcr_segment_frames_round22_v1/vdcr_commons_mr22_000006_seg_015000_020000_clean/contact_sheet.jpg,pass_candidate,clean_textless_segment_c_start_ready_for_license_check,0,5,"New no-audio clean segment cuts away title cards and shows a fish rapidly bending from an elongated posture into a C-shaped body configuration and accelerating away. A single frame may show a fish near a predator or a curved body, but the named concept requires the rapid bend-and-escape temporal sequence."
vdcr_commons_mr22_000007,Sediment Saltation,media/vdcr_commons_manual_round22_v1/vdcr_commons_mr22_000007.gif,,reject,static_labeled_diagram_not_video_dynamic_evidence,0,0,"The downloaded GIF is effectively a single labeled diagram with words such as suspension and saltation, not a continuous video. Reject because it fails temporal evidence and text leakage gates."
vdcr_commons_mr22_000008,Barchan Dune Migration,media/vdcr_commons_manual_round22_v1/vdcr_commons_mr22_000008.webm,media/vdcr_commons_manual_frames_round22_v1/vdcr_commons_mr22_000008/contact_sheet.jpg,reject,flyover_static_dunes_no_migration,0,0,"The clip is a rendered or camera flyover of dunes with title-like context, not a time-lapse showing barchan dune migration. Reject because the dynamic evidence is camera motion rather than geomorphic migration."
vdcr_commons_mr22_000009,Downburst / Microburst Outflow,media/vdcr_commons_manual_round22_v1/vdcr_commons_mr22_000009.webm,media/vdcr_commons_manual_frames_round22_v1/vdcr_commons_mr22_000009/contact_sheet.jpg,reject,generic_thunderstorm_no_outflow_structure,0,0,"The video shows trees, clouds, rain, and camera motion during a thunderstorm, but no decisive ground-level radial outflow or advancing outflow boundary. Reject because it would collapse into generic severe-storm understanding."
vdcr_commons_mr23_000001_seg_002000_016000_crop_clean,Crystal Nucleation,media/vdcr_segments_pilot_v1/vdcr_commons_mr23_000001_seg_002000_016000_crop_clean.mp4,media/vdcr_segment_frames_round23_v1/vdcr_commons_mr23_000001_seg_002000_016000_crop_clean/contact_sheet.jpg,pass_candidate,cropped_textless_crystal_nucleation_strict_ready_for_license_check,0,14,New cropped no-audio metadata-stripped derivative removes title/time overlays and shows a clear solution region where a small crystal first appears and grows into a larger faceted crystal. A single later frame only shows a crystal; the named concept requires observing the onset and growth sequence from solution.
vdcr_commons_mr23_000002,Crystal Nucleation,media/vdcr_commons_manual_round23_v1/vdcr_commons_mr23_000002.ogv,media/vdcr_commons_manual_frames_round23_v1/vdcr_commons_mr23_000002/contact_sheet.jpg,reject,source_dependent_instrumented_crystallization_with_time_scale_overlays,0,0,"The microscopy movie shows changing contrast in a nanorod and likely crystallization, but the dynamic cue is too abstract and includes large time numbers/scale bars. Reject in favor of the visually stronger cropped solution-crystal nucleation sample."
vdcr_commons_mr23_000003,Internal Wave Propagation,media/vdcr_commons_manual_round23_v1/vdcr_commons_mr23_000003.webm,media/vdcr_commons_manual_frames_round23_v1/vdcr_commons_mr23_000003/contact_sheet.jpg,reject,apparatus_animation_not_internal_wave_field,0,0,"The contact sheet mainly shows an apparatus/wave-maker animation, not the stratified-fluid particle or anomaly field itself. Reject because the target internal-wave propagation would depend on source description rather than visible process."
vdcr_commons_mr23_000004_metadata_clean,Internal Wave Propagation,media/vdcr_segments_pilot_v1/vdcr_commons_mr23_000004_metadata_clean.mp4,media/vdcr_segment_frames_round23_v1/vdcr_commons_mr23_000004_metadata_clean/contact_sheet.jpg,pass_candidate,metadata_stripped_internal_wave_anomaly_animation_strict_ready_for_license_check,0,31.6,"New metadata-stripped no-audio derivative shows a temperature-anomaly field repeatedly propagating and oscillating across an instrumented ocean-drifter array. It is a strict scientific visualization sample: a single map frame shows only an anomaly field, while the named concept depends on the coherent propagation through time."
vdcr_commons_mr23_000005,Rip Current Formation,,,reject,download_failed_bad_derived_commons_url,0,0,The candidate Commons filename with a comma produced a bad derived upload URL in the no-API resolver and did not download. Leave rejected for this round because the backup rip-current video was available for visual review.
vdcr_commons_mr23_000006,Rip Current Formation,media/vdcr_commons_manual_round23_v1/vdcr_commons_mr23_000006.webm,media/vdcr_commons_manual_frames_round23_v1/vdcr_commons_mr23_000006/contact_sheet.jpg,reject,text_heavy_didactic_video_and_current_not_decisive_without_arrows,0,0,"The didactic video contains title cards, German explanatory text, arrows, and answer text. Textless windows exist, but the offshore-directed current is not visually decisive enough without the annotations, so admitting it would risk source/text dependence."
vdcr_commons_mr24_000001_crop_clean,Euler's Disk Motion,media/vdcr_segments_pilot_v1/vdcr_commons_mr24_000001_crop_clean.mp4,media/vdcr_segment_frames_round24_v1/vdcr_commons_mr24_000001_crop_clean/contact_sheet.jpg,pass_candidate,cropped_metadata_stripped_euler_disk_strict_ready_for_license_check,0,98.605,"New cropped no-audio metadata-stripped derivative removes the visible rim label from the raw Commons video and shows a disk rolling, precessing, wobbling faster, and collapsing into a final flat state. A single frame can show only a tilted disk on a mirror; the named concept requires observing the coupled rolling-precession-wobble sequence over time."
vdcr_commons_mr24_000002_crop_clean,Precipitation Front Propagation,media/vdcr_segments_pilot_v1/vdcr_commons_mr24_000002_crop_clean.mp4,media/vdcr_segment_frames_round24_v1/vdcr_commons_mr24_000002_crop_clean/contact_sheet.jpg,pass_candidate,cropped_metadata_stripped_precipitation_front_strict_ready_for_license_check,0,66.4,"New cropped no-audio metadata-stripped derivative removes the microscope parameter text and shows bright precipitate/cloudy material forming after droplet contact and propagating through the droplet volume. A single frame can show a cloudy droplet, but the named concept requires observing the front-like formation and spread over time."
vdcr_commons_mr24_000003,Mitotic Chromosome Segregation,media/vdcr_commons_manual_round24_v1/vdcr_commons_mr24_000003.ogv,media/vdcr_commons_manual_frames_round24_v1/vdcr_commons_mr24_000003/contact_sheet.jpg,reject,chromosome_segregation_not_visually_decisive_source_dependent,0,0,"The fluorescent microscopy movie is biologically relevant, but the contact sheet does not make chromosome separation or spindle-stage progression visually decisive without relying on the source title. Reject because the direct-answer label would be source-dependent."
vdcr_commons_mr24_000004,Mitotic Chromosome Segregation,media/vdcr_commons_manual_round24_v1/vdcr_commons_mr24_000004.ogv,media/vdcr_commons_manual_frames_round24_v1/vdcr_commons_mr24_000004/contact_sheet.jpg,reject,subtle_mitosis_time_overlay_and_source_dependent_label,0,0,"The C. elegans confocal movie shows changing fluorescent structures and possible mitotic/anaphase dynamics, but the small time overlay and subtle morphology make Mitotic Chromosome Segregation insufficiently decisive from video evidence alone. Reject until a clearer live-cell sequence is found."
vdcr_commons_mr24_000005,Rip Current Formation,media/vdcr_commons_manual_round24_v1/vdcr_commons_mr24_000005.webm,media/vdcr_commons_manual_frames_round24_v1/vdcr_commons_mr24_000005/contact_sheet.jpg,reject,generic_surf_scene_rip_channel_not_decisive,0,0,"The Commons beach video shows ordinary surf-zone waves and foam patterns, but the narrow offshore-directed rip-current channel is not visually decisive without the page title. Reject because this would collapse into generic beach/surf understanding or source-title dependence."
vdcr_commons_mr25_000001_metadata_clean,Medusan Bell-Contraction Jet Propulsion,media/vdcr_segments_pilot_v1/vdcr_commons_mr25_000001_metadata_clean.mp4,media/vdcr_segment_frames_round25_v1/vdcr_commons_mr25_000001_metadata_clean/contact_sheet.jpg,pass_candidate,metadata_stripped_medusan_jet_propulsion_strict_ready_for_license_check,0,38.083,"New no-audio metadata-stripped derivative from a Commons jellyfish video shows multiple medusan jellyfish repeatedly contracting and relaxing their bells while moving through water. A single frame can identify jellyfish, but the named concept requires observing the rhythmic bell-contraction propulsion sequence over time."
vdcr_commons_mr25_000002,FRAP Recovery,media/vdcr_commons_manual_round25_v1/vdcr_commons_mr25_000002.ogv,media/vdcr_commons_manual_frames_round25_v1/vdcr_commons_mr25_000002/contact_sheet.jpg,reject,frap_recovery_not_visually_decisive_from_contact_sheet,0,0,"The light-sheet microscopy movie is in the FRAP category, but the sparse frames do not show a visually decisive bleached region recovering fluorescence intensity. Accepting it would depend on the source title rather than video-native evidence."
vdcr_commons_mr25_000003,Stomatal Opening and Closing,media/vdcr_commons_manual_round25_v1/vdcr_commons_mr25_000003.ogv,media/vdcr_commons_manual_frames_round25_v1/vdcr_commons_mr25_000003/contact_sheet.jpg,reject,source_title_mentions_stomatal_closure_but_video_shows_by2_cell_response,0,0,"The source title mentions stomatal closure, but the video itself shows paired brightfield/fluorescence plant-cell panels with visible Wildtype/GmSAL1 labels and does not make guard-cell aperture opening or closing visually decisive. Reject because the target label would be source-dependent."
vdcr_commons_mr25_000004,Seismic Soil Liquefaction,media/vdcr_commons_manual_round25_v1/vdcr_commons_mr25_000004.gif,media/vdcr_commons_manual_frames_round25_v1/vdcr_commons_mr25_000004/contact_sheet.jpg,reject,simplified_particle_schematic_not_seismic_or_expert_specific_enough,0,0,"The GIF is an unlabeled particle schematic that shows rearrangement/fluid-like spacing, but it does not expose seismic forcing, pore-pressure buildup, or a field/lab liquefaction process. Reject because it is too simplified and close to a generic animation."
vdcr_commons_mr25_000005,Lava Dome Collapse,media/vdcr_commons_manual_round25_v1/vdcr_commons_mr25_000005.gif,media/vdcr_commons_manual_frames_round25_v1/vdcr_commons_mr25_000005/contact_sheet.jpg,reject,two_frame_before_after_satellite_change_not_continuous_dynamic_evidence,0,0,"The NASA/Commons GIF is essentially a two-frame before/after satellite comparison of dome collapse deposits. It lacks continuous collapse dynamics, so the answer would depend on the page title and description rather than video evidence."
vdcr_commons_mr25_000006,Eruption Column Collapse,media/vdcr_commons_manual_round25_v1/vdcr_commons_mr25_000006.webm,media/vdcr_commons_manual_frames_round25_v1/vdcr_commons_mr25_000006/contact_sheet.jpg,reject,generic_eruption_plume_growth_not_column_collapse_and_logo_overlay,0,0,"The video shows an eruption plume expanding upward and outward, with PHIVOLCS logo/time overlays. It does not clearly show the column losing buoyant support and collapsing into ground-hugging density currents, so the target would collapse into generic eruption understanding."
vdcr_commons_mr25_000007,FRAP Recovery,media/vdcr_commons_manual_round25_v1/vdcr_commons_mr25_000007.ogv,media/vdcr_commons_manual_frames_round25_v1/vdcr_commons_mr25_000007/contact_sheet.jpg,reject,fluorescence_loss_or_non_recovery_not_frap_recovery,0,0,"The video clearly shows fluorescence loss after photobleaching inside a yellow-outlined region, but the frames do not show a recovery process. Reject for the current answer label FRAP Recovery because the visible dynamic is loss/non-recovery rather than recovery."
vdcr_commons_mr25_000008,FRAP Recovery,media/vdcr_commons_manual_round25_v1/vdcr_commons_mr25_000008.ogv,media/vdcr_commons_manual_frames_round25_v1/vdcr_commons_mr25_000008/contact_sheet.jpg,reject,multichannel_cell_migration_movie_not_decisive_frap_recovery,0,0,"The multichannel microscopy movie contains moving red/green/gray structures, but the photobleached region and fluorescence recovery are not visually decisive from the video alone. Reject because the answer would be source/category dependent."
vdcr_commons_mr26_000001,Rill Network Expansion,media/vdcr_commons_manual_round26_v1/vdcr_commons_mr26_000001.webm,media/vdcr_commons_manual_frames_round26_v1/vdcr_commons_mr26_000001/contact_sheet.jpg,reject,engineering_overtopping_video_text_heavy_not_rill_network_expansion,0,0,"The overtopping-simulator video is relevant to erosion, but the visible content is an engineering setup with title overlays, logos, flow-rate text, hoses, and broad surface wetting. It does not show a clean rill network initiating and expanding through time, so the target label would be too source-dependent."
vdcr_commons_mr26_000002,Barchan Dune Migration,media/vdcr_commons_manual_round26_v1/vdcr_commons_mr26_000002.webm,media/vdcr_commons_manual_frames_round26_v1/vdcr_commons_mr26_000002/contact_sheet.jpg,reject,static_mars_dune_flyover_not_migration,0,0,"The video is a rendered flyover across static barchan dunes on Mars and includes a title-like text overlay. It shows dune morphology but not displacement or migration through time, so it fails the temporal-process gate."
vdcr_commons_mr26_000003,Landspout Development,media/vdcr_commons_manual_round26_v1/vdcr_commons_mr26_000003.webm,media/vdcr_commons_manual_frames_round26_v1/vdcr_commons_mr26_000003/contact_sheet.jpg,reject,tornado_visible_but_not_decisive_landspout_development,0,0,"The short automated-camera clip shows a narrow tornado/funnel already present under a cloud base. It does not establish landspout-specific development or a formation sequence, so admitting it would be a mature-tornado shortcut rather than VDCR concept recognition."
vdcr_commons_mr26_000004,Rip Current Formation,media/vdcr_commons_manual_round26_v1/vdcr_commons_mr26_000004.webm,media/vdcr_commons_manual_frames_round26_v1/vdcr_commons_mr26_000004/contact_sheet.jpg,revise,raw_video_text_heavy_use_clean_66_78_segment_only,0,107.84,"The full CC0 Commons video is formation-specific but contains title cards, arrows, German explanatory text, and end credits. Use only the textless 66-78s clean derivative where localized nearshore return flow and channel-like surf patterns remain visible without answer text."
vdcr_commons_mr26_000004_seg_066000_078000_clean,Rip Current Formation,media/vdcr_segments_pilot_v1/vdcr_commons_mr26_000004_seg_066000_078000_clean.mp4,media/vdcr_segment_frames_round26_v1/vdcr_commons_mr26_000004_seg_066000_078000_clean/contact_sheet.jpg,pass_candidate,clean_textless_rip_current_formation_strict_ready_for_license_check,0,12,"New no-audio metadata-stripped derivative cuts the source video to a textless 66-78s window showing localized offshore-directed return flow and channel-like disruption through incoming nearshore waves. A single frame can show only a beach surf scene, but the named concept requires observing the evolving localized return-current pattern over time."
vdcr_commons_mr27_000001,Rayleigh-Benard Convection,media/vdcr_commons_manual_round27_v1/vdcr_commons_mr27_000001.webm,media/vdcr_commons_manual_frames_round27_v1/vdcr_commons_mr27_000001/contact_sheet.jpg,reject,duplicate_lower_priority_screen_border_text_risk,0,0,"The clip is relevant, but the frame includes a visible screen edge with possible title/text and is lower priority than the cleaner Benard-cell video from the same Commons category. Reject to avoid answer leakage and duplicate concept sampling."
vdcr_commons_mr27_000002,Rayleigh-Benard Convection,media/vdcr_commons_manual_round27_v1/vdcr_commons_mr27_000002.ogv,media/vdcr_commons_manual_frames_round27_v1/vdcr_commons_mr27_000002/contact_sheet.jpg,revise,use_metadata_clean_derivative_only,0,26.86,"Raw Commons video is visually clean and shows Rayleigh-Benard convection-cell pattern formation, but it contains an audio stream and source metadata. Use the no-audio metadata-clean derivative for release."
vdcr_commons_mr27_000002_metadata_clean,Rayleigh-Benard Convection,media/vdcr_segments_pilot_v1/vdcr_commons_mr27_000002_metadata_clean.mp4,media/vdcr_segment_frames_round27_v1/vdcr_commons_mr27_000002_metadata_clean/contact_sheet.jpg,pass_candidate,metadata_stripped_rayleigh_benard_strict_ready_for_license_check,0,26.86,"New no-audio metadata-stripped derivative shows a heated fluid layer developing and reorganizing honeycomb-like Benard convection cells over time. A single frame can show only a fluid texture or cell pattern, but the named concept requires observing the convection-cell dynamics and aligning it to Rayleigh-Benard Convection."
vdcr_commons_mr27_000003,Rayleigh-Benard Convection,media/vdcr_commons_manual_round27_v1/vdcr_commons_mr27_000003.webm,media/vdcr_commons_manual_frames_round27_v1/vdcr_commons_mr27_000003/contact_sheet.jpg,reject,duplicate_lower_priority_pattern_ambiguous,0,0,"The long video is related to Benard-like surface pattern motion, but the visual sequence is less canonical and duplicates the cleaner accepted Rayleigh-Benard sample. Reject for lower information gain and answer-level deduplication."
vdcr_commons_mr27_000004,Reaction-Diffusion Wave,media/vdcr_commons_manual_round27_v1/vdcr_commons_mr27_000004.gif,media/vdcr_commons_manual_frames_round27_v1/vdcr_commons_mr27_000004/contact_sheet.jpg,revise,use_metadata_clean_mp4_derivative_only,0,17.9,"Raw Commons GIF is a relevant Gray-Scott reaction-diffusion simulation without visible text, but convert to a no-audio metadata-stripped MP4 derivative for consistent benchmark media packaging."
vdcr_commons_mr27_000004_metadata_clean,Reaction-Diffusion Wave,media/vdcr_segments_pilot_v1/vdcr_commons_mr27_000004_metadata_clean.mp4,media/vdcr_segment_frames_round27_v1/vdcr_commons_mr27_000004_metadata_clean/contact_sheet.jpg,pass_candidate,metadata_stripped_reaction_diffusion_visualization_strict_ready_for_license_check,0,17.9,"New no-audio metadata-stripped derivative shows reaction-diffusion bands and fronts propagating, splitting, and reorganizing across a simulated toroidal surface. It is a strict scientific-visualization sample: a single frame shows only colored labyrinthine patterning, while the named concept requires observing wave/front evolution through time."
vdcr_commons_mr27_000005,Bacterial Chemotaxis,media/vdcr_commons_manual_round27_v1/vdcr_commons_mr27_000005.ogv,media/vdcr_commons_manual_frames_round27_v1/vdcr_commons_mr27_000005/contact_sheet.jpg,reject,bacterial_motility_not_decisive_chemotaxis,0,0,"The microscopy video shows bacteria moving in a field, but it does not provide a visible chemical gradient, directed response, or run-tumble chemotactic structure. Accepting Bacterial Chemotaxis would depend on source context rather than video evidence."
vdcr_commons_mr27_000006,Slime Mold Aggregation,media/vdcr_commons_manual_round27_v1/vdcr_commons_mr27_000006.ogv,media/vdcr_commons_manual_frames_round27_v1/vdcr_commons_mr27_000006/contact_sheet.jpg,reject,too_short_single_structure_not_aggregation,0,0,"The very short fluorescent microscopy clip shows one slime-mold-like structure changing shape, but it does not show distributed cells or plasmodial structures aggregating into a collective form. Reject because the target label would be too source-dependent."
vdcr_commons_mr28_000001,Neutrophil Chemotaxis,media/vdcr_commons_manual_round28_v1/vdcr_commons_mr28_000001.ogv,media/vdcr_commons_manual_frames_round28_v1/vdcr_commons_mr28_000001/contact_sheet.jpg,reject,reject_chemotaxis_not_visually_decisive,0,0,"The microscopy clip shows motile cells and an arrow-like cue, but the sparse visual evidence does not make directional chemotaxis uniquely identifiable without relying on source context. Reject under the video-first double-check gate."
vdcr_commons_mr28_000002,Neutrophil Chemotaxis,media/vdcr_commons_manual_round28_v1/vdcr_commons_mr28_000002.ogv,media/vdcr_commons_manual_frames_round28_v1/vdcr_commons_mr28_000002/contact_sheet.jpg,revise,use_metadata_clean_derivative_only,0,11.333,"Raw Commons video is visually strong for neutrophil-like chemotaxis: fluorescent cells traverse a maze-like microfluidic racecourse over time. It has source metadata, so use the no-audio metadata-clean derivative."
vdcr_commons_mr28_000002_metadata_clean,Neutrophil Chemotaxis,media/vdcr_segments_pilot_v1/vdcr_commons_mr28_000002_metadata_clean.mp4,media/vdcr_segment_frames_round28_v1/vdcr_commons_mr28_000002_metadata_clean/contact_sheet.jpg,pass_candidate,admit_strict_biology_dynamic_concept,0,11.333,"New no-audio metadata-stripped derivative shows fluorescent neutrophil-like cells migrating through a microfluidic maze/racecourse over time. A single frame can show only cells and channel geometry; the named concept requires observing directed cell migration and path traversal through time, so this passes as Neutrophil Chemotaxis rather than generic cell motion."
vdcr_commons_mr28_000003,Amoeboid Chemotactic Crawling,media/vdcr_commons_manual_round28_v1/vdcr_commons_mr28_000003.ogv,media/vdcr_commons_manual_frames_round28_v1/vdcr_commons_mr28_000003/contact_sheet.jpg,reject,reject_not_chemotaxis_specific,0,0,"The clip shows amoeboid cell crawling in confined microchannels, but the source concept is geometry-driven polarity rather than a visually decisive chemotactic cue. Reject because it would make the answer depend on source metadata."
vdcr_commons_mr28_000004,Filopodium Protrusion,media/vdcr_commons_manual_round28_v1/vdcr_commons_mr28_000004.ogv,media/vdcr_commons_manual_frames_round28_v1/vdcr_commons_mr28_000004/contact_sheet.jpg,reject,reject_static_shortcut_and_short_clip,0,0,"The short fluorescent microscopy clip shows thin protrusion-like structures, but a representative still image already exposes the likely label and the extension sequence is not sufficiently decisive. Reject under the static-shortcut gate."
vdcr_commons_mr28_000005,Wind-Driven Fire-Front Propagation,media/vdcr_commons_manual_round28_v1/vdcr_commons_mr28_000005.webm,media/vdcr_commons_manual_frames_round28_v1/vdcr_commons_mr28_000005/contact_sheet.jpg,reject,reject_map_visualization_metadata_dependency,0,0,"The clip is a dated satellite/map visualization with place labels and an area chart. It shows fire perimeter expansion, but not enough visible wind-driven fire-front dynamics as raw video evidence; reject to avoid a map-reading or metadata-dependent earth sample."
vdcr_commons_mr29_000001,Downburst / Microburst Outflow,media/vdcr_commons_manual_round29_v1/vdcr_commons_mr29_000001.webm,media/vdcr_commons_manual_frames_round29_v1/vdcr_commons_mr29_000001/contact_sheet.jpg,revise,use_metadata_clean_derivative_only,0,29.800,"Raw Commons video shows a sudden severe near-surface wind/rain burst sweeping across buildings and vegetation, but it contains audio and source metadata. Use the no-audio metadata-clean derivative for release."
vdcr_commons_mr29_000001_metadata_clean,Downburst / Microburst Outflow,media/vdcr_segments_pilot_v1/vdcr_commons_mr29_000001_metadata_clean.mp4,media/vdcr_segment_frames_round29_v1/vdcr_commons_mr29_000001_metadata_clean/contact_sheet.jpg,pass_candidate,admit_strict_earth_dynamic_concept,0,29.800,"New no-audio metadata-stripped derivative shows a sudden, localized near-surface wind/rain burst sweeping laterally across a neighborhood scene, obscuring visibility and bending vegetation/building-edge rain sheets over time. A single frame only indicates severe rain or wind; the named concept requires the temporal burst/outflow signature, so this passes strict gate as Downburst / Microburst Outflow with final release review recommended."
vdcr_commons_mr29_000002,Downburst / Microburst Outflow,media/vdcr_commons_manual_round29_v1/vdcr_commons_mr29_000002.webm,media/vdcr_commons_manual_frames_round29_v1/vdcr_commons_mr29_000002/contact_sheet.jpg,reject,reject_overlay_and_generic_storm_risk,0,0,"The video has prominent date/location overlay text and mostly shows clouds/rain shaft evolution from a street view. It is plausible microburst footage by source metadata, but the visual evidence is not decisive enough for direct-answer admission without relying on the file page."
vdcr_commons_mr30_000001,Saffman-Taylor Viscous Fingering,media/vdcr_commons_manual_round30_v1/vdcr_commons_mr30_000001.gif,media/vdcr_commons_manual_frames_round30_v1/vdcr_commons_mr30_000001/contact_sheet.jpg,revise,use_metadata_clean_derivative_only,0,8.000,Raw Commons GIF is visually strong for viscous fingering: an air/fluid interface invades a viscous medium and develops finger-like branches over time. Use the metadata-clean MP4 derivative for release and stable frame extraction.
vdcr_commons_mr30_000001_metadata_clean,Saffman-Taylor Viscous Fingering,media/vdcr_segments_pilot_v1/vdcr_commons_mr30_000001_metadata_clean.mp4,media/vdcr_segment_frames_round30_v1/vdcr_commons_mr30_000001_metadata_clean/contact_sheet.jpg,pass_candidate,admit_strict_physics_dynamic_concept,0,8.000,"New metadata-stripped derivative shows a viscous-fluid interface forming and advancing as branching finger-like air/liquid intrusions between plates. A single frame can show a branched pattern, but the named concept requires the temporal invasion and fingering sequence, so this passes as Saffman-Taylor Viscous Fingering."
vdcr_commons_mr30_000002,Coffee-Ring Formation,media/vdcr_commons_manual_round30_v1/vdcr_commons_mr30_000002.ogv,media/vdcr_commons_manual_frames_round30_v1/vdcr_commons_mr30_000002/contact_sheet.jpg,reject,reject_multiplanel_labels_static_shortcut,0,0,"The supplementary movie is a multi-panel comparison with visible PEG/SDS/particle-size labels. Although related to coffee-ring dynamics, the evidence is dominated by labeled experimental panels and final/near-final deposit patterns. Reject under the text/context-dependence and static-shortcut gates."
vdcr_commons_mr30_000003,Electrodeposition Dendrite Growth,media/vdcr_commons_manual_round30_v1/vdcr_commons_mr30_000003.ogv,media/vdcr_commons_manual_frames_round30_v1/vdcr_commons_mr30_000003/contact_sheet.jpg,reject,reject_no_decisive_dendritic_branching,0,0,"The movie shows lithium electrodeposition morphology along a vertical electrode, but the visible deposit does not form decisive branching dendrites, and the source title indicates a dendrite-free electrode. Reject because the target concept would depend on source metadata rather than visible dendrite growth."
vdcr_commons_mr30_000004,FRAP Recovery,media/vdcr_commons_manual_round30_v1/vdcr_commons_mr30_000004.ogv,media/vdcr_commons_manual_frames_round30_v1/vdcr_commons_mr30_000004/contact_sheet.jpg,revise,use_metadata_clean_derivative_only,0,7.133,"Raw Commons video shows an explicit fluorescence recovery time series with red bleach/recovery ROIs and time progression, but it contains source metadata. Use the no-audio metadata-clean derivative for release; in-frame condition labels do not reveal the answer term."
vdcr_commons_mr30_000004_metadata_clean,FRAP Recovery,media/vdcr_segments_pilot_v1/vdcr_commons_mr30_000004_metadata_clean.mp4,media/vdcr_segment_frames_round30_v1/vdcr_commons_mr30_000004_metadata_clean/contact_sheet.jpg,pass_candidate,admit_main_biology_experimental_dynamic_pattern,0,7.133,New metadata-stripped derivative shows a fluorescence recovery after photobleaching time series: marked ROIs lose fluorescence after bleaching and then recover across the time sequence. A single fluorescence frame cannot identify the bleach-recovery experiment; the temporal intensity drop-and-recovery pattern supports FRAP Recovery.
vdcr_commons_mr30_000005,Wind-Driven Fire-Front Propagation,media/vdcr_commons_manual_round30_v1/vdcr_commons_mr30_000005.webm,media/vdcr_commons_manual_frames_round30_v1/vdcr_commons_mr30_000005/contact_sheet.jpg,reject,reject_satellite_logo_and_source_dependent_forcing,0,0,"The CIRA/NOAA loop shows active fire and smoke plume movement, but visible logos/timestamps remain and the wind/front-forced fire-front interpretation is too source-page dependent. Reject rather than admitting a map/satellite visualization that may not directly show a clean named fire-front propagation concept."
vdcr_commons_mr31_000001,Benedict Positive Reducing-Sugar Reaction,media/vdcr_commons_manual_round31_v1/vdcr_commons_mr31_000001.webm,media/vdcr_commons_manual_frames_round31_v1/vdcr_commons_mr31_000001/contact_sheet.jpg,reject,reject_text_context_leakage_and_source_dependency,0,0,"The video shows a plausible heated Benedict-style color/precipitate sequence, but visible test-tube numbering, reagent bottle label, and in-video fast-forward graphics create leakage/context dependence. The named answer would rely too much on experiment identity rather than clean video-native chemical dynamics."
vdcr_commons_mr31_000002,Benedict Positive Reducing-Sugar Reaction,,,reject,reject_download_failed,0,0,"The Commons direct file URL resolved from the page-only manifest returned 404, so this candidate was not available for review."
vdcr_commons_mr31_000003,Gully Headcut Retreat,media/vdcr_commons_manual_round31_v1/vdcr_commons_mr31_000003.ogv,media/vdcr_commons_manual_frames_round31_v1/vdcr_commons_mr31_000003/contact_sheet.jpg,revise,use_metadata_clean_derivative_only,0,15.916,"Raw video shows an erosion head/knickpoint-like feature moving upslope through the sediment surface. This is close to Headward Erosion, so it should only be admitted under the more specific Gully Headcut Retreat label when the retreating erosional head is visible over time. Use the metadata-clean derivative for release."
vdcr_commons_mr31_000003_metadata_clean,Gully Headcut Retreat,media/vdcr_segments_pilot_v1/vdcr_commons_mr31_000003_metadata_clean.mp4,media/vdcr_segment_frames_round31_v1/vdcr_commons_mr31_000003_metadata_clean/contact_sheet.jpg,pass_candidate,admit_strict_earth_dynamic_concept,0,15.916,"Metadata-clean derivative shows the headcut/erosional head expanding and retreating upslope over the sequence. A single frame shows eroded topography, but the named concept depends on the temporal migration of the erosional head, so it passes as Gully Headcut Retreat rather than generic erosion."
vdcr_commons_mr31_000004,Lava Dome Collapse,media/vdcr_commons_manual_round31_v1/vdcr_commons_mr31_000004.gif,media/vdcr_commons_manual_frames_round31_v1/vdcr_commons_mr31_000004/contact_sheet.jpg,reject,reject_static_satellite_or_false_color_shortcut,0,0,"The GIF is a short satellite/false-color view with little visible collapse sequence. It does not show dome material destabilizing and collapsing in a video-native way, so the label would depend on source title/context rather than temporal evidence."
vdcr_commons_mr31_000005,Freeze-Induced Phase Separation,media/vdcr_commons_manual_round31_v1/vdcr_commons_mr31_000005.ogv,media/vdcr_commons_manual_frames_round31_v1/vdcr_commons_mr31_000005/contact_sheet.jpg,revise,trim_title_and_use_metadata_clean_derivative,2.000,21.143,"Raw supplementary movie contains an opening title frame mentioning freezing/melting. The microscopy sequence itself shows an initially structured frozen/separated droplet morphology changing during warming, but the title frame must be removed to avoid text leakage."
vdcr_commons_mr31_000005_seg_002000_21143_clean,Freeze-Induced Phase Separation,media/vdcr_segments_pilot_v1/vdcr_commons_mr31_000005_seg_002000_21143_clean.mp4,media/vdcr_segment_frames_round31_v1/vdcr_commons_mr31_000005_seg_002000_21143_clean/contact_sheet.jpg,pass_candidate,admit_strict_chemistry_dynamic_concept,2.000,21.143,"Title-trimmed metadata-clean derivative shows branched/phase-separated morphology inside the droplet changing over time during the freezing/melting sequence. A single frame can show a patterned droplet, but the target concept depends on observing the temporal emergence and disappearance of freeze-induced separated structure."
vdcr_commons_mr32_000001_metadata_clean,Boiling Bubble Nucleation and Departure,media/vdcr_segments_pilot_v1/vdcr_commons_mr32_000001_metadata_clean.mp4,media/vdcr_segment_frames_round32_v1/vdcr_commons_mr32_000001_metadata_clean/contact_sheet.jpg,pass_candidate,metadata_stripped_boiling_bubble_dynamics_ready_for_license_check,0,13.867,"NASA/Commons microgravity boiling video shows vapor bubbles nucleating, growing, coalescing and departing over time. The named concept cannot be inferred from one still frame because the evidence is the growth/departure sequence; no answer-bearing text is visible in the cleaned derivative."
vdcr_commons_mr32_000002,Gelation Front Propagation,media/vdcr_commons_manual_round32_v1/vdcr_commons_mr32_000002.ogv,media/vdcr_commons_manual_frames_round32_v1/vdcr_commons_mr32_000002/contact_sheet.jpg,reject,text_leakage_and_source_dependent_hydrogel_setup,0,0,"The video contains title cards and visible setup labels naming hydrogel microspring formation, sodium alginate solution, and calcium chloride solution. The visible dynamics are extrusion/microspring formation rather than a clean gelation-front propagation process, so accepting the target would rely too much on source/setup text."
vdcr_commons_mr32_000003,Gelation Front Propagation,media/vdcr_commons_manual_round32_v1/vdcr_commons_mr32_000003.ogv,media/vdcr_commons_manual_frames_round32_v1/vdcr_commons_mr32_000003/contact_sheet.jpg,reject,wrong_dynamic_target_hydrogel_fiber_coiling_not_front,0,0,"After the opening text, the clip shows a pink fiber/microspring forming and coiling from a capillary. It does not make a propagating gelation or solidification front visually decisive, so the target concept would be source-dependent."
vdcr_commons_mr32_000004_metadata_clean,Embryonic Cleavage Division Sequence,media/vdcr_segments_pilot_v1/vdcr_commons_mr32_000004_metadata_clean.mp4,media/vdcr_segment_frames_round32_v1/vdcr_commons_mr32_000004_metadata_clean/contact_sheet.jpg,pass_candidate,metadata_stripped_embryonic_cleavage_ready_for_license_check,0,11.900,Commons/PLOS microscopy time-lapse shows an early embryo progressing through repeated cleavage divisions into many smaller cells. The visible timestamp is not answer-bearing; the source metadata was stripped. The concept requires observing the temporal division sequence rather than identifying a static embryo.
vdcr_public_mr32_000001,Dune Slip-Face Avalanche,media/vdcr_public_manual_round32_v1/vdcr_public_mr32_000001.mp4,media/vdcr_public_manual_frames_round32_v1/vdcr_public_mr32_000001/contact_sheet.jpg,reject,explainer_visualization_no_clean_slip_face_avalanche_evidence,0,0,"The NASA Mars video is mostly a science visualization/flyover of planetary surface features, with explanatory arrows and no clear textless segment showing grains moving downslope along a dune slip face. Reject because the dynamic evidence is not sufficient for Dune Slip-Face Avalanche."
vdcr_commons_mr33_000001_seg_007000_76732_clean,Coalescence-Driven Coarsening,media/vdcr_segments_pilot_v1/vdcr_commons_mr33_000001_seg_007000_76732_clean.mp4,media/vdcr_segment_frames_round33_v1/vdcr_commons_mr33_000001_seg_007000_76732_clean/contact_sheet.jpg,pass_candidate,title_trimmed_textless_foam_coarsening_ready_for_license_check,0,69.720,"Commons/Nature Communications foam-evolution video shows many small gas domains progressively disappearing while larger domains remain, grow, and reorganize. A single frame only shows a foam pattern; the named concept requires observing coarsening over time. The opening title card was removed and metadata/audio were stripped."
vdcr_commons_mr33_000002,Viscoelastic Recoil,media/vdcr_commons_manual_round33_v1/vdcr_commons_mr33_000002.ogv,media/vdcr_commons_manual_frames_round33_v1/vdcr_commons_mr33_000002/contact_sheet.jpg,reject,source_dependent_insect_fluid_video_not_recoil,0,0,"The clip mainly shows an insect interacting with a liquid surface. It does not make elastic stretching followed by restoring recoil visually decisive, so accepting Viscoelastic Recoil would rely on source context rather than video evidence."
vdcr_commons_mr33_000003,Viscoelastic Recoil,media/vdcr_commons_manual_round33_v1/vdcr_commons_mr33_000003.ogv,media/vdcr_commons_manual_frames_round33_v1/vdcr_commons_mr33_000003/contact_sheet.jpg,reject,title_leakage_and_wrong_dynamic_target_material_processing_not_recoil,0,0,"The opening title leaks vitrimer/heat-gun processing context, and the visible sequence is a material-processing fixture experiment. The video does not independently show a clear stretch-release-recoil cycle required for Viscoelastic Recoil."
vdcr_commons_mr33_000004,Storm Surge Propagation,media/vdcr_commons_manual_round33_v1/vdcr_commons_mr33_000004.webm,media/vdcr_commons_manual_frames_round33_v1/vdcr_commons_mr33_000004/contact_sheet.jpg,reject,map_warning_animation_not_video_native_surge_propagation,0,0,"The clip is a warning-map/satellite overlay animation with place labels and advisory polygons. It does not show raw storm-surge inundation or water-front propagation, so the task would become map interpretation rather than video-native dynamic concept recognition."
vdcr_commons_mr33_000005,Wave Refraction,media/vdcr_commons_manual_round33_v1/vdcr_commons_mr33_000005.gif,media/vdcr_commons_manual_frames_round33_v1/vdcr_commons_mr33_000005/contact_sheet.jpg,review,extension_hold_simulation_not_main_quota,0,0,"The GIF cleanly illustrates wavefront bending across regions with different propagation speeds, but this concept is currently extension-tier because available footage is a teaching/simulation animation. Hold out of the v1 main quota unless an educational-simulation slice is explicitly added."
vdcr_commons_mr34_000001_seg_055000_126041_clean,Coupled Pendulum Synchronization,media/vdcr_segments_pilot_v1/vdcr_commons_mr34_000001_seg_055000_126041_clean.mp4,media/vdcr_segment_frames_round34_v1/vdcr_commons_mr34_000001_seg_055000_126041_clean/contact_sheet.jpg,pass_candidate,setup_trimmed_audio_metadata_stripped_coupled_metronome_synchronization_ready_for_license_check,0,70.933,"The cleaned Commons segment shows weakly coupled metronomes on a shared movable platform evolving from different phases toward synchronized oscillation. A single frame only shows the apparatus; the named concept requires observing phase convergence over time. Setup hands, audio, and source metadata were removed."
vdcr_commons_mr34_000002,Coupled Pendulum Synchronization,media/vdcr_commons_manual_round34_v1/vdcr_commons_mr34_000002.ogv,media/vdcr_commons_manual_frames_round34_v1/vdcr_commons_mr34_000002/contact_sheet.jpg,reject,duplicate_backup_and_less_decisive_than_existing_clean_metronome_pass,0,0,"The video is a legitimate coupled-pendula experiment, but it targets the same answer as the cleaner metronome segment admitted in this round. It is also less visually obvious from sparse review, so it should not be used to duplicate the concept."
vdcr_commons_mr34_000003,Damped Oscillation,media/vdcr_commons_manual_round34_v1/vdcr_commons_mr34_000003.ogv,media/vdcr_commons_manual_frames_round34_v1/vdcr_commons_mr34_000003/contact_sheet.jpg,reject,damping_not_visually_decisive_generic_torsion_pendulum_motion,0,0,"The clip shows a torsion pendulum oscillating, but the amplitude decay is not visually decisive over the short sequence. Accepting Damped Oscillation would collapse toward generic pendulum-motion recognition."
vdcr_commons_mr34_000004,Bacterial Chemotaxis,media/vdcr_commons_manual_round34_v1/vdcr_commons_mr34_000004.ogv,media/vdcr_commons_manual_frames_round34_v1/vdcr_commons_mr34_000004/contact_sheet.jpg,reject,directional_chemotaxis_not_decisive_without_source_context,0,0,"The microscopy video contains bacteria and cell regions, but the sparse sequence does not make directional movement toward a gradient or wound target visually decisive. The target would depend too much on the source title/experiment context."
vdcr_commons_mr34_000005_metadata_clean,Bacterial Swarming Motility,media/vdcr_segments_pilot_v1/vdcr_commons_mr34_000005_metadata_clean.mp4,media/vdcr_segment_frames_round34_v1/vdcr_commons_mr34_000005_metadata_clean/contact_sheet.jpg,pass_candidate,metadata_audio_stripped_bacterial_swarming_vortex_ready_for_license_check,0,20.100,The cleaned Commons microscopy segment shows a bacterial vortex/colony region with collective internal motion and boundary evolution over time. A static frame only shows colony morphology; the named concept requires observing coordinated swarm motility. Audio and answer-bearing source metadata were stripped.
vdcr_commons_mr34_000006,Aeolian Saltation,media/vdcr_commons_manual_round34_v1/vdcr_commons_mr34_000006.gif,,reject,static_or_nondecodable_tiny_diagram_not_video_native_saltation,0,0,The downloaded GIF has no usable duration for frame extraction and behaves like a tiny static/diagrammatic file rather than video evidence of hopping grains. It cannot support Aeolian Saltation as a video-native sample.
vdcr_commons_mr34_000007,Wall Cloud Rotation,media/vdcr_commons_manual_round34_v1/vdcr_commons_mr34_000007.webm,media/vdcr_commons_manual_frames_round34_v1/vdcr_commons_mr34_000007/contact_sheet.jpg,reject,generic_cloud_timelapse_no_wall_cloud_rotation,0,0,"The clip is a generic scenic cloud timelapse over a lake. It does not show a localized rotating wall cloud under a storm base, so accepting Wall Cloud Rotation would be wrong-target generic cloud understanding."
vdcr_commons_mr35_000001_crop_metadata_clean,Wind-Driven Fire-Front Propagation,media/vdcr_segments_pilot_v1/vdcr_commons_mr35_000001_crop_metadata_clean.mp4,media/vdcr_segment_frames_round35_v1/vdcr_commons_mr35_000001_crop_metadata_clean/contact_sheet.jpg,pass_candidate,cropped_audio_metadata_stripped_wind_driven_fire_front_ready_for_license_check,0,19.519,"The cleaned Commons/NOAA satellite segment shows active fire detections and bright fire-front regions rapidly expanding and migrating across frames. A single frame only shows isolated hotspots; the named concept requires observing the front propagation over time. The source page double-checks strong-wind/cold-front forcing, while the video itself provides the front-growth evidence. Logo, audio, and metadata were removed."
vdcr_commons_mr35_000002,Wind-Driven Fire-Front Propagation,media/vdcr_commons_manual_round35_v1/vdcr_commons_mr35_000002.webm,media/vdcr_commons_manual_frames_round35_v1/vdcr_commons_mr35_000002/contact_sheet.jpg,reject,duplicate_backup_shorter_and_less_specific_than_ranger_road_fire_pass,0,0,"The no-label Texas wildfire clip also shows rapid wildfire expansion, but it targets the same concept as the stronger Ranger Road pass sample and is only about three seconds long. Reject as duplicate backup rather than repeating the concept."
vdcr_commons_mr35_000003,Lava Dome Collapse,media/vdcr_commons_manual_round35_v1/vdcr_commons_mr35_000003.gif,media/vdcr_commons_manual_frames_round35_v1/vdcr_commons_mr35_000003/contact_sheet.jpg,reject,no_decisive_dome_collapse_sequence_static_satellite_gif,0,0,The GIF repeats near-identical satellite frames of Soufriere Hills and does not show a visually decisive dome-collapse sequence or collapse-generated plume/flow evolution. Accepting Lava Dome Collapse would rely on the filename/source category rather than video evidence.
vdcr_commons_mr36_000001_crop_metadata_clean,Droplet Rebound,media/vdcr_segments_pilot_v1/vdcr_commons_mr36_000001_crop_metadata_clean.mp4,media/vdcr_segment_frames_round36_v1/vdcr_commons_mr36_000001_crop_metadata_clean/contact_sheet.jpg,pass_candidate,cropped_metadata_stripped_droplet_rebound_ready_for_license_check,0,10.000,"The cleaned clip shows a droplet impacting the liquid-infused surface, deforming into a necked contact shape, retracting under surface tension, and bouncing back upward. A single frame could show only a droplet or an intermediate deformation; the named concept requires the full impact-retraction-liftoff sequence. Source text double-checks the droplet-impact/bouncing context, while the video itself supplies the temporal evidence. Overlay text, audio, and metadata were removed."
vdcr_commons_mr36_000002_crop_metadata_clean,Pollen Tube Chemotropic Growth,media/vdcr_segments_pilot_v1/vdcr_commons_mr36_000002_crop_metadata_clean.mp4,media/vdcr_segment_frames_round36_v1/vdcr_commons_mr36_000002_crop_metadata_clean/contact_sheet.jpg,pass_candidate,cropped_metadata_stripped_pollen_tube_navigation_ready_for_license_check,0,6.750,"The cleaned microscopy time-lapse shows a GFP-tagged pollen tube extending and navigating into the ovule structure over time. A single frame shows only a tube-like fluorescence trace; the VDCR answer depends on observing directional tip growth and navigation. The source page double-checks short-range ovule-signal attraction/repulsion, while the video provides the directed growth trajectory. Time labels, scale bars, audio, and metadata were removed."
vdcr_commons_mr36_000003_crop_metadata_clean,Root Hair Tip Growth,media/vdcr_segments_pilot_v1/vdcr_commons_mr36_000003_crop_metadata_clean.mp4,media/vdcr_segment_frames_round36_v1/vdcr_commons_mr36_000003_crop_metadata_clean/contact_sheet.jpg,pass_candidate,cropped_metadata_stripped_root_hair_tip_growth_ready_for_license_check,0,15.250,"The cleaned microscopy time-lapse shows an elongating root hair with the growing tip advancing across frames. A static image can identify a root-hair-like structure, but cannot establish polarized tip growth; the concept requires temporal extension of the tip. The source page double-checks root-hair polarity/elongation, while the video itself shows the extension sequence. Timestamp overlays, audio, and metadata were removed."
vdcr_commons_mr36_000004,Standing Wave Formation,media/vdcr_commons_manual_round36_v1/vdcr_commons_mr36_000004.webm,media/vdcr_commons_manual_frames_round36_v1/vdcr_commons_mr36_000004/contact_sheet.jpg,reject,teaching_animation_with_frequency_formula_text_and_audio_not_release_ready,0,0,"The source is a long explanatory animation with frequency readouts, wave symbols, formula-like labels, and audio. Cropping away the labels would also remove much of the standing-wave/resonance evidence. Reject for v1 main production because acceptance would rely on a teaching schematic and source context rather than clean video-native evidence."
vdcr_commons_mr37_000001_crop_metadata_clean,Seismic Wave Propagation,media/vdcr_segments_pilot_v1/vdcr_commons_mr37_000001_crop_metadata_clean.mp4,media/vdcr_segment_frames_round37_v1/vdcr_commons_mr37_000001_crop_metadata_clean/contact_sheet.jpg,pass_candidate,metadata_stripped_cropped_seismic_wave_propagation_ready_for_main_direct_answer,0.0,75.1,"Cropped metadata-clean USGS/Commons animation shows a colored ground-motion intensity field propagating outward across the Bay Area map over time. A single frame only shows a spatial intensity pattern; the target concept requires observing the advancing wave/ground-motion front. The source page double-checks the earthquake and seismic-wave context, but the video itself supplies the propagation evidence. Original title, time legend, intensity legend, audio, and source metadata were removed; residual city labels do not disclose the answer concept."
vdcr_commons_mr38_000001_crop_metadata_clean,Stokes Flow Kinematic Reversibility,media/vdcr_segments_pilot_v1/vdcr_commons_mr38_000001_crop_metadata_clean.mp4,media/vdcr_segment_frames_round38_v1/vdcr_commons_mr38_000001_crop_metadata_clean/contact_sheet.jpg,pass_candidate,metadata_stripped_cropped_stokes_flow_reversibility_ready_for_main_direct_answer,0.0,88.055,"Cropped metadata-clean Commons/UNM demonstration shows colored droplets in a low-Reynolds-number laminar apparatus being stretched into apparent mixed bands by forward rotation and then returning close to their initial separated droplet pattern after reverse rotation. A single frame can only show droplets or bands; the target concept requires observing the forward deformation and reverse recovery sequence. The source page double-checks the Re<1 laminar-flow reversal context, but the pass decision relies on visible temporal reversibility in the video. Bottom title/logo, audio, and source metadata were removed."
vdcr_commons_mr40_000001_crop_metadata_clean,Benedict Positive Reducing-Sugar Reaction,media/vdcr_segments_pilot_v1/vdcr_commons_mr40_000001_crop_metadata_clean.mp4,media/vdcr_segment_frames_round40_v1/vdcr_commons_mr40_000001_crop_metadata_clean/contact_sheet.jpg,pass_candidate,metadata_stripped_cropped_benedict_reducing_sugar_reaction_ready_for_main_direct_answer,0.0,57.56,"Cropped metadata-clean Commons chemistry experiment shows reagent added to multiple test tubes, heating in a water bath, and progressive color/precipitate evolution from blue solution to red-brown positive tubes while other tubes remain blue. A single frame could show only final colors; the target concept requires observing reagent addition/heating and the temporal formation of the red precipitate pattern. The source page double-checks the Cu2+ to Cu+ reduction and Cu2O precipitate mechanism, but the pass decision relies on the visible reaction evolution in the video. Audio, source metadata, and the right-side title/label risk region were removed; remaining numeric sample labels do not disclose the answer concept."
vdcr_commons_mr41_000001_crop_metadata_clean,Cutbank Erosion / Point-Bar Deposition,media/vdcr_segments_pilot_v1/vdcr_commons_mr41_000001_crop_metadata_clean.mp4,media/vdcr_segment_frames_round41_v1/vdcr_commons_mr41_000001_crop_metadata_clean/contact_sheet.jpg,pass_candidate,metadata_stripped_bottom_cropped_cutbank_pointbar_ready_for_main_direct_answer,0.000,55.900,"Cropped metadata-clean Commons/NASA Landsat time-series shows Padma River channel boundaries migrating over multiple years, with outer-bank retreat/cutbank erosion and exposed light-toned sand/bar accretion along opposite or inner banks. A single satellite frame can show a braided river planform, but the target concept requires observing bank-line retreat and bar/deposition growth across the temporal sequence. The source page double-checks the Padma River time-series context, but the pass decision relies on visible channel-boundary and bar-morphology evolution in the video. Bottom year labels, audio, and source metadata were removed."
vdcr_commons_mr42_000001_worthington_jet_clean,Worthington Jet,media/vdcr_segments_pilot_v1/vdcr_commons_mr42_000001_worthington_jet_clean.mp4,media/vdcr_segment_frames_round42_v1/vdcr_commons_mr42_000001_worthington_jet_clean/contact_sheet.jpg,pass_candidate,metadata_stripped_cropped_worthington_jet_ready_for_main_direct_answer,0.000,9.000,"Cropped metadata-clean slow-motion segment shows an impact into a liquid surface, cavity/splash disturbance, vertical liquid jet rise, top droplet formation, and subsequent relaxation. A single frame could be confused with a generic splash, pouring stream, or static liquid column; the named concept requires observing the post-impact jet emergence and evolution. The source page only double-checks that the video is slow-motion water drops/pellet impact; the pass decision relies on visible impact-to-jet temporal evidence in the cleaned segment. Opening title card, audio risk, and source metadata are excluded."
vdcr_public_mr43_000002_biofilm_expansion_clean,Biofilm Colony Expansion Dynamics,media/vdcr_segments_pilot_v1/vdcr_public_mr43_000002_biofilm_expansion_clean.mp4,media/vdcr_segment_frames_round43_v1/vdcr_public_mr43_000002_biofilm_expansion_clean/contact_sheet.jpg,pass_candidate,metadata_stripped_audio_removed_biofilm_expansion_ready_for_main_direct_answer,0.000,8.250,"Metadata-clean video-only NIGMS time-lapse shows red biofilm/colony material expanding through a curved microfluidic channel and progressively occupying/blocking the flow path. A single frame can show colored material inside a channel, but the target concept requires observing collective biofilm front expansion and channel-occupancy growth across time. The NIGMS page double-checks the biofilm-over-56-hours context; the pass decision relies on visible expansion and blockage dynamics in the cleaned video. Audio and container creation metadata were removed."
vdcr_public_mr44_000003_electrodeposition_dendrite_01_clean,Electrodeposition Dendrite Growth,media/vdcr_segments_pilot_v1/vdcr_public_mr44_000003_electrodeposition_dendrite_01_clean.mp4,media/vdcr_segment_frames_round44_v1/vdcr_public_mr44_000003_electrodeposition_dendrite_01_clean/contact_sheet.jpg,pass_candidate,metadata_stripped_video_only_experimental_dendrite_growth_ready_for_main_direct_answer,0.000,30.800,"Video-only clean derivative of a Scientific Reports experimental supplementary movie shows dark electrodeposits initiating at opposing electrode tips, thickening, and growing into branching/fractal dendritic morphology over time. A single frame could show only electrodes or an already formed dark deposit, but the accepted concept requires observing electrode-driven growth fronts and dendritic morphology formation across the temporal sequence. The source page double-checks the experimental dendrite growth context and CC BY 4.0 license; the pass decision relies on visible growth dynamics rather than source text. Nearby modeling videos and the high-frequency wire-like experimental clip were not merged."
vdcr_public_mr45_000001_dune_slip_face_grain_avalanche_trim_crop_clean,Dune Slip-Face Grain Avalanche,media/vdcr_segments_pilot_v1/vdcr_public_mr45_000001_dune_slip_face_grain_avalanche_trim_crop_clean.mp4,media/vdcr_segment_frames_round45_v1/vdcr_public_mr45_000001_dune_slip_face_grain_avalanche_trim_crop_clean/contact_sheet.jpg,pass_candidate,trimmed_cropped_textless_dune_slip_face_grain_avalanche_ready_for_main_direct_answer,0.000,7.107,"Cropped metadata-clean NPS segment shows a sand slope/slip face where granular material loses stability and moves downslope as a localized avalanche tongue/fan over time. A single frame can show a sandy slope or a static erosion scar, but the target concept requires observing the granular flow initiating, spreading, and relaxing along the dune slip face. The source page discusses singing sand and dune avalanches, but the pass decision relies on the visible time-evolving slip-face grain flow. The accepted derivative removes the raw video audio, opening park/title text, bottom captions, and end logo."
vdcr_public_mr46_000001_capillary_rise_wicking_crop_clean,Capillary Rise / Wicking,media/vdcr_segments_pilot_v1/vdcr_public_mr46_000001_capillary_rise_wicking_crop_clean.mp4,media/vdcr_segment_frames_round46_v1/vdcr_public_mr46_000001_capillary_rise_wicking_crop_clean/contact_sheet.jpg,pass_candidate,cropped_textless_experiment_capillary_wicking_ready_for_main_direct_answer,0.000,19.000,"Center-cropped metadata-clean USGS experiment segment shows water wicking upward through coffee-filter paper and carrying green marker dye as a wetting/color front rises and spreads through the porous sheet over time. A single frame can show a wet filter and green stain, but the target concept requires observing the upward wetting-front progression and dye transport sequence. The raw explainer contains narration, setup text, web-page screenshots, source logos, and an end card; the accepted derivative removes audio, source metadata, bottom logo overlays, and non-experiment sections. The visible USGS letters on the filter are marker dye used in the experiment and do not reveal the answer concept."
vdcr_public_mr47_000001_mitotic_chromosome_segregation_crop_clean,Mitotic Chromosome Segregation,media/vdcr_segments_pilot_v1/vdcr_public_mr47_000001_mitotic_chromosome_segregation_crop_clean.mp4,media/vdcr_segment_frames_round47_v1/vdcr_public_mr47_000001_mitotic_chromosome_segregation_crop_clean_contact_sheet.jpg,pass_candidate,cropped_timestamp_removed_microscopy_sequence_ready_for_main_direct_answer,0.000,76.667,"Cropped metadata-clean PLOS ONE supplementary microscopy time-lapse shows H2B-GFP labeled chromosomes condensing/aligned as bright bars, separating into two groups, and resolving into daughter nuclei/cells over time. A single fluorescent cell frame may show nuclei or condensed chromosomes, but the target concept requires observing the temporal mitotic chromosome movement and segregation sequence. The source page double-checks that the movie contains control HeLa cells entering mitosis and is CC BY; the pass decision relies on visible chromosome dynamics rather than source text. The accepted derivative removes source metadata and crops out the embedded bottom timestamp band; there is no audio or answer text."
vdcr_public_mr48_000001_droplet_spreading_retraction_clean,Droplet Spreading and Retraction,media/vdcr_segments_pilot_v1/vdcr_public_mr48_000001_droplet_spreading_retraction_clean.mp4,media/vdcr_segment_frames_round48_v1/vdcr_public_mr48_000001_droplet_spreading_retraction_clean/contact_sheet.jpg,pass_candidate,short_metadata_clean_impact_spread_retract_segment_ready_for_main_direct_answer,0.000,2.800,"Short metadata-clean Scientific Reports/Commons segment shows a droplet descending onto a superhydrophobic surface, contacting the surface, spreading laterally into a flattened lamella/film with a rippled edge, and retracting back into a compact central liquid mass. A single frame can show a falling drop or spread puddle, but the named concept requires observing the impact-driven spreading followed by capillary retraction over time. The segment ends before clear liftoff to avoid ambiguity with the already-covered droplet rebound concept. The raw OGV metadata contains article/title/author information, but the accepted derivative strips source metadata and has no audio or in-frame answer text."
vdcr_public_mr49_000001_flame_blowoff_clean,Flame Blowoff,media/vdcr_segments_pilot_v1/vdcr_public_mr49_000001_flame_blowoff_clean.mp4,media/vdcr_segment_frames_round49_v1/vdcr_public_mr49_000001_flame_blowoff_clean/contact_sheet.jpg,pass_candidate,metadata_clean_flame_instability_blowoff_sequence_ready_for_main_direct_answer,0.000,3.500,"Metadata-clean Commons GIF-to-MP4 derivative shows a blue premixed swirl-combustor flame changing from a broad stable flame to a narrowed, elongated, unstable downstream flame structure as the sequence progresses toward blowoff. A single frame can show only a blue flame shape, but the target concept requires observing the temporal loss of stable flame anchoring and shape degradation. The source page double-checks that the combustor is undergoing blow-off as fuel-air ratio is decreased; the pass decision relies on visible flame-shape evolution rather than in-frame text. The accepted derivative has no audio, no in-frame answer text, and no source metadata beyond neutral container encoding."
