concept_id,priority,search_term,initial_category,candidate_knowledge_point,domain_seed,subdomain_seed,why_dynamic,default_start_sec,default_end_sec,notes
vdcr_concept_0180,A,Guard-Cell Turgor-Driven Stomatal Aperture Dynamics,biology_living_systems,Guard-Cell Turgor-Driven Stomatal Aperture Dynamics,biology_living_systems,biology_family_09,"Candidate must show the temporal sequence that instantiates Guard-Cell Turgor-Driven Stomatal Aperture Dynamics, not merely an object, scene, or static result.",0,30,vdcr_v2_expansion_backlog; concept_zh=保卫细胞膨压驱动气孔孔径动态; needed_candidates=3; production_gate=video_must_show_biological_dynamic_sequence_or_strategy_not_species_or_generic_action
vdcr_concept_0180,A,Guard-Cell Turgor-Driven Stomatal Aperture Dynamics demonstration,biology_living_systems,Guard-Cell Turgor-Driven Stomatal Aperture Dynamics,biology_living_systems,biology_family_09,"Candidate must show the temporal sequence that instantiates Guard-Cell Turgor-Driven Stomatal Aperture Dynamics, not merely an object, scene, or static result.",0,30,vdcr_v2_expansion_backlog; concept_zh=保卫细胞膨压驱动气孔孔径动态; needed_candidates=3; production_gate=video_must_show_biological_dynamic_sequence_or_strategy_not_species_or_generic_action
vdcr_concept_0180,A,Guard-Cell Turgor-Driven Stomatal Aperture Dynamics experiment video,biology_living_systems,Guard-Cell Turgor-Driven Stomatal Aperture Dynamics,biology_living_systems,biology_family_09,"Candidate must show the temporal sequence that instantiates Guard-Cell Turgor-Driven Stomatal Aperture Dynamics, not merely an object, scene, or static result.",0,30,vdcr_v2_expansion_backlog; concept_zh=保卫细胞膨压驱动气孔孔径动态; needed_candidates=3; production_gate=video_must_show_biological_dynamic_sequence_or_strategy_not_species_or_generic_action
vdcr_concept_0180,A,保卫细胞膨压驱动气孔孔径动态 Guard-Cell Turgor-Driven Stomatal Aperture Dynamics,biology_living_systems,Guard-Cell Turgor-Driven Stomatal Aperture Dynamics,biology_living_systems,biology_family_09,"Candidate must show the temporal sequence that instantiates Guard-Cell Turgor-Driven Stomatal Aperture Dynamics, not merely an object, scene, or static result.",0,30,vdcr_v2_expansion_backlog; concept_zh=保卫细胞膨压驱动气孔孔径动态; needed_candidates=3; production_gate=video_must_show_biological_dynamic_sequence_or_strategy_not_species_or_generic_action
vdcr_concept_0017,A,Standing-Wave Mode Formation,physics_physical_systems,Standing-Wave Mode Formation,physics_physical_systems,physics_family_03,"Candidate must show the temporal sequence that instantiates Standing-Wave Mode Formation, not merely an object, scene, or static result.",0,30,vdcr_v2_expansion_backlog; concept_zh=驻波模态形成; needed_candidates=3; production_gate=video_must_show_named_dynamic_mechanism_sequence_without_title_or_source_leakage
vdcr_concept_0017,A,Standing-Wave Mode Formation demonstration,physics_physical_systems,Standing-Wave Mode Formation,physics_physical_systems,physics_family_03,"Candidate must show the temporal sequence that instantiates Standing-Wave Mode Formation, not merely an object, scene, or static result.",0,30,vdcr_v2_expansion_backlog; concept_zh=驻波模态形成; needed_candidates=3; production_gate=video_must_show_named_dynamic_mechanism_sequence_without_title_or_source_leakage
vdcr_concept_0017,A,Standing-Wave Mode Formation experiment video,physics_physical_systems,Standing-Wave Mode Formation,physics_physical_systems,physics_family_03,"Candidate must show the temporal sequence that instantiates Standing-Wave Mode Formation, not merely an object, scene, or static result.",0,30,vdcr_v2_expansion_backlog; concept_zh=驻波模态形成; needed_candidates=3; production_gate=video_must_show_named_dynamic_mechanism_sequence_without_title_or_source_leakage
vdcr_concept_0017,A,驻波模态形成 Standing-Wave Mode Formation,physics_physical_systems,Standing-Wave Mode Formation,physics_physical_systems,physics_family_03,"Candidate must show the temporal sequence that instantiates Standing-Wave Mode Formation, not merely an object, scene, or static result.",0,30,vdcr_v2_expansion_backlog; concept_zh=驻波模态形成; needed_candidates=3; production_gate=video_must_show_named_dynamic_mechanism_sequence_without_title_or_source_leakage
vdcr_concept_0171,B,Actin-Driven Filopodium Protrusion,biology_living_systems,Actin-Driven Filopodium Protrusion,biology_living_systems,biology_family_07,"Candidate must show the temporal sequence that instantiates Actin-Driven Filopodium Protrusion, not merely an object, scene, or static result.",0,30,vdcr_v2_expansion_backlog; concept_zh=肌动蛋白驱动丝状伪足探伸; needed_candidates=3; production_gate=must_show_thin_actin_rich_protrusion_extension_and_retraction_or_exploration_over_time
vdcr_concept_0171,B,Actin-Driven Filopodium Protrusion demonstration,biology_living_systems,Actin-Driven Filopodium Protrusion,biology_living_systems,biology_family_07,"Candidate must show the temporal sequence that instantiates Actin-Driven Filopodium Protrusion, not merely an object, scene, or static result.",0,30,vdcr_v2_expansion_backlog; concept_zh=肌动蛋白驱动丝状伪足探伸; needed_candidates=3; production_gate=must_show_thin_actin_rich_protrusion_extension_and_retraction_or_exploration_over_time
vdcr_concept_0171,B,Actin-Driven Filopodium Protrusion experiment video,biology_living_systems,Actin-Driven Filopodium Protrusion,biology_living_systems,biology_family_07,"Candidate must show the temporal sequence that instantiates Actin-Driven Filopodium Protrusion, not merely an object, scene, or static result.",0,30,vdcr_v2_expansion_backlog; concept_zh=肌动蛋白驱动丝状伪足探伸; needed_candidates=3; production_gate=must_show_thin_actin_rich_protrusion_extension_and_retraction_or_exploration_over_time
vdcr_concept_0171,B,肌动蛋白驱动丝状伪足探伸 Actin-Driven Filopodium Protrusion,biology_living_systems,Actin-Driven Filopodium Protrusion,biology_living_systems,biology_family_07,"Candidate must show the temporal sequence that instantiates Actin-Driven Filopodium Protrusion, not merely an object, scene, or static result.",0,30,vdcr_v2_expansion_backlog; concept_zh=肌动蛋白驱动丝状伪足探伸; needed_candidates=3; production_gate=must_show_thin_actin_rich_protrusion_extension_and_retraction_or_exploration_over_time
vdcr_concept_0170,B,Actin-Driven Lamellipodium Extension,biology_living_systems,Actin-Driven Lamellipodium Extension,biology_living_systems,biology_family_07,"Candidate must show the temporal sequence that instantiates Actin-Driven Lamellipodium Extension, not merely an object, scene, or static result.",0,30,vdcr_v2_expansion_backlog; concept_zh=肌动蛋白驱动片状伪足延伸; needed_candidates=3; production_gate=must_show_actin_driven_sheetlike_cell_edge_protrusion_over_time
vdcr_concept_0170,B,Actin-Driven Lamellipodium Extension demonstration,biology_living_systems,Actin-Driven Lamellipodium Extension,biology_living_systems,biology_family_07,"Candidate must show the temporal sequence that instantiates Actin-Driven Lamellipodium Extension, not merely an object, scene, or static result.",0,30,vdcr_v2_expansion_backlog; concept_zh=肌动蛋白驱动片状伪足延伸; needed_candidates=3; production_gate=must_show_actin_driven_sheetlike_cell_edge_protrusion_over_time
vdcr_concept_0170,B,Actin-Driven Lamellipodium Extension experiment video,biology_living_systems,Actin-Driven Lamellipodium Extension,biology_living_systems,biology_family_07,"Candidate must show the temporal sequence that instantiates Actin-Driven Lamellipodium Extension, not merely an object, scene, or static result.",0,30,vdcr_v2_expansion_backlog; concept_zh=肌动蛋白驱动片状伪足延伸; needed_candidates=3; production_gate=must_show_actin_driven_sheetlike_cell_edge_protrusion_over_time
vdcr_concept_0170,B,肌动蛋白驱动片状伪足延伸 Actin-Driven Lamellipodium Extension,biology_living_systems,Actin-Driven Lamellipodium Extension,biology_living_systems,biology_family_07,"Candidate must show the temporal sequence that instantiates Actin-Driven Lamellipodium Extension, not merely an object, scene, or static result.",0,30,vdcr_v2_expansion_backlog; concept_zh=肌动蛋白驱动片状伪足延伸; needed_candidates=3; production_gate=must_show_actin_driven_sheetlike_cell_edge_protrusion_over_time
vdcr_concept_0172,B,Actomyosin Contractile Ring Constriction,biology_living_systems,Actomyosin Contractile Ring Constriction,biology_living_systems,biology_family_07,"Candidate must show the temporal sequence that instantiates Actomyosin Contractile Ring Constriction, not merely an object, scene, or static result.",0,30,vdcr_v2_expansion_backlog; concept_zh=细胞收缩环收缩; needed_candidates=3; production_gate=video_must_show_biological_dynamic_sequence_or_strategy_not_species_or_generic_action
vdcr_concept_0172,B,Actomyosin Contractile Ring Constriction demonstration,biology_living_systems,Actomyosin Contractile Ring Constriction,biology_living_systems,biology_family_07,"Candidate must show the temporal sequence that instantiates Actomyosin Contractile Ring Constriction, not merely an object, scene, or static result.",0,30,vdcr_v2_expansion_backlog; concept_zh=细胞收缩环收缩; needed_candidates=3; production_gate=video_must_show_biological_dynamic_sequence_or_strategy_not_species_or_generic_action
vdcr_concept_0172,B,Actomyosin Contractile Ring Constriction experiment video,biology_living_systems,Actomyosin Contractile Ring Constriction,biology_living_systems,biology_family_07,"Candidate must show the temporal sequence that instantiates Actomyosin Contractile Ring Constriction, not merely an object, scene, or static result.",0,30,vdcr_v2_expansion_backlog; concept_zh=细胞收缩环收缩; needed_candidates=3; production_gate=video_must_show_biological_dynamic_sequence_or_strategy_not_species_or_generic_action
vdcr_concept_0172,B,细胞收缩环收缩 Actomyosin Contractile Ring Constriction,biology_living_systems,Actomyosin Contractile Ring Constriction,biology_living_systems,biology_family_07,"Candidate must show the temporal sequence that instantiates Actomyosin Contractile Ring Constriction, not merely an object, scene, or static result.",0,30,vdcr_v2_expansion_backlog; concept_zh=细胞收缩环收缩; needed_candidates=3; production_gate=video_must_show_biological_dynamic_sequence_or_strategy_not_species_or_generic_action
vdcr_concept_0181,B,Chloroplast Photorelocation Movement,biology_living_systems,Chloroplast Photorelocation Movement,biology_living_systems,biology_family_09,"Candidate must show the temporal sequence that instantiates Chloroplast Photorelocation Movement, not merely an object, scene, or static result.",0,30,vdcr_v2_expansion_backlog; concept_zh=叶绿体光定位运动; needed_candidates=3; production_gate=video_must_show_biological_dynamic_sequence_or_strategy_not_species_or_generic_action
vdcr_concept_0181,B,Chloroplast Photorelocation Movement demonstration,biology_living_systems,Chloroplast Photorelocation Movement,biology_living_systems,biology_family_09,"Candidate must show the temporal sequence that instantiates Chloroplast Photorelocation Movement, not merely an object, scene, or static result.",0,30,vdcr_v2_expansion_backlog; concept_zh=叶绿体光定位运动; needed_candidates=3; production_gate=video_must_show_biological_dynamic_sequence_or_strategy_not_species_or_generic_action
vdcr_concept_0181,B,Chloroplast Photorelocation Movement experiment video,biology_living_systems,Chloroplast Photorelocation Movement,biology_living_systems,biology_family_09,"Candidate must show the temporal sequence that instantiates Chloroplast Photorelocation Movement, not merely an object, scene, or static result.",0,30,vdcr_v2_expansion_backlog; concept_zh=叶绿体光定位运动; needed_candidates=3; production_gate=video_must_show_biological_dynamic_sequence_or_strategy_not_species_or_generic_action
vdcr_concept_0181,B,叶绿体光定位运动 Chloroplast Photorelocation Movement,biology_living_systems,Chloroplast Photorelocation Movement,biology_living_systems,biology_family_09,"Candidate must show the temporal sequence that instantiates Chloroplast Photorelocation Movement, not merely an object, scene, or static result.",0,30,vdcr_v2_expansion_backlog; concept_zh=叶绿体光定位运动; needed_candidates=3; production_gate=video_must_show_biological_dynamic_sequence_or_strategy_not_species_or_generic_action
vdcr_concept_0145,B,Hydrotropism,biology_living_systems,Hydrotropism,biology_living_systems,biology_family_04,"Candidate must show the temporal sequence that instantiates Hydrotropism, not merely an object, scene, or static result.",0,30,vdcr_v2_expansion_backlog; concept_zh=向水性; needed_candidates=3; production_gate=video_must_show_biological_dynamic_sequence_or_strategy_not_species_or_generic_action
vdcr_concept_0145,B,Hydrotropism demonstration,biology_living_systems,Hydrotropism,biology_living_systems,biology_family_04,"Candidate must show the temporal sequence that instantiates Hydrotropism, not merely an object, scene, or static result.",0,30,vdcr_v2_expansion_backlog; concept_zh=向水性; needed_candidates=3; production_gate=video_must_show_biological_dynamic_sequence_or_strategy_not_species_or_generic_action
vdcr_concept_0145,B,Hydrotropism experiment video,biology_living_systems,Hydrotropism,biology_living_systems,biology_family_04,"Candidate must show the temporal sequence that instantiates Hydrotropism, not merely an object, scene, or static result.",0,30,vdcr_v2_expansion_backlog; concept_zh=向水性; needed_candidates=3; production_gate=video_must_show_biological_dynamic_sequence_or_strategy_not_species_or_generic_action
vdcr_concept_0145,B,向水性 Hydrotropism,biology_living_systems,Hydrotropism,biology_living_systems,biology_family_04,"Candidate must show the temporal sequence that instantiates Hydrotropism, not merely an object, scene, or static result.",0,30,vdcr_v2_expansion_backlog; concept_zh=向水性; needed_candidates=3; production_gate=video_must_show_biological_dynamic_sequence_or_strategy_not_species_or_generic_action
vdcr_concept_0167,B,Pinocytosis,biology_living_systems,Pinocytosis,biology_living_systems,biology_family_06,"Candidate must show the temporal sequence that instantiates Pinocytosis, not merely an object, scene, or static result.",0,30,vdcr_v2_expansion_backlog; concept_zh=胞饮作用; needed_candidates=3; production_gate=video_must_show_biological_dynamic_sequence_or_strategy_not_species_or_generic_action
vdcr_concept_0167,B,Pinocytosis demonstration,biology_living_systems,Pinocytosis,biology_living_systems,biology_family_06,"Candidate must show the temporal sequence that instantiates Pinocytosis, not merely an object, scene, or static result.",0,30,vdcr_v2_expansion_backlog; concept_zh=胞饮作用; needed_candidates=3; production_gate=video_must_show_biological_dynamic_sequence_or_strategy_not_species_or_generic_action
vdcr_concept_0167,B,Pinocytosis experiment video,biology_living_systems,Pinocytosis,biology_living_systems,biology_family_06,"Candidate must show the temporal sequence that instantiates Pinocytosis, not merely an object, scene, or static result.",0,30,vdcr_v2_expansion_backlog; concept_zh=胞饮作用; needed_candidates=3; production_gate=video_must_show_biological_dynamic_sequence_or_strategy_not_species_or_generic_action
vdcr_concept_0167,B,胞饮作用 Pinocytosis,biology_living_systems,Pinocytosis,biology_living_systems,biology_family_06,"Candidate must show the temporal sequence that instantiates Pinocytosis, not merely an object, scene, or static result.",0,30,vdcr_v2_expansion_backlog; concept_zh=胞饮作用; needed_candidates=3; production_gate=video_must_show_biological_dynamic_sequence_or_strategy_not_species_or_generic_action
vdcr_concept_0188,B,Quorum-Sensing Wave,biology_living_systems,Quorum-Sensing Wave,biology_living_systems,biology_family_10,"Candidate must show the temporal sequence that instantiates Quorum-Sensing Wave, not merely an object, scene, or static result.",0,30,vdcr_v2_expansion_backlog; concept_zh=群体感应波; needed_candidates=3; production_gate=video_must_show_biological_dynamic_sequence_or_strategy_not_species_or_generic_action
vdcr_concept_0188,B,Quorum-Sensing Wave demonstration,biology_living_systems,Quorum-Sensing Wave,biology_living_systems,biology_family_10,"Candidate must show the temporal sequence that instantiates Quorum-Sensing Wave, not merely an object, scene, or static result.",0,30,vdcr_v2_expansion_backlog; concept_zh=群体感应波; needed_candidates=3; production_gate=video_must_show_biological_dynamic_sequence_or_strategy_not_species_or_generic_action
vdcr_concept_0188,B,Quorum-Sensing Wave experiment video,biology_living_systems,Quorum-Sensing Wave,biology_living_systems,biology_family_10,"Candidate must show the temporal sequence that instantiates Quorum-Sensing Wave, not merely an object, scene, or static result.",0,30,vdcr_v2_expansion_backlog; concept_zh=群体感应波; needed_candidates=3; production_gate=video_must_show_biological_dynamic_sequence_or_strategy_not_species_or_generic_action
vdcr_concept_0188,B,群体感应波 Quorum-Sensing Wave,biology_living_systems,Quorum-Sensing Wave,biology_living_systems,biology_family_10,"Candidate must show the temporal sequence that instantiates Quorum-Sensing Wave, not merely an object, scene, or static result.",0,30,vdcr_v2_expansion_backlog; concept_zh=群体感应波; needed_candidates=3; production_gate=video_must_show_biological_dynamic_sequence_or_strategy_not_species_or_generic_action
vdcr_concept_0147,B,Seismonasty,biology_living_systems,Seismonasty,biology_living_systems,biology_family_04,"Candidate must show the temporal sequence that instantiates Seismonasty, not merely an object, scene, or static result.",0,30,vdcr_v2_expansion_backlog; concept_zh=感震性运动; needed_candidates=3; production_gate=video_must_show_biological_dynamic_sequence_or_strategy_not_species_or_generic_action
vdcr_concept_0147,B,Seismonasty demonstration,biology_living_systems,Seismonasty,biology_living_systems,biology_family_04,"Candidate must show the temporal sequence that instantiates Seismonasty, not merely an object, scene, or static result.",0,30,vdcr_v2_expansion_backlog; concept_zh=感震性运动; needed_candidates=3; production_gate=video_must_show_biological_dynamic_sequence_or_strategy_not_species_or_generic_action
vdcr_concept_0147,B,Seismonasty experiment video,biology_living_systems,Seismonasty,biology_living_systems,biology_family_04,"Candidate must show the temporal sequence that instantiates Seismonasty, not merely an object, scene, or static result.",0,30,vdcr_v2_expansion_backlog; concept_zh=感震性运动; needed_candidates=3; production_gate=video_must_show_biological_dynamic_sequence_or_strategy_not_species_or_generic_action
vdcr_concept_0147,B,感震性运动 Seismonasty,biology_living_systems,Seismonasty,biology_living_systems,biology_family_04,"Candidate must show the temporal sequence that instantiates Seismonasty, not merely an object, scene, or static result.",0,30,vdcr_v2_expansion_backlog; concept_zh=感震性运动; needed_candidates=3; production_gate=video_must_show_biological_dynamic_sequence_or_strategy_not_species_or_generic_action
vdcr_concept_0149,B,Tendril Circumnutation,biology_living_systems,Tendril Circumnutation,biology_living_systems,biology_family_04,"Candidate must show the temporal sequence that instantiates Tendril Circumnutation, not merely an object, scene, or static result.",0,30,vdcr_v2_expansion_backlog; concept_zh=卷须旋转探寻; needed_candidates=3; production_gate=video_must_show_biological_dynamic_sequence_or_strategy_not_species_or_generic_action
vdcr_concept_0149,B,Tendril Circumnutation demonstration,biology_living_systems,Tendril Circumnutation,biology_living_systems,biology_family_04,"Candidate must show the temporal sequence that instantiates Tendril Circumnutation, not merely an object, scene, or static result.",0,30,vdcr_v2_expansion_backlog; concept_zh=卷须旋转探寻; needed_candidates=3; production_gate=video_must_show_biological_dynamic_sequence_or_strategy_not_species_or_generic_action
vdcr_concept_0149,B,Tendril Circumnutation experiment video,biology_living_systems,Tendril Circumnutation,biology_living_systems,biology_family_04,"Candidate must show the temporal sequence that instantiates Tendril Circumnutation, not merely an object, scene, or static result.",0,30,vdcr_v2_expansion_backlog; concept_zh=卷须旋转探寻; needed_candidates=3; production_gate=video_must_show_biological_dynamic_sequence_or_strategy_not_species_or_generic_action
vdcr_concept_0149,B,卷须旋转探寻 Tendril Circumnutation,biology_living_systems,Tendril Circumnutation,biology_living_systems,biology_family_04,"Candidate must show the temporal sequence that instantiates Tendril Circumnutation, not merely an object, scene, or static result.",0,30,vdcr_v2_expansion_backlog; concept_zh=卷须旋转探寻; needed_candidates=3; production_gate=video_must_show_biological_dynamic_sequence_or_strategy_not_species_or_generic_action
vdcr_concept_0150,B,Tendril Coiling,biology_living_systems,Tendril Coiling,biology_living_systems,biology_family_04,"Candidate must show the temporal sequence that instantiates Tendril Coiling, not merely an object, scene, or static result.",0,30,vdcr_v2_expansion_backlog; concept_zh=卷须缠绕; needed_candidates=3; production_gate=video_must_show_biological_dynamic_sequence_or_strategy_not_species_or_generic_action
vdcr_concept_0150,B,Tendril Coiling demonstration,biology_living_systems,Tendril Coiling,biology_living_systems,biology_family_04,"Candidate must show the temporal sequence that instantiates Tendril Coiling, not merely an object, scene, or static result.",0,30,vdcr_v2_expansion_backlog; concept_zh=卷须缠绕; needed_candidates=3; production_gate=video_must_show_biological_dynamic_sequence_or_strategy_not_species_or_generic_action
vdcr_concept_0150,B,Tendril Coiling experiment video,biology_living_systems,Tendril Coiling,biology_living_systems,biology_family_04,"Candidate must show the temporal sequence that instantiates Tendril Coiling, not merely an object, scene, or static result.",0,30,vdcr_v2_expansion_backlog; concept_zh=卷须缠绕; needed_candidates=3; production_gate=video_must_show_biological_dynamic_sequence_or_strategy_not_species_or_generic_action
vdcr_concept_0150,B,卷须缠绕 Tendril Coiling,biology_living_systems,Tendril Coiling,biology_living_systems,biology_family_04,"Candidate must show the temporal sequence that instantiates Tendril Coiling, not merely an object, scene, or static result.",0,30,vdcr_v2_expansion_backlog; concept_zh=卷须缠绕; needed_candidates=3; production_gate=video_must_show_biological_dynamic_sequence_or_strategy_not_species_or_generic_action
vdcr_concept_0179,B,Tissue Invagination,biology_living_systems,Tissue Invagination,biology_living_systems,biology_family_08,"Candidate must show the temporal sequence that instantiates Tissue Invagination, not merely an object, scene, or static result.",0,30,vdcr_v2_expansion_backlog; concept_zh=组织内陷; needed_candidates=3; production_gate=video_must_show_biological_dynamic_sequence_or_strategy_not_species_or_generic_action
vdcr_concept_0179,B,Tissue Invagination demonstration,biology_living_systems,Tissue Invagination,biology_living_systems,biology_family_08,"Candidate must show the temporal sequence that instantiates Tissue Invagination, not merely an object, scene, or static result.",0,30,vdcr_v2_expansion_backlog; concept_zh=组织内陷; needed_candidates=3; production_gate=video_must_show_biological_dynamic_sequence_or_strategy_not_species_or_generic_action
vdcr_concept_0179,B,Tissue Invagination experiment video,biology_living_systems,Tissue Invagination,biology_living_systems,biology_family_08,"Candidate must show the temporal sequence that instantiates Tissue Invagination, not merely an object, scene, or static result.",0,30,vdcr_v2_expansion_backlog; concept_zh=组织内陷; needed_candidates=3; production_gate=video_must_show_biological_dynamic_sequence_or_strategy_not_species_or_generic_action
vdcr_concept_0179,B,组织内陷 Tissue Invagination,biology_living_systems,Tissue Invagination,biology_living_systems,biology_family_08,"Candidate must show the temporal sequence that instantiates Tissue Invagination, not merely an object, scene, or static result.",0,30,vdcr_v2_expansion_backlog; concept_zh=组织内陷; needed_candidates=3; production_gate=video_must_show_biological_dynamic_sequence_or_strategy_not_species_or_generic_action
vdcr_concept_0165,B,Vesicle Budding,biology_living_systems,Vesicle Budding,biology_living_systems,biology_family_06,"Candidate must show the temporal sequence that instantiates Vesicle Budding, not merely an object, scene, or static result.",0,30,vdcr_v2_expansion_backlog; concept_zh=囊泡出芽; needed_candidates=3; production_gate=video_must_show_biological_dynamic_sequence_or_strategy_not_species_or_generic_action
vdcr_concept_0165,B,Vesicle Budding demonstration,biology_living_systems,Vesicle Budding,biology_living_systems,biology_family_06,"Candidate must show the temporal sequence that instantiates Vesicle Budding, not merely an object, scene, or static result.",0,30,vdcr_v2_expansion_backlog; concept_zh=囊泡出芽; needed_candidates=3; production_gate=video_must_show_biological_dynamic_sequence_or_strategy_not_species_or_generic_action
vdcr_concept_0165,B,Vesicle Budding experiment video,biology_living_systems,Vesicle Budding,biology_living_systems,biology_family_06,"Candidate must show the temporal sequence that instantiates Vesicle Budding, not merely an object, scene, or static result.",0,30,vdcr_v2_expansion_backlog; concept_zh=囊泡出芽; needed_candidates=3; production_gate=video_must_show_biological_dynamic_sequence_or_strategy_not_species_or_generic_action
vdcr_concept_0165,B,囊泡出芽 Vesicle Budding,biology_living_systems,Vesicle Budding,biology_living_systems,biology_family_06,"Candidate must show the temporal sequence that instantiates Vesicle Budding, not merely an object, scene, or static result.",0,30,vdcr_v2_expansion_backlog; concept_zh=囊泡出芽; needed_candidates=3; production_gate=video_must_show_biological_dynamic_sequence_or_strategy_not_species_or_generic_action
vdcr_concept_0166,B,Vesicle Fusion,biology_living_systems,Vesicle Fusion,biology_living_systems,biology_family_06,"Candidate must show the temporal sequence that instantiates Vesicle Fusion, not merely an object, scene, or static result.",0,30,vdcr_v2_expansion_backlog; concept_zh=囊泡融合; needed_candidates=3; production_gate=video_must_show_biological_dynamic_sequence_or_strategy_not_species_or_generic_action
vdcr_concept_0166,B,Vesicle Fusion demonstration,biology_living_systems,Vesicle Fusion,biology_living_systems,biology_family_06,"Candidate must show the temporal sequence that instantiates Vesicle Fusion, not merely an object, scene, or static result.",0,30,vdcr_v2_expansion_backlog; concept_zh=囊泡融合; needed_candidates=3; production_gate=video_must_show_biological_dynamic_sequence_or_strategy_not_species_or_generic_action
vdcr_concept_0166,B,Vesicle Fusion experiment video,biology_living_systems,Vesicle Fusion,biology_living_systems,biology_family_06,"Candidate must show the temporal sequence that instantiates Vesicle Fusion, not merely an object, scene, or static result.",0,30,vdcr_v2_expansion_backlog; concept_zh=囊泡融合; needed_candidates=3; production_gate=video_must_show_biological_dynamic_sequence_or_strategy_not_species_or_generic_action
vdcr_concept_0166,B,囊泡融合 Vesicle Fusion,biology_living_systems,Vesicle Fusion,biology_living_systems,biology_family_06,"Candidate must show the temporal sequence that instantiates Vesicle Fusion, not merely an object, scene, or static result.",0,30,vdcr_v2_expansion_backlog; concept_zh=囊泡融合; needed_candidates=3; production_gate=video_must_show_biological_dynamic_sequence_or_strategy_not_species_or_generic_action
vdcr_concept_0063,B,Bingham Yield Flow,chemistry_materials_change,Bingham Yield Flow,chemistry_materials_change,materials_family_01,"Candidate must show the temporal sequence that instantiates Bingham Yield Flow, not merely an object, scene, or static result.",0,30,vdcr_v2_expansion_backlog; concept_zh=宾汉屈服流动; needed_candidates=3; production_gate=video_must_show_material_or_reaction_state_evolution; source_text_may_only_double_check_not_supply_answer
vdcr_concept_0063,B,Bingham Yield Flow demonstration,chemistry_materials_change,Bingham Yield Flow,chemistry_materials_change,materials_family_01,"Candidate must show the temporal sequence that instantiates Bingham Yield Flow, not merely an object, scene, or static result.",0,30,vdcr_v2_expansion_backlog; concept_zh=宾汉屈服流动; needed_candidates=3; production_gate=video_must_show_material_or_reaction_state_evolution; source_text_may_only_double_check_not_supply_answer
vdcr_concept_0063,B,Bingham Yield Flow experiment video,chemistry_materials_change,Bingham Yield Flow,chemistry_materials_change,materials_family_01,"Candidate must show the temporal sequence that instantiates Bingham Yield Flow, not merely an object, scene, or static result.",0,30,vdcr_v2_expansion_backlog; concept_zh=宾汉屈服流动; needed_candidates=3; production_gate=video_must_show_material_or_reaction_state_evolution; source_text_may_only_double_check_not_supply_answer
vdcr_concept_0063,B,宾汉屈服流动 Bingham Yield Flow,chemistry_materials_change,Bingham Yield Flow,chemistry_materials_change,materials_family_01,"Candidate must show the temporal sequence that instantiates Bingham Yield Flow, not merely an object, scene, or static result.",0,30,vdcr_v2_expansion_backlog; concept_zh=宾汉屈服流动; needed_candidates=3; production_gate=video_must_show_material_or_reaction_state_evolution; source_text_may_only_double_check_not_supply_answer
vdcr_concept_0092,B,Cellular Flame Instability,chemistry_materials_change,Cellular Flame Instability,chemistry_materials_change,materials_family_07,"Candidate must show the temporal sequence that instantiates Cellular Flame Instability, not merely an object, scene, or static result.",0,30,vdcr_v2_expansion_backlog; concept_zh=火焰胞状不稳定性; needed_candidates=3; production_gate=video_must_show_material_or_reaction_state_evolution; source_text_may_only_double_check_not_supply_answer
vdcr_concept_0092,B,Cellular Flame Instability demonstration,chemistry_materials_change,Cellular Flame Instability,chemistry_materials_change,materials_family_07,"Candidate must show the temporal sequence that instantiates Cellular Flame Instability, not merely an object, scene, or static result.",0,30,vdcr_v2_expansion_backlog; concept_zh=火焰胞状不稳定性; needed_candidates=3; production_gate=video_must_show_material_or_reaction_state_evolution; source_text_may_only_double_check_not_supply_answer
vdcr_concept_0092,B,Cellular Flame Instability experiment video,chemistry_materials_change,Cellular Flame Instability,chemistry_materials_change,materials_family_07,"Candidate must show the temporal sequence that instantiates Cellular Flame Instability, not merely an object, scene, or static result.",0,30,vdcr_v2_expansion_backlog; concept_zh=火焰胞状不稳定性; needed_candidates=3; production_gate=video_must_show_material_or_reaction_state_evolution; source_text_may_only_double_check_not_supply_answer
vdcr_concept_0092,B,火焰胞状不稳定性 Cellular Flame Instability,chemistry_materials_change,Cellular Flame Instability,chemistry_materials_change,materials_family_07,"Candidate must show the temporal sequence that instantiates Cellular Flame Instability, not merely an object, scene, or static result.",0,30,vdcr_v2_expansion_backlog; concept_zh=火焰胞状不稳定性; needed_candidates=3; production_gate=video_must_show_material_or_reaction_state_evolution; source_text_may_only_double_check_not_supply_answer
vdcr_concept_0105,B,Gel Deswelling Collapse,chemistry_materials_change,Gel Deswelling Collapse,chemistry_materials_change,materials_family_09,"Candidate must show the temporal sequence that instantiates Gel Deswelling Collapse, not merely an object, scene, or static result.",0,30,vdcr_v2_expansion_backlog; concept_zh=凝胶去溶胀塌缩; needed_candidates=3; production_gate=video_must_show_material_or_reaction_state_evolution; source_text_may_only_double_check_not_supply_answer
vdcr_concept_0105,B,Gel Deswelling Collapse demonstration,chemistry_materials_change,Gel Deswelling Collapse,chemistry_materials_change,materials_family_09,"Candidate must show the temporal sequence that instantiates Gel Deswelling Collapse, not merely an object, scene, or static result.",0,30,vdcr_v2_expansion_backlog; concept_zh=凝胶去溶胀塌缩; needed_candidates=3; production_gate=video_must_show_material_or_reaction_state_evolution; source_text_may_only_double_check_not_supply_answer
vdcr_concept_0105,B,Gel Deswelling Collapse experiment video,chemistry_materials_change,Gel Deswelling Collapse,chemistry_materials_change,materials_family_09,"Candidate must show the temporal sequence that instantiates Gel Deswelling Collapse, not merely an object, scene, or static result.",0,30,vdcr_v2_expansion_backlog; concept_zh=凝胶去溶胀塌缩; needed_candidates=3; production_gate=video_must_show_material_or_reaction_state_evolution; source_text_may_only_double_check_not_supply_answer
vdcr_concept_0105,B,凝胶去溶胀塌缩 Gel Deswelling Collapse,chemistry_materials_change,Gel Deswelling Collapse,chemistry_materials_change,materials_family_09,"Candidate must show the temporal sequence that instantiates Gel Deswelling Collapse, not merely an object, scene, or static result.",0,30,vdcr_v2_expansion_backlog; concept_zh=凝胶去溶胀塌缩; needed_candidates=3; production_gate=video_must_show_material_or_reaction_state_evolution; source_text_may_only_double_check_not_supply_answer
vdcr_concept_0087,B,Nucleation-and-Growth Phase Separation,chemistry_materials_change,Nucleation-and-Growth Phase Separation,chemistry_materials_change,materials_family_06,"Candidate must show the temporal sequence that instantiates Nucleation-and-Growth Phase Separation, not merely an object, scene, or static result.",0,30,vdcr_v2_expansion_backlog; concept_zh=成核与生长相分离; needed_candidates=3; production_gate=video_must_show_material_or_reaction_state_evolution; source_text_may_only_double_check_not_supply_answer
vdcr_concept_0087,B,Nucleation-and-Growth Phase Separation demonstration,chemistry_materials_change,Nucleation-and-Growth Phase Separation,chemistry_materials_change,materials_family_06,"Candidate must show the temporal sequence that instantiates Nucleation-and-Growth Phase Separation, not merely an object, scene, or static result.",0,30,vdcr_v2_expansion_backlog; concept_zh=成核与生长相分离; needed_candidates=3; production_gate=video_must_show_material_or_reaction_state_evolution; source_text_may_only_double_check_not_supply_answer
vdcr_concept_0087,B,Nucleation-and-Growth Phase Separation experiment video,chemistry_materials_change,Nucleation-and-Growth Phase Separation,chemistry_materials_change,materials_family_06,"Candidate must show the temporal sequence that instantiates Nucleation-and-Growth Phase Separation, not merely an object, scene, or static result.",0,30,vdcr_v2_expansion_backlog; concept_zh=成核与生长相分离; needed_candidates=3; production_gate=video_must_show_material_or_reaction_state_evolution; source_text_may_only_double_check_not_supply_answer
vdcr_concept_0087,B,成核与生长相分离 Nucleation-and-Growth Phase Separation,chemistry_materials_change,Nucleation-and-Growth Phase Separation,chemistry_materials_change,materials_family_06,"Candidate must show the temporal sequence that instantiates Nucleation-and-Growth Phase Separation, not merely an object, scene, or static result.",0,30,vdcr_v2_expansion_backlog; concept_zh=成核与生长相分离; needed_candidates=3; production_gate=video_must_show_material_or_reaction_state_evolution; source_text_may_only_double_check_not_supply_answer
vdcr_concept_0088,B,Phase Boundary Migration,chemistry_materials_change,Phase Boundary Migration,chemistry_materials_change,materials_family_06,"Candidate must show the temporal sequence that instantiates Phase Boundary Migration, not merely an object, scene, or static result.",0,30,vdcr_v2_expansion_backlog; concept_zh=相界面迁移; needed_candidates=3; production_gate=video_must_show_material_or_reaction_state_evolution; source_text_may_only_double_check_not_supply_answer
vdcr_concept_0088,B,Phase Boundary Migration demonstration,chemistry_materials_change,Phase Boundary Migration,chemistry_materials_change,materials_family_06,"Candidate must show the temporal sequence that instantiates Phase Boundary Migration, not merely an object, scene, or static result.",0,30,vdcr_v2_expansion_backlog; concept_zh=相界面迁移; needed_candidates=3; production_gate=video_must_show_material_or_reaction_state_evolution; source_text_may_only_double_check_not_supply_answer
vdcr_concept_0088,B,Phase Boundary Migration experiment video,chemistry_materials_change,Phase Boundary Migration,chemistry_materials_change,materials_family_06,"Candidate must show the temporal sequence that instantiates Phase Boundary Migration, not merely an object, scene, or static result.",0,30,vdcr_v2_expansion_backlog; concept_zh=相界面迁移; needed_candidates=3; production_gate=video_must_show_material_or_reaction_state_evolution; source_text_may_only_double_check_not_supply_answer
vdcr_concept_0088,B,相界面迁移 Phase Boundary Migration,chemistry_materials_change,Phase Boundary Migration,chemistry_materials_change,materials_family_06,"Candidate must show the temporal sequence that instantiates Phase Boundary Migration, not merely an object, scene, or static result.",0,30,vdcr_v2_expansion_backlog; concept_zh=相界面迁移; needed_candidates=3; production_gate=video_must_show_material_or_reaction_state_evolution; source_text_may_only_double_check_not_supply_answer
vdcr_concept_0091,B,Premixed Flame Propagation,chemistry_materials_change,Premixed Flame Propagation,chemistry_materials_change,materials_family_07,"Candidate must show the temporal sequence that instantiates Premixed Flame Propagation, not merely an object, scene, or static result.",0,30,vdcr_v2_expansion_backlog; concept_zh=预混火焰传播; needed_candidates=3; production_gate=video_must_show_material_or_reaction_state_evolution; source_text_may_only_double_check_not_supply_answer
vdcr_concept_0091,B,Premixed Flame Propagation demonstration,chemistry_materials_change,Premixed Flame Propagation,chemistry_materials_change,materials_family_07,"Candidate must show the temporal sequence that instantiates Premixed Flame Propagation, not merely an object, scene, or static result.",0,30,vdcr_v2_expansion_backlog; concept_zh=预混火焰传播; needed_candidates=3; production_gate=video_must_show_material_or_reaction_state_evolution; source_text_may_only_double_check_not_supply_answer
vdcr_concept_0091,B,Premixed Flame Propagation experiment video,chemistry_materials_change,Premixed Flame Propagation,chemistry_materials_change,materials_family_07,"Candidate must show the temporal sequence that instantiates Premixed Flame Propagation, not merely an object, scene, or static result.",0,30,vdcr_v2_expansion_backlog; concept_zh=预混火焰传播; needed_candidates=3; production_gate=video_must_show_material_or_reaction_state_evolution; source_text_may_only_double_check_not_supply_answer
vdcr_concept_0091,B,预混火焰传播 Premixed Flame Propagation,chemistry_materials_change,Premixed Flame Propagation,chemistry_materials_change,materials_family_07,"Candidate must show the temporal sequence that instantiates Premixed Flame Propagation, not merely an object, scene, or static result.",0,30,vdcr_v2_expansion_backlog; concept_zh=预混火焰传播; needed_candidates=3; production_gate=video_must_show_material_or_reaction_state_evolution; source_text_may_only_double_check_not_supply_answer
vdcr_concept_0060,B,Shear Thinning,chemistry_materials_change,Shear Thinning,chemistry_materials_change,materials_family_01,"Candidate must show the temporal sequence that instantiates Shear Thinning, not merely an object, scene, or static result.",0,30,vdcr_v2_expansion_backlog; concept_zh=剪切变稀; needed_candidates=3; production_gate=video_must_show_material_or_reaction_state_evolution; source_text_may_only_double_check_not_supply_answer
vdcr_concept_0060,B,Shear Thinning demonstration,chemistry_materials_change,Shear Thinning,chemistry_materials_change,materials_family_01,"Candidate must show the temporal sequence that instantiates Shear Thinning, not merely an object, scene, or static result.",0,30,vdcr_v2_expansion_backlog; concept_zh=剪切变稀; needed_candidates=3; production_gate=video_must_show_material_or_reaction_state_evolution; source_text_may_only_double_check_not_supply_answer
vdcr_concept_0060,B,Shear Thinning experiment video,chemistry_materials_change,Shear Thinning,chemistry_materials_change,materials_family_01,"Candidate must show the temporal sequence that instantiates Shear Thinning, not merely an object, scene, or static result.",0,30,vdcr_v2_expansion_backlog; concept_zh=剪切变稀; needed_candidates=3; production_gate=video_must_show_material_or_reaction_state_evolution; source_text_may_only_double_check_not_supply_answer
vdcr_concept_0060,B,剪切变稀 Shear Thinning,chemistry_materials_change,Shear Thinning,chemistry_materials_change,materials_family_01,"Candidate must show the temporal sequence that instantiates Shear Thinning, not merely an object, scene, or static result.",0,30,vdcr_v2_expansion_backlog; concept_zh=剪切变稀; needed_candidates=3; production_gate=video_must_show_material_or_reaction_state_evolution; source_text_may_only_double_check_not_supply_answer
vdcr_concept_0067,B,Spherulitic Growth,chemistry_materials_change,Spherulitic Growth,chemistry_materials_change,materials_family_02,"Candidate must show the temporal sequence that instantiates Spherulitic Growth, not merely an object, scene, or static result.",0,30,vdcr_v2_expansion_backlog; concept_zh=球晶生长; needed_candidates=3; production_gate=video_must_show_material_or_reaction_state_evolution; source_text_may_only_double_check_not_supply_answer
vdcr_concept_0067,B,Spherulitic Growth demonstration,chemistry_materials_change,Spherulitic Growth,chemistry_materials_change,materials_family_02,"Candidate must show the temporal sequence that instantiates Spherulitic Growth, not merely an object, scene, or static result.",0,30,vdcr_v2_expansion_backlog; concept_zh=球晶生长; needed_candidates=3; production_gate=video_must_show_material_or_reaction_state_evolution; source_text_may_only_double_check_not_supply_answer
vdcr_concept_0067,B,Spherulitic Growth experiment video,chemistry_materials_change,Spherulitic Growth,chemistry_materials_change,materials_family_02,"Candidate must show the temporal sequence that instantiates Spherulitic Growth, not merely an object, scene, or static result.",0,30,vdcr_v2_expansion_backlog; concept_zh=球晶生长; needed_candidates=3; production_gate=video_must_show_material_or_reaction_state_evolution; source_text_may_only_double_check_not_supply_answer
vdcr_concept_0067,B,球晶生长 Spherulitic Growth,chemistry_materials_change,Spherulitic Growth,chemistry_materials_change,materials_family_02,"Candidate must show the temporal sequence that instantiates Spherulitic Growth, not merely an object, scene, or static result.",0,30,vdcr_v2_expansion_backlog; concept_zh=球晶生长; needed_candidates=3; production_gate=video_must_show_material_or_reaction_state_evolution; source_text_may_only_double_check_not_supply_answer
vdcr_concept_0080,B,Surfactant-Driven Droplet Motion,chemistry_materials_change,Surfactant-Driven Droplet Motion,chemistry_materials_change,materials_family_05,"Candidate must show the temporal sequence that instantiates Surfactant-Driven Droplet Motion, not merely an object, scene, or static result.",0,30,vdcr_v2_expansion_backlog; concept_zh=表面活性剂驱动液滴运动; needed_candidates=3; production_gate=video_must_show_material_or_reaction_state_evolution; source_text_may_only_double_check_not_supply_answer
vdcr_concept_0080,B,Surfactant-Driven Droplet Motion demonstration,chemistry_materials_change,Surfactant-Driven Droplet Motion,chemistry_materials_change,materials_family_05,"Candidate must show the temporal sequence that instantiates Surfactant-Driven Droplet Motion, not merely an object, scene, or static result.",0,30,vdcr_v2_expansion_backlog; concept_zh=表面活性剂驱动液滴运动; needed_candidates=3; production_gate=video_must_show_material_or_reaction_state_evolution; source_text_may_only_double_check_not_supply_answer
vdcr_concept_0080,B,Surfactant-Driven Droplet Motion experiment video,chemistry_materials_change,Surfactant-Driven Droplet Motion,chemistry_materials_change,materials_family_05,"Candidate must show the temporal sequence that instantiates Surfactant-Driven Droplet Motion, not merely an object, scene, or static result.",0,30,vdcr_v2_expansion_backlog; concept_zh=表面活性剂驱动液滴运动; needed_candidates=3; production_gate=video_must_show_material_or_reaction_state_evolution; source_text_may_only_double_check_not_supply_answer
vdcr_concept_0080,B,表面活性剂驱动液滴运动 Surfactant-Driven Droplet Motion,chemistry_materials_change,Surfactant-Driven Droplet Motion,chemistry_materials_change,materials_family_05,"Candidate must show the temporal sequence that instantiates Surfactant-Driven Droplet Motion, not merely an object, scene, or static result.",0,30,vdcr_v2_expansion_backlog; concept_zh=表面活性剂驱动液滴运动; needed_candidates=3; production_gate=video_must_show_material_or_reaction_state_evolution; source_text_may_only_double_check_not_supply_answer
vdcr_concept_0061,B,Thixotropy,chemistry_materials_change,Thixotropy,chemistry_materials_change,materials_family_01,"Candidate must show the temporal sequence that instantiates Thixotropy, not merely an object, scene, or static result.",0,30,vdcr_v2_expansion_backlog; concept_zh=触变性; needed_candidates=3; production_gate=video_must_show_material_or_reaction_state_evolution; source_text_may_only_double_check_not_supply_answer
vdcr_concept_0061,B,Thixotropy demonstration,chemistry_materials_change,Thixotropy,chemistry_materials_change,materials_family_01,"Candidate must show the temporal sequence that instantiates Thixotropy, not merely an object, scene, or static result.",0,30,vdcr_v2_expansion_backlog; concept_zh=触变性; needed_candidates=3; production_gate=video_must_show_material_or_reaction_state_evolution; source_text_may_only_double_check_not_supply_answer
vdcr_concept_0061,B,Thixotropy experiment video,chemistry_materials_change,Thixotropy,chemistry_materials_change,materials_family_01,"Candidate must show the temporal sequence that instantiates Thixotropy, not merely an object, scene, or static result.",0,30,vdcr_v2_expansion_backlog; concept_zh=触变性; needed_candidates=3; production_gate=video_must_show_material_or_reaction_state_evolution; source_text_may_only_double_check_not_supply_answer
vdcr_concept_0061,B,触变性 Thixotropy,chemistry_materials_change,Thixotropy,chemistry_materials_change,materials_family_01,"Candidate must show the temporal sequence that instantiates Thixotropy, not merely an object, scene, or static result.",0,30,vdcr_v2_expansion_backlog; concept_zh=触变性; needed_candidates=3; production_gate=video_must_show_material_or_reaction_state_evolution; source_text_may_only_double_check_not_supply_answer
vdcr_concept_0233,B,Aeolian Granular Sorting,earth_environmental_systems,Aeolian Granular Sorting,earth_environmental_systems,earth_family_07,"Candidate must show the temporal sequence that instantiates Aeolian Granular Sorting, not merely an object, scene, or static result.",0,30,vdcr_v2_expansion_backlog; concept_zh=风沙流分选; needed_candidates=3; production_gate=video_must_show_process_evolution_or_instability_sequence_not_static_landform_or_event_label
vdcr_concept_0233,B,Aeolian Granular Sorting demonstration,earth_environmental_systems,Aeolian Granular Sorting,earth_environmental_systems,earth_family_07,"Candidate must show the temporal sequence that instantiates Aeolian Granular Sorting, not merely an object, scene, or static result.",0,30,vdcr_v2_expansion_backlog; concept_zh=风沙流分选; needed_candidates=3; production_gate=video_must_show_process_evolution_or_instability_sequence_not_static_landform_or_event_label
vdcr_concept_0233,B,Aeolian Granular Sorting experiment video,earth_environmental_systems,Aeolian Granular Sorting,earth_environmental_systems,earth_family_07,"Candidate must show the temporal sequence that instantiates Aeolian Granular Sorting, not merely an object, scene, or static result.",0,30,vdcr_v2_expansion_backlog; concept_zh=风沙流分选; needed_candidates=3; production_gate=video_must_show_process_evolution_or_instability_sequence_not_static_landform_or_event_label
vdcr_concept_0233,B,风沙流分选 Aeolian Granular Sorting,earth_environmental_systems,Aeolian Granular Sorting,earth_environmental_systems,earth_family_07,"Candidate must show the temporal sequence that instantiates Aeolian Granular Sorting, not merely an object, scene, or static result.",0,30,vdcr_v2_expansion_backlog; concept_zh=风沙流分选; needed_candidates=3; production_gate=video_must_show_process_evolution_or_instability_sequence_not_static_landform_or_event_label
vdcr_concept_0229,B,Aeolian Ripple Formation,earth_environmental_systems,Aeolian Ripple Formation,earth_environmental_systems,earth_family_07,"Candidate must show the temporal sequence that instantiates Aeolian Ripple Formation, not merely an object, scene, or static result.",0,30,vdcr_v2_expansion_backlog; concept_zh=风成波纹形成; needed_candidates=3; production_gate=video_must_show_process_evolution_or_instability_sequence_not_static_landform_or_event_label
vdcr_concept_0229,B,Aeolian Ripple Formation demonstration,earth_environmental_systems,Aeolian Ripple Formation,earth_environmental_systems,earth_family_07,"Candidate must show the temporal sequence that instantiates Aeolian Ripple Formation, not merely an object, scene, or static result.",0,30,vdcr_v2_expansion_backlog; concept_zh=风成波纹形成; needed_candidates=3; production_gate=video_must_show_process_evolution_or_instability_sequence_not_static_landform_or_event_label
vdcr_concept_0229,B,Aeolian Ripple Formation experiment video,earth_environmental_systems,Aeolian Ripple Formation,earth_environmental_systems,earth_family_07,"Candidate must show the temporal sequence that instantiates Aeolian Ripple Formation, not merely an object, scene, or static result.",0,30,vdcr_v2_expansion_backlog; concept_zh=风成波纹形成; needed_candidates=3; production_gate=video_must_show_process_evolution_or_instability_sequence_not_static_landform_or_event_label
vdcr_concept_0229,B,风成波纹形成 Aeolian Ripple Formation,earth_environmental_systems,Aeolian Ripple Formation,earth_environmental_systems,earth_family_07,"Candidate must show the temporal sequence that instantiates Aeolian Ripple Formation, not merely an object, scene, or static result.",0,30,vdcr_v2_expansion_backlog; concept_zh=风成波纹形成; needed_candidates=3; production_gate=video_must_show_process_evolution_or_instability_sequence_not_static_landform_or_event_label
vdcr_concept_0228,B,Aeolian Saltation,earth_environmental_systems,Aeolian Saltation,earth_environmental_systems,earth_family_07,"Candidate must show the temporal sequence that instantiates Aeolian Saltation, not merely an object, scene, or static result.",0,30,vdcr_v2_expansion_backlog; concept_zh=沙粒跃移; needed_candidates=3; production_gate=must_show_near_ground_grain_hopping_transport_not_generic_dust_or_wind
vdcr_concept_0228,B,Aeolian Saltation demonstration,earth_environmental_systems,Aeolian Saltation,earth_environmental_systems,earth_family_07,"Candidate must show the temporal sequence that instantiates Aeolian Saltation, not merely an object, scene, or static result.",0,30,vdcr_v2_expansion_backlog; concept_zh=沙粒跃移; needed_candidates=3; production_gate=must_show_near_ground_grain_hopping_transport_not_generic_dust_or_wind
vdcr_concept_0228,B,Aeolian Saltation experiment video,earth_environmental_systems,Aeolian Saltation,earth_environmental_systems,earth_family_07,"Candidate must show the temporal sequence that instantiates Aeolian Saltation, not merely an object, scene, or static result.",0,30,vdcr_v2_expansion_backlog; concept_zh=沙粒跃移; needed_candidates=3; production_gate=must_show_near_ground_grain_hopping_transport_not_generic_dust_or_wind
vdcr_concept_0228,B,沙粒跃移 Aeolian Saltation,earth_environmental_systems,Aeolian Saltation,earth_environmental_systems,earth_family_07,"Candidate must show the temporal sequence that instantiates Aeolian Saltation, not merely an object, scene, or static result.",0,30,vdcr_v2_expansion_backlog; concept_zh=沙粒跃移; needed_candidates=3; production_gate=must_show_near_ground_grain_hopping_transport_not_generic_dust_or_wind
vdcr_concept_0217,B,Crevasse Propagation,earth_environmental_systems,Crevasse Propagation,earth_environmental_systems,earth_family_05,"Candidate must show the temporal sequence that instantiates Crevasse Propagation, not merely an object, scene, or static result.",0,30,vdcr_v2_expansion_backlog; concept_zh=冰裂隙扩展; needed_candidates=3; production_gate=video_must_show_process_evolution_or_instability_sequence_not_static_landform_or_event_label
vdcr_concept_0217,B,Crevasse Propagation demonstration,earth_environmental_systems,Crevasse Propagation,earth_environmental_systems,earth_family_05,"Candidate must show the temporal sequence that instantiates Crevasse Propagation, not merely an object, scene, or static result.",0,30,vdcr_v2_expansion_backlog; concept_zh=冰裂隙扩展; needed_candidates=3; production_gate=video_must_show_process_evolution_or_instability_sequence_not_static_landform_or_event_label
vdcr_concept_0217,B,Crevasse Propagation experiment video,earth_environmental_systems,Crevasse Propagation,earth_environmental_systems,earth_family_05,"Candidate must show the temporal sequence that instantiates Crevasse Propagation, not merely an object, scene, or static result.",0,30,vdcr_v2_expansion_backlog; concept_zh=冰裂隙扩展; needed_candidates=3; production_gate=video_must_show_process_evolution_or_instability_sequence_not_static_landform_or_event_label
vdcr_concept_0217,B,冰裂隙扩展 Crevasse Propagation,earth_environmental_systems,Crevasse Propagation,earth_environmental_systems,earth_family_05,"Candidate must show the temporal sequence that instantiates Crevasse Propagation, not merely an object, scene, or static result.",0,30,vdcr_v2_expansion_backlog; concept_zh=冰裂隙扩展; needed_candidates=3; production_gate=video_must_show_process_evolution_or_instability_sequence_not_static_landform_or_event_label
vdcr_concept_0242,B,Delta Lobe Avulsion,earth_environmental_systems,Delta Lobe Avulsion,earth_environmental_systems,earth_family_09,"Candidate must show the temporal sequence that instantiates Delta Lobe Avulsion, not merely an object, scene, or static result.",0,30,vdcr_v2_expansion_backlog; concept_zh=三角洲分流改道; needed_candidates=3; production_gate=video_must_show_process_evolution_or_instability_sequence_not_static_landform_or_event_label
vdcr_concept_0242,B,Delta Lobe Avulsion demonstration,earth_environmental_systems,Delta Lobe Avulsion,earth_environmental_systems,earth_family_09,"Candidate must show the temporal sequence that instantiates Delta Lobe Avulsion, not merely an object, scene, or static result.",0,30,vdcr_v2_expansion_backlog; concept_zh=三角洲分流改道; needed_candidates=3; production_gate=video_must_show_process_evolution_or_instability_sequence_not_static_landform_or_event_label
vdcr_concept_0242,B,Delta Lobe Avulsion experiment video,earth_environmental_systems,Delta Lobe Avulsion,earth_environmental_systems,earth_family_09,"Candidate must show the temporal sequence that instantiates Delta Lobe Avulsion, not merely an object, scene, or static result.",0,30,vdcr_v2_expansion_backlog; concept_zh=三角洲分流改道; needed_candidates=3; production_gate=video_must_show_process_evolution_or_instability_sequence_not_static_landform_or_event_label
vdcr_concept_0242,B,三角洲分流改道 Delta Lobe Avulsion,earth_environmental_systems,Delta Lobe Avulsion,earth_environmental_systems,earth_family_09,"Candidate must show the temporal sequence that instantiates Delta Lobe Avulsion, not merely an object, scene, or static result.",0,30,vdcr_v2_expansion_backlog; concept_zh=三角洲分流改道; needed_candidates=3; production_gate=video_must_show_process_evolution_or_instability_sequence_not_static_landform_or_event_label
vdcr_concept_0208,B,Retrogressive Slump Failure,earth_environmental_systems,Retrogressive Slump Failure,earth_environmental_systems,earth_family_03,"Candidate must show the temporal sequence that instantiates Retrogressive Slump Failure, not merely an object, scene, or static result.",0,30,vdcr_v2_expansion_backlog; concept_zh=后退式滑塌; needed_candidates=3; production_gate=video_must_show_process_evolution_or_instability_sequence_not_static_landform_or_event_label
vdcr_concept_0208,B,Retrogressive Slump Failure demonstration,earth_environmental_systems,Retrogressive Slump Failure,earth_environmental_systems,earth_family_03,"Candidate must show the temporal sequence that instantiates Retrogressive Slump Failure, not merely an object, scene, or static result.",0,30,vdcr_v2_expansion_backlog; concept_zh=后退式滑塌; needed_candidates=3; production_gate=video_must_show_process_evolution_or_instability_sequence_not_static_landform_or_event_label
vdcr_concept_0208,B,Retrogressive Slump Failure experiment video,earth_environmental_systems,Retrogressive Slump Failure,earth_environmental_systems,earth_family_03,"Candidate must show the temporal sequence that instantiates Retrogressive Slump Failure, not merely an object, scene, or static result.",0,30,vdcr_v2_expansion_backlog; concept_zh=后退式滑塌; needed_candidates=3; production_gate=video_must_show_process_evolution_or_instability_sequence_not_static_landform_or_event_label
vdcr_concept_0208,B,后退式滑塌 Retrogressive Slump Failure,earth_environmental_systems,Retrogressive Slump Failure,earth_environmental_systems,earth_family_03,"Candidate must show the temporal sequence that instantiates Retrogressive Slump Failure, not merely an object, scene, or static result.",0,30,vdcr_v2_expansion_backlog; concept_zh=后退式滑塌; needed_candidates=3; production_gate=video_must_show_process_evolution_or_instability_sequence_not_static_landform_or_event_label
vdcr_concept_0206,B,Rotational Slump Failure,earth_environmental_systems,Rotational Slump Failure,earth_environmental_systems,earth_family_03,"Candidate must show the temporal sequence that instantiates Rotational Slump Failure, not merely an object, scene, or static result.",0,30,vdcr_v2_expansion_backlog; concept_zh=旋转滑塌; needed_candidates=3; production_gate=video_must_show_process_evolution_or_instability_sequence_not_static_landform_or_event_label
vdcr_concept_0206,B,Rotational Slump Failure demonstration,earth_environmental_systems,Rotational Slump Failure,earth_environmental_systems,earth_family_03,"Candidate must show the temporal sequence that instantiates Rotational Slump Failure, not merely an object, scene, or static result.",0,30,vdcr_v2_expansion_backlog; concept_zh=旋转滑塌; needed_candidates=3; production_gate=video_must_show_process_evolution_or_instability_sequence_not_static_landform_or_event_label
vdcr_concept_0206,B,Rotational Slump Failure experiment video,earth_environmental_systems,Rotational Slump Failure,earth_environmental_systems,earth_family_03,"Candidate must show the temporal sequence that instantiates Rotational Slump Failure, not merely an object, scene, or static result.",0,30,vdcr_v2_expansion_backlog; concept_zh=旋转滑塌; needed_candidates=3; production_gate=video_must_show_process_evolution_or_instability_sequence_not_static_landform_or_event_label
vdcr_concept_0206,B,旋转滑塌 Rotational Slump Failure,earth_environmental_systems,Rotational Slump Failure,earth_environmental_systems,earth_family_03,"Candidate must show the temporal sequence that instantiates Rotational Slump Failure, not merely an object, scene, or static result.",0,30,vdcr_v2_expansion_backlog; concept_zh=旋转滑塌; needed_candidates=3; production_gate=video_must_show_process_evolution_or_instability_sequence_not_static_landform_or_event_label
vdcr_concept_0220,B,Snow Slab Crown Crack Propagation,earth_environmental_systems,Snow Slab Crown Crack Propagation,earth_environmental_systems,earth_family_05,"Candidate must show the temporal sequence that instantiates Snow Slab Crown Crack Propagation, not merely an object, scene, or static result.",0,30,vdcr_v2_expansion_backlog; concept_zh=雪板冠状裂缝传播; needed_candidates=3; production_gate=video_must_show_process_evolution_or_instability_sequence_not_static_landform_or_event_label
vdcr_concept_0220,B,Snow Slab Crown Crack Propagation demonstration,earth_environmental_systems,Snow Slab Crown Crack Propagation,earth_environmental_systems,earth_family_05,"Candidate must show the temporal sequence that instantiates Snow Slab Crown Crack Propagation, not merely an object, scene, or static result.",0,30,vdcr_v2_expansion_backlog; concept_zh=雪板冠状裂缝传播; needed_candidates=3; production_gate=video_must_show_process_evolution_or_instability_sequence_not_static_landform_or_event_label
vdcr_concept_0220,B,Snow Slab Crown Crack Propagation experiment video,earth_environmental_systems,Snow Slab Crown Crack Propagation,earth_environmental_systems,earth_family_05,"Candidate must show the temporal sequence that instantiates Snow Slab Crown Crack Propagation, not merely an object, scene, or static result.",0,30,vdcr_v2_expansion_backlog; concept_zh=雪板冠状裂缝传播; needed_candidates=3; production_gate=video_must_show_process_evolution_or_instability_sequence_not_static_landform_or_event_label
vdcr_concept_0220,B,雪板冠状裂缝传播 Snow Slab Crown Crack Propagation,earth_environmental_systems,Snow Slab Crown Crack Propagation,earth_environmental_systems,earth_family_05,"Candidate must show the temporal sequence that instantiates Snow Slab Crown Crack Propagation, not merely an object, scene, or static result.",0,30,vdcr_v2_expansion_backlog; concept_zh=雪板冠状裂缝传播; needed_candidates=3; production_gate=video_must_show_process_evolution_or_instability_sequence_not_static_landform_or_event_label
vdcr_concept_0011,B,Capillary-Driven Droplet Coalescence,physics_physical_systems,Capillary-Driven Droplet Coalescence,physics_physical_systems,physics_family_02,"Candidate must show the temporal sequence that instantiates Capillary-Driven Droplet Coalescence, not merely an object, scene, or static result.",0,30,vdcr_v2_expansion_backlog; concept_zh=毛细驱动液滴并合; needed_candidates=3; production_gate=video_must_show_named_dynamic_mechanism_sequence_without_title_or_source_leakage
vdcr_concept_0011,B,Capillary-Driven Droplet Coalescence demonstration,physics_physical_systems,Capillary-Driven Droplet Coalescence,physics_physical_systems,physics_family_02,"Candidate must show the temporal sequence that instantiates Capillary-Driven Droplet Coalescence, not merely an object, scene, or static result.",0,30,vdcr_v2_expansion_backlog; concept_zh=毛细驱动液滴并合; needed_candidates=3; production_gate=video_must_show_named_dynamic_mechanism_sequence_without_title_or_source_leakage
vdcr_concept_0011,B,Capillary-Driven Droplet Coalescence experiment video,physics_physical_systems,Capillary-Driven Droplet Coalescence,physics_physical_systems,physics_family_02,"Candidate must show the temporal sequence that instantiates Capillary-Driven Droplet Coalescence, not merely an object, scene, or static result.",0,30,vdcr_v2_expansion_backlog; concept_zh=毛细驱动液滴并合; needed_candidates=3; production_gate=video_must_show_named_dynamic_mechanism_sequence_without_title_or_source_leakage
vdcr_concept_0011,B,毛细驱动液滴并合 Capillary-Driven Droplet Coalescence,physics_physical_systems,Capillary-Driven Droplet Coalescence,physics_physical_systems,physics_family_02,"Candidate must show the temporal sequence that instantiates Capillary-Driven Droplet Coalescence, not merely an object, scene, or static result.",0,30,vdcr_v2_expansion_backlog; concept_zh=毛细驱动液滴并合; needed_candidates=3; production_gate=video_must_show_named_dynamic_mechanism_sequence_without_title_or_source_leakage
vdcr_concept_0018,B,Coherent Interference Pattern Formation,physics_physical_systems,Coherent Interference Pattern Formation,physics_physical_systems,physics_family_03,"Candidate must show the temporal sequence that instantiates Coherent Interference Pattern Formation, not merely an object, scene, or static result.",0,30,vdcr_v2_expansion_backlog; concept_zh=相干干涉图样形成; needed_candidates=3; production_gate=video_must_show_named_dynamic_mechanism_sequence_without_title_or_source_leakage
vdcr_concept_0018,B,Coherent Interference Pattern Formation demonstration,physics_physical_systems,Coherent Interference Pattern Formation,physics_physical_systems,physics_family_03,"Candidate must show the temporal sequence that instantiates Coherent Interference Pattern Formation, not merely an object, scene, or static result.",0,30,vdcr_v2_expansion_backlog; concept_zh=相干干涉图样形成; needed_candidates=3; production_gate=video_must_show_named_dynamic_mechanism_sequence_without_title_or_source_leakage
vdcr_concept_0018,B,Coherent Interference Pattern Formation experiment video,physics_physical_systems,Coherent Interference Pattern Formation,physics_physical_systems,physics_family_03,"Candidate must show the temporal sequence that instantiates Coherent Interference Pattern Formation, not merely an object, scene, or static result.",0,30,vdcr_v2_expansion_backlog; concept_zh=相干干涉图样形成; needed_candidates=3; production_gate=video_must_show_named_dynamic_mechanism_sequence_without_title_or_source_leakage
vdcr_concept_0018,B,相干干涉图样形成 Coherent Interference Pattern Formation,physics_physical_systems,Coherent Interference Pattern Formation,physics_physical_systems,physics_family_03,"Candidate must show the temporal sequence that instantiates Coherent Interference Pattern Formation, not merely an object, scene, or static result.",0,30,vdcr_v2_expansion_backlog; concept_zh=相干干涉图样形成; needed_candidates=3; production_gate=video_must_show_named_dynamic_mechanism_sequence_without_title_or_source_leakage
vdcr_concept_0016,B,Contact-Line Pinning and Depinning,physics_physical_systems,Contact-Line Pinning and Depinning,physics_physical_systems,physics_family_02,"Candidate must show the temporal sequence that instantiates Contact-Line Pinning and Depinning, not merely an object, scene, or static result.",0,30,vdcr_v2_expansion_backlog; concept_zh=接触线钉扎-脱钉; needed_candidates=3; production_gate=video_must_show_named_dynamic_mechanism_sequence_without_title_or_source_leakage
vdcr_concept_0016,B,Contact-Line Pinning and Depinning demonstration,physics_physical_systems,Contact-Line Pinning and Depinning,physics_physical_systems,physics_family_02,"Candidate must show the temporal sequence that instantiates Contact-Line Pinning and Depinning, not merely an object, scene, or static result.",0,30,vdcr_v2_expansion_backlog; concept_zh=接触线钉扎-脱钉; needed_candidates=3; production_gate=video_must_show_named_dynamic_mechanism_sequence_without_title_or_source_leakage
vdcr_concept_0016,B,Contact-Line Pinning and Depinning experiment video,physics_physical_systems,Contact-Line Pinning and Depinning,physics_physical_systems,physics_family_02,"Candidate must show the temporal sequence that instantiates Contact-Line Pinning and Depinning, not merely an object, scene, or static result.",0,30,vdcr_v2_expansion_backlog; concept_zh=接触线钉扎-脱钉; needed_candidates=3; production_gate=video_must_show_named_dynamic_mechanism_sequence_without_title_or_source_leakage
vdcr_concept_0016,B,接触线钉扎-脱钉 Contact-Line Pinning and Depinning,physics_physical_systems,Contact-Line Pinning and Depinning,physics_physical_systems,physics_family_02,"Candidate must show the temporal sequence that instantiates Contact-Line Pinning and Depinning, not merely an object, scene, or static result.",0,30,vdcr_v2_expansion_backlog; concept_zh=接触线钉扎-脱钉; needed_candidates=3; production_gate=video_must_show_named_dynamic_mechanism_sequence_without_title_or_source_leakage
vdcr_concept_0044,B,Detonation Front Propagation,physics_physical_systems,Detonation Front Propagation,physics_physical_systems,physics_family_06,"Candidate must show the temporal sequence that instantiates Detonation Front Propagation, not merely an object, scene, or static result.",0,30,vdcr_v2_expansion_backlog; concept_zh=爆轰波前传播; needed_candidates=3; production_gate=video_must_show_named_dynamic_mechanism_sequence_without_title_or_source_leakage
vdcr_concept_0044,B,Detonation Front Propagation demonstration,physics_physical_systems,Detonation Front Propagation,physics_physical_systems,physics_family_06,"Candidate must show the temporal sequence that instantiates Detonation Front Propagation, not merely an object, scene, or static result.",0,30,vdcr_v2_expansion_backlog; concept_zh=爆轰波前传播; needed_candidates=3; production_gate=video_must_show_named_dynamic_mechanism_sequence_without_title_or_source_leakage
vdcr_concept_0044,B,Detonation Front Propagation experiment video,physics_physical_systems,Detonation Front Propagation,physics_physical_systems,physics_family_06,"Candidate must show the temporal sequence that instantiates Detonation Front Propagation, not merely an object, scene, or static result.",0,30,vdcr_v2_expansion_backlog; concept_zh=爆轰波前传播; needed_candidates=3; production_gate=video_must_show_named_dynamic_mechanism_sequence_without_title_or_source_leakage
vdcr_concept_0044,B,爆轰波前传播 Detonation Front Propagation,physics_physical_systems,Detonation Front Propagation,physics_physical_systems,physics_family_06,"Candidate must show the temporal sequence that instantiates Detonation Front Propagation, not merely an object, scene, or static result.",0,30,vdcr_v2_expansion_backlog; concept_zh=爆轰波前传播; needed_candidates=3; production_gate=video_must_show_named_dynamic_mechanism_sequence_without_title_or_source_leakage
vdcr_concept_0051,B,Dielectric Barrier Discharge Streamers,physics_physical_systems,Dielectric Barrier Discharge Streamers,physics_physical_systems,physics_family_07,"Candidate must show the temporal sequence that instantiates Dielectric Barrier Discharge Streamers, not merely an object, scene, or static result.",0,30,vdcr_v2_expansion_backlog; concept_zh=介质阻挡放电流光; needed_candidates=3; production_gate=video_must_show_named_dynamic_mechanism_sequence_without_title_or_source_leakage
vdcr_concept_0051,B,Dielectric Barrier Discharge Streamers demonstration,physics_physical_systems,Dielectric Barrier Discharge Streamers,physics_physical_systems,physics_family_07,"Candidate must show the temporal sequence that instantiates Dielectric Barrier Discharge Streamers, not merely an object, scene, or static result.",0,30,vdcr_v2_expansion_backlog; concept_zh=介质阻挡放电流光; needed_candidates=3; production_gate=video_must_show_named_dynamic_mechanism_sequence_without_title_or_source_leakage
vdcr_concept_0051,B,Dielectric Barrier Discharge Streamers experiment video,physics_physical_systems,Dielectric Barrier Discharge Streamers,physics_physical_systems,physics_family_07,"Candidate must show the temporal sequence that instantiates Dielectric Barrier Discharge Streamers, not merely an object, scene, or static result.",0,30,vdcr_v2_expansion_backlog; concept_zh=介质阻挡放电流光; needed_candidates=3; production_gate=video_must_show_named_dynamic_mechanism_sequence_without_title_or_source_leakage
vdcr_concept_0051,B,介质阻挡放电流光 Dielectric Barrier Discharge Streamers,physics_physical_systems,Dielectric Barrier Discharge Streamers,physics_physical_systems,physics_family_07,"Candidate must show the temporal sequence that instantiates Dielectric Barrier Discharge Streamers, not merely an object, scene, or static result.",0,30,vdcr_v2_expansion_backlog; concept_zh=介质阻挡放电流光; needed_candidates=3; production_gate=video_must_show_named_dynamic_mechanism_sequence_without_title_or_source_leakage
vdcr_concept_0049,B,Glow Discharge Propagation,physics_physical_systems,Glow Discharge Propagation,physics_physical_systems,physics_family_07,"Candidate must show the temporal sequence that instantiates Glow Discharge Propagation, not merely an object, scene, or static result.",0,30,vdcr_v2_expansion_backlog; concept_zh=辉光放电扩展; needed_candidates=3; production_gate=video_must_show_named_dynamic_mechanism_sequence_without_title_or_source_leakage
vdcr_concept_0049,B,Glow Discharge Propagation demonstration,physics_physical_systems,Glow Discharge Propagation,physics_physical_systems,physics_family_07,"Candidate must show the temporal sequence that instantiates Glow Discharge Propagation, not merely an object, scene, or static result.",0,30,vdcr_v2_expansion_backlog; concept_zh=辉光放电扩展; needed_candidates=3; production_gate=video_must_show_named_dynamic_mechanism_sequence_without_title_or_source_leakage
vdcr_concept_0049,B,Glow Discharge Propagation experiment video,physics_physical_systems,Glow Discharge Propagation,physics_physical_systems,physics_family_07,"Candidate must show the temporal sequence that instantiates Glow Discharge Propagation, not merely an object, scene, or static result.",0,30,vdcr_v2_expansion_backlog; concept_zh=辉光放电扩展; needed_candidates=3; production_gate=video_must_show_named_dynamic_mechanism_sequence_without_title_or_source_leakage
vdcr_concept_0049,B,辉光放电扩展 Glow Discharge Propagation,physics_physical_systems,Glow Discharge Propagation,physics_physical_systems,physics_family_07,"Candidate must show the temporal sequence that instantiates Glow Discharge Propagation, not merely an object, scene, or static result.",0,30,vdcr_v2_expansion_backlog; concept_zh=辉光放电扩展; needed_candidates=3; production_gate=video_must_show_named_dynamic_mechanism_sequence_without_title_or_source_leakage
vdcr_concept_0030,B,Granular Surface Avalanche,physics_physical_systems,Granular Surface Avalanche,physics_physical_systems,physics_family_04,"Candidate must show the temporal sequence that instantiates Granular Surface Avalanche, not merely an object, scene, or static result.",0,30,vdcr_v2_expansion_backlog; concept_zh=颗粒表面雪崩; needed_candidates=3; production_gate=video_must_show_named_dynamic_mechanism_sequence_without_title_or_source_leakage
vdcr_concept_0030,B,Granular Surface Avalanche demonstration,physics_physical_systems,Granular Surface Avalanche,physics_physical_systems,physics_family_04,"Candidate must show the temporal sequence that instantiates Granular Surface Avalanche, not merely an object, scene, or static result.",0,30,vdcr_v2_expansion_backlog; concept_zh=颗粒表面雪崩; needed_candidates=3; production_gate=video_must_show_named_dynamic_mechanism_sequence_without_title_or_source_leakage
vdcr_concept_0030,B,Granular Surface Avalanche experiment video,physics_physical_systems,Granular Surface Avalanche,physics_physical_systems,physics_family_04,"Candidate must show the temporal sequence that instantiates Granular Surface Avalanche, not merely an object, scene, or static result.",0,30,vdcr_v2_expansion_backlog; concept_zh=颗粒表面雪崩; needed_candidates=3; production_gate=video_must_show_named_dynamic_mechanism_sequence_without_title_or_source_leakage
vdcr_concept_0030,B,颗粒表面雪崩 Granular Surface Avalanche,physics_physical_systems,Granular Surface Avalanche,physics_physical_systems,physics_family_04,"Candidate must show the temporal sequence that instantiates Granular Surface Avalanche, not merely an object, scene, or static result.",0,30,vdcr_v2_expansion_backlog; concept_zh=颗粒表面雪崩; needed_candidates=3; production_gate=video_must_show_named_dynamic_mechanism_sequence_without_title_or_source_leakage
vdcr_concept_0036,B,Inertia-Driven Droplet Impact Spreading,physics_physical_systems,Inertia-Driven Droplet Impact Spreading,physics_physical_systems,physics_family_05,"Candidate must show the temporal sequence that instantiates Inertia-Driven Droplet Impact Spreading, not merely an object, scene, or static result.",0,30,vdcr_v2_expansion_backlog; concept_zh=惯性驱动液滴撞击铺展; needed_candidates=3; production_gate=must_show_impact_then_radial_spreading_sequence
vdcr_concept_0036,B,Inertia-Driven Droplet Impact Spreading demonstration,physics_physical_systems,Inertia-Driven Droplet Impact Spreading,physics_physical_systems,physics_family_05,"Candidate must show the temporal sequence that instantiates Inertia-Driven Droplet Impact Spreading, not merely an object, scene, or static result.",0,30,vdcr_v2_expansion_backlog; concept_zh=惯性驱动液滴撞击铺展; needed_candidates=3; production_gate=must_show_impact_then_radial_spreading_sequence
vdcr_concept_0036,B,Inertia-Driven Droplet Impact Spreading experiment video,physics_physical_systems,Inertia-Driven Droplet Impact Spreading,physics_physical_systems,physics_family_05,"Candidate must show the temporal sequence that instantiates Inertia-Driven Droplet Impact Spreading, not merely an object, scene, or static result.",0,30,vdcr_v2_expansion_backlog; concept_zh=惯性驱动液滴撞击铺展; needed_candidates=3; production_gate=must_show_impact_then_radial_spreading_sequence
vdcr_concept_0036,B,惯性驱动液滴撞击铺展 Inertia-Driven Droplet Impact Spreading,physics_physical_systems,Inertia-Driven Droplet Impact Spreading,physics_physical_systems,physics_family_05,"Candidate must show the temporal sequence that instantiates Inertia-Driven Droplet Impact Spreading, not merely an object, scene, or static result.",0,30,vdcr_v2_expansion_backlog; concept_zh=惯性驱动液滴撞击铺展; needed_candidates=3; production_gate=must_show_impact_then_radial_spreading_sequence
vdcr_concept_0037,B,Ligament-Mediated Atomization,physics_physical_systems,Ligament-Mediated Atomization,physics_physical_systems,physics_family_05,"Candidate must show the temporal sequence that instantiates Ligament-Mediated Atomization, not merely an object, scene, or static result.",0,30,vdcr_v2_expansion_backlog; concept_zh=液丝破碎雾化; needed_candidates=3; production_gate=video_must_show_named_dynamic_mechanism_sequence_without_title_or_source_leakage
vdcr_concept_0037,B,Ligament-Mediated Atomization demonstration,physics_physical_systems,Ligament-Mediated Atomization,physics_physical_systems,physics_family_05,"Candidate must show the temporal sequence that instantiates Ligament-Mediated Atomization, not merely an object, scene, or static result.",0,30,vdcr_v2_expansion_backlog; concept_zh=液丝破碎雾化; needed_candidates=3; production_gate=video_must_show_named_dynamic_mechanism_sequence_without_title_or_source_leakage
vdcr_concept_0037,B,Ligament-Mediated Atomization experiment video,physics_physical_systems,Ligament-Mediated Atomization,physics_physical_systems,physics_family_05,"Candidate must show the temporal sequence that instantiates Ligament-Mediated Atomization, not merely an object, scene, or static result.",0,30,vdcr_v2_expansion_backlog; concept_zh=液丝破碎雾化; needed_candidates=3; production_gate=video_must_show_named_dynamic_mechanism_sequence_without_title_or_source_leakage
vdcr_concept_0037,B,液丝破碎雾化 Ligament-Mediated Atomization,physics_physical_systems,Ligament-Mediated Atomization,physics_physical_systems,physics_family_05,"Candidate must show the temporal sequence that instantiates Ligament-Mediated Atomization, not merely an object, scene, or static result.",0,30,vdcr_v2_expansion_backlog; concept_zh=液丝破碎雾化; needed_candidates=3; production_gate=video_must_show_named_dynamic_mechanism_sequence_without_title_or_source_leakage
vdcr_concept_0041,B,Mach Cone Formation,physics_physical_systems,Mach Cone Formation,physics_physical_systems,physics_family_06,"Candidate must show the temporal sequence that instantiates Mach Cone Formation, not merely an object, scene, or static result.",0,30,vdcr_v2_expansion_backlog; concept_zh=马赫锥形成; needed_candidates=3; production_gate=video_must_show_named_dynamic_mechanism_sequence_without_title_or_source_leakage
vdcr_concept_0041,B,Mach Cone Formation demonstration,physics_physical_systems,Mach Cone Formation,physics_physical_systems,physics_family_06,"Candidate must show the temporal sequence that instantiates Mach Cone Formation, not merely an object, scene, or static result.",0,30,vdcr_v2_expansion_backlog; concept_zh=马赫锥形成; needed_candidates=3; production_gate=video_must_show_named_dynamic_mechanism_sequence_without_title_or_source_leakage
vdcr_concept_0041,B,Mach Cone Formation experiment video,physics_physical_systems,Mach Cone Formation,physics_physical_systems,physics_family_06,"Candidate must show the temporal sequence that instantiates Mach Cone Formation, not merely an object, scene, or static result.",0,30,vdcr_v2_expansion_backlog; concept_zh=马赫锥形成; needed_candidates=3; production_gate=video_must_show_named_dynamic_mechanism_sequence_without_title_or_source_leakage
vdcr_concept_0041,B,马赫锥形成 Mach Cone Formation,physics_physical_systems,Mach Cone Formation,physics_physical_systems,physics_family_06,"Candidate must show the temporal sequence that instantiates Mach Cone Formation, not merely an object, scene, or static result.",0,30,vdcr_v2_expansion_backlog; concept_zh=马赫锥形成; needed_candidates=3; production_gate=video_must_show_named_dynamic_mechanism_sequence_without_title_or_source_leakage
vdcr_concept_0054,B,Natural Convection Plume,physics_physical_systems,Natural Convection Plume,physics_physical_systems,physics_family_08,"Candidate must show the temporal sequence that instantiates Natural Convection Plume, not merely an object, scene, or static result.",0,30,vdcr_v2_expansion_backlog; concept_zh=自然对流羽流; needed_candidates=3; production_gate=video_must_show_named_dynamic_mechanism_sequence_without_title_or_source_leakage
vdcr_concept_0054,B,Natural Convection Plume demonstration,physics_physical_systems,Natural Convection Plume,physics_physical_systems,physics_family_08,"Candidate must show the temporal sequence that instantiates Natural Convection Plume, not merely an object, scene, or static result.",0,30,vdcr_v2_expansion_backlog; concept_zh=自然对流羽流; needed_candidates=3; production_gate=video_must_show_named_dynamic_mechanism_sequence_without_title_or_source_leakage
vdcr_concept_0054,B,Natural Convection Plume experiment video,physics_physical_systems,Natural Convection Plume,physics_physical_systems,physics_family_08,"Candidate must show the temporal sequence that instantiates Natural Convection Plume, not merely an object, scene, or static result.",0,30,vdcr_v2_expansion_backlog; concept_zh=自然对流羽流; needed_candidates=3; production_gate=video_must_show_named_dynamic_mechanism_sequence_without_title_or_source_leakage
vdcr_concept_0054,B,自然对流羽流 Natural Convection Plume,physics_physical_systems,Natural Convection Plume,physics_physical_systems,physics_family_08,"Candidate must show the temporal sequence that instantiates Natural Convection Plume, not merely an object, scene, or static result.",0,30,vdcr_v2_expansion_backlog; concept_zh=自然对流羽流; needed_candidates=3; production_gate=video_must_show_named_dynamic_mechanism_sequence_without_title_or_source_leakage
vdcr_concept_0040,B,Shock Wave Propagation,physics_physical_systems,Shock Wave Propagation,physics_physical_systems,physics_family_06,"Candidate must show the temporal sequence that instantiates Shock Wave Propagation, not merely an object, scene, or static result.",0,30,vdcr_v2_expansion_backlog; concept_zh=激波传播; needed_candidates=3; production_gate=must_show_clear_shock_front_or_compression_front_propagating_not_static_schlieren_frame
vdcr_concept_0040,B,Shock Wave Propagation demonstration,physics_physical_systems,Shock Wave Propagation,physics_physical_systems,physics_family_06,"Candidate must show the temporal sequence that instantiates Shock Wave Propagation, not merely an object, scene, or static result.",0,30,vdcr_v2_expansion_backlog; concept_zh=激波传播; needed_candidates=3; production_gate=must_show_clear_shock_front_or_compression_front_propagating_not_static_schlieren_frame
vdcr_concept_0040,B,Shock Wave Propagation experiment video,physics_physical_systems,Shock Wave Propagation,physics_physical_systems,physics_family_06,"Candidate must show the temporal sequence that instantiates Shock Wave Propagation, not merely an object, scene, or static result.",0,30,vdcr_v2_expansion_backlog; concept_zh=激波传播; needed_candidates=3; production_gate=must_show_clear_shock_front_or_compression_front_propagating_not_static_schlieren_frame
vdcr_concept_0040,B,激波传播 Shock Wave Propagation,physics_physical_systems,Shock Wave Propagation,physics_physical_systems,physics_family_06,"Candidate must show the temporal sequence that instantiates Shock Wave Propagation, not merely an object, scene, or static result.",0,30,vdcr_v2_expansion_backlog; concept_zh=激波传播; needed_candidates=3; production_gate=must_show_clear_shock_front_or_compression_front_propagating_not_static_schlieren_frame
vdcr_concept_0045,B,Shock-Driven Rayleigh-Taylor Mixing,physics_physical_systems,Shock-Driven Rayleigh-Taylor Mixing,physics_physical_systems,physics_family_06,"Candidate must show the temporal sequence that instantiates Shock-Driven Rayleigh-Taylor Mixing, not merely an object, scene, or static result.",0,30,vdcr_v2_expansion_backlog; concept_zh=瑞利-泰勒冲击混合; needed_candidates=3; production_gate=video_must_show_named_dynamic_mechanism_sequence_without_title_or_source_leakage
vdcr_concept_0045,B,Shock-Driven Rayleigh-Taylor Mixing demonstration,physics_physical_systems,Shock-Driven Rayleigh-Taylor Mixing,physics_physical_systems,physics_family_06,"Candidate must show the temporal sequence that instantiates Shock-Driven Rayleigh-Taylor Mixing, not merely an object, scene, or static result.",0,30,vdcr_v2_expansion_backlog; concept_zh=瑞利-泰勒冲击混合; needed_candidates=3; production_gate=video_must_show_named_dynamic_mechanism_sequence_without_title_or_source_leakage
vdcr_concept_0045,B,Shock-Driven Rayleigh-Taylor Mixing experiment video,physics_physical_systems,Shock-Driven Rayleigh-Taylor Mixing,physics_physical_systems,physics_family_06,"Candidate must show the temporal sequence that instantiates Shock-Driven Rayleigh-Taylor Mixing, not merely an object, scene, or static result.",0,30,vdcr_v2_expansion_backlog; concept_zh=瑞利-泰勒冲击混合; needed_candidates=3; production_gate=video_must_show_named_dynamic_mechanism_sequence_without_title_or_source_leakage
vdcr_concept_0045,B,瑞利-泰勒冲击混合 Shock-Driven Rayleigh-Taylor Mixing,physics_physical_systems,Shock-Driven Rayleigh-Taylor Mixing,physics_physical_systems,physics_family_06,"Candidate must show the temporal sequence that instantiates Shock-Driven Rayleigh-Taylor Mixing, not merely an object, scene, or static result.",0,30,vdcr_v2_expansion_backlog; concept_zh=瑞利-泰勒冲击混合; needed_candidates=3; production_gate=video_must_show_named_dynamic_mechanism_sequence_without_title_or_source_leakage
vdcr_concept_0152,B,Amoeboid Chemotactic Crawling,biology_living_systems,Amoeboid Chemotactic Crawling,biology_living_systems,biology_family_05,"Candidate must show the temporal sequence that instantiates Amoeboid Chemotactic Crawling, not merely an object, scene, or static result.",0,30,vdcr_v2_expansion_backlog; concept_zh=变形虫式趋化爬行; needed_candidates=2; production_gate=video_must_show_biological_dynamic_sequence_or_strategy_not_species_or_generic_action
vdcr_concept_0152,B,Amoeboid Chemotactic Crawling demonstration,biology_living_systems,Amoeboid Chemotactic Crawling,biology_living_systems,biology_family_05,"Candidate must show the temporal sequence that instantiates Amoeboid Chemotactic Crawling, not merely an object, scene, or static result.",0,30,vdcr_v2_expansion_backlog; concept_zh=变形虫式趋化爬行; needed_candidates=2; production_gate=video_must_show_biological_dynamic_sequence_or_strategy_not_species_or_generic_action
vdcr_concept_0152,B,Amoeboid Chemotactic Crawling experiment video,biology_living_systems,Amoeboid Chemotactic Crawling,biology_living_systems,biology_family_05,"Candidate must show the temporal sequence that instantiates Amoeboid Chemotactic Crawling, not merely an object, scene, or static result.",0,30,vdcr_v2_expansion_backlog; concept_zh=变形虫式趋化爬行; needed_candidates=2; production_gate=video_must_show_biological_dynamic_sequence_or_strategy_not_species_or_generic_action
vdcr_concept_0152,B,变形虫式趋化爬行 Amoeboid Chemotactic Crawling,biology_living_systems,Amoeboid Chemotactic Crawling,biology_living_systems,biology_family_05,"Candidate must show the temporal sequence that instantiates Amoeboid Chemotactic Crawling, not merely an object, scene, or static result.",0,30,vdcr_v2_expansion_backlog; concept_zh=变形虫式趋化爬行; needed_candidates=2; production_gate=video_must_show_biological_dynamic_sequence_or_strategy_not_species_or_generic_action
vdcr_concept_0161,B,Mitochondrial Fission-Fusion Dynamics,biology_living_systems,Mitochondrial Fission-Fusion Dynamics,biology_living_systems,biology_family_05,"Candidate must show the temporal sequence that instantiates Mitochondrial Fission-Fusion Dynamics, not merely an object, scene, or static result.",0,30,vdcr_v2_expansion_backlog; concept_zh=线粒体分裂-融合动态; needed_candidates=2; production_gate=video_must_show_biological_dynamic_sequence_or_strategy_not_species_or_generic_action
vdcr_concept_0161,B,Mitochondrial Fission-Fusion Dynamics demonstration,biology_living_systems,Mitochondrial Fission-Fusion Dynamics,biology_living_systems,biology_family_05,"Candidate must show the temporal sequence that instantiates Mitochondrial Fission-Fusion Dynamics, not merely an object, scene, or static result.",0,30,vdcr_v2_expansion_backlog; concept_zh=线粒体分裂-融合动态; needed_candidates=2; production_gate=video_must_show_biological_dynamic_sequence_or_strategy_not_species_or_generic_action
vdcr_concept_0161,B,Mitochondrial Fission-Fusion Dynamics experiment video,biology_living_systems,Mitochondrial Fission-Fusion Dynamics,biology_living_systems,biology_family_05,"Candidate must show the temporal sequence that instantiates Mitochondrial Fission-Fusion Dynamics, not merely an object, scene, or static result.",0,30,vdcr_v2_expansion_backlog; concept_zh=线粒体分裂-融合动态; needed_candidates=2; production_gate=video_must_show_biological_dynamic_sequence_or_strategy_not_species_or_generic_action
vdcr_concept_0161,B,线粒体分裂-融合动态 Mitochondrial Fission-Fusion Dynamics,biology_living_systems,Mitochondrial Fission-Fusion Dynamics,biology_living_systems,biology_family_05,"Candidate must show the temporal sequence that instantiates Mitochondrial Fission-Fusion Dynamics, not merely an object, scene, or static result.",0,30,vdcr_v2_expansion_backlog; concept_zh=线粒体分裂-融合动态; needed_candidates=2; production_gate=video_must_show_biological_dynamic_sequence_or_strategy_not_species_or_generic_action
vdcr_concept_0095,B,Oscillating Flame,chemistry_materials_change,Oscillating Flame,chemistry_materials_change,materials_family_07,"Candidate must show the temporal sequence that instantiates Oscillating Flame, not merely an object, scene, or static result.",0,30,vdcr_v2_expansion_backlog; concept_zh=振荡火焰; needed_candidates=2; production_gate=video_must_show_material_or_reaction_state_evolution; source_text_may_only_double_check_not_supply_answer
vdcr_concept_0095,B,Oscillating Flame demonstration,chemistry_materials_change,Oscillating Flame,chemistry_materials_change,materials_family_07,"Candidate must show the temporal sequence that instantiates Oscillating Flame, not merely an object, scene, or static result.",0,30,vdcr_v2_expansion_backlog; concept_zh=振荡火焰; needed_candidates=2; production_gate=video_must_show_material_or_reaction_state_evolution; source_text_may_only_double_check_not_supply_answer
vdcr_concept_0095,B,Oscillating Flame experiment video,chemistry_materials_change,Oscillating Flame,chemistry_materials_change,materials_family_07,"Candidate must show the temporal sequence that instantiates Oscillating Flame, not merely an object, scene, or static result.",0,30,vdcr_v2_expansion_backlog; concept_zh=振荡火焰; needed_candidates=2; production_gate=video_must_show_material_or_reaction_state_evolution; source_text_may_only_double_check_not_supply_answer
vdcr_concept_0095,B,振荡火焰 Oscillating Flame,chemistry_materials_change,Oscillating Flame,chemistry_materials_change,materials_family_07,"Candidate must show the temporal sequence that instantiates Oscillating Flame, not merely an object, scene, or static result.",0,30,vdcr_v2_expansion_backlog; concept_zh=振荡火焰; needed_candidates=2; production_gate=video_must_show_material_or_reaction_state_evolution; source_text_may_only_double_check_not_supply_answer
vdcr_concept_0214,B,Eruption Column Collapse,earth_environmental_systems,Eruption Column Collapse,earth_environmental_systems,earth_family_04,"Candidate must show the temporal sequence that instantiates Eruption Column Collapse, not merely an object, scene, or static result.",0,30,vdcr_v2_expansion_backlog; concept_zh=喷发柱坍塌; needed_candidates=2; production_gate=video_must_show_process_evolution_or_instability_sequence_not_static_landform_or_event_label
vdcr_concept_0214,B,Eruption Column Collapse demonstration,earth_environmental_systems,Eruption Column Collapse,earth_environmental_systems,earth_family_04,"Candidate must show the temporal sequence that instantiates Eruption Column Collapse, not merely an object, scene, or static result.",0,30,vdcr_v2_expansion_backlog; concept_zh=喷发柱坍塌; needed_candidates=2; production_gate=video_must_show_process_evolution_or_instability_sequence_not_static_landform_or_event_label
vdcr_concept_0214,B,Eruption Column Collapse experiment video,earth_environmental_systems,Eruption Column Collapse,earth_environmental_systems,earth_family_04,"Candidate must show the temporal sequence that instantiates Eruption Column Collapse, not merely an object, scene, or static result.",0,30,vdcr_v2_expansion_backlog; concept_zh=喷发柱坍塌; needed_candidates=2; production_gate=video_must_show_process_evolution_or_instability_sequence_not_static_landform_or_event_label
vdcr_concept_0214,B,喷发柱坍塌 Eruption Column Collapse,earth_environmental_systems,Eruption Column Collapse,earth_environmental_systems,earth_family_04,"Candidate must show the temporal sequence that instantiates Eruption Column Collapse, not merely an object, scene, or static result.",0,30,vdcr_v2_expansion_backlog; concept_zh=喷发柱坍塌; needed_candidates=2; production_gate=video_must_show_process_evolution_or_instability_sequence_not_static_landform_or_event_label
vdcr_concept_0195,B,Landspout Development,earth_environmental_systems,Landspout Development,earth_environmental_systems,earth_family_01,"Candidate must show the temporal sequence that instantiates Landspout Development, not merely an object, scene, or static result.",0,30,vdcr_v2_expansion_backlog; concept_zh=陆龙卷发展; needed_candidates=2; production_gate=video_must_show_process_evolution_or_instability_sequence_not_static_landform_or_event_label
vdcr_concept_0195,B,Landspout Development demonstration,earth_environmental_systems,Landspout Development,earth_environmental_systems,earth_family_01,"Candidate must show the temporal sequence that instantiates Landspout Development, not merely an object, scene, or static result.",0,30,vdcr_v2_expansion_backlog; concept_zh=陆龙卷发展; needed_candidates=2; production_gate=video_must_show_process_evolution_or_instability_sequence_not_static_landform_or_event_label
vdcr_concept_0195,B,Landspout Development experiment video,earth_environmental_systems,Landspout Development,earth_environmental_systems,earth_family_01,"Candidate must show the temporal sequence that instantiates Landspout Development, not merely an object, scene, or static result.",0,30,vdcr_v2_expansion_backlog; concept_zh=陆龙卷发展; needed_candidates=2; production_gate=video_must_show_process_evolution_or_instability_sequence_not_static_landform_or_event_label
vdcr_concept_0195,B,陆龙卷发展 Landspout Development,earth_environmental_systems,Landspout Development,earth_environmental_systems,earth_family_01,"Candidate must show the temporal sequence that instantiates Landspout Development, not merely an object, scene, or static result.",0,30,vdcr_v2_expansion_backlog; concept_zh=陆龙卷发展; needed_candidates=2; production_gate=video_must_show_process_evolution_or_instability_sequence_not_static_landform_or_event_label
vdcr_concept_0213,B,Lava Dome Collapse,earth_environmental_systems,Lava Dome Collapse,earth_environmental_systems,earth_family_04,"Candidate must show the temporal sequence that instantiates Lava Dome Collapse, not merely an object, scene, or static result.",0,30,vdcr_v2_expansion_backlog; concept_zh=熔岩穹丘崩塌; needed_candidates=2; production_gate=must_show_dome_instability_collapse_and_pyroclastic_or_plume_response_sequence
vdcr_concept_0213,B,Lava Dome Collapse demonstration,earth_environmental_systems,Lava Dome Collapse,earth_environmental_systems,earth_family_04,"Candidate must show the temporal sequence that instantiates Lava Dome Collapse, not merely an object, scene, or static result.",0,30,vdcr_v2_expansion_backlog; concept_zh=熔岩穹丘崩塌; needed_candidates=2; production_gate=must_show_dome_instability_collapse_and_pyroclastic_or_plume_response_sequence
vdcr_concept_0213,B,Lava Dome Collapse experiment video,earth_environmental_systems,Lava Dome Collapse,earth_environmental_systems,earth_family_04,"Candidate must show the temporal sequence that instantiates Lava Dome Collapse, not merely an object, scene, or static result.",0,30,vdcr_v2_expansion_backlog; concept_zh=熔岩穹丘崩塌; needed_candidates=2; production_gate=must_show_dome_instability_collapse_and_pyroclastic_or_plume_response_sequence
vdcr_concept_0213,B,熔岩穹丘崩塌 Lava Dome Collapse,earth_environmental_systems,Lava Dome Collapse,earth_environmental_systems,earth_family_04,"Candidate must show the temporal sequence that instantiates Lava Dome Collapse, not merely an object, scene, or static result.",0,30,vdcr_v2_expansion_backlog; concept_zh=熔岩穹丘崩塌; needed_candidates=2; production_gate=must_show_dome_instability_collapse_and_pyroclastic_or_plume_response_sequence
vdcr_concept_0244,B,Rill Network Expansion,earth_environmental_systems,Rill Network Expansion,earth_environmental_systems,earth_family_09,"Candidate must show the temporal sequence that instantiates Rill Network Expansion, not merely an object, scene, or static result.",0,30,vdcr_v2_expansion_backlog; concept_zh=冲沟网络扩展; needed_candidates=2; production_gate=video_must_show_process_evolution_or_instability_sequence_not_static_landform_or_event_label
vdcr_concept_0244,B,Rill Network Expansion demonstration,earth_environmental_systems,Rill Network Expansion,earth_environmental_systems,earth_family_09,"Candidate must show the temporal sequence that instantiates Rill Network Expansion, not merely an object, scene, or static result.",0,30,vdcr_v2_expansion_backlog; concept_zh=冲沟网络扩展; needed_candidates=2; production_gate=video_must_show_process_evolution_or_instability_sequence_not_static_landform_or_event_label
vdcr_concept_0244,B,Rill Network Expansion experiment video,earth_environmental_systems,Rill Network Expansion,earth_environmental_systems,earth_family_09,"Candidate must show the temporal sequence that instantiates Rill Network Expansion, not merely an object, scene, or static result.",0,30,vdcr_v2_expansion_backlog; concept_zh=冲沟网络扩展; needed_candidates=2; production_gate=video_must_show_process_evolution_or_instability_sequence_not_static_landform_or_event_label
vdcr_concept_0244,B,冲沟网络扩展 Rill Network Expansion,earth_environmental_systems,Rill Network Expansion,earth_environmental_systems,earth_family_09,"Candidate must show the temporal sequence that instantiates Rill Network Expansion, not merely an object, scene, or static result.",0,30,vdcr_v2_expansion_backlog; concept_zh=冲沟网络扩展; needed_candidates=2; production_gate=video_must_show_process_evolution_or_instability_sequence_not_static_landform_or_event_label
vdcr_concept_0202,B,Rip Current Channel Formation,earth_environmental_systems,Rip Current Channel Formation,earth_environmental_systems,earth_family_02,"Candidate must show the temporal sequence that instantiates Rip Current Channel Formation, not merely an object, scene, or static result.",0,30,vdcr_v2_expansion_backlog; concept_zh=裂流出海通道形成; needed_candidates=2; production_gate=video_must_show_process_evolution_or_instability_sequence_not_static_landform_or_event_label
vdcr_concept_0202,B,Rip Current Channel Formation demonstration,earth_environmental_systems,Rip Current Channel Formation,earth_environmental_systems,earth_family_02,"Candidate must show the temporal sequence that instantiates Rip Current Channel Formation, not merely an object, scene, or static result.",0,30,vdcr_v2_expansion_backlog; concept_zh=裂流出海通道形成; needed_candidates=2; production_gate=video_must_show_process_evolution_or_instability_sequence_not_static_landform_or_event_label
vdcr_concept_0202,B,Rip Current Channel Formation experiment video,earth_environmental_systems,Rip Current Channel Formation,earth_environmental_systems,earth_family_02,"Candidate must show the temporal sequence that instantiates Rip Current Channel Formation, not merely an object, scene, or static result.",0,30,vdcr_v2_expansion_backlog; concept_zh=裂流出海通道形成; needed_candidates=2; production_gate=video_must_show_process_evolution_or_instability_sequence_not_static_landform_or_event_label
vdcr_concept_0202,B,裂流出海通道形成 Rip Current Channel Formation,earth_environmental_systems,Rip Current Channel Formation,earth_environmental_systems,earth_family_02,"Candidate must show the temporal sequence that instantiates Rip Current Channel Formation, not merely an object, scene, or static result.",0,30,vdcr_v2_expansion_backlog; concept_zh=裂流出海通道形成; needed_candidates=2; production_gate=video_must_show_process_evolution_or_instability_sequence_not_static_landform_or_event_label
vdcr_concept_0207,B,Seismic Soil Liquefaction,earth_environmental_systems,Seismic Soil Liquefaction,earth_environmental_systems,earth_family_03,"Candidate must show the temporal sequence that instantiates Seismic Soil Liquefaction, not merely an object, scene, or static result.",0,30,vdcr_v2_expansion_backlog; concept_zh=土壤液化; needed_candidates=2; production_gate=video_must_show_process_evolution_or_instability_sequence_not_static_landform_or_event_label
vdcr_concept_0207,B,Seismic Soil Liquefaction demonstration,earth_environmental_systems,Seismic Soil Liquefaction,earth_environmental_systems,earth_family_03,"Candidate must show the temporal sequence that instantiates Seismic Soil Liquefaction, not merely an object, scene, or static result.",0,30,vdcr_v2_expansion_backlog; concept_zh=土壤液化; needed_candidates=2; production_gate=video_must_show_process_evolution_or_instability_sequence_not_static_landform_or_event_label
vdcr_concept_0207,B,Seismic Soil Liquefaction experiment video,earth_environmental_systems,Seismic Soil Liquefaction,earth_environmental_systems,earth_family_03,"Candidate must show the temporal sequence that instantiates Seismic Soil Liquefaction, not merely an object, scene, or static result.",0,30,vdcr_v2_expansion_backlog; concept_zh=土壤液化; needed_candidates=2; production_gate=video_must_show_process_evolution_or_instability_sequence_not_static_landform_or_event_label
vdcr_concept_0207,B,土壤液化 Seismic Soil Liquefaction,earth_environmental_systems,Seismic Soil Liquefaction,earth_environmental_systems,earth_family_03,"Candidate must show the temporal sequence that instantiates Seismic Soil Liquefaction, not merely an object, scene, or static result.",0,30,vdcr_v2_expansion_backlog; concept_zh=土壤液化; needed_candidates=2; production_gate=video_must_show_process_evolution_or_instability_sequence_not_static_landform_or_event_label
vdcr_concept_0027,B,Elastic Pendulum Motion,physics_physical_systems,Elastic Pendulum Motion,physics_physical_systems,physics_family_04,"Candidate must show the temporal sequence that instantiates Elastic Pendulum Motion, not merely an object, scene, or static result.",0,30,vdcr_v2_expansion_backlog; concept_zh=弹性摆运动; needed_candidates=2; production_gate=video_must_show_named_dynamic_mechanism_sequence_without_title_or_source_leakage
vdcr_concept_0027,B,Elastic Pendulum Motion demonstration,physics_physical_systems,Elastic Pendulum Motion,physics_physical_systems,physics_family_04,"Candidate must show the temporal sequence that instantiates Elastic Pendulum Motion, not merely an object, scene, or static result.",0,30,vdcr_v2_expansion_backlog; concept_zh=弹性摆运动; needed_candidates=2; production_gate=video_must_show_named_dynamic_mechanism_sequence_without_title_or_source_leakage
vdcr_concept_0027,B,Elastic Pendulum Motion experiment video,physics_physical_systems,Elastic Pendulum Motion,physics_physical_systems,physics_family_04,"Candidate must show the temporal sequence that instantiates Elastic Pendulum Motion, not merely an object, scene, or static result.",0,30,vdcr_v2_expansion_backlog; concept_zh=弹性摆运动; needed_candidates=2; production_gate=video_must_show_named_dynamic_mechanism_sequence_without_title_or_source_leakage
vdcr_concept_0027,B,弹性摆运动 Elastic Pendulum Motion,physics_physical_systems,Elastic Pendulum Motion,physics_physical_systems,physics_family_04,"Candidate must show the temporal sequence that instantiates Elastic Pendulum Motion, not merely an object, scene, or static result.",0,30,vdcr_v2_expansion_backlog; concept_zh=弹性摆运动; needed_candidates=2; production_gate=video_must_show_named_dynamic_mechanism_sequence_without_title_or_source_leakage
vdcr_concept_0050,B,Electric Arc Formation and Bending,physics_physical_systems,Electric Arc Formation and Bending,physics_physical_systems,physics_family_07,"Candidate must show the temporal sequence that instantiates Electric Arc Formation and Bending, not merely an object, scene, or static result.",0,30,vdcr_v2_expansion_backlog; concept_zh=电弧形成与弯曲; needed_candidates=2; production_gate=video_must_show_named_dynamic_mechanism_sequence_without_title_or_source_leakage
vdcr_concept_0050,B,Electric Arc Formation and Bending demonstration,physics_physical_systems,Electric Arc Formation and Bending,physics_physical_systems,physics_family_07,"Candidate must show the temporal sequence that instantiates Electric Arc Formation and Bending, not merely an object, scene, or static result.",0,30,vdcr_v2_expansion_backlog; concept_zh=电弧形成与弯曲; needed_candidates=2; production_gate=video_must_show_named_dynamic_mechanism_sequence_without_title_or_source_leakage
vdcr_concept_0050,B,Electric Arc Formation and Bending experiment video,physics_physical_systems,Electric Arc Formation and Bending,physics_physical_systems,physics_family_07,"Candidate must show the temporal sequence that instantiates Electric Arc Formation and Bending, not merely an object, scene, or static result.",0,30,vdcr_v2_expansion_backlog; concept_zh=电弧形成与弯曲; needed_candidates=2; production_gate=video_must_show_named_dynamic_mechanism_sequence_without_title_or_source_leakage
vdcr_concept_0050,B,电弧形成与弯曲 Electric Arc Formation and Bending,physics_physical_systems,Electric Arc Formation and Bending,physics_physical_systems,physics_family_07,"Candidate must show the temporal sequence that instantiates Electric Arc Formation and Bending, not merely an object, scene, or static result.",0,30,vdcr_v2_expansion_backlog; concept_zh=电弧形成与弯曲; needed_candidates=2; production_gate=video_must_show_named_dynamic_mechanism_sequence_without_title_or_source_leakage
vdcr_concept_0029,B,Granular Convection,physics_physical_systems,Granular Convection,physics_physical_systems,physics_family_04,"Candidate must show the temporal sequence that instantiates Granular Convection, not merely an object, scene, or static result.",0,30,vdcr_v2_expansion_backlog; concept_zh=颗粒对流; needed_candidates=2; production_gate=video_must_show_named_dynamic_mechanism_sequence_without_title_or_source_leakage
vdcr_concept_0029,B,Granular Convection demonstration,physics_physical_systems,Granular Convection,physics_physical_systems,physics_family_04,"Candidate must show the temporal sequence that instantiates Granular Convection, not merely an object, scene, or static result.",0,30,vdcr_v2_expansion_backlog; concept_zh=颗粒对流; needed_candidates=2; production_gate=video_must_show_named_dynamic_mechanism_sequence_without_title_or_source_leakage
vdcr_concept_0029,B,Granular Convection experiment video,physics_physical_systems,Granular Convection,physics_physical_systems,physics_family_04,"Candidate must show the temporal sequence that instantiates Granular Convection, not merely an object, scene, or static result.",0,30,vdcr_v2_expansion_backlog; concept_zh=颗粒对流; needed_candidates=2; production_gate=video_must_show_named_dynamic_mechanism_sequence_without_title_or_source_leakage
vdcr_concept_0029,B,颗粒对流 Granular Convection,physics_physical_systems,Granular Convection,physics_physical_systems,physics_family_04,"Candidate must show the temporal sequence that instantiates Granular Convection, not merely an object, scene, or static result.",0,30,vdcr_v2_expansion_backlog; concept_zh=颗粒对流; needed_candidates=2; production_gate=video_must_show_named_dynamic_mechanism_sequence_without_title_or_source_leakage
vdcr_concept_0020,B,Parametric Resonance,physics_physical_systems,Parametric Resonance,physics_physical_systems,physics_family_03,"Candidate must show the temporal sequence that instantiates Parametric Resonance, not merely an object, scene, or static result.",0,30,vdcr_v2_expansion_backlog; concept_zh=参数共振; needed_candidates=2; production_gate=video_must_show_named_dynamic_mechanism_sequence_without_title_or_source_leakage
vdcr_concept_0020,B,Parametric Resonance demonstration,physics_physical_systems,Parametric Resonance,physics_physical_systems,physics_family_03,"Candidate must show the temporal sequence that instantiates Parametric Resonance, not merely an object, scene, or static result.",0,30,vdcr_v2_expansion_backlog; concept_zh=参数共振; needed_candidates=2; production_gate=video_must_show_named_dynamic_mechanism_sequence_without_title_or_source_leakage
vdcr_concept_0020,B,Parametric Resonance experiment video,physics_physical_systems,Parametric Resonance,physics_physical_systems,physics_family_03,"Candidate must show the temporal sequence that instantiates Parametric Resonance, not merely an object, scene, or static result.",0,30,vdcr_v2_expansion_backlog; concept_zh=参数共振; needed_candidates=2; production_gate=video_must_show_named_dynamic_mechanism_sequence_without_title_or_source_leakage
vdcr_concept_0020,B,参数共振 Parametric Resonance,physics_physical_systems,Parametric Resonance,physics_physical_systems,physics_family_03,"Candidate must show the temporal sequence that instantiates Parametric Resonance, not merely an object, scene, or static result.",0,30,vdcr_v2_expansion_backlog; concept_zh=参数共振; needed_candidates=2; production_gate=video_must_show_named_dynamic_mechanism_sequence_without_title_or_source_leakage
vdcr_concept_0113,A,Mud-Ring Feeding,biology_living_systems,Mud-Ring Feeding,biology_living_systems,biology_family_01,"Candidate must show the temporal sequence that instantiates Mud-Ring Feeding, not merely an object, scene, or static result.",0,30,vdcr_v2_expansion_backlog; concept_zh=泥环捕食; needed_candidates=1; production_gate=video_must_show_biological_dynamic_sequence_or_strategy_not_species_or_generic_action
vdcr_concept_0113,A,Mud-Ring Feeding demonstration,biology_living_systems,Mud-Ring Feeding,biology_living_systems,biology_family_01,"Candidate must show the temporal sequence that instantiates Mud-Ring Feeding, not merely an object, scene, or static result.",0,30,vdcr_v2_expansion_backlog; concept_zh=泥环捕食; needed_candidates=1; production_gate=video_must_show_biological_dynamic_sequence_or_strategy_not_species_or_generic_action
vdcr_concept_0113,A,Mud-Ring Feeding experiment video,biology_living_systems,Mud-Ring Feeding,biology_living_systems,biology_family_01,"Candidate must show the temporal sequence that instantiates Mud-Ring Feeding, not merely an object, scene, or static result.",0,30,vdcr_v2_expansion_backlog; concept_zh=泥环捕食; needed_candidates=1; production_gate=video_must_show_biological_dynamic_sequence_or_strategy_not_species_or_generic_action
vdcr_concept_0113,A,泥环捕食 Mud-Ring Feeding,biology_living_systems,Mud-Ring Feeding,biology_living_systems,biology_family_01,"Candidate must show the temporal sequence that instantiates Mud-Ring Feeding, not merely an object, scene, or static result.",0,30,vdcr_v2_expansion_backlog; concept_zh=泥环捕食; needed_candidates=1; production_gate=video_must_show_biological_dynamic_sequence_or_strategy_not_species_or_generic_action
vdcr_concept_0189,B,Slime Mold Aggregation,biology_living_systems,Slime Mold Aggregation,biology_living_systems,biology_family_10,"Candidate must show the temporal sequence that instantiates Slime Mold Aggregation, not merely an object, scene, or static result.",0,30,vdcr_v2_expansion_backlog; concept_zh=黏菌聚集; needed_candidates=1; production_gate=video_must_show_biological_dynamic_sequence_or_strategy_not_species_or_generic_action
vdcr_concept_0189,B,Slime Mold Aggregation demonstration,biology_living_systems,Slime Mold Aggregation,biology_living_systems,biology_family_10,"Candidate must show the temporal sequence that instantiates Slime Mold Aggregation, not merely an object, scene, or static result.",0,30,vdcr_v2_expansion_backlog; concept_zh=黏菌聚集; needed_candidates=1; production_gate=video_must_show_biological_dynamic_sequence_or_strategy_not_species_or_generic_action
vdcr_concept_0189,B,Slime Mold Aggregation experiment video,biology_living_systems,Slime Mold Aggregation,biology_living_systems,biology_family_10,"Candidate must show the temporal sequence that instantiates Slime Mold Aggregation, not merely an object, scene, or static result.",0,30,vdcr_v2_expansion_backlog; concept_zh=黏菌聚集; needed_candidates=1; production_gate=video_must_show_biological_dynamic_sequence_or_strategy_not_species_or_generic_action
vdcr_concept_0189,B,黏菌聚集 Slime Mold Aggregation,biology_living_systems,Slime Mold Aggregation,biology_living_systems,biology_family_10,"Candidate must show the temporal sequence that instantiates Slime Mold Aggregation, not merely an object, scene, or static result.",0,30,vdcr_v2_expansion_backlog; concept_zh=黏菌聚集; needed_candidates=1; production_gate=video_must_show_biological_dynamic_sequence_or_strategy_not_species_or_generic_action
vdcr_concept_0081,B,Coffee-Ring Formation,chemistry_materials_change,Coffee-Ring Formation,chemistry_materials_change,materials_family_05,"Candidate must show the temporal sequence that instantiates Coffee-Ring Formation, not merely an object, scene, or static result.",0,30,vdcr_v2_expansion_backlog; concept_zh=咖啡环形成; needed_candidates=1; production_gate=must_show_evaporation_period_and_particle_deposition_front_forming_not_only_final_ring
vdcr_concept_0081,B,Coffee-Ring Formation demonstration,chemistry_materials_change,Coffee-Ring Formation,chemistry_materials_change,materials_family_05,"Candidate must show the temporal sequence that instantiates Coffee-Ring Formation, not merely an object, scene, or static result.",0,30,vdcr_v2_expansion_backlog; concept_zh=咖啡环形成; needed_candidates=1; production_gate=must_show_evaporation_period_and_particle_deposition_front_forming_not_only_final_ring
vdcr_concept_0081,B,Coffee-Ring Formation experiment video,chemistry_materials_change,Coffee-Ring Formation,chemistry_materials_change,materials_family_05,"Candidate must show the temporal sequence that instantiates Coffee-Ring Formation, not merely an object, scene, or static result.",0,30,vdcr_v2_expansion_backlog; concept_zh=咖啡环形成; needed_candidates=1; production_gate=must_show_evaporation_period_and_particle_deposition_front_forming_not_only_final_ring
vdcr_concept_0081,B,咖啡环形成 Coffee-Ring Formation,chemistry_materials_change,Coffee-Ring Formation,chemistry_materials_change,materials_family_05,"Candidate must show the temporal sequence that instantiates Coffee-Ring Formation, not merely an object, scene, or static result.",0,30,vdcr_v2_expansion_backlog; concept_zh=咖啡环形成; needed_candidates=1; production_gate=must_show_evaporation_period_and_particle_deposition_front_forming_not_only_final_ring
vdcr_concept_0102,B,Gelation Front Propagation,chemistry_materials_change,Gelation Front Propagation,chemistry_materials_change,materials_family_09,"Candidate must show the temporal sequence that instantiates Gelation Front Propagation, not merely an object, scene, or static result.",0,30,vdcr_v2_expansion_backlog; concept_zh=凝胶化前沿推进; needed_candidates=1; production_gate=video_must_show_material_or_reaction_state_evolution; source_text_may_only_double_check_not_supply_answer
vdcr_concept_0102,B,Gelation Front Propagation demonstration,chemistry_materials_change,Gelation Front Propagation,chemistry_materials_change,materials_family_09,"Candidate must show the temporal sequence that instantiates Gelation Front Propagation, not merely an object, scene, or static result.",0,30,vdcr_v2_expansion_backlog; concept_zh=凝胶化前沿推进; needed_candidates=1; production_gate=video_must_show_material_or_reaction_state_evolution; source_text_may_only_double_check_not_supply_answer
vdcr_concept_0102,B,Gelation Front Propagation experiment video,chemistry_materials_change,Gelation Front Propagation,chemistry_materials_change,materials_family_09,"Candidate must show the temporal sequence that instantiates Gelation Front Propagation, not merely an object, scene, or static result.",0,30,vdcr_v2_expansion_backlog; concept_zh=凝胶化前沿推进; needed_candidates=1; production_gate=video_must_show_material_or_reaction_state_evolution; source_text_may_only_double_check_not_supply_answer
vdcr_concept_0102,B,凝胶化前沿推进 Gelation Front Propagation,chemistry_materials_change,Gelation Front Propagation,chemistry_materials_change,materials_family_09,"Candidate must show the temporal sequence that instantiates Gelation Front Propagation, not merely an object, scene, or static result.",0,30,vdcr_v2_expansion_backlog; concept_zh=凝胶化前沿推进; needed_candidates=1; production_gate=video_must_show_material_or_reaction_state_evolution; source_text_may_only_double_check_not_supply_answer
vdcr_concept_0062,B,Viscoelastic Recoil,chemistry_materials_change,Viscoelastic Recoil,chemistry_materials_change,materials_family_01,"Candidate must show the temporal sequence that instantiates Viscoelastic Recoil, not merely an object, scene, or static result.",0,30,vdcr_v2_expansion_backlog; concept_zh=黏弹回弹; needed_candidates=1; production_gate=video_must_show_material_or_reaction_state_evolution; source_text_may_only_double_check_not_supply_answer
vdcr_concept_0062,B,Viscoelastic Recoil demonstration,chemistry_materials_change,Viscoelastic Recoil,chemistry_materials_change,materials_family_01,"Candidate must show the temporal sequence that instantiates Viscoelastic Recoil, not merely an object, scene, or static result.",0,30,vdcr_v2_expansion_backlog; concept_zh=黏弹回弹; needed_candidates=1; production_gate=video_must_show_material_or_reaction_state_evolution; source_text_may_only_double_check_not_supply_answer
vdcr_concept_0062,B,Viscoelastic Recoil experiment video,chemistry_materials_change,Viscoelastic Recoil,chemistry_materials_change,materials_family_01,"Candidate must show the temporal sequence that instantiates Viscoelastic Recoil, not merely an object, scene, or static result.",0,30,vdcr_v2_expansion_backlog; concept_zh=黏弹回弹; needed_candidates=1; production_gate=video_must_show_material_or_reaction_state_evolution; source_text_may_only_double_check_not_supply_answer
vdcr_concept_0062,B,黏弹回弹 Viscoelastic Recoil,chemistry_materials_change,Viscoelastic Recoil,chemistry_materials_change,materials_family_01,"Candidate must show the temporal sequence that instantiates Viscoelastic Recoil, not merely an object, scene, or static result.",0,30,vdcr_v2_expansion_backlog; concept_zh=黏弹回弹; needed_candidates=1; production_gate=video_must_show_material_or_reaction_state_evolution; source_text_may_only_double_check_not_supply_answer
vdcr_concept_0224,B,Spot Fire Propagation,earth_environmental_systems,Spot Fire Propagation,earth_environmental_systems,earth_family_06,"Candidate must show the temporal sequence that instantiates Spot Fire Propagation, not merely an object, scene, or static result.",0,30,vdcr_v2_expansion_backlog; concept_zh=飞火传播; needed_candidates=1; production_gate=video_must_show_process_evolution_or_instability_sequence_not_static_landform_or_event_label
vdcr_concept_0224,B,Spot Fire Propagation demonstration,earth_environmental_systems,Spot Fire Propagation,earth_environmental_systems,earth_family_06,"Candidate must show the temporal sequence that instantiates Spot Fire Propagation, not merely an object, scene, or static result.",0,30,vdcr_v2_expansion_backlog; concept_zh=飞火传播; needed_candidates=1; production_gate=video_must_show_process_evolution_or_instability_sequence_not_static_landform_or_event_label
vdcr_concept_0224,B,Spot Fire Propagation experiment video,earth_environmental_systems,Spot Fire Propagation,earth_environmental_systems,earth_family_06,"Candidate must show the temporal sequence that instantiates Spot Fire Propagation, not merely an object, scene, or static result.",0,30,vdcr_v2_expansion_backlog; concept_zh=飞火传播; needed_candidates=1; production_gate=video_must_show_process_evolution_or_instability_sequence_not_static_landform_or_event_label
vdcr_concept_0224,B,飞火传播 Spot Fire Propagation,earth_environmental_systems,Spot Fire Propagation,earth_environmental_systems,earth_family_06,"Candidate must show the temporal sequence that instantiates Spot Fire Propagation, not merely an object, scene, or static result.",0,30,vdcr_v2_expansion_backlog; concept_zh=飞火传播; needed_candidates=1; production_gate=video_must_show_process_evolution_or_instability_sequence_not_static_landform_or_event_label
vdcr_concept_0236,B,Storm Surge Propagation,earth_environmental_systems,Storm Surge Propagation,earth_environmental_systems,earth_family_08,"Candidate must show the temporal sequence that instantiates Storm Surge Propagation, not merely an object, scene, or static result.",0,30,vdcr_v2_expansion_backlog; concept_zh=风暴潮推进; needed_candidates=1; production_gate=must_show_water_level_or_inundation_front_progression_not_only_path_map_or_warning_overlay
vdcr_concept_0236,B,Storm Surge Propagation demonstration,earth_environmental_systems,Storm Surge Propagation,earth_environmental_systems,earth_family_08,"Candidate must show the temporal sequence that instantiates Storm Surge Propagation, not merely an object, scene, or static result.",0,30,vdcr_v2_expansion_backlog; concept_zh=风暴潮推进; needed_candidates=1; production_gate=must_show_water_level_or_inundation_front_progression_not_only_path_map_or_warning_overlay
vdcr_concept_0236,B,Storm Surge Propagation experiment video,earth_environmental_systems,Storm Surge Propagation,earth_environmental_systems,earth_family_08,"Candidate must show the temporal sequence that instantiates Storm Surge Propagation, not merely an object, scene, or static result.",0,30,vdcr_v2_expansion_backlog; concept_zh=风暴潮推进; needed_candidates=1; production_gate=must_show_water_level_or_inundation_front_progression_not_only_path_map_or_warning_overlay
vdcr_concept_0236,B,风暴潮推进 Storm Surge Propagation,earth_environmental_systems,Storm Surge Propagation,earth_environmental_systems,earth_family_08,"Candidate must show the temporal sequence that instantiates Storm Surge Propagation, not merely an object, scene, or static result.",0,30,vdcr_v2_expansion_backlog; concept_zh=风暴潮推进; needed_candidates=1; production_gate=must_show_water_level_or_inundation_front_progression_not_only_path_map_or_warning_overlay
vdcr_concept_0158,A,Coordinated Ciliary Beating Dynamics,biology_living_systems,Coordinated Ciliary Beating Dynamics,biology_living_systems,biology_family_05,"Candidate must show the temporal sequence that instantiates Coordinated Ciliary Beating Dynamics, not merely an object, scene, or static result.",0,30,vdcr_v2_expansion_backlog; concept_zh=协同纤毛摆动动态; needed_candidates=3; production_gate=must_show_coordinated_repeated_ciliary_motion_or_metachronal_pattern_not_static_cell_structure
vdcr_concept_0158,A,Coordinated Ciliary Beating Dynamics demonstration,biology_living_systems,Coordinated Ciliary Beating Dynamics,biology_living_systems,biology_family_05,"Candidate must show the temporal sequence that instantiates Coordinated Ciliary Beating Dynamics, not merely an object, scene, or static result.",0,30,vdcr_v2_expansion_backlog; concept_zh=协同纤毛摆动动态; needed_candidates=3; production_gate=must_show_coordinated_repeated_ciliary_motion_or_metachronal_pattern_not_static_cell_structure
vdcr_concept_0158,A,Coordinated Ciliary Beating Dynamics experiment video,biology_living_systems,Coordinated Ciliary Beating Dynamics,biology_living_systems,biology_family_05,"Candidate must show the temporal sequence that instantiates Coordinated Ciliary Beating Dynamics, not merely an object, scene, or static result.",0,30,vdcr_v2_expansion_backlog; concept_zh=协同纤毛摆动动态; needed_candidates=3; production_gate=must_show_coordinated_repeated_ciliary_motion_or_metachronal_pattern_not_static_cell_structure
vdcr_concept_0158,A,协同纤毛摆动动态 Coordinated Ciliary Beating Dynamics,biology_living_systems,Coordinated Ciliary Beating Dynamics,biology_living_systems,biology_family_05,"Candidate must show the temporal sequence that instantiates Coordinated Ciliary Beating Dynamics, not merely an object, scene, or static result.",0,30,vdcr_v2_expansion_backlog; concept_zh=协同纤毛摆动动态; needed_candidates=3; production_gate=must_show_coordinated_repeated_ciliary_motion_or_metachronal_pattern_not_static_cell_structure
vdcr_concept_0240,A,Gully Headcut Retreat,earth_environmental_systems,Gully Headcut Retreat,earth_environmental_systems,earth_family_09,"Candidate must show the temporal sequence that instantiates Gully Headcut Retreat, not merely an object, scene, or static result.",0,30,vdcr_v2_expansion_backlog; concept_zh=沟蚀扩展; needed_candidates=3; production_gate=video_must_show_process_evolution_or_instability_sequence_not_static_landform_or_event_label
vdcr_concept_0240,A,Gully Headcut Retreat demonstration,earth_environmental_systems,Gully Headcut Retreat,earth_environmental_systems,earth_family_09,"Candidate must show the temporal sequence that instantiates Gully Headcut Retreat, not merely an object, scene, or static result.",0,30,vdcr_v2_expansion_backlog; concept_zh=沟蚀扩展; needed_candidates=3; production_gate=video_must_show_process_evolution_or_instability_sequence_not_static_landform_or_event_label
vdcr_concept_0240,A,Gully Headcut Retreat experiment video,earth_environmental_systems,Gully Headcut Retreat,earth_environmental_systems,earth_family_09,"Candidate must show the temporal sequence that instantiates Gully Headcut Retreat, not merely an object, scene, or static result.",0,30,vdcr_v2_expansion_backlog; concept_zh=沟蚀扩展; needed_candidates=3; production_gate=video_must_show_process_evolution_or_instability_sequence_not_static_landform_or_event_label
vdcr_concept_0240,A,沟蚀扩展 Gully Headcut Retreat,earth_environmental_systems,Gully Headcut Retreat,earth_environmental_systems,earth_family_09,"Candidate must show the temporal sequence that instantiates Gully Headcut Retreat, not merely an object, scene, or static result.",0,30,vdcr_v2_expansion_backlog; concept_zh=沟蚀扩展; needed_candidates=3; production_gate=video_must_show_process_evolution_or_instability_sequence_not_static_landform_or_event_label
vdcr_concept_0174,B,Early Embryonic Cleavage Sequence,biology_living_systems,Early Embryonic Cleavage Sequence,biology_living_systems,biology_family_08,"Candidate must show the temporal sequence that instantiates Early Embryonic Cleavage Sequence, not merely an object, scene, or static result.",0,30,vdcr_v2_expansion_backlog; concept_zh=早期胚胎卵裂序列; needed_candidates=3; production_gate=video_must_show_biological_dynamic_sequence_or_strategy_not_species_or_generic_action
vdcr_concept_0174,B,Early Embryonic Cleavage Sequence demonstration,biology_living_systems,Early Embryonic Cleavage Sequence,biology_living_systems,biology_family_08,"Candidate must show the temporal sequence that instantiates Early Embryonic Cleavage Sequence, not merely an object, scene, or static result.",0,30,vdcr_v2_expansion_backlog; concept_zh=早期胚胎卵裂序列; needed_candidates=3; production_gate=video_must_show_biological_dynamic_sequence_or_strategy_not_species_or_generic_action
vdcr_concept_0174,B,Early Embryonic Cleavage Sequence experiment video,biology_living_systems,Early Embryonic Cleavage Sequence,biology_living_systems,biology_family_08,"Candidate must show the temporal sequence that instantiates Early Embryonic Cleavage Sequence, not merely an object, scene, or static result.",0,30,vdcr_v2_expansion_backlog; concept_zh=早期胚胎卵裂序列; needed_candidates=3; production_gate=video_must_show_biological_dynamic_sequence_or_strategy_not_species_or_generic_action
vdcr_concept_0174,B,早期胚胎卵裂序列 Early Embryonic Cleavage Sequence,biology_living_systems,Early Embryonic Cleavage Sequence,biology_living_systems,biology_family_08,"Candidate must show the temporal sequence that instantiates Early Embryonic Cleavage Sequence, not merely an object, scene, or static result.",0,30,vdcr_v2_expansion_backlog; concept_zh=早期胚胎卵裂序列; needed_candidates=3; production_gate=video_must_show_biological_dynamic_sequence_or_strategy_not_species_or_generic_action
vdcr_concept_0109,B,Medusan Jet Propulsion by Bell Contraction,biology_living_systems,Medusan Jet Propulsion by Bell Contraction,biology_living_systems,biology_family_01,"Candidate must show the temporal sequence that instantiates Medusan Jet Propulsion by Bell Contraction, not merely an object, scene, or static result.",0,30,vdcr_v2_expansion_backlog; concept_zh=水母伞体收缩喷射推进; needed_candidates=3; production_gate=must_show_bell_contraction_water_expelled_or_implied_reaction_and_forward_motion_sequence
vdcr_concept_0109,B,Medusan Jet Propulsion by Bell Contraction demonstration,biology_living_systems,Medusan Jet Propulsion by Bell Contraction,biology_living_systems,biology_family_01,"Candidate must show the temporal sequence that instantiates Medusan Jet Propulsion by Bell Contraction, not merely an object, scene, or static result.",0,30,vdcr_v2_expansion_backlog; concept_zh=水母伞体收缩喷射推进; needed_candidates=3; production_gate=must_show_bell_contraction_water_expelled_or_implied_reaction_and_forward_motion_sequence
vdcr_concept_0109,B,Medusan Jet Propulsion by Bell Contraction experiment video,biology_living_systems,Medusan Jet Propulsion by Bell Contraction,biology_living_systems,biology_family_01,"Candidate must show the temporal sequence that instantiates Medusan Jet Propulsion by Bell Contraction, not merely an object, scene, or static result.",0,30,vdcr_v2_expansion_backlog; concept_zh=水母伞体收缩喷射推进; needed_candidates=3; production_gate=must_show_bell_contraction_water_expelled_or_implied_reaction_and_forward_motion_sequence
vdcr_concept_0109,B,水母伞体收缩喷射推进 Medusan Jet Propulsion by Bell Contraction,biology_living_systems,Medusan Jet Propulsion by Bell Contraction,biology_living_systems,biology_family_01,"Candidate must show the temporal sequence that instantiates Medusan Jet Propulsion by Bell Contraction, not merely an object, scene, or static result.",0,30,vdcr_v2_expansion_backlog; concept_zh=水母伞体收缩喷射推进; needed_candidates=3; production_gate=must_show_bell_contraction_water_expelled_or_implied_reaction_and_forward_motion_sequence
vdcr_concept_0065,B,Crystal Nucleation-and-Growth Dynamics,chemistry_materials_change,Crystal Nucleation-and-Growth Dynamics,chemistry_materials_change,materials_family_02,"Candidate must show the temporal sequence that instantiates Crystal Nucleation-and-Growth Dynamics, not merely an object, scene, or static result.",0,30,vdcr_v2_expansion_backlog; concept_zh=晶体成核-生长动态; needed_candidates=3; production_gate=video_must_show_material_or_reaction_state_evolution; source_text_may_only_double_check_not_supply_answer
vdcr_concept_0065,B,Crystal Nucleation-and-Growth Dynamics demonstration,chemistry_materials_change,Crystal Nucleation-and-Growth Dynamics,chemistry_materials_change,materials_family_02,"Candidate must show the temporal sequence that instantiates Crystal Nucleation-and-Growth Dynamics, not merely an object, scene, or static result.",0,30,vdcr_v2_expansion_backlog; concept_zh=晶体成核-生长动态; needed_candidates=3; production_gate=video_must_show_material_or_reaction_state_evolution; source_text_may_only_double_check_not_supply_answer
vdcr_concept_0065,B,Crystal Nucleation-and-Growth Dynamics experiment video,chemistry_materials_change,Crystal Nucleation-and-Growth Dynamics,chemistry_materials_change,materials_family_02,"Candidate must show the temporal sequence that instantiates Crystal Nucleation-and-Growth Dynamics, not merely an object, scene, or static result.",0,30,vdcr_v2_expansion_backlog; concept_zh=晶体成核-生长动态; needed_candidates=3; production_gate=video_must_show_material_or_reaction_state_evolution; source_text_may_only_double_check_not_supply_answer
vdcr_concept_0065,B,晶体成核-生长动态 Crystal Nucleation-and-Growth Dynamics,chemistry_materials_change,Crystal Nucleation-and-Growth Dynamics,chemistry_materials_change,materials_family_02,"Candidate must show the temporal sequence that instantiates Crystal Nucleation-and-Growth Dynamics, not merely an object, scene, or static result.",0,30,vdcr_v2_expansion_backlog; concept_zh=晶体成核-生长动态; needed_candidates=3; production_gate=video_must_show_material_or_reaction_state_evolution; source_text_may_only_double_check_not_supply_answer
vdcr_concept_0104,B,Osmotic Gel Swelling Dynamics,chemistry_materials_change,Osmotic Gel Swelling Dynamics,chemistry_materials_change,materials_family_09,"Candidate must show the temporal sequence that instantiates Osmotic Gel Swelling Dynamics, not merely an object, scene, or static result.",0,30,vdcr_v2_expansion_backlog; concept_zh=渗透压驱动凝胶溶胀动态; needed_candidates=3; production_gate=must_show_osmotic_or_solvent_driven_volume_increase_over_time
vdcr_concept_0104,B,Osmotic Gel Swelling Dynamics demonstration,chemistry_materials_change,Osmotic Gel Swelling Dynamics,chemistry_materials_change,materials_family_09,"Candidate must show the temporal sequence that instantiates Osmotic Gel Swelling Dynamics, not merely an object, scene, or static result.",0,30,vdcr_v2_expansion_backlog; concept_zh=渗透压驱动凝胶溶胀动态; needed_candidates=3; production_gate=must_show_osmotic_or_solvent_driven_volume_increase_over_time
vdcr_concept_0104,B,Osmotic Gel Swelling Dynamics experiment video,chemistry_materials_change,Osmotic Gel Swelling Dynamics,chemistry_materials_change,materials_family_09,"Candidate must show the temporal sequence that instantiates Osmotic Gel Swelling Dynamics, not merely an object, scene, or static result.",0,30,vdcr_v2_expansion_backlog; concept_zh=渗透压驱动凝胶溶胀动态; needed_candidates=3; production_gate=must_show_osmotic_or_solvent_driven_volume_increase_over_time
vdcr_concept_0104,B,渗透压驱动凝胶溶胀动态 Osmotic Gel Swelling Dynamics,chemistry_materials_change,Osmotic Gel Swelling Dynamics,chemistry_materials_change,materials_family_09,"Candidate must show the temporal sequence that instantiates Osmotic Gel Swelling Dynamics, not merely an object, scene, or static result.",0,30,vdcr_v2_expansion_backlog; concept_zh=渗透压驱动凝胶溶胀动态; needed_candidates=3; production_gate=must_show_osmotic_or_solvent_driven_volume_increase_over_time
vdcr_concept_0077,B,Reaction-Precipitation Front Propagation,chemistry_materials_change,Reaction-Precipitation Front Propagation,chemistry_materials_change,materials_family_04,"Candidate must show the temporal sequence that instantiates Reaction-Precipitation Front Propagation, not merely an object, scene, or static result.",0,30,vdcr_v2_expansion_backlog; concept_zh=反应-沉淀前沿推进; needed_candidates=3; production_gate=video_must_show_material_or_reaction_state_evolution; source_text_may_only_double_check_not_supply_answer
vdcr_concept_0077,B,Reaction-Precipitation Front Propagation demonstration,chemistry_materials_change,Reaction-Precipitation Front Propagation,chemistry_materials_change,materials_family_04,"Candidate must show the temporal sequence that instantiates Reaction-Precipitation Front Propagation, not merely an object, scene, or static result.",0,30,vdcr_v2_expansion_backlog; concept_zh=反应-沉淀前沿推进; needed_candidates=3; production_gate=video_must_show_material_or_reaction_state_evolution; source_text_may_only_double_check_not_supply_answer
vdcr_concept_0077,B,Reaction-Precipitation Front Propagation experiment video,chemistry_materials_change,Reaction-Precipitation Front Propagation,chemistry_materials_change,materials_family_04,"Candidate must show the temporal sequence that instantiates Reaction-Precipitation Front Propagation, not merely an object, scene, or static result.",0,30,vdcr_v2_expansion_backlog; concept_zh=反应-沉淀前沿推进; needed_candidates=3; production_gate=video_must_show_material_or_reaction_state_evolution; source_text_may_only_double_check_not_supply_answer
vdcr_concept_0077,B,反应-沉淀前沿推进 Reaction-Precipitation Front Propagation,chemistry_materials_change,Reaction-Precipitation Front Propagation,chemistry_materials_change,materials_family_04,"Candidate must show the temporal sequence that instantiates Reaction-Precipitation Front Propagation, not merely an object, scene, or static result.",0,30,vdcr_v2_expansion_backlog; concept_zh=反应-沉淀前沿推进; needed_candidates=3; production_gate=video_must_show_material_or_reaction_state_evolution; source_text_may_only_double_check_not_supply_answer
vdcr_concept_0089,B,Reactive Flame-Front Propagation,chemistry_materials_change,Reactive Flame-Front Propagation,chemistry_materials_change,materials_family_07,"Candidate must show the temporal sequence that instantiates Reactive Flame-Front Propagation, not merely an object, scene, or static result.",0,30,vdcr_v2_expansion_backlog; concept_zh=反应性火焰前沿传播; needed_candidates=3; production_gate=must_show_reactive_flame_front_advancing_through_fuel_or_mixture_not_generic_fire_motion
vdcr_concept_0089,B,Reactive Flame-Front Propagation demonstration,chemistry_materials_change,Reactive Flame-Front Propagation,chemistry_materials_change,materials_family_07,"Candidate must show the temporal sequence that instantiates Reactive Flame-Front Propagation, not merely an object, scene, or static result.",0,30,vdcr_v2_expansion_backlog; concept_zh=反应性火焰前沿传播; needed_candidates=3; production_gate=must_show_reactive_flame_front_advancing_through_fuel_or_mixture_not_generic_fire_motion
vdcr_concept_0089,B,Reactive Flame-Front Propagation experiment video,chemistry_materials_change,Reactive Flame-Front Propagation,chemistry_materials_change,materials_family_07,"Candidate must show the temporal sequence that instantiates Reactive Flame-Front Propagation, not merely an object, scene, or static result.",0,30,vdcr_v2_expansion_backlog; concept_zh=反应性火焰前沿传播; needed_candidates=3; production_gate=must_show_reactive_flame_front_advancing_through_fuel_or_mixture_not_generic_fire_motion
vdcr_concept_0089,B,反应性火焰前沿传播 Reactive Flame-Front Propagation,chemistry_materials_change,Reactive Flame-Front Propagation,chemistry_materials_change,materials_family_07,"Candidate must show the temporal sequence that instantiates Reactive Flame-Front Propagation, not merely an object, scene, or static result.",0,30,vdcr_v2_expansion_backlog; concept_zh=反应性火焰前沿传播; needed_candidates=3; production_gate=must_show_reactive_flame_front_advancing_through_fuel_or_mixture_not_generic_fire_motion
vdcr_concept_0225,B,Buoyancy-Driven Smoke Plume Rise,earth_environmental_systems,Buoyancy-Driven Smoke Plume Rise,earth_environmental_systems,earth_family_06,"Candidate must show the temporal sequence that instantiates Buoyancy-Driven Smoke Plume Rise, not merely an object, scene, or static result.",0,30,vdcr_v2_expansion_backlog; concept_zh=浮力驱动烟羽上升; needed_candidates=3; production_gate=must_show_buoyancy_driven_plume_generation_rise_and_expansion_not_just_smoke
vdcr_concept_0225,B,Buoyancy-Driven Smoke Plume Rise demonstration,earth_environmental_systems,Buoyancy-Driven Smoke Plume Rise,earth_environmental_systems,earth_family_06,"Candidate must show the temporal sequence that instantiates Buoyancy-Driven Smoke Plume Rise, not merely an object, scene, or static result.",0,30,vdcr_v2_expansion_backlog; concept_zh=浮力驱动烟羽上升; needed_candidates=3; production_gate=must_show_buoyancy_driven_plume_generation_rise_and_expansion_not_just_smoke
vdcr_concept_0225,B,Buoyancy-Driven Smoke Plume Rise experiment video,earth_environmental_systems,Buoyancy-Driven Smoke Plume Rise,earth_environmental_systems,earth_family_06,"Candidate must show the temporal sequence that instantiates Buoyancy-Driven Smoke Plume Rise, not merely an object, scene, or static result.",0,30,vdcr_v2_expansion_backlog; concept_zh=浮力驱动烟羽上升; needed_candidates=3; production_gate=must_show_buoyancy_driven_plume_generation_rise_and_expansion_not_just_smoke
vdcr_concept_0225,B,浮力驱动烟羽上升 Buoyancy-Driven Smoke Plume Rise,earth_environmental_systems,Buoyancy-Driven Smoke Plume Rise,earth_environmental_systems,earth_family_06,"Candidate must show the temporal sequence that instantiates Buoyancy-Driven Smoke Plume Rise, not merely an object, scene, or static result.",0,30,vdcr_v2_expansion_backlog; concept_zh=浮力驱动烟羽上升; needed_candidates=3; production_gate=must_show_buoyancy_driven_plume_generation_rise_and_expansion_not_just_smoke
vdcr_concept_0222,B,Fire-Whirl Vortex Formation,earth_environmental_systems,Fire-Whirl Vortex Formation,earth_environmental_systems,earth_family_06,"Candidate must show the temporal sequence that instantiates Fire-Whirl Vortex Formation, not merely an object, scene, or static result.",0,30,vdcr_v2_expansion_backlog; concept_zh=火旋风涡旋形成; needed_candidates=3; production_gate=video_must_show_process_evolution_or_instability_sequence_not_static_landform_or_event_label
vdcr_concept_0222,B,Fire-Whirl Vortex Formation demonstration,earth_environmental_systems,Fire-Whirl Vortex Formation,earth_environmental_systems,earth_family_06,"Candidate must show the temporal sequence that instantiates Fire-Whirl Vortex Formation, not merely an object, scene, or static result.",0,30,vdcr_v2_expansion_backlog; concept_zh=火旋风涡旋形成; needed_candidates=3; production_gate=video_must_show_process_evolution_or_instability_sequence_not_static_landform_or_event_label
vdcr_concept_0222,B,Fire-Whirl Vortex Formation experiment video,earth_environmental_systems,Fire-Whirl Vortex Formation,earth_environmental_systems,earth_family_06,"Candidate must show the temporal sequence that instantiates Fire-Whirl Vortex Formation, not merely an object, scene, or static result.",0,30,vdcr_v2_expansion_backlog; concept_zh=火旋风涡旋形成; needed_candidates=3; production_gate=video_must_show_process_evolution_or_instability_sequence_not_static_landform_or_event_label
vdcr_concept_0222,B,火旋风涡旋形成 Fire-Whirl Vortex Formation,earth_environmental_systems,Fire-Whirl Vortex Formation,earth_environmental_systems,earth_family_06,"Candidate must show the temporal sequence that instantiates Fire-Whirl Vortex Formation, not merely an object, scene, or static result.",0,30,vdcr_v2_expansion_backlog; concept_zh=火旋风涡旋形成; needed_candidates=3; production_gate=video_must_show_process_evolution_or_instability_sequence_not_static_landform_or_event_label
vdcr_concept_0012,B,Capillary-Driven Jet/Thread Breakup,physics_physical_systems,Capillary-Driven Jet/Thread Breakup,physics_physical_systems,physics_family_02,"Candidate must show the temporal sequence that instantiates Capillary-Driven Jet/Thread Breakup, not merely an object, scene, or static result.",0,30,vdcr_v2_expansion_backlog; concept_zh=毛细驱动射流/液丝断裂; needed_candidates=3; production_gate=video_must_show_named_dynamic_mechanism_sequence_without_title_or_source_leakage
vdcr_concept_0012,B,Capillary-Driven Jet/Thread Breakup demonstration,physics_physical_systems,Capillary-Driven Jet/Thread Breakup,physics_physical_systems,physics_family_02,"Candidate must show the temporal sequence that instantiates Capillary-Driven Jet/Thread Breakup, not merely an object, scene, or static result.",0,30,vdcr_v2_expansion_backlog; concept_zh=毛细驱动射流/液丝断裂; needed_candidates=3; production_gate=video_must_show_named_dynamic_mechanism_sequence_without_title_or_source_leakage
vdcr_concept_0012,B,Capillary-Driven Jet/Thread Breakup experiment video,physics_physical_systems,Capillary-Driven Jet/Thread Breakup,physics_physical_systems,physics_family_02,"Candidate must show the temporal sequence that instantiates Capillary-Driven Jet/Thread Breakup, not merely an object, scene, or static result.",0,30,vdcr_v2_expansion_backlog; concept_zh=毛细驱动射流/液丝断裂; needed_candidates=3; production_gate=video_must_show_named_dynamic_mechanism_sequence_without_title_or_source_leakage
vdcr_concept_0012,B,毛细驱动射流/液丝断裂 Capillary-Driven Jet/Thread Breakup,physics_physical_systems,Capillary-Driven Jet/Thread Breakup,physics_physical_systems,physics_family_02,"Candidate must show the temporal sequence that instantiates Capillary-Driven Jet/Thread Breakup, not merely an object, scene, or static result.",0,30,vdcr_v2_expansion_backlog; concept_zh=毛细驱动射流/液丝断裂; needed_candidates=3; production_gate=video_must_show_named_dynamic_mechanism_sequence_without_title_or_source_leakage
vdcr_concept_0034,B,Inertia-Capillarity Droplet Rebound,physics_physical_systems,Inertia-Capillarity Droplet Rebound,physics_physical_systems,physics_family_05,"Candidate must show the temporal sequence that instantiates Inertia-Capillarity Droplet Rebound, not merely an object, scene, or static result.",0,30,vdcr_v2_expansion_backlog; concept_zh=惯性-毛细液滴反弹; needed_candidates=3; production_gate=must_show_impact_deformation_capillary_retraction_and_liftoff_sequence
vdcr_concept_0034,B,Inertia-Capillarity Droplet Rebound demonstration,physics_physical_systems,Inertia-Capillarity Droplet Rebound,physics_physical_systems,physics_family_05,"Candidate must show the temporal sequence that instantiates Inertia-Capillarity Droplet Rebound, not merely an object, scene, or static result.",0,30,vdcr_v2_expansion_backlog; concept_zh=惯性-毛细液滴反弹; needed_candidates=3; production_gate=must_show_impact_deformation_capillary_retraction_and_liftoff_sequence
vdcr_concept_0034,B,Inertia-Capillarity Droplet Rebound experiment video,physics_physical_systems,Inertia-Capillarity Droplet Rebound,physics_physical_systems,physics_family_05,"Candidate must show the temporal sequence that instantiates Inertia-Capillarity Droplet Rebound, not merely an object, scene, or static result.",0,30,vdcr_v2_expansion_backlog; concept_zh=惯性-毛细液滴反弹; needed_candidates=3; production_gate=must_show_impact_deformation_capillary_retraction_and_liftoff_sequence
vdcr_concept_0034,B,惯性-毛细液滴反弹 Inertia-Capillarity Droplet Rebound,physics_physical_systems,Inertia-Capillarity Droplet Rebound,physics_physical_systems,physics_family_05,"Candidate must show the temporal sequence that instantiates Inertia-Capillarity Droplet Rebound, not merely an object, scene, or static result.",0,30,vdcr_v2_expansion_backlog; concept_zh=惯性-毛细液滴反弹; needed_candidates=3; production_gate=must_show_impact_deformation_capillary_retraction_and_liftoff_sequence
vdcr_concept_0078,A,Liesegang Ring Formation,chemistry_materials_change,Liesegang Ring Formation,chemistry_materials_change,materials_family_04,"Candidate must show the temporal sequence that instantiates Liesegang Ring Formation, not merely an object, scene, or static result.",0,30,vdcr_v2_expansion_backlog; concept_zh=利塞冈环形成; needed_candidates=2; production_gate=video_must_show_material_or_reaction_state_evolution; source_text_may_only_double_check_not_supply_answer
vdcr_concept_0078,A,Liesegang Ring Formation demonstration,chemistry_materials_change,Liesegang Ring Formation,chemistry_materials_change,materials_family_04,"Candidate must show the temporal sequence that instantiates Liesegang Ring Formation, not merely an object, scene, or static result.",0,30,vdcr_v2_expansion_backlog; concept_zh=利塞冈环形成; needed_candidates=2; production_gate=video_must_show_material_or_reaction_state_evolution; source_text_may_only_double_check_not_supply_answer
vdcr_concept_0078,A,Liesegang Ring Formation experiment video,chemistry_materials_change,Liesegang Ring Formation,chemistry_materials_change,materials_family_04,"Candidate must show the temporal sequence that instantiates Liesegang Ring Formation, not merely an object, scene, or static result.",0,30,vdcr_v2_expansion_backlog; concept_zh=利塞冈环形成; needed_candidates=2; production_gate=video_must_show_material_or_reaction_state_evolution; source_text_may_only_double_check_not_supply_answer
vdcr_concept_0078,A,利塞冈环形成 Liesegang Ring Formation,chemistry_materials_change,Liesegang Ring Formation,chemistry_materials_change,materials_family_04,"Candidate must show the temporal sequence that instantiates Liesegang Ring Formation, not merely an object, scene, or static result.",0,30,vdcr_v2_expansion_backlog; concept_zh=利塞冈环形成; needed_candidates=2; production_gate=video_must_show_material_or_reaction_state_evolution; source_text_may_only_double_check_not_supply_answer
vdcr_concept_0069,A,Supercooled Liquid Rapid Crystallization,chemistry_materials_change,Supercooled Liquid Rapid Crystallization,chemistry_materials_change,materials_family_02,"Candidate must show the temporal sequence that instantiates Supercooled Liquid Rapid Crystallization, not merely an object, scene, or static result.",0,30,vdcr_v2_expansion_backlog; concept_zh=过冷液体瞬时结晶; needed_candidates=2; production_gate=video_must_show_material_or_reaction_state_evolution; source_text_may_only_double_check_not_supply_answer
vdcr_concept_0069,A,Supercooled Liquid Rapid Crystallization demonstration,chemistry_materials_change,Supercooled Liquid Rapid Crystallization,chemistry_materials_change,materials_family_02,"Candidate must show the temporal sequence that instantiates Supercooled Liquid Rapid Crystallization, not merely an object, scene, or static result.",0,30,vdcr_v2_expansion_backlog; concept_zh=过冷液体瞬时结晶; needed_candidates=2; production_gate=video_must_show_material_or_reaction_state_evolution; source_text_may_only_double_check_not_supply_answer
vdcr_concept_0069,A,Supercooled Liquid Rapid Crystallization experiment video,chemistry_materials_change,Supercooled Liquid Rapid Crystallization,chemistry_materials_change,materials_family_02,"Candidate must show the temporal sequence that instantiates Supercooled Liquid Rapid Crystallization, not merely an object, scene, or static result.",0,30,vdcr_v2_expansion_backlog; concept_zh=过冷液体瞬时结晶; needed_candidates=2; production_gate=video_must_show_material_or_reaction_state_evolution; source_text_may_only_double_check_not_supply_answer
vdcr_concept_0069,A,过冷液体瞬时结晶 Supercooled Liquid Rapid Crystallization,chemistry_materials_change,Supercooled Liquid Rapid Crystallization,chemistry_materials_change,materials_family_02,"Candidate must show the temporal sequence that instantiates Supercooled Liquid Rapid Crystallization, not merely an object, scene, or static result.",0,30,vdcr_v2_expansion_backlog; concept_zh=过冷液体瞬时结晶; needed_candidates=2; production_gate=video_must_show_material_or_reaction_state_evolution; source_text_may_only_double_check_not_supply_answer
vdcr_concept_0151,A,Bistable Snap-Trap Closure,biology_living_systems,Bistable Snap-Trap Closure,biology_living_systems,biology_family_04,"Candidate must show the temporal sequence that instantiates Bistable Snap-Trap Closure, not merely an object, scene, or static result.",0,30,vdcr_v2_expansion_backlog; concept_zh=双稳态捕虫夹闭合; needed_candidates=2; production_gate=video_must_show_biological_dynamic_sequence_or_strategy_not_species_or_generic_action
vdcr_concept_0151,A,Bistable Snap-Trap Closure demonstration,biology_living_systems,Bistable Snap-Trap Closure,biology_living_systems,biology_family_04,"Candidate must show the temporal sequence that instantiates Bistable Snap-Trap Closure, not merely an object, scene, or static result.",0,30,vdcr_v2_expansion_backlog; concept_zh=双稳态捕虫夹闭合; needed_candidates=2; production_gate=video_must_show_biological_dynamic_sequence_or_strategy_not_species_or_generic_action
vdcr_concept_0151,A,Bistable Snap-Trap Closure experiment video,biology_living_systems,Bistable Snap-Trap Closure,biology_living_systems,biology_family_04,"Candidate must show the temporal sequence that instantiates Bistable Snap-Trap Closure, not merely an object, scene, or static result.",0,30,vdcr_v2_expansion_backlog; concept_zh=双稳态捕虫夹闭合; needed_candidates=2; production_gate=video_must_show_biological_dynamic_sequence_or_strategy_not_species_or_generic_action
vdcr_concept_0151,A,双稳态捕虫夹闭合 Bistable Snap-Trap Closure,biology_living_systems,Bistable Snap-Trap Closure,biology_living_systems,biology_family_04,"Candidate must show the temporal sequence that instantiates Bistable Snap-Trap Closure, not merely an object, scene, or static result.",0,30,vdcr_v2_expansion_backlog; concept_zh=双稳态捕虫夹闭合; needed_candidates=2; production_gate=video_must_show_biological_dynamic_sequence_or_strategy_not_species_or_generic_action
vdcr_concept_0153,A,Cytoplasmic Streaming,biology_living_systems,Cytoplasmic Streaming,biology_living_systems,biology_family_05,"Candidate must show the temporal sequence that instantiates Cytoplasmic Streaming, not merely an object, scene, or static result.",0,30,vdcr_v2_expansion_backlog; concept_zh=细胞质流动; needed_candidates=2; production_gate=video_must_show_biological_dynamic_sequence_or_strategy_not_species_or_generic_action
vdcr_concept_0153,A,Cytoplasmic Streaming demonstration,biology_living_systems,Cytoplasmic Streaming,biology_living_systems,biology_family_05,"Candidate must show the temporal sequence that instantiates Cytoplasmic Streaming, not merely an object, scene, or static result.",0,30,vdcr_v2_expansion_backlog; concept_zh=细胞质流动; needed_candidates=2; production_gate=video_must_show_biological_dynamic_sequence_or_strategy_not_species_or_generic_action
vdcr_concept_0153,A,Cytoplasmic Streaming experiment video,biology_living_systems,Cytoplasmic Streaming,biology_living_systems,biology_family_05,"Candidate must show the temporal sequence that instantiates Cytoplasmic Streaming, not merely an object, scene, or static result.",0,30,vdcr_v2_expansion_backlog; concept_zh=细胞质流动; needed_candidates=2; production_gate=video_must_show_biological_dynamic_sequence_or_strategy_not_species_or_generic_action
vdcr_concept_0153,A,细胞质流动 Cytoplasmic Streaming,biology_living_systems,Cytoplasmic Streaming,biology_living_systems,biology_family_05,"Candidate must show the temporal sequence that instantiates Cytoplasmic Streaming, not merely an object, scene, or static result.",0,30,vdcr_v2_expansion_backlog; concept_zh=细胞质流动; needed_candidates=2; production_gate=video_must_show_biological_dynamic_sequence_or_strategy_not_species_or_generic_action
vdcr_concept_0111,A,Metachronal Wave Locomotion,biology_living_systems,Metachronal Wave Locomotion,biology_living_systems,biology_family_01,"Candidate must show the temporal sequence that instantiates Metachronal Wave Locomotion, not merely an object, scene, or static result.",0,30,vdcr_v2_expansion_backlog; concept_zh=节律相位波推进; needed_candidates=2; production_gate=video_must_show_biological_dynamic_sequence_or_strategy_not_species_or_generic_action
vdcr_concept_0111,A,Metachronal Wave Locomotion demonstration,biology_living_systems,Metachronal Wave Locomotion,biology_living_systems,biology_family_01,"Candidate must show the temporal sequence that instantiates Metachronal Wave Locomotion, not merely an object, scene, or static result.",0,30,vdcr_v2_expansion_backlog; concept_zh=节律相位波推进; needed_candidates=2; production_gate=video_must_show_biological_dynamic_sequence_or_strategy_not_species_or_generic_action
vdcr_concept_0111,A,Metachronal Wave Locomotion experiment video,biology_living_systems,Metachronal Wave Locomotion,biology_living_systems,biology_family_01,"Candidate must show the temporal sequence that instantiates Metachronal Wave Locomotion, not merely an object, scene, or static result.",0,30,vdcr_v2_expansion_backlog; concept_zh=节律相位波推进; needed_candidates=2; production_gate=video_must_show_biological_dynamic_sequence_or_strategy_not_species_or_generic_action
vdcr_concept_0111,A,节律相位波推进 Metachronal Wave Locomotion,biology_living_systems,Metachronal Wave Locomotion,biology_living_systems,biology_family_01,"Candidate must show the temporal sequence that instantiates Metachronal Wave Locomotion, not merely an object, scene, or static result.",0,30,vdcr_v2_expansion_backlog; concept_zh=节律相位波推进; needed_candidates=2; production_gate=video_must_show_biological_dynamic_sequence_or_strategy_not_species_or_generic_action
vdcr_concept_0168,A,Microtubule Dynamic Instability,biology_living_systems,Microtubule Dynamic Instability,biology_living_systems,biology_family_07,"Candidate must show the temporal sequence that instantiates Microtubule Dynamic Instability, not merely an object, scene, or static result.",0,30,vdcr_v2_expansion_backlog; concept_zh=微管动态不稳定性; needed_candidates=2; production_gate=video_must_show_biological_dynamic_sequence_or_strategy_not_species_or_generic_action
vdcr_concept_0168,A,Microtubule Dynamic Instability demonstration,biology_living_systems,Microtubule Dynamic Instability,biology_living_systems,biology_family_07,"Candidate must show the temporal sequence that instantiates Microtubule Dynamic Instability, not merely an object, scene, or static result.",0,30,vdcr_v2_expansion_backlog; concept_zh=微管动态不稳定性; needed_candidates=2; production_gate=video_must_show_biological_dynamic_sequence_or_strategy_not_species_or_generic_action
vdcr_concept_0168,A,Microtubule Dynamic Instability experiment video,biology_living_systems,Microtubule Dynamic Instability,biology_living_systems,biology_family_07,"Candidate must show the temporal sequence that instantiates Microtubule Dynamic Instability, not merely an object, scene, or static result.",0,30,vdcr_v2_expansion_backlog; concept_zh=微管动态不稳定性; needed_candidates=2; production_gate=video_must_show_biological_dynamic_sequence_or_strategy_not_species_or_generic_action
vdcr_concept_0168,A,微管动态不稳定性 Microtubule Dynamic Instability,biology_living_systems,Microtubule Dynamic Instability,biology_living_systems,biology_family_07,"Candidate must show the temporal sequence that instantiates Microtubule Dynamic Instability, not merely an object, scene, or static result.",0,30,vdcr_v2_expansion_backlog; concept_zh=微管动态不稳定性; needed_candidates=2; production_gate=video_must_show_biological_dynamic_sequence_or_strategy_not_species_or_generic_action
vdcr_concept_0148,A,Nyctinasty,biology_living_systems,Nyctinasty,biology_living_systems,biology_family_04,"Candidate must show the temporal sequence that instantiates Nyctinasty, not merely an object, scene, or static result.",0,30,vdcr_v2_expansion_backlog; concept_zh=昼夜感性运动; needed_candidates=2; production_gate=video_must_show_biological_dynamic_sequence_or_strategy_not_species_or_generic_action
vdcr_concept_0148,A,Nyctinasty demonstration,biology_living_systems,Nyctinasty,biology_living_systems,biology_family_04,"Candidate must show the temporal sequence that instantiates Nyctinasty, not merely an object, scene, or static result.",0,30,vdcr_v2_expansion_backlog; concept_zh=昼夜感性运动; needed_candidates=2; production_gate=video_must_show_biological_dynamic_sequence_or_strategy_not_species_or_generic_action
vdcr_concept_0148,A,Nyctinasty experiment video,biology_living_systems,Nyctinasty,biology_living_systems,biology_family_04,"Candidate must show the temporal sequence that instantiates Nyctinasty, not merely an object, scene, or static result.",0,30,vdcr_v2_expansion_backlog; concept_zh=昼夜感性运动; needed_candidates=2; production_gate=video_must_show_biological_dynamic_sequence_or_strategy_not_species_or_generic_action
vdcr_concept_0148,A,昼夜感性运动 Nyctinasty,biology_living_systems,Nyctinasty,biology_living_systems,biology_family_04,"Candidate must show the temporal sequence that instantiates Nyctinasty, not merely an object, scene, or static result.",0,30,vdcr_v2_expansion_backlog; concept_zh=昼夜感性运动; needed_candidates=2; production_gate=video_must_show_biological_dynamic_sequence_or_strategy_not_species_or_generic_action
vdcr_concept_0066,A,Dendritic Crystal Growth,chemistry_materials_change,Dendritic Crystal Growth,chemistry_materials_change,materials_family_02,"Candidate must show the temporal sequence that instantiates Dendritic Crystal Growth, not merely an object, scene, or static result.",0,30,vdcr_v2_expansion_backlog; concept_zh=树枝状晶体生长; needed_candidates=2; production_gate=video_must_show_material_or_reaction_state_evolution; source_text_may_only_double_check_not_supply_answer
vdcr_concept_0066,A,Dendritic Crystal Growth demonstration,chemistry_materials_change,Dendritic Crystal Growth,chemistry_materials_change,materials_family_02,"Candidate must show the temporal sequence that instantiates Dendritic Crystal Growth, not merely an object, scene, or static result.",0,30,vdcr_v2_expansion_backlog; concept_zh=树枝状晶体生长; needed_candidates=2; production_gate=video_must_show_material_or_reaction_state_evolution; source_text_may_only_double_check_not_supply_answer
vdcr_concept_0066,A,Dendritic Crystal Growth experiment video,chemistry_materials_change,Dendritic Crystal Growth,chemistry_materials_change,materials_family_02,"Candidate must show the temporal sequence that instantiates Dendritic Crystal Growth, not merely an object, scene, or static result.",0,30,vdcr_v2_expansion_backlog; concept_zh=树枝状晶体生长; needed_candidates=2; production_gate=video_must_show_material_or_reaction_state_evolution; source_text_may_only_double_check_not_supply_answer
vdcr_concept_0066,A,树枝状晶体生长 Dendritic Crystal Growth,chemistry_materials_change,Dendritic Crystal Growth,chemistry_materials_change,materials_family_02,"Candidate must show the temporal sequence that instantiates Dendritic Crystal Growth, not merely an object, scene, or static result.",0,30,vdcr_v2_expansion_backlog; concept_zh=树枝状晶体生长; needed_candidates=2; production_gate=video_must_show_material_or_reaction_state_evolution; source_text_may_only_double_check_not_supply_answer
vdcr_concept_0059,A,Shear Thickening,chemistry_materials_change,Shear Thickening,chemistry_materials_change,materials_family_01,"Candidate must show the temporal sequence that instantiates Shear Thickening, not merely an object, scene, or static result.",0,30,vdcr_v2_expansion_backlog; concept_zh=剪切增稠; needed_candidates=2; production_gate=video_must_show_material_or_reaction_state_evolution; source_text_may_only_double_check_not_supply_answer
vdcr_concept_0059,A,Shear Thickening demonstration,chemistry_materials_change,Shear Thickening,chemistry_materials_change,materials_family_01,"Candidate must show the temporal sequence that instantiates Shear Thickening, not merely an object, scene, or static result.",0,30,vdcr_v2_expansion_backlog; concept_zh=剪切增稠; needed_candidates=2; production_gate=video_must_show_material_or_reaction_state_evolution; source_text_may_only_double_check_not_supply_answer
vdcr_concept_0059,A,Shear Thickening experiment video,chemistry_materials_change,Shear Thickening,chemistry_materials_change,materials_family_01,"Candidate must show the temporal sequence that instantiates Shear Thickening, not merely an object, scene, or static result.",0,30,vdcr_v2_expansion_backlog; concept_zh=剪切增稠; needed_candidates=2; production_gate=video_must_show_material_or_reaction_state_evolution; source_text_may_only_double_check_not_supply_answer
vdcr_concept_0059,A,剪切增稠 Shear Thickening,chemistry_materials_change,Shear Thickening,chemistry_materials_change,materials_family_01,"Candidate must show the temporal sequence that instantiates Shear Thickening, not merely an object, scene, or static result.",0,30,vdcr_v2_expansion_backlog; concept_zh=剪切增稠; needed_candidates=2; production_gate=video_must_show_material_or_reaction_state_evolution; source_text_may_only_double_check_not_supply_answer
vdcr_concept_0086,A,Thin-Film Dewetting,chemistry_materials_change,Thin-Film Dewetting,chemistry_materials_change,materials_family_06,"Candidate must show the temporal sequence that instantiates Thin-Film Dewetting, not merely an object, scene, or static result.",0,30,vdcr_v2_expansion_backlog; concept_zh=液膜退润湿; needed_candidates=2; production_gate=video_must_show_material_or_reaction_state_evolution; source_text_may_only_double_check_not_supply_answer
vdcr_concept_0086,A,Thin-Film Dewetting demonstration,chemistry_materials_change,Thin-Film Dewetting,chemistry_materials_change,materials_family_06,"Candidate must show the temporal sequence that instantiates Thin-Film Dewetting, not merely an object, scene, or static result.",0,30,vdcr_v2_expansion_backlog; concept_zh=液膜退润湿; needed_candidates=2; production_gate=video_must_show_material_or_reaction_state_evolution; source_text_may_only_double_check_not_supply_answer
vdcr_concept_0086,A,Thin-Film Dewetting experiment video,chemistry_materials_change,Thin-Film Dewetting,chemistry_materials_change,materials_family_06,"Candidate must show the temporal sequence that instantiates Thin-Film Dewetting, not merely an object, scene, or static result.",0,30,vdcr_v2_expansion_backlog; concept_zh=液膜退润湿; needed_candidates=2; production_gate=video_must_show_material_or_reaction_state_evolution; source_text_may_only_double_check_not_supply_answer
vdcr_concept_0086,A,液膜退润湿 Thin-Film Dewetting,chemistry_materials_change,Thin-Film Dewetting,chemistry_materials_change,materials_family_06,"Candidate must show the temporal sequence that instantiates Thin-Film Dewetting, not merely an object, scene, or static result.",0,30,vdcr_v2_expansion_backlog; concept_zh=液膜退润湿; needed_candidates=2; production_gate=video_must_show_material_or_reaction_state_evolution; source_text_may_only_double_check_not_supply_answer
vdcr_concept_0064,A,Weissenberg Rod-Climbing Effect,chemistry_materials_change,Weissenberg Rod-Climbing Effect,chemistry_materials_change,materials_family_01,"Candidate must show the temporal sequence that instantiates Weissenberg Rod-Climbing Effect, not merely an object, scene, or static result.",0,30,vdcr_v2_expansion_backlog; concept_zh=魏森贝格爬杆效应; needed_candidates=2; production_gate=video_must_show_material_or_reaction_state_evolution; source_text_may_only_double_check_not_supply_answer
vdcr_concept_0064,A,Weissenberg Rod-Climbing Effect demonstration,chemistry_materials_change,Weissenberg Rod-Climbing Effect,chemistry_materials_change,materials_family_01,"Candidate must show the temporal sequence that instantiates Weissenberg Rod-Climbing Effect, not merely an object, scene, or static result.",0,30,vdcr_v2_expansion_backlog; concept_zh=魏森贝格爬杆效应; needed_candidates=2; production_gate=video_must_show_material_or_reaction_state_evolution; source_text_may_only_double_check_not_supply_answer
vdcr_concept_0064,A,Weissenberg Rod-Climbing Effect experiment video,chemistry_materials_change,Weissenberg Rod-Climbing Effect,chemistry_materials_change,materials_family_01,"Candidate must show the temporal sequence that instantiates Weissenberg Rod-Climbing Effect, not merely an object, scene, or static result.",0,30,vdcr_v2_expansion_backlog; concept_zh=魏森贝格爬杆效应; needed_candidates=2; production_gate=video_must_show_material_or_reaction_state_evolution; source_text_may_only_double_check_not_supply_answer
vdcr_concept_0064,A,魏森贝格爬杆效应 Weissenberg Rod-Climbing Effect,chemistry_materials_change,Weissenberg Rod-Climbing Effect,chemistry_materials_change,materials_family_01,"Candidate must show the temporal sequence that instantiates Weissenberg Rod-Climbing Effect, not merely an object, scene, or static result.",0,30,vdcr_v2_expansion_backlog; concept_zh=魏森贝格爬杆效应; needed_candidates=2; production_gate=video_must_show_material_or_reaction_state_evolution; source_text_may_only_double_check_not_supply_answer
vdcr_concept_0219,A,Slab Avalanche Release,earth_environmental_systems,Slab Avalanche Release,earth_environmental_systems,earth_family_05,"Candidate must show the temporal sequence that instantiates Slab Avalanche Release, not merely an object, scene, or static result.",0,30,vdcr_v2_expansion_backlog; concept_zh=板状雪崩释放; needed_candidates=2; production_gate=video_must_show_process_evolution_or_instability_sequence_not_static_landform_or_event_label
vdcr_concept_0219,A,Slab Avalanche Release demonstration,earth_environmental_systems,Slab Avalanche Release,earth_environmental_systems,earth_family_05,"Candidate must show the temporal sequence that instantiates Slab Avalanche Release, not merely an object, scene, or static result.",0,30,vdcr_v2_expansion_backlog; concept_zh=板状雪崩释放; needed_candidates=2; production_gate=video_must_show_process_evolution_or_instability_sequence_not_static_landform_or_event_label
vdcr_concept_0219,A,Slab Avalanche Release experiment video,earth_environmental_systems,Slab Avalanche Release,earth_environmental_systems,earth_family_05,"Candidate must show the temporal sequence that instantiates Slab Avalanche Release, not merely an object, scene, or static result.",0,30,vdcr_v2_expansion_backlog; concept_zh=板状雪崩释放; needed_candidates=2; production_gate=video_must_show_process_evolution_or_instability_sequence_not_static_landform_or_event_label
vdcr_concept_0219,A,板状雪崩释放 Slab Avalanche Release,earth_environmental_systems,Slab Avalanche Release,earth_environmental_systems,earth_family_05,"Candidate must show the temporal sequence that instantiates Slab Avalanche Release, not merely an object, scene, or static result.",0,30,vdcr_v2_expansion_backlog; concept_zh=板状雪崩释放; needed_candidates=2; production_gate=video_must_show_process_evolution_or_instability_sequence_not_static_landform_or_event_label
vdcr_concept_0192,A,Tornadogenesis,earth_environmental_systems,Tornadogenesis,earth_environmental_systems,earth_family_01,"Candidate must show the temporal sequence that instantiates Tornadogenesis, not merely an object, scene, or static result.",0,30,vdcr_v2_expansion_backlog; concept_zh=龙卷生成; needed_candidates=2; production_gate=video_must_show_process_evolution_or_instability_sequence_not_static_landform_or_event_label
vdcr_concept_0192,A,Tornadogenesis demonstration,earth_environmental_systems,Tornadogenesis,earth_environmental_systems,earth_family_01,"Candidate must show the temporal sequence that instantiates Tornadogenesis, not merely an object, scene, or static result.",0,30,vdcr_v2_expansion_backlog; concept_zh=龙卷生成; needed_candidates=2; production_gate=video_must_show_process_evolution_or_instability_sequence_not_static_landform_or_event_label
vdcr_concept_0192,A,Tornadogenesis experiment video,earth_environmental_systems,Tornadogenesis,earth_environmental_systems,earth_family_01,"Candidate must show the temporal sequence that instantiates Tornadogenesis, not merely an object, scene, or static result.",0,30,vdcr_v2_expansion_backlog; concept_zh=龙卷生成; needed_candidates=2; production_gate=video_must_show_process_evolution_or_instability_sequence_not_static_landform_or_event_label
vdcr_concept_0192,A,龙卷生成 Tornadogenesis,earth_environmental_systems,Tornadogenesis,earth_environmental_systems,earth_family_01,"Candidate must show the temporal sequence that instantiates Tornadogenesis, not merely an object, scene, or static result.",0,30,vdcr_v2_expansion_backlog; concept_zh=龙卷生成; needed_candidates=2; production_gate=video_must_show_process_evolution_or_instability_sequence_not_static_landform_or_event_label
vdcr_concept_0028,A,Brazil Nut Effect,physics_physical_systems,Brazil Nut Effect,physics_physical_systems,physics_family_04,"Candidate must show the temporal sequence that instantiates Brazil Nut Effect, not merely an object, scene, or static result.",0,30,vdcr_v2_expansion_backlog; concept_zh=巴西坚果效应; needed_candidates=2; production_gate=video_must_show_named_dynamic_mechanism_sequence_without_title_or_source_leakage
vdcr_concept_0028,A,Brazil Nut Effect demonstration,physics_physical_systems,Brazil Nut Effect,physics_physical_systems,physics_family_04,"Candidate must show the temporal sequence that instantiates Brazil Nut Effect, not merely an object, scene, or static result.",0,30,vdcr_v2_expansion_backlog; concept_zh=巴西坚果效应; needed_candidates=2; production_gate=video_must_show_named_dynamic_mechanism_sequence_without_title_or_source_leakage
vdcr_concept_0028,A,Brazil Nut Effect experiment video,physics_physical_systems,Brazil Nut Effect,physics_physical_systems,physics_family_04,"Candidate must show the temporal sequence that instantiates Brazil Nut Effect, not merely an object, scene, or static result.",0,30,vdcr_v2_expansion_backlog; concept_zh=巴西坚果效应; needed_candidates=2; production_gate=video_must_show_named_dynamic_mechanism_sequence_without_title_or_source_leakage
vdcr_concept_0028,A,巴西坚果效应 Brazil Nut Effect,physics_physical_systems,Brazil Nut Effect,physics_physical_systems,physics_family_04,"Candidate must show the temporal sequence that instantiates Brazil Nut Effect, not merely an object, scene, or static result.",0,30,vdcr_v2_expansion_backlog; concept_zh=巴西坚果效应; needed_candidates=2; production_gate=video_must_show_named_dynamic_mechanism_sequence_without_title_or_source_leakage
vdcr_concept_0004,A,Kelvin-Helmholtz Instability,physics_physical_systems,Kelvin-Helmholtz Instability,physics_physical_systems,physics_family_01,"Candidate must show the temporal sequence that instantiates Kelvin-Helmholtz Instability, not merely an object, scene, or static result.",0,30,vdcr_v2_expansion_backlog; concept_zh=开尔文-亥姆霍兹不稳定性; needed_candidates=2; production_gate=video_must_show_named_dynamic_mechanism_sequence_without_title_or_source_leakage
vdcr_concept_0004,A,Kelvin-Helmholtz Instability demonstration,physics_physical_systems,Kelvin-Helmholtz Instability,physics_physical_systems,physics_family_01,"Candidate must show the temporal sequence that instantiates Kelvin-Helmholtz Instability, not merely an object, scene, or static result.",0,30,vdcr_v2_expansion_backlog; concept_zh=开尔文-亥姆霍兹不稳定性; needed_candidates=2; production_gate=video_must_show_named_dynamic_mechanism_sequence_without_title_or_source_leakage
vdcr_concept_0004,A,Kelvin-Helmholtz Instability experiment video,physics_physical_systems,Kelvin-Helmholtz Instability,physics_physical_systems,physics_family_01,"Candidate must show the temporal sequence that instantiates Kelvin-Helmholtz Instability, not merely an object, scene, or static result.",0,30,vdcr_v2_expansion_backlog; concept_zh=开尔文-亥姆霍兹不稳定性; needed_candidates=2; production_gate=video_must_show_named_dynamic_mechanism_sequence_without_title_or_source_leakage
vdcr_concept_0004,A,开尔文-亥姆霍兹不稳定性 Kelvin-Helmholtz Instability,physics_physical_systems,Kelvin-Helmholtz Instability,physics_physical_systems,physics_family_01,"Candidate must show the temporal sequence that instantiates Kelvin-Helmholtz Instability, not merely an object, scene, or static result.",0,30,vdcr_v2_expansion_backlog; concept_zh=开尔文-亥姆霍兹不稳定性; needed_candidates=2; production_gate=video_must_show_named_dynamic_mechanism_sequence_without_title_or_source_leakage
vdcr_concept_0014,A,Leidenfrost Droplet Motion,physics_physical_systems,Leidenfrost Droplet Motion,physics_physical_systems,physics_family_02,"Candidate must show the temporal sequence that instantiates Leidenfrost Droplet Motion, not merely an object, scene, or static result.",0,30,vdcr_v2_expansion_backlog; concept_zh=莱顿弗罗斯特液滴运动; needed_candidates=2; production_gate=must_show_hot_surface_vapor_cushion_behavior_sustained_sliding_or_lifetime_change_without_text_leakage
vdcr_concept_0014,A,Leidenfrost Droplet Motion demonstration,physics_physical_systems,Leidenfrost Droplet Motion,physics_physical_systems,physics_family_02,"Candidate must show the temporal sequence that instantiates Leidenfrost Droplet Motion, not merely an object, scene, or static result.",0,30,vdcr_v2_expansion_backlog; concept_zh=莱顿弗罗斯特液滴运动; needed_candidates=2; production_gate=must_show_hot_surface_vapor_cushion_behavior_sustained_sliding_or_lifetime_change_without_text_leakage
vdcr_concept_0014,A,Leidenfrost Droplet Motion experiment video,physics_physical_systems,Leidenfrost Droplet Motion,physics_physical_systems,physics_family_02,"Candidate must show the temporal sequence that instantiates Leidenfrost Droplet Motion, not merely an object, scene, or static result.",0,30,vdcr_v2_expansion_backlog; concept_zh=莱顿弗罗斯特液滴运动; needed_candidates=2; production_gate=must_show_hot_surface_vapor_cushion_behavior_sustained_sliding_or_lifetime_change_without_text_leakage
vdcr_concept_0014,A,莱顿弗罗斯特液滴运动 Leidenfrost Droplet Motion,physics_physical_systems,Leidenfrost Droplet Motion,physics_physical_systems,physics_family_02,"Candidate must show the temporal sequence that instantiates Leidenfrost Droplet Motion, not merely an object, scene, or static result.",0,30,vdcr_v2_expansion_backlog; concept_zh=莱顿弗罗斯特液滴运动; needed_candidates=2; production_gate=must_show_hot_surface_vapor_cushion_behavior_sustained_sliding_or_lifetime_change_without_text_leakage
vdcr_concept_0013,A,Liquid Bridge Pinch-Off,physics_physical_systems,Liquid Bridge Pinch-Off,physics_physical_systems,physics_family_02,"Candidate must show the temporal sequence that instantiates Liquid Bridge Pinch-Off, not merely an object, scene, or static result.",0,30,vdcr_v2_expansion_backlog; concept_zh=液桥颈缩断裂; needed_candidates=2; production_gate=must_show_bridge_stretching_necking_and_final_breakup_sequence
vdcr_concept_0013,A,Liquid Bridge Pinch-Off demonstration,physics_physical_systems,Liquid Bridge Pinch-Off,physics_physical_systems,physics_family_02,"Candidate must show the temporal sequence that instantiates Liquid Bridge Pinch-Off, not merely an object, scene, or static result.",0,30,vdcr_v2_expansion_backlog; concept_zh=液桥颈缩断裂; needed_candidates=2; production_gate=must_show_bridge_stretching_necking_and_final_breakup_sequence
vdcr_concept_0013,A,Liquid Bridge Pinch-Off experiment video,physics_physical_systems,Liquid Bridge Pinch-Off,physics_physical_systems,physics_family_02,"Candidate must show the temporal sequence that instantiates Liquid Bridge Pinch-Off, not merely an object, scene, or static result.",0,30,vdcr_v2_expansion_backlog; concept_zh=液桥颈缩断裂; needed_candidates=2; production_gate=must_show_bridge_stretching_necking_and_final_breakup_sequence
vdcr_concept_0013,A,液桥颈缩断裂 Liquid Bridge Pinch-Off,physics_physical_systems,Liquid Bridge Pinch-Off,physics_physical_systems,physics_family_02,"Candidate must show the temporal sequence that instantiates Liquid Bridge Pinch-Off, not merely an object, scene, or static result.",0,30,vdcr_v2_expansion_backlog; concept_zh=液桥颈缩断裂; needed_candidates=2; production_gate=must_show_bridge_stretching_necking_and_final_breakup_sequence
vdcr_concept_0009,A,Rayleigh-Plateau Breakup,physics_physical_systems,Rayleigh-Plateau Breakup,physics_physical_systems,physics_family_02,"Candidate must show the temporal sequence that instantiates Rayleigh-Plateau Breakup, not merely an object, scene, or static result.",0,30,vdcr_v2_expansion_backlog; concept_zh=瑞利-普拉托断裂; needed_candidates=2; production_gate=video_must_show_named_dynamic_mechanism_sequence_without_title_or_source_leakage
vdcr_concept_0009,A,Rayleigh-Plateau Breakup demonstration,physics_physical_systems,Rayleigh-Plateau Breakup,physics_physical_systems,physics_family_02,"Candidate must show the temporal sequence that instantiates Rayleigh-Plateau Breakup, not merely an object, scene, or static result.",0,30,vdcr_v2_expansion_backlog; concept_zh=瑞利-普拉托断裂; needed_candidates=2; production_gate=video_must_show_named_dynamic_mechanism_sequence_without_title_or_source_leakage
vdcr_concept_0009,A,Rayleigh-Plateau Breakup experiment video,physics_physical_systems,Rayleigh-Plateau Breakup,physics_physical_systems,physics_family_02,"Candidate must show the temporal sequence that instantiates Rayleigh-Plateau Breakup, not merely an object, scene, or static result.",0,30,vdcr_v2_expansion_backlog; concept_zh=瑞利-普拉托断裂; needed_candidates=2; production_gate=video_must_show_named_dynamic_mechanism_sequence_without_title_or_source_leakage
vdcr_concept_0009,A,瑞利-普拉托断裂 Rayleigh-Plateau Breakup,physics_physical_systems,Rayleigh-Plateau Breakup,physics_physical_systems,physics_family_02,"Candidate must show the temporal sequence that instantiates Rayleigh-Plateau Breakup, not merely an object, scene, or static result.",0,30,vdcr_v2_expansion_backlog; concept_zh=瑞利-普拉托断裂; needed_candidates=2; production_gate=video_must_show_named_dynamic_mechanism_sequence_without_title_or_source_leakage
vdcr_concept_0002,A,Vortex Shedding / Karman Vortex Street,physics_physical_systems,Vortex Shedding / Karman Vortex Street,physics_physical_systems,physics_family_01,"Candidate must show the temporal sequence that instantiates Vortex Shedding / Karman Vortex Street, not merely an object, scene, or static result.",0,30,vdcr_v2_expansion_backlog; concept_zh=周期涡脱落/卡门涡街; needed_candidates=2; production_gate=video_must_show_named_dynamic_mechanism_sequence_without_title_or_source_leakage
vdcr_concept_0002,A,Vortex Shedding / Karman Vortex Street demonstration,physics_physical_systems,Vortex Shedding / Karman Vortex Street,physics_physical_systems,physics_family_01,"Candidate must show the temporal sequence that instantiates Vortex Shedding / Karman Vortex Street, not merely an object, scene, or static result.",0,30,vdcr_v2_expansion_backlog; concept_zh=周期涡脱落/卡门涡街; needed_candidates=2; production_gate=video_must_show_named_dynamic_mechanism_sequence_without_title_or_source_leakage
vdcr_concept_0002,A,Vortex Shedding / Karman Vortex Street experiment video,physics_physical_systems,Vortex Shedding / Karman Vortex Street,physics_physical_systems,physics_family_01,"Candidate must show the temporal sequence that instantiates Vortex Shedding / Karman Vortex Street, not merely an object, scene, or static result.",0,30,vdcr_v2_expansion_backlog; concept_zh=周期涡脱落/卡门涡街; needed_candidates=2; production_gate=video_must_show_named_dynamic_mechanism_sequence_without_title_or_source_leakage
vdcr_concept_0002,A,周期涡脱落/卡门涡街 Vortex Shedding / Karman Vortex Street,physics_physical_systems,Vortex Shedding / Karman Vortex Street,physics_physical_systems,physics_family_01,"Candidate must show the temporal sequence that instantiates Vortex Shedding / Karman Vortex Street, not merely an object, scene, or static result.",0,30,vdcr_v2_expansion_backlog; concept_zh=周期涡脱落/卡门涡街; needed_candidates=2; production_gate=video_must_show_named_dynamic_mechanism_sequence_without_title_or_source_leakage
vdcr_concept_0097,B,Metal Displacement Dendrite Growth,chemistry_materials_change,Metal Displacement Dendrite Growth,chemistry_materials_change,materials_family_08,"Candidate must show the temporal sequence that instantiates Metal Displacement Dendrite Growth, not merely an object, scene, or static result.",0,30,vdcr_v2_expansion_backlog; concept_zh=金属置换枝晶生长; needed_candidates=2; production_gate=video_must_show_material_or_reaction_state_evolution; source_text_may_only_double_check_not_supply_answer
vdcr_concept_0097,B,Metal Displacement Dendrite Growth demonstration,chemistry_materials_change,Metal Displacement Dendrite Growth,chemistry_materials_change,materials_family_08,"Candidate must show the temporal sequence that instantiates Metal Displacement Dendrite Growth, not merely an object, scene, or static result.",0,30,vdcr_v2_expansion_backlog; concept_zh=金属置换枝晶生长; needed_candidates=2; production_gate=video_must_show_material_or_reaction_state_evolution; source_text_may_only_double_check_not_supply_answer
vdcr_concept_0097,B,Metal Displacement Dendrite Growth experiment video,chemistry_materials_change,Metal Displacement Dendrite Growth,chemistry_materials_change,materials_family_08,"Candidate must show the temporal sequence that instantiates Metal Displacement Dendrite Growth, not merely an object, scene, or static result.",0,30,vdcr_v2_expansion_backlog; concept_zh=金属置换枝晶生长; needed_candidates=2; production_gate=video_must_show_material_or_reaction_state_evolution; source_text_may_only_double_check_not_supply_answer
vdcr_concept_0097,B,金属置换枝晶生长 Metal Displacement Dendrite Growth,chemistry_materials_change,Metal Displacement Dendrite Growth,chemistry_materials_change,materials_family_08,"Candidate must show the temporal sequence that instantiates Metal Displacement Dendrite Growth, not merely an object, scene, or static result.",0,30,vdcr_v2_expansion_backlog; concept_zh=金属置换枝晶生长; needed_candidates=2; production_gate=video_must_show_material_or_reaction_state_evolution; source_text_may_only_double_check_not_supply_answer
vdcr_concept_0187,B,Biofilm Colony Expansion Dynamics,biology_living_systems,Biofilm Colony Expansion Dynamics,biology_living_systems,biology_family_10,"Candidate must show the temporal sequence that instantiates Biofilm Colony Expansion Dynamics, not merely an object, scene, or static result.",0,30,vdcr_v2_expansion_backlog; concept_zh=生物膜群落扩张动态; needed_candidates=2; production_gate=must_show_colony_front_expansion_or_collective_growth_dynamics_over_time
vdcr_concept_0187,B,Biofilm Colony Expansion Dynamics demonstration,biology_living_systems,Biofilm Colony Expansion Dynamics,biology_living_systems,biology_family_10,"Candidate must show the temporal sequence that instantiates Biofilm Colony Expansion Dynamics, not merely an object, scene, or static result.",0,30,vdcr_v2_expansion_backlog; concept_zh=生物膜群落扩张动态; needed_candidates=2; production_gate=must_show_colony_front_expansion_or_collective_growth_dynamics_over_time
vdcr_concept_0187,B,Biofilm Colony Expansion Dynamics experiment video,biology_living_systems,Biofilm Colony Expansion Dynamics,biology_living_systems,biology_family_10,"Candidate must show the temporal sequence that instantiates Biofilm Colony Expansion Dynamics, not merely an object, scene, or static result.",0,30,vdcr_v2_expansion_backlog; concept_zh=生物膜群落扩张动态; needed_candidates=2; production_gate=must_show_colony_front_expansion_or_collective_growth_dynamics_over_time
vdcr_concept_0187,B,生物膜群落扩张动态 Biofilm Colony Expansion Dynamics,biology_living_systems,Biofilm Colony Expansion Dynamics,biology_living_systems,biology_family_10,"Candidate must show the temporal sequence that instantiates Biofilm Colony Expansion Dynamics, not merely an object, scene, or static result.",0,30,vdcr_v2_expansion_backlog; concept_zh=生物膜群落扩张动态; needed_candidates=2; production_gate=must_show_colony_front_expansion_or_collective_growth_dynamics_over_time
vdcr_concept_0155,B,Cytokinetic Furrow Ingression,biology_living_systems,Cytokinetic Furrow Ingression,biology_living_systems,biology_family_05,"Candidate must show the temporal sequence that instantiates Cytokinetic Furrow Ingression, not merely an object, scene, or static result.",0,30,vdcr_v2_expansion_backlog; concept_zh=胞质分裂沟收缩; needed_candidates=2; production_gate=video_must_show_biological_dynamic_sequence_or_strategy_not_species_or_generic_action
vdcr_concept_0155,B,Cytokinetic Furrow Ingression demonstration,biology_living_systems,Cytokinetic Furrow Ingression,biology_living_systems,biology_family_05,"Candidate must show the temporal sequence that instantiates Cytokinetic Furrow Ingression, not merely an object, scene, or static result.",0,30,vdcr_v2_expansion_backlog; concept_zh=胞质分裂沟收缩; needed_candidates=2; production_gate=video_must_show_biological_dynamic_sequence_or_strategy_not_species_or_generic_action
vdcr_concept_0155,B,Cytokinetic Furrow Ingression experiment video,biology_living_systems,Cytokinetic Furrow Ingression,biology_living_systems,biology_family_05,"Candidate must show the temporal sequence that instantiates Cytokinetic Furrow Ingression, not merely an object, scene, or static result.",0,30,vdcr_v2_expansion_backlog; concept_zh=胞质分裂沟收缩; needed_candidates=2; production_gate=video_must_show_biological_dynamic_sequence_or_strategy_not_species_or_generic_action
vdcr_concept_0155,B,胞质分裂沟收缩 Cytokinetic Furrow Ingression,biology_living_systems,Cytokinetic Furrow Ingression,biology_living_systems,biology_family_05,"Candidate must show the temporal sequence that instantiates Cytokinetic Furrow Ingression, not merely an object, scene, or static result.",0,30,vdcr_v2_expansion_backlog; concept_zh=胞质分裂沟收缩; needed_candidates=2; production_gate=video_must_show_biological_dynamic_sequence_or_strategy_not_species_or_generic_action
vdcr_concept_0173,B,Membrane Blebbing,biology_living_systems,Membrane Blebbing,biology_living_systems,biology_family_07,"Candidate must show the temporal sequence that instantiates Membrane Blebbing, not merely an object, scene, or static result.",0,30,vdcr_v2_expansion_backlog; concept_zh=细胞膜起泡; needed_candidates=2; production_gate=video_must_show_biological_dynamic_sequence_or_strategy_not_species_or_generic_action
vdcr_concept_0173,B,Membrane Blebbing demonstration,biology_living_systems,Membrane Blebbing,biology_living_systems,biology_family_07,"Candidate must show the temporal sequence that instantiates Membrane Blebbing, not merely an object, scene, or static result.",0,30,vdcr_v2_expansion_backlog; concept_zh=细胞膜起泡; needed_candidates=2; production_gate=video_must_show_biological_dynamic_sequence_or_strategy_not_species_or_generic_action
vdcr_concept_0173,B,Membrane Blebbing experiment video,biology_living_systems,Membrane Blebbing,biology_living_systems,biology_family_07,"Candidate must show the temporal sequence that instantiates Membrane Blebbing, not merely an object, scene, or static result.",0,30,vdcr_v2_expansion_backlog; concept_zh=细胞膜起泡; needed_candidates=2; production_gate=video_must_show_biological_dynamic_sequence_or_strategy_not_species_or_generic_action
vdcr_concept_0173,B,细胞膜起泡 Membrane Blebbing,biology_living_systems,Membrane Blebbing,biology_living_systems,biology_family_07,"Candidate must show the temporal sequence that instantiates Membrane Blebbing, not merely an object, scene, or static result.",0,30,vdcr_v2_expansion_backlog; concept_zh=细胞膜起泡; needed_candidates=2; production_gate=video_must_show_biological_dynamic_sequence_or_strategy_not_species_or_generic_action
vdcr_concept_0184,B,Plasmolysis and Deplasmolysis,biology_living_systems,Plasmolysis and Deplasmolysis,biology_living_systems,biology_family_09,"Candidate must show the temporal sequence that instantiates Plasmolysis and Deplasmolysis, not merely an object, scene, or static result.",0,30,vdcr_v2_expansion_backlog; concept_zh=质壁分离与复原; needed_candidates=2; production_gate=video_must_show_biological_dynamic_sequence_or_strategy_not_species_or_generic_action
vdcr_concept_0184,B,Plasmolysis and Deplasmolysis demonstration,biology_living_systems,Plasmolysis and Deplasmolysis,biology_living_systems,biology_family_09,"Candidate must show the temporal sequence that instantiates Plasmolysis and Deplasmolysis, not merely an object, scene, or static result.",0,30,vdcr_v2_expansion_backlog; concept_zh=质壁分离与复原; needed_candidates=2; production_gate=video_must_show_biological_dynamic_sequence_or_strategy_not_species_or_generic_action
vdcr_concept_0184,B,Plasmolysis and Deplasmolysis experiment video,biology_living_systems,Plasmolysis and Deplasmolysis,biology_living_systems,biology_family_09,"Candidate must show the temporal sequence that instantiates Plasmolysis and Deplasmolysis, not merely an object, scene, or static result.",0,30,vdcr_v2_expansion_backlog; concept_zh=质壁分离与复原; needed_candidates=2; production_gate=video_must_show_biological_dynamic_sequence_or_strategy_not_species_or_generic_action
vdcr_concept_0184,B,质壁分离与复原 Plasmolysis and Deplasmolysis,biology_living_systems,Plasmolysis and Deplasmolysis,biology_living_systems,biology_family_09,"Candidate must show the temporal sequence that instantiates Plasmolysis and Deplasmolysis, not merely an object, scene, or static result.",0,30,vdcr_v2_expansion_backlog; concept_zh=质壁分离与复原; needed_candidates=2; production_gate=video_must_show_biological_dynamic_sequence_or_strategy_not_species_or_generic_action
vdcr_concept_0182,B,Pollen Tube Chemotropic Growth,biology_living_systems,Pollen Tube Chemotropic Growth,biology_living_systems,biology_family_09,"Candidate must show the temporal sequence that instantiates Pollen Tube Chemotropic Growth, not merely an object, scene, or static result.",0,30,vdcr_v2_expansion_backlog; concept_zh=花粉管趋化生长; needed_candidates=2; production_gate=video_must_show_biological_dynamic_sequence_or_strategy_not_species_or_generic_action
vdcr_concept_0182,B,Pollen Tube Chemotropic Growth demonstration,biology_living_systems,Pollen Tube Chemotropic Growth,biology_living_systems,biology_family_09,"Candidate must show the temporal sequence that instantiates Pollen Tube Chemotropic Growth, not merely an object, scene, or static result.",0,30,vdcr_v2_expansion_backlog; concept_zh=花粉管趋化生长; needed_candidates=2; production_gate=video_must_show_biological_dynamic_sequence_or_strategy_not_species_or_generic_action
vdcr_concept_0182,B,Pollen Tube Chemotropic Growth experiment video,biology_living_systems,Pollen Tube Chemotropic Growth,biology_living_systems,biology_family_09,"Candidate must show the temporal sequence that instantiates Pollen Tube Chemotropic Growth, not merely an object, scene, or static result.",0,30,vdcr_v2_expansion_backlog; concept_zh=花粉管趋化生长; needed_candidates=2; production_gate=video_must_show_biological_dynamic_sequence_or_strategy_not_species_or_generic_action
vdcr_concept_0182,B,花粉管趋化生长 Pollen Tube Chemotropic Growth,biology_living_systems,Pollen Tube Chemotropic Growth,biology_living_systems,biology_family_09,"Candidate must show the temporal sequence that instantiates Pollen Tube Chemotropic Growth, not merely an object, scene, or static result.",0,30,vdcr_v2_expansion_backlog; concept_zh=花粉管趋化生长; needed_candidates=2; production_gate=video_must_show_biological_dynamic_sequence_or_strategy_not_species_or_generic_action
vdcr_concept_0085,B,Coalescence-Driven Coarsening,chemistry_materials_change,Coalescence-Driven Coarsening,chemistry_materials_change,materials_family_06,"Candidate must show the temporal sequence that instantiates Coalescence-Driven Coarsening, not merely an object, scene, or static result.",0,30,vdcr_v2_expansion_backlog; concept_zh=液滴聚并粗化; needed_candidates=2; production_gate=video_must_show_material_or_reaction_state_evolution; source_text_may_only_double_check_not_supply_answer
vdcr_concept_0085,B,Coalescence-Driven Coarsening demonstration,chemistry_materials_change,Coalescence-Driven Coarsening,chemistry_materials_change,materials_family_06,"Candidate must show the temporal sequence that instantiates Coalescence-Driven Coarsening, not merely an object, scene, or static result.",0,30,vdcr_v2_expansion_backlog; concept_zh=液滴聚并粗化; needed_candidates=2; production_gate=video_must_show_material_or_reaction_state_evolution; source_text_may_only_double_check_not_supply_answer
vdcr_concept_0085,B,Coalescence-Driven Coarsening experiment video,chemistry_materials_change,Coalescence-Driven Coarsening,chemistry_materials_change,materials_family_06,"Candidate must show the temporal sequence that instantiates Coalescence-Driven Coarsening, not merely an object, scene, or static result.",0,30,vdcr_v2_expansion_backlog; concept_zh=液滴聚并粗化; needed_candidates=2; production_gate=video_must_show_material_or_reaction_state_evolution; source_text_may_only_double_check_not_supply_answer
vdcr_concept_0085,B,液滴聚并粗化 Coalescence-Driven Coarsening,chemistry_materials_change,Coalescence-Driven Coarsening,chemistry_materials_change,materials_family_06,"Candidate must show the temporal sequence that instantiates Coalescence-Driven Coarsening, not merely an object, scene, or static result.",0,30,vdcr_v2_expansion_backlog; concept_zh=液滴聚并粗化; needed_candidates=2; production_gate=video_must_show_material_or_reaction_state_evolution; source_text_may_only_double_check_not_supply_answer
vdcr_concept_0098,B,Electrolysis Bubble Nucleation and Detachment,chemistry_materials_change,Electrolysis Bubble Nucleation and Detachment,chemistry_materials_change,materials_family_08,"Candidate must show the temporal sequence that instantiates Electrolysis Bubble Nucleation and Detachment, not merely an object, scene, or static result.",0,30,vdcr_v2_expansion_backlog; concept_zh=电解气泡成核与脱离; needed_candidates=2; production_gate=video_must_show_material_or_reaction_state_evolution; source_text_may_only_double_check_not_supply_answer
vdcr_concept_0098,B,Electrolysis Bubble Nucleation and Detachment demonstration,chemistry_materials_change,Electrolysis Bubble Nucleation and Detachment,chemistry_materials_change,materials_family_08,"Candidate must show the temporal sequence that instantiates Electrolysis Bubble Nucleation and Detachment, not merely an object, scene, or static result.",0,30,vdcr_v2_expansion_backlog; concept_zh=电解气泡成核与脱离; needed_candidates=2; production_gate=video_must_show_material_or_reaction_state_evolution; source_text_may_only_double_check_not_supply_answer
vdcr_concept_0098,B,Electrolysis Bubble Nucleation and Detachment experiment video,chemistry_materials_change,Electrolysis Bubble Nucleation and Detachment,chemistry_materials_change,materials_family_08,"Candidate must show the temporal sequence that instantiates Electrolysis Bubble Nucleation and Detachment, not merely an object, scene, or static result.",0,30,vdcr_v2_expansion_backlog; concept_zh=电解气泡成核与脱离; needed_candidates=2; production_gate=video_must_show_material_or_reaction_state_evolution; source_text_may_only_double_check_not_supply_answer
vdcr_concept_0098,B,电解气泡成核与脱离 Electrolysis Bubble Nucleation and Detachment,chemistry_materials_change,Electrolysis Bubble Nucleation and Detachment,chemistry_materials_change,materials_family_08,"Candidate must show the temporal sequence that instantiates Electrolysis Bubble Nucleation and Detachment, not merely an object, scene, or static result.",0,30,vdcr_v2_expansion_backlog; concept_zh=电解气泡成核与脱离; needed_candidates=2; production_gate=video_must_show_material_or_reaction_state_evolution; source_text_may_only_double_check_not_supply_answer
vdcr_concept_0094,B,Flame Blowoff,chemistry_materials_change,Flame Blowoff,chemistry_materials_change,materials_family_07,"Candidate must show the temporal sequence that instantiates Flame Blowoff, not merely an object, scene, or static result.",0,30,vdcr_v2_expansion_backlog; concept_zh=火焰吹熄; needed_candidates=2; production_gate=video_must_show_material_or_reaction_state_evolution; source_text_may_only_double_check_not_supply_answer
vdcr_concept_0094,B,Flame Blowoff demonstration,chemistry_materials_change,Flame Blowoff,chemistry_materials_change,materials_family_07,"Candidate must show the temporal sequence that instantiates Flame Blowoff, not merely an object, scene, or static result.",0,30,vdcr_v2_expansion_backlog; concept_zh=火焰吹熄; needed_candidates=2; production_gate=video_must_show_material_or_reaction_state_evolution; source_text_may_only_double_check_not_supply_answer
vdcr_concept_0094,B,Flame Blowoff experiment video,chemistry_materials_change,Flame Blowoff,chemistry_materials_change,materials_family_07,"Candidate must show the temporal sequence that instantiates Flame Blowoff, not merely an object, scene, or static result.",0,30,vdcr_v2_expansion_backlog; concept_zh=火焰吹熄; needed_candidates=2; production_gate=video_must_show_material_or_reaction_state_evolution; source_text_may_only_double_check_not_supply_answer
vdcr_concept_0094,B,火焰吹熄 Flame Blowoff,chemistry_materials_change,Flame Blowoff,chemistry_materials_change,materials_family_07,"Candidate must show the temporal sequence that instantiates Flame Blowoff, not merely an object, scene, or static result.",0,30,vdcr_v2_expansion_backlog; concept_zh=火焰吹熄; needed_candidates=2; production_gate=video_must_show_material_or_reaction_state_evolution; source_text_may_only_double_check_not_supply_answer
vdcr_concept_0246,B,Freeze-Induced Phase Separation,chemistry_materials_change,Freeze-Induced Phase Separation,chemistry_materials_change,materials_family_06,"Candidate must show the temporal sequence that instantiates Freeze-Induced Phase Separation, not merely an object, scene, or static result.",0,30,vdcr_v2_expansion_backlog; concept_zh=冻结诱导相分离; needed_candidates=2; production_gate=video_must_show_material_or_reaction_state_evolution; source_text_may_only_double_check_not_supply_answer
vdcr_concept_0246,B,Freeze-Induced Phase Separation demonstration,chemistry_materials_change,Freeze-Induced Phase Separation,chemistry_materials_change,materials_family_06,"Candidate must show the temporal sequence that instantiates Freeze-Induced Phase Separation, not merely an object, scene, or static result.",0,30,vdcr_v2_expansion_backlog; concept_zh=冻结诱导相分离; needed_candidates=2; production_gate=video_must_show_material_or_reaction_state_evolution; source_text_may_only_double_check_not_supply_answer
vdcr_concept_0246,B,Freeze-Induced Phase Separation experiment video,chemistry_materials_change,Freeze-Induced Phase Separation,chemistry_materials_change,materials_family_06,"Candidate must show the temporal sequence that instantiates Freeze-Induced Phase Separation, not merely an object, scene, or static result.",0,30,vdcr_v2_expansion_backlog; concept_zh=冻结诱导相分离; needed_candidates=2; production_gate=video_must_show_material_or_reaction_state_evolution; source_text_may_only_double_check_not_supply_answer
vdcr_concept_0246,B,冻结诱导相分离 Freeze-Induced Phase Separation,chemistry_materials_change,Freeze-Induced Phase Separation,chemistry_materials_change,materials_family_06,"Candidate must show the temporal sequence that instantiates Freeze-Induced Phase Separation, not merely an object, scene, or static result.",0,30,vdcr_v2_expansion_backlog; concept_zh=冻结诱导相分离; needed_candidates=2; production_gate=video_must_show_material_or_reaction_state_evolution; source_text_may_only_double_check_not_supply_answer
vdcr_concept_0084,B,Ostwald Ripening,chemistry_materials_change,Ostwald Ripening,chemistry_materials_change,materials_family_06,"Candidate must show the temporal sequence that instantiates Ostwald Ripening, not merely an object, scene, or static result.",0,30,vdcr_v2_expansion_backlog; concept_zh=奥斯特瓦尔德熟化; needed_candidates=2; production_gate=video_must_show_material_or_reaction_state_evolution; source_text_may_only_double_check_not_supply_answer
vdcr_concept_0084,B,Ostwald Ripening demonstration,chemistry_materials_change,Ostwald Ripening,chemistry_materials_change,materials_family_06,"Candidate must show the temporal sequence that instantiates Ostwald Ripening, not merely an object, scene, or static result.",0,30,vdcr_v2_expansion_backlog; concept_zh=奥斯特瓦尔德熟化; needed_candidates=2; production_gate=video_must_show_material_or_reaction_state_evolution; source_text_may_only_double_check_not_supply_answer
vdcr_concept_0084,B,Ostwald Ripening experiment video,chemistry_materials_change,Ostwald Ripening,chemistry_materials_change,materials_family_06,"Candidate must show the temporal sequence that instantiates Ostwald Ripening, not merely an object, scene, or static result.",0,30,vdcr_v2_expansion_backlog; concept_zh=奥斯特瓦尔德熟化; needed_candidates=2; production_gate=video_must_show_material_or_reaction_state_evolution; source_text_may_only_double_check_not_supply_answer
vdcr_concept_0084,B,奥斯特瓦尔德熟化 Ostwald Ripening,chemistry_materials_change,Ostwald Ripening,chemistry_materials_change,materials_family_06,"Candidate must show the temporal sequence that instantiates Ostwald Ripening, not merely an object, scene, or static result.",0,30,vdcr_v2_expansion_backlog; concept_zh=奥斯特瓦尔德熟化; needed_candidates=2; production_gate=video_must_show_material_or_reaction_state_evolution; source_text_may_only_double_check_not_supply_answer
vdcr_concept_0199,B,Braided Channel Migration,earth_environmental_systems,Braided Channel Migration,earth_environmental_systems,earth_family_02,"Candidate must show the temporal sequence that instantiates Braided Channel Migration, not merely an object, scene, or static result.",0,30,vdcr_v2_expansion_backlog; concept_zh=辫状河道迁移; needed_candidates=2; production_gate=video_must_show_process_evolution_or_instability_sequence_not_static_landform_or_event_label
vdcr_concept_0199,B,Braided Channel Migration demonstration,earth_environmental_systems,Braided Channel Migration,earth_environmental_systems,earth_family_02,"Candidate must show the temporal sequence that instantiates Braided Channel Migration, not merely an object, scene, or static result.",0,30,vdcr_v2_expansion_backlog; concept_zh=辫状河道迁移; needed_candidates=2; production_gate=video_must_show_process_evolution_or_instability_sequence_not_static_landform_or_event_label
vdcr_concept_0199,B,Braided Channel Migration experiment video,earth_environmental_systems,Braided Channel Migration,earth_environmental_systems,earth_family_02,"Candidate must show the temporal sequence that instantiates Braided Channel Migration, not merely an object, scene, or static result.",0,30,vdcr_v2_expansion_backlog; concept_zh=辫状河道迁移; needed_candidates=2; production_gate=video_must_show_process_evolution_or_instability_sequence_not_static_landform_or_event_label
vdcr_concept_0199,B,辫状河道迁移 Braided Channel Migration,earth_environmental_systems,Braided Channel Migration,earth_environmental_systems,earth_family_02,"Candidate must show the temporal sequence that instantiates Braided Channel Migration, not merely an object, scene, or static result.",0,30,vdcr_v2_expansion_backlog; concept_zh=辫状河道迁移; needed_candidates=2; production_gate=video_must_show_process_evolution_or_instability_sequence_not_static_landform_or_event_label
vdcr_concept_0241,B,Headward Erosion,earth_environmental_systems,Headward Erosion,earth_environmental_systems,earth_family_09,"Candidate must show the temporal sequence that instantiates Headward Erosion, not merely an object, scene, or static result.",0,30,vdcr_v2_expansion_backlog; concept_zh=溯源侵蚀; needed_candidates=2; production_gate=video_must_show_process_evolution_or_instability_sequence_not_static_landform_or_event_label
vdcr_concept_0241,B,Headward Erosion demonstration,earth_environmental_systems,Headward Erosion,earth_environmental_systems,earth_family_09,"Candidate must show the temporal sequence that instantiates Headward Erosion, not merely an object, scene, or static result.",0,30,vdcr_v2_expansion_backlog; concept_zh=溯源侵蚀; needed_candidates=2; production_gate=video_must_show_process_evolution_or_instability_sequence_not_static_landform_or_event_label
vdcr_concept_0241,B,Headward Erosion experiment video,earth_environmental_systems,Headward Erosion,earth_environmental_systems,earth_family_09,"Candidate must show the temporal sequence that instantiates Headward Erosion, not merely an object, scene, or static result.",0,30,vdcr_v2_expansion_backlog; concept_zh=溯源侵蚀; needed_candidates=2; production_gate=video_must_show_process_evolution_or_instability_sequence_not_static_landform_or_event_label
vdcr_concept_0241,B,溯源侵蚀 Headward Erosion,earth_environmental_systems,Headward Erosion,earth_environmental_systems,earth_family_09,"Candidate must show the temporal sequence that instantiates Headward Erosion, not merely an object, scene, or static result.",0,30,vdcr_v2_expansion_backlog; concept_zh=溯源侵蚀; needed_candidates=2; production_gate=video_must_show_process_evolution_or_instability_sequence_not_static_landform_or_event_label
vdcr_concept_0234,B,Plunging Breaker,earth_environmental_systems,Plunging Breaker,earth_environmental_systems,earth_family_08,"Candidate must show the temporal sequence that instantiates Plunging Breaker, not merely an object, scene, or static result.",0,30,vdcr_v2_expansion_backlog; concept_zh=卷破波; needed_candidates=2; production_gate=must_show_crest_steepening_overturning_entrainment_and_breaking_sequence
vdcr_concept_0234,B,Plunging Breaker demonstration,earth_environmental_systems,Plunging Breaker,earth_environmental_systems,earth_family_08,"Candidate must show the temporal sequence that instantiates Plunging Breaker, not merely an object, scene, or static result.",0,30,vdcr_v2_expansion_backlog; concept_zh=卷破波; needed_candidates=2; production_gate=must_show_crest_steepening_overturning_entrainment_and_breaking_sequence
vdcr_concept_0234,B,Plunging Breaker experiment video,earth_environmental_systems,Plunging Breaker,earth_environmental_systems,earth_family_08,"Candidate must show the temporal sequence that instantiates Plunging Breaker, not merely an object, scene, or static result.",0,30,vdcr_v2_expansion_backlog; concept_zh=卷破波; needed_candidates=2; production_gate=must_show_crest_steepening_overturning_entrainment_and_breaking_sequence
vdcr_concept_0234,B,卷破波 Plunging Breaker,earth_environmental_systems,Plunging Breaker,earth_environmental_systems,earth_family_08,"Candidate must show the temporal sequence that instantiates Plunging Breaker, not merely an object, scene, or static result.",0,30,vdcr_v2_expansion_backlog; concept_zh=卷破波; needed_candidates=2; production_gate=must_show_crest_steepening_overturning_entrainment_and_breaking_sequence
vdcr_concept_0227,B,Pyrocumulus Development,earth_environmental_systems,Pyrocumulus Development,earth_environmental_systems,earth_family_06,"Candidate must show the temporal sequence that instantiates Pyrocumulus Development, not merely an object, scene, or static result.",0,30,vdcr_v2_expansion_backlog; concept_zh=火积云发展; needed_candidates=2; production_gate=video_must_show_process_evolution_or_instability_sequence_not_static_landform_or_event_label
vdcr_concept_0227,B,Pyrocumulus Development demonstration,earth_environmental_systems,Pyrocumulus Development,earth_environmental_systems,earth_family_06,"Candidate must show the temporal sequence that instantiates Pyrocumulus Development, not merely an object, scene, or static result.",0,30,vdcr_v2_expansion_backlog; concept_zh=火积云发展; needed_candidates=2; production_gate=video_must_show_process_evolution_or_instability_sequence_not_static_landform_or_event_label
vdcr_concept_0227,B,Pyrocumulus Development experiment video,earth_environmental_systems,Pyrocumulus Development,earth_environmental_systems,earth_family_06,"Candidate must show the temporal sequence that instantiates Pyrocumulus Development, not merely an object, scene, or static result.",0,30,vdcr_v2_expansion_backlog; concept_zh=火积云发展; needed_candidates=2; production_gate=video_must_show_process_evolution_or_instability_sequence_not_static_landform_or_event_label
vdcr_concept_0227,B,火积云发展 Pyrocumulus Development,earth_environmental_systems,Pyrocumulus Development,earth_environmental_systems,earth_family_06,"Candidate must show the temporal sequence that instantiates Pyrocumulus Development, not merely an object, scene, or static result.",0,30,vdcr_v2_expansion_backlog; concept_zh=火积云发展; needed_candidates=2; production_gate=video_must_show_process_evolution_or_instability_sequence_not_static_landform_or_event_label
vdcr_concept_0247,B,Seismic Wave Propagation,earth_environmental_systems,Seismic Wave Propagation,earth_environmental_systems,earth_family_10,"Candidate must show the temporal sequence that instantiates Seismic Wave Propagation, not merely an object, scene, or static result.",0,30,vdcr_v2_expansion_backlog; concept_zh=地震波传播; needed_candidates=2; production_gate=must_show_wavefront_or_ground_motion_propagating_outward_over_time_not_only_static_map_or_epicenter_marker
vdcr_concept_0247,B,Seismic Wave Propagation demonstration,earth_environmental_systems,Seismic Wave Propagation,earth_environmental_systems,earth_family_10,"Candidate must show the temporal sequence that instantiates Seismic Wave Propagation, not merely an object, scene, or static result.",0,30,vdcr_v2_expansion_backlog; concept_zh=地震波传播; needed_candidates=2; production_gate=must_show_wavefront_or_ground_motion_propagating_outward_over_time_not_only_static_map_or_epicenter_marker
vdcr_concept_0247,B,Seismic Wave Propagation experiment video,earth_environmental_systems,Seismic Wave Propagation,earth_environmental_systems,earth_family_10,"Candidate must show the temporal sequence that instantiates Seismic Wave Propagation, not merely an object, scene, or static result.",0,30,vdcr_v2_expansion_backlog; concept_zh=地震波传播; needed_candidates=2; production_gate=must_show_wavefront_or_ground_motion_propagating_outward_over_time_not_only_static_map_or_epicenter_marker
vdcr_concept_0247,B,地震波传播 Seismic Wave Propagation,earth_environmental_systems,Seismic Wave Propagation,earth_environmental_systems,earth_family_10,"Candidate must show the temporal sequence that instantiates Seismic Wave Propagation, not merely an object, scene, or static result.",0,30,vdcr_v2_expansion_backlog; concept_zh=地震波传播; needed_candidates=2; production_gate=must_show_wavefront_or_ground_motion_propagating_outward_over_time_not_only_static_map_or_epicenter_marker
vdcr_concept_0201,B,Turbidity Current Propagation,earth_environmental_systems,Turbidity Current Propagation,earth_environmental_systems,earth_family_02,"Candidate must show the temporal sequence that instantiates Turbidity Current Propagation, not merely an object, scene, or static result.",0,30,vdcr_v2_expansion_backlog; concept_zh=浊流推进; needed_candidates=2; production_gate=video_must_show_process_evolution_or_instability_sequence_not_static_landform_or_event_label
vdcr_concept_0201,B,Turbidity Current Propagation demonstration,earth_environmental_systems,Turbidity Current Propagation,earth_environmental_systems,earth_family_02,"Candidate must show the temporal sequence that instantiates Turbidity Current Propagation, not merely an object, scene, or static result.",0,30,vdcr_v2_expansion_backlog; concept_zh=浊流推进; needed_candidates=2; production_gate=video_must_show_process_evolution_or_instability_sequence_not_static_landform_or_event_label
vdcr_concept_0201,B,Turbidity Current Propagation experiment video,earth_environmental_systems,Turbidity Current Propagation,earth_environmental_systems,earth_family_02,"Candidate must show the temporal sequence that instantiates Turbidity Current Propagation, not merely an object, scene, or static result.",0,30,vdcr_v2_expansion_backlog; concept_zh=浊流推进; needed_candidates=2; production_gate=video_must_show_process_evolution_or_instability_sequence_not_static_landform_or_event_label
vdcr_concept_0201,B,浊流推进 Turbidity Current Propagation,earth_environmental_systems,Turbidity Current Propagation,earth_environmental_systems,earth_family_02,"Candidate must show the temporal sequence that instantiates Turbidity Current Propagation, not merely an object, scene, or static result.",0,30,vdcr_v2_expansion_backlog; concept_zh=浊流推进; needed_candidates=2; production_gate=video_must_show_process_evolution_or_instability_sequence_not_static_landform_or_event_label
vdcr_concept_0056,B,Boiling Bubble Nucleation and Departure,physics_physical_systems,Boiling Bubble Nucleation and Departure,physics_physical_systems,physics_family_08,"Candidate must show the temporal sequence that instantiates Boiling Bubble Nucleation and Departure, not merely an object, scene, or static result.",0,30,vdcr_v2_expansion_backlog; concept_zh=沸腾气泡成核与脱离; needed_candidates=2; production_gate=video_must_show_named_dynamic_mechanism_sequence_without_title_or_source_leakage
vdcr_concept_0056,B,Boiling Bubble Nucleation and Departure demonstration,physics_physical_systems,Boiling Bubble Nucleation and Departure,physics_physical_systems,physics_family_08,"Candidate must show the temporal sequence that instantiates Boiling Bubble Nucleation and Departure, not merely an object, scene, or static result.",0,30,vdcr_v2_expansion_backlog; concept_zh=沸腾气泡成核与脱离; needed_candidates=2; production_gate=video_must_show_named_dynamic_mechanism_sequence_without_title_or_source_leakage
vdcr_concept_0056,B,Boiling Bubble Nucleation and Departure experiment video,physics_physical_systems,Boiling Bubble Nucleation and Departure,physics_physical_systems,physics_family_08,"Candidate must show the temporal sequence that instantiates Boiling Bubble Nucleation and Departure, not merely an object, scene, or static result.",0,30,vdcr_v2_expansion_backlog; concept_zh=沸腾气泡成核与脱离; needed_candidates=2; production_gate=video_must_show_named_dynamic_mechanism_sequence_without_title_or_source_leakage
vdcr_concept_0056,B,沸腾气泡成核与脱离 Boiling Bubble Nucleation and Departure,physics_physical_systems,Boiling Bubble Nucleation and Departure,physics_physical_systems,physics_family_08,"Candidate must show the temporal sequence that instantiates Boiling Bubble Nucleation and Departure, not merely an object, scene, or static result.",0,30,vdcr_v2_expansion_backlog; concept_zh=沸腾气泡成核与脱离; needed_candidates=2; production_gate=video_must_show_named_dynamic_mechanism_sequence_without_title_or_source_leakage
vdcr_concept_0035,B,Droplet Spreading and Retraction,physics_physical_systems,Droplet Spreading and Retraction,physics_physical_systems,physics_family_05,"Candidate must show the temporal sequence that instantiates Droplet Spreading and Retraction, not merely an object, scene, or static result.",0,30,vdcr_v2_expansion_backlog; concept_zh=液滴铺展-回缩; needed_candidates=2; production_gate=video_must_show_named_dynamic_mechanism_sequence_without_title_or_source_leakage
vdcr_concept_0035,B,Droplet Spreading and Retraction demonstration,physics_physical_systems,Droplet Spreading and Retraction,physics_physical_systems,physics_family_05,"Candidate must show the temporal sequence that instantiates Droplet Spreading and Retraction, not merely an object, scene, or static result.",0,30,vdcr_v2_expansion_backlog; concept_zh=液滴铺展-回缩; needed_candidates=2; production_gate=video_must_show_named_dynamic_mechanism_sequence_without_title_or_source_leakage
vdcr_concept_0035,B,Droplet Spreading and Retraction experiment video,physics_physical_systems,Droplet Spreading and Retraction,physics_physical_systems,physics_family_05,"Candidate must show the temporal sequence that instantiates Droplet Spreading and Retraction, not merely an object, scene, or static result.",0,30,vdcr_v2_expansion_backlog; concept_zh=液滴铺展-回缩; needed_candidates=2; production_gate=video_must_show_named_dynamic_mechanism_sequence_without_title_or_source_leakage
vdcr_concept_0035,B,液滴铺展-回缩 Droplet Spreading and Retraction,physics_physical_systems,Droplet Spreading and Retraction,physics_physical_systems,physics_family_05,"Candidate must show the temporal sequence that instantiates Droplet Spreading and Retraction, not merely an object, scene, or static result.",0,30,vdcr_v2_expansion_backlog; concept_zh=液滴铺展-回缩; needed_candidates=2; production_gate=video_must_show_named_dynamic_mechanism_sequence_without_title_or_source_leakage
vdcr_concept_0006,B,Saffman-Taylor Viscous Fingering,physics_physical_systems,Saffman-Taylor Viscous Fingering,physics_physical_systems,physics_family_01,"Candidate must show the temporal sequence that instantiates Saffman-Taylor Viscous Fingering, not merely an object, scene, or static result.",0,30,vdcr_v2_expansion_backlog; concept_zh=萨夫曼-泰勒黏性指进; needed_candidates=2; production_gate=video_must_show_named_dynamic_mechanism_sequence_without_title_or_source_leakage
vdcr_concept_0006,B,Saffman-Taylor Viscous Fingering demonstration,physics_physical_systems,Saffman-Taylor Viscous Fingering,physics_physical_systems,physics_family_01,"Candidate must show the temporal sequence that instantiates Saffman-Taylor Viscous Fingering, not merely an object, scene, or static result.",0,30,vdcr_v2_expansion_backlog; concept_zh=萨夫曼-泰勒黏性指进; needed_candidates=2; production_gate=video_must_show_named_dynamic_mechanism_sequence_without_title_or_source_leakage
vdcr_concept_0006,B,Saffman-Taylor Viscous Fingering experiment video,physics_physical_systems,Saffman-Taylor Viscous Fingering,physics_physical_systems,physics_family_01,"Candidate must show the temporal sequence that instantiates Saffman-Taylor Viscous Fingering, not merely an object, scene, or static result.",0,30,vdcr_v2_expansion_backlog; concept_zh=萨夫曼-泰勒黏性指进; needed_candidates=2; production_gate=video_must_show_named_dynamic_mechanism_sequence_without_title_or_source_leakage
vdcr_concept_0006,B,萨夫曼-泰勒黏性指进 Saffman-Taylor Viscous Fingering,physics_physical_systems,Saffman-Taylor Viscous Fingering,physics_physical_systems,physics_family_01,"Candidate must show the temporal sequence that instantiates Saffman-Taylor Viscous Fingering, not merely an object, scene, or static result.",0,30,vdcr_v2_expansion_backlog; concept_zh=萨夫曼-泰勒黏性指进; needed_candidates=2; production_gate=video_must_show_named_dynamic_mechanism_sequence_without_title_or_source_leakage
vdcr_concept_0248,B,Stokes Flow Kinematic Reversibility,physics_physical_systems,Stokes Flow Kinematic Reversibility,physics_physical_systems,physics_family_09,"Candidate must show the temporal sequence that instantiates Stokes Flow Kinematic Reversibility, not merely an object, scene, or static result.",0,30,vdcr_v2_expansion_backlog; concept_zh=斯托克斯流运动学可逆性; needed_candidates=2; production_gate=must_show_forward_laminar_deformation_or_mixing_followed_by_reverse_motion_restoring_the_pattern_not_only_static_colored_fluid
vdcr_concept_0248,B,Stokes Flow Kinematic Reversibility demonstration,physics_physical_systems,Stokes Flow Kinematic Reversibility,physics_physical_systems,physics_family_09,"Candidate must show the temporal sequence that instantiates Stokes Flow Kinematic Reversibility, not merely an object, scene, or static result.",0,30,vdcr_v2_expansion_backlog; concept_zh=斯托克斯流运动学可逆性; needed_candidates=2; production_gate=must_show_forward_laminar_deformation_or_mixing_followed_by_reverse_motion_restoring_the_pattern_not_only_static_colored_fluid
vdcr_concept_0248,B,Stokes Flow Kinematic Reversibility experiment video,physics_physical_systems,Stokes Flow Kinematic Reversibility,physics_physical_systems,physics_family_09,"Candidate must show the temporal sequence that instantiates Stokes Flow Kinematic Reversibility, not merely an object, scene, or static result.",0,30,vdcr_v2_expansion_backlog; concept_zh=斯托克斯流运动学可逆性; needed_candidates=2; production_gate=must_show_forward_laminar_deformation_or_mixing_followed_by_reverse_motion_restoring_the_pattern_not_only_static_colored_fluid
vdcr_concept_0248,B,斯托克斯流运动学可逆性 Stokes Flow Kinematic Reversibility,physics_physical_systems,Stokes Flow Kinematic Reversibility,physics_physical_systems,physics_family_09,"Candidate must show the temporal sequence that instantiates Stokes Flow Kinematic Reversibility, not merely an object, scene, or static result.",0,30,vdcr_v2_expansion_backlog; concept_zh=斯托克斯流运动学可逆性; needed_candidates=2; production_gate=must_show_forward_laminar_deformation_or_mixing_followed_by_reverse_motion_restoring_the_pattern_not_only_static_colored_fluid
vdcr_concept_0007,B,Taylor-Couette Vortices,physics_physical_systems,Taylor-Couette Vortices,physics_physical_systems,physics_family_01,"Candidate must show the temporal sequence that instantiates Taylor-Couette Vortices, not merely an object, scene, or static result.",0,30,vdcr_v2_expansion_backlog; concept_zh=泰勒-库埃特涡; needed_candidates=2; production_gate=video_must_show_named_dynamic_mechanism_sequence_without_title_or_source_leakage
vdcr_concept_0007,B,Taylor-Couette Vortices demonstration,physics_physical_systems,Taylor-Couette Vortices,physics_physical_systems,physics_family_01,"Candidate must show the temporal sequence that instantiates Taylor-Couette Vortices, not merely an object, scene, or static result.",0,30,vdcr_v2_expansion_backlog; concept_zh=泰勒-库埃特涡; needed_candidates=2; production_gate=video_must_show_named_dynamic_mechanism_sequence_without_title_or_source_leakage
vdcr_concept_0007,B,Taylor-Couette Vortices experiment video,physics_physical_systems,Taylor-Couette Vortices,physics_physical_systems,physics_family_01,"Candidate must show the temporal sequence that instantiates Taylor-Couette Vortices, not merely an object, scene, or static result.",0,30,vdcr_v2_expansion_backlog; concept_zh=泰勒-库埃特涡; needed_candidates=2; production_gate=video_must_show_named_dynamic_mechanism_sequence_without_title_or_source_leakage
vdcr_concept_0007,B,泰勒-库埃特涡 Taylor-Couette Vortices,physics_physical_systems,Taylor-Couette Vortices,physics_physical_systems,physics_family_01,"Candidate must show the temporal sequence that instantiates Taylor-Couette Vortices, not merely an object, scene, or static result.",0,30,vdcr_v2_expansion_backlog; concept_zh=泰勒-库埃特涡; needed_candidates=2; production_gate=video_must_show_named_dynamic_mechanism_sequence_without_title_or_source_leakage
vdcr_concept_0058,B,Thermocapillary Convection,physics_physical_systems,Thermocapillary Convection,physics_physical_systems,physics_family_08,"Candidate must show the temporal sequence that instantiates Thermocapillary Convection, not merely an object, scene, or static result.",0,30,vdcr_v2_expansion_backlog; concept_zh=热毛细对流; needed_candidates=2; production_gate=video_must_show_named_dynamic_mechanism_sequence_without_title_or_source_leakage
vdcr_concept_0058,B,Thermocapillary Convection demonstration,physics_physical_systems,Thermocapillary Convection,physics_physical_systems,physics_family_08,"Candidate must show the temporal sequence that instantiates Thermocapillary Convection, not merely an object, scene, or static result.",0,30,vdcr_v2_expansion_backlog; concept_zh=热毛细对流; needed_candidates=2; production_gate=video_must_show_named_dynamic_mechanism_sequence_without_title_or_source_leakage
vdcr_concept_0058,B,Thermocapillary Convection experiment video,physics_physical_systems,Thermocapillary Convection,physics_physical_systems,physics_family_08,"Candidate must show the temporal sequence that instantiates Thermocapillary Convection, not merely an object, scene, or static result.",0,30,vdcr_v2_expansion_backlog; concept_zh=热毛细对流; needed_candidates=2; production_gate=video_must_show_named_dynamic_mechanism_sequence_without_title_or_source_leakage
vdcr_concept_0058,B,热毛细对流 Thermocapillary Convection,physics_physical_systems,Thermocapillary Convection,physics_physical_systems,physics_family_08,"Candidate must show the temporal sequence that instantiates Thermocapillary Convection, not merely an object, scene, or static result.",0,30,vdcr_v2_expansion_backlog; concept_zh=热毛细对流; needed_candidates=2; production_gate=video_must_show_named_dynamic_mechanism_sequence_without_title_or_source_leakage
