concept_id,priority,search_term,initial_category,candidate_knowledge_point,domain_seed,subdomain_seed,why_dynamic,default_start_sec,default_end_sec,notes
vdcr_concept_0002,A,Karman Vortex Street,physics_physical_systems,Vortex Shedding / Karman Vortex Street,physics_physical_systems,physics_family_01,"Candidate must show the temporal sequence that instantiates Vortex Shedding / Karman Vortex Street, not merely an object, scene, or static result.",0,30,vdcr_direct_answer; concept_zh=周期涡脱落/卡门涡街; concept_type=自然动态机制; priority=A
vdcr_concept_0002,A,Karman Vortex Street video,physics_physical_systems,Vortex Shedding / Karman Vortex Street,physics_physical_systems,physics_family_01,"Candidate must show the temporal sequence that instantiates Vortex Shedding / Karman Vortex Street, not merely an object, scene, or static result.",0,30,vdcr_direct_answer; concept_zh=周期涡脱落/卡门涡街; concept_type=自然动态机制; priority=A
vdcr_concept_0002,A,Vortex Shedding,physics_physical_systems,Vortex Shedding / Karman Vortex Street,physics_physical_systems,physics_family_01,"Candidate must show the temporal sequence that instantiates Vortex Shedding / Karman Vortex Street, not merely an object, scene, or static result.",0,30,vdcr_direct_answer; concept_zh=周期涡脱落/卡门涡街; concept_type=自然动态机制; priority=A
vdcr_concept_0002,A,Vortex Shedding / Karman Vortex Street,physics_physical_systems,Vortex Shedding / Karman Vortex Street,physics_physical_systems,physics_family_01,"Candidate must show the temporal sequence that instantiates Vortex Shedding / Karman Vortex Street, not merely an object, scene, or static result.",0,30,vdcr_direct_answer; concept_zh=周期涡脱落/卡门涡街; concept_type=自然动态机制; priority=A
vdcr_concept_0002,A,Vortex Shedding / Karman Vortex Street demonstration,physics_physical_systems,Vortex Shedding / Karman Vortex Street,physics_physical_systems,physics_family_01,"Candidate must show the temporal sequence that instantiates Vortex Shedding / Karman Vortex Street, not merely an object, scene, or static result.",0,30,vdcr_direct_answer; concept_zh=周期涡脱落/卡门涡街; concept_type=自然动态机制; priority=A
vdcr_concept_0002,A,Vortex Shedding / Karman Vortex Street slow motion,physics_physical_systems,Vortex Shedding / Karman Vortex Street,physics_physical_systems,physics_family_01,"Candidate must show the temporal sequence that instantiates Vortex Shedding / Karman Vortex Street, not merely an object, scene, or static result.",0,30,vdcr_direct_answer; concept_zh=周期涡脱落/卡门涡街; concept_type=自然动态机制; priority=A
vdcr_concept_0002,A,Vortex Shedding / Karman Vortex Street video,physics_physical_systems,Vortex Shedding / Karman Vortex Street,physics_physical_systems,physics_family_01,"Candidate must show the temporal sequence that instantiates Vortex Shedding / Karman Vortex Street, not merely an object, scene, or static result.",0,30,vdcr_direct_answer; concept_zh=周期涡脱落/卡门涡街; concept_type=自然动态机制; priority=A
vdcr_concept_0002,A,Vortex Shedding video,physics_physical_systems,Vortex Shedding / Karman Vortex Street,physics_physical_systems,physics_family_01,"Candidate must show the temporal sequence that instantiates Vortex Shedding / Karman Vortex Street, not merely an object, scene, or static result.",0,30,vdcr_direct_answer; concept_zh=周期涡脱落/卡门涡街; concept_type=自然动态机制; priority=A
vdcr_concept_0002,A,周期涡脱落/卡门涡街 Vortex Shedding / Karman Vortex Street,physics_physical_systems,Vortex Shedding / Karman Vortex Street,physics_physical_systems,physics_family_01,"Candidate must show the temporal sequence that instantiates Vortex Shedding / Karman Vortex Street, not merely an object, scene, or static result.",0,30,vdcr_direct_answer; concept_zh=周期涡脱落/卡门涡街; concept_type=自然动态机制; priority=A
vdcr_concept_0003,A,Cavitation Bubble Growth and Collapse,physics_physical_systems,Cavitation Bubble Growth and Collapse,physics_physical_systems,physics_family_01,"Candidate must show the temporal sequence that instantiates Cavitation Bubble Growth and Collapse, not merely an object, scene, or static result.",0,30,vdcr_direct_answer; concept_zh=空化泡生长与塌缩; concept_type=自然动态机制; priority=A
vdcr_concept_0003,A,Cavitation Bubble Growth and Collapse demonstration,physics_physical_systems,Cavitation Bubble Growth and Collapse,physics_physical_systems,physics_family_01,"Candidate must show the temporal sequence that instantiates Cavitation Bubble Growth and Collapse, not merely an object, scene, or static result.",0,30,vdcr_direct_answer; concept_zh=空化泡生长与塌缩; concept_type=自然动态机制; priority=A
vdcr_concept_0003,A,Cavitation Bubble Growth and Collapse slow motion,physics_physical_systems,Cavitation Bubble Growth and Collapse,physics_physical_systems,physics_family_01,"Candidate must show the temporal sequence that instantiates Cavitation Bubble Growth and Collapse, not merely an object, scene, or static result.",0,30,vdcr_direct_answer; concept_zh=空化泡生长与塌缩; concept_type=自然动态机制; priority=A
vdcr_concept_0003,A,Cavitation Bubble Growth and Collapse video,physics_physical_systems,Cavitation Bubble Growth and Collapse,physics_physical_systems,physics_family_01,"Candidate must show the temporal sequence that instantiates Cavitation Bubble Growth and Collapse, not merely an object, scene, or static result.",0,30,vdcr_direct_answer; concept_zh=空化泡生长与塌缩; concept_type=自然动态机制; priority=A
vdcr_concept_0003,A,空化泡生长与塌缩 Cavitation Bubble Growth and Collapse,physics_physical_systems,Cavitation Bubble Growth and Collapse,physics_physical_systems,physics_family_01,"Candidate must show the temporal sequence that instantiates Cavitation Bubble Growth and Collapse, not merely an object, scene, or static result.",0,30,vdcr_direct_answer; concept_zh=空化泡生长与塌缩; concept_type=自然动态机制; priority=A
vdcr_concept_0004,A,Kelvin-Helmholtz Instability,physics_physical_systems,Kelvin-Helmholtz Instability,physics_physical_systems,physics_family_01,"Candidate must show the temporal sequence that instantiates Kelvin-Helmholtz Instability, not merely an object, scene, or static result.",0,30,vdcr_direct_answer; concept_zh=开尔文-亥姆霍兹不稳定性; concept_type=自然动态机制; priority=A
vdcr_concept_0004,A,Kelvin-Helmholtz Instability demonstration,physics_physical_systems,Kelvin-Helmholtz Instability,physics_physical_systems,physics_family_01,"Candidate must show the temporal sequence that instantiates Kelvin-Helmholtz Instability, not merely an object, scene, or static result.",0,30,vdcr_direct_answer; concept_zh=开尔文-亥姆霍兹不稳定性; concept_type=自然动态机制; priority=A
vdcr_concept_0004,A,Kelvin-Helmholtz Instability slow motion,physics_physical_systems,Kelvin-Helmholtz Instability,physics_physical_systems,physics_family_01,"Candidate must show the temporal sequence that instantiates Kelvin-Helmholtz Instability, not merely an object, scene, or static result.",0,30,vdcr_direct_answer; concept_zh=开尔文-亥姆霍兹不稳定性; concept_type=自然动态机制; priority=A
vdcr_concept_0004,A,Kelvin-Helmholtz Instability video,physics_physical_systems,Kelvin-Helmholtz Instability,physics_physical_systems,physics_family_01,"Candidate must show the temporal sequence that instantiates Kelvin-Helmholtz Instability, not merely an object, scene, or static result.",0,30,vdcr_direct_answer; concept_zh=开尔文-亥姆霍兹不稳定性; concept_type=自然动态机制; priority=A
vdcr_concept_0004,A,开尔文-亥姆霍兹不稳定性 Kelvin-Helmholtz Instability,physics_physical_systems,Kelvin-Helmholtz Instability,physics_physical_systems,physics_family_01,"Candidate must show the temporal sequence that instantiates Kelvin-Helmholtz Instability, not merely an object, scene, or static result.",0,30,vdcr_direct_answer; concept_zh=开尔文-亥姆霍兹不稳定性; concept_type=自然动态机制; priority=A
vdcr_concept_0005,A,Rayleigh-Taylor Instability,physics_physical_systems,Rayleigh-Taylor Instability,physics_physical_systems,physics_family_01,"Candidate must show the temporal sequence that instantiates Rayleigh-Taylor Instability, not merely an object, scene, or static result.",0,30,vdcr_direct_answer; concept_zh=瑞利-泰勒不稳定性; concept_type=自然动态机制; priority=A
vdcr_concept_0005,A,Rayleigh-Taylor Instability demonstration,physics_physical_systems,Rayleigh-Taylor Instability,physics_physical_systems,physics_family_01,"Candidate must show the temporal sequence that instantiates Rayleigh-Taylor Instability, not merely an object, scene, or static result.",0,30,vdcr_direct_answer; concept_zh=瑞利-泰勒不稳定性; concept_type=自然动态机制; priority=A
vdcr_concept_0005,A,Rayleigh-Taylor Instability slow motion,physics_physical_systems,Rayleigh-Taylor Instability,physics_physical_systems,physics_family_01,"Candidate must show the temporal sequence that instantiates Rayleigh-Taylor Instability, not merely an object, scene, or static result.",0,30,vdcr_direct_answer; concept_zh=瑞利-泰勒不稳定性; concept_type=自然动态机制; priority=A
vdcr_concept_0005,A,Rayleigh-Taylor Instability video,physics_physical_systems,Rayleigh-Taylor Instability,physics_physical_systems,physics_family_01,"Candidate must show the temporal sequence that instantiates Rayleigh-Taylor Instability, not merely an object, scene, or static result.",0,30,vdcr_direct_answer; concept_zh=瑞利-泰勒不稳定性; concept_type=自然动态机制; priority=A
vdcr_concept_0005,A,瑞利-泰勒不稳定性 Rayleigh-Taylor Instability,physics_physical_systems,Rayleigh-Taylor Instability,physics_physical_systems,physics_family_01,"Candidate must show the temporal sequence that instantiates Rayleigh-Taylor Instability, not merely an object, scene, or static result.",0,30,vdcr_direct_answer; concept_zh=瑞利-泰勒不稳定性; concept_type=自然动态机制; priority=A
vdcr_concept_0008,A,Hydraulic Jump,physics_physical_systems,Hydraulic Jump,physics_physical_systems,physics_family_01,"Candidate must show the temporal sequence that instantiates Hydraulic Jump, not merely an object, scene, or static result.",0,30,vdcr_direct_answer; concept_zh=水跃; concept_type=自然动态机制; priority=A
vdcr_concept_0008,A,Hydraulic Jump demonstration,physics_physical_systems,Hydraulic Jump,physics_physical_systems,physics_family_01,"Candidate must show the temporal sequence that instantiates Hydraulic Jump, not merely an object, scene, or static result.",0,30,vdcr_direct_answer; concept_zh=水跃; concept_type=自然动态机制; priority=A
vdcr_concept_0008,A,Hydraulic Jump slow motion,physics_physical_systems,Hydraulic Jump,physics_physical_systems,physics_family_01,"Candidate must show the temporal sequence that instantiates Hydraulic Jump, not merely an object, scene, or static result.",0,30,vdcr_direct_answer; concept_zh=水跃; concept_type=自然动态机制; priority=A
vdcr_concept_0008,A,Hydraulic Jump video,physics_physical_systems,Hydraulic Jump,physics_physical_systems,physics_family_01,"Candidate must show the temporal sequence that instantiates Hydraulic Jump, not merely an object, scene, or static result.",0,30,vdcr_direct_answer; concept_zh=水跃; concept_type=自然动态机制; priority=A
vdcr_concept_0008,A,水跃 Hydraulic Jump,physics_physical_systems,Hydraulic Jump,physics_physical_systems,physics_family_01,"Candidate must show the temporal sequence that instantiates Hydraulic Jump, not merely an object, scene, or static result.",0,30,vdcr_direct_answer; concept_zh=水跃; concept_type=自然动态机制; priority=A
vdcr_concept_0009,A,Rayleigh-Plateau Breakup,physics_physical_systems,Rayleigh-Plateau Breakup,physics_physical_systems,physics_family_02,"Candidate must show the temporal sequence that instantiates Rayleigh-Plateau Breakup, not merely an object, scene, or static result.",0,30,vdcr_direct_answer; concept_zh=瑞利-普拉托断裂; concept_type=自然动态机制; priority=A
vdcr_concept_0009,A,Rayleigh-Plateau Breakup demonstration,physics_physical_systems,Rayleigh-Plateau Breakup,physics_physical_systems,physics_family_02,"Candidate must show the temporal sequence that instantiates Rayleigh-Plateau Breakup, not merely an object, scene, or static result.",0,30,vdcr_direct_answer; concept_zh=瑞利-普拉托断裂; concept_type=自然动态机制; priority=A
vdcr_concept_0009,A,Rayleigh-Plateau Breakup slow motion,physics_physical_systems,Rayleigh-Plateau Breakup,physics_physical_systems,physics_family_02,"Candidate must show the temporal sequence that instantiates Rayleigh-Plateau Breakup, not merely an object, scene, or static result.",0,30,vdcr_direct_answer; concept_zh=瑞利-普拉托断裂; concept_type=自然动态机制; priority=A
vdcr_concept_0009,A,Rayleigh-Plateau Breakup video,physics_physical_systems,Rayleigh-Plateau Breakup,physics_physical_systems,physics_family_02,"Candidate must show the temporal sequence that instantiates Rayleigh-Plateau Breakup, not merely an object, scene, or static result.",0,30,vdcr_direct_answer; concept_zh=瑞利-普拉托断裂; concept_type=自然动态机制; priority=A
vdcr_concept_0009,A,瑞利-普拉托断裂 Rayleigh-Plateau Breakup,physics_physical_systems,Rayleigh-Plateau Breakup,physics_physical_systems,physics_family_02,"Candidate must show the temporal sequence that instantiates Rayleigh-Plateau Breakup, not merely an object, scene, or static result.",0,30,vdcr_direct_answer; concept_zh=瑞利-普拉托断裂; concept_type=自然动态机制; priority=A
vdcr_concept_0013,A,Liquid Bridge Pinch-Off,physics_physical_systems,Liquid Bridge Pinch-Off,physics_physical_systems,physics_family_02,"Candidate must show the temporal sequence that instantiates Liquid Bridge Pinch-Off, not merely an object, scene, or static result.",0,30,vdcr_direct_answer; concept_zh=液桥颈缩断裂; concept_type=自然动态机制; priority=A
vdcr_concept_0013,A,Liquid Bridge Pinch-Off demonstration,physics_physical_systems,Liquid Bridge Pinch-Off,physics_physical_systems,physics_family_02,"Candidate must show the temporal sequence that instantiates Liquid Bridge Pinch-Off, not merely an object, scene, or static result.",0,30,vdcr_direct_answer; concept_zh=液桥颈缩断裂; concept_type=自然动态机制; priority=A
vdcr_concept_0013,A,Liquid Bridge Pinch-Off slow motion,physics_physical_systems,Liquid Bridge Pinch-Off,physics_physical_systems,physics_family_02,"Candidate must show the temporal sequence that instantiates Liquid Bridge Pinch-Off, not merely an object, scene, or static result.",0,30,vdcr_direct_answer; concept_zh=液桥颈缩断裂; concept_type=自然动态机制; priority=A
vdcr_concept_0013,A,Liquid Bridge Pinch-Off video,physics_physical_systems,Liquid Bridge Pinch-Off,physics_physical_systems,physics_family_02,"Candidate must show the temporal sequence that instantiates Liquid Bridge Pinch-Off, not merely an object, scene, or static result.",0,30,vdcr_direct_answer; concept_zh=液桥颈缩断裂; concept_type=自然动态机制; priority=A
vdcr_concept_0013,A,液桥颈缩断裂 Liquid Bridge Pinch-Off,physics_physical_systems,Liquid Bridge Pinch-Off,physics_physical_systems,physics_family_02,"Candidate must show the temporal sequence that instantiates Liquid Bridge Pinch-Off, not merely an object, scene, or static result.",0,30,vdcr_direct_answer; concept_zh=液桥颈缩断裂; concept_type=自然动态机制; priority=A
vdcr_concept_0014,A,Leidenfrost Droplet Motion,physics_physical_systems,Leidenfrost Droplet Motion,physics_physical_systems,physics_family_02,"Candidate must show the temporal sequence that instantiates Leidenfrost Droplet Motion, not merely an object, scene, or static result.",0,30,vdcr_direct_answer; concept_zh=莱顿弗罗斯特液滴运动; concept_type=自然动态机制; priority=A
vdcr_concept_0014,A,Leidenfrost Droplet Motion demonstration,physics_physical_systems,Leidenfrost Droplet Motion,physics_physical_systems,physics_family_02,"Candidate must show the temporal sequence that instantiates Leidenfrost Droplet Motion, not merely an object, scene, or static result.",0,30,vdcr_direct_answer; concept_zh=莱顿弗罗斯特液滴运动; concept_type=自然动态机制; priority=A
vdcr_concept_0014,A,Leidenfrost Droplet Motion slow motion,physics_physical_systems,Leidenfrost Droplet Motion,physics_physical_systems,physics_family_02,"Candidate must show the temporal sequence that instantiates Leidenfrost Droplet Motion, not merely an object, scene, or static result.",0,30,vdcr_direct_answer; concept_zh=莱顿弗罗斯特液滴运动; concept_type=自然动态机制; priority=A
vdcr_concept_0014,A,Leidenfrost Droplet Motion video,physics_physical_systems,Leidenfrost Droplet Motion,physics_physical_systems,physics_family_02,"Candidate must show the temporal sequence that instantiates Leidenfrost Droplet Motion, not merely an object, scene, or static result.",0,30,vdcr_direct_answer; concept_zh=莱顿弗罗斯特液滴运动; concept_type=自然动态机制; priority=A
vdcr_concept_0014,A,莱顿弗罗斯特液滴运动 Leidenfrost Droplet Motion,physics_physical_systems,Leidenfrost Droplet Motion,physics_physical_systems,physics_family_02,"Candidate must show the temporal sequence that instantiates Leidenfrost Droplet Motion, not merely an object, scene, or static result.",0,30,vdcr_direct_answer; concept_zh=莱顿弗罗斯特液滴运动; concept_type=自然动态机制; priority=A
vdcr_concept_0015,A,Marangoni-Driven Flow,physics_physical_systems,Marangoni-Driven Flow,physics_physical_systems,physics_family_02,"Candidate must show the temporal sequence that instantiates Marangoni-Driven Flow, not merely an object, scene, or static result.",0,30,vdcr_direct_answer; concept_zh=马兰戈尼驱动流; concept_type=自然动态机制; priority=A
vdcr_concept_0015,A,Marangoni-Driven Flow demonstration,physics_physical_systems,Marangoni-Driven Flow,physics_physical_systems,physics_family_02,"Candidate must show the temporal sequence that instantiates Marangoni-Driven Flow, not merely an object, scene, or static result.",0,30,vdcr_direct_answer; concept_zh=马兰戈尼驱动流; concept_type=自然动态机制; priority=A
vdcr_concept_0015,A,Marangoni-Driven Flow slow motion,physics_physical_systems,Marangoni-Driven Flow,physics_physical_systems,physics_family_02,"Candidate must show the temporal sequence that instantiates Marangoni-Driven Flow, not merely an object, scene, or static result.",0,30,vdcr_direct_answer; concept_zh=马兰戈尼驱动流; concept_type=自然动态机制; priority=A
vdcr_concept_0015,A,Marangoni-Driven Flow video,physics_physical_systems,Marangoni-Driven Flow,physics_physical_systems,physics_family_02,"Candidate must show the temporal sequence that instantiates Marangoni-Driven Flow, not merely an object, scene, or static result.",0,30,vdcr_direct_answer; concept_zh=马兰戈尼驱动流; concept_type=自然动态机制; priority=A
vdcr_concept_0015,A,马兰戈尼驱动流 Marangoni-Driven Flow,physics_physical_systems,Marangoni-Driven Flow,physics_physical_systems,physics_family_02,"Candidate must show the temporal sequence that instantiates Marangoni-Driven Flow, not merely an object, scene, or static result.",0,30,vdcr_direct_answer; concept_zh=马兰戈尼驱动流; concept_type=自然动态机制; priority=A
vdcr_concept_0017,A,Standing Wave Formation,physics_physical_systems,Standing Wave Formation,physics_physical_systems,physics_family_03,"Candidate must show the temporal sequence that instantiates Standing Wave Formation, not merely an object, scene, or static result.",0,30,vdcr_direct_answer; concept_zh=驻波形成; concept_type=自然动态机制; priority=A
vdcr_concept_0017,A,Standing Wave Formation demonstration,physics_physical_systems,Standing Wave Formation,physics_physical_systems,physics_family_03,"Candidate must show the temporal sequence that instantiates Standing Wave Formation, not merely an object, scene, or static result.",0,30,vdcr_direct_answer; concept_zh=驻波形成; concept_type=自然动态机制; priority=A
vdcr_concept_0017,A,Standing Wave Formation slow motion,physics_physical_systems,Standing Wave Formation,physics_physical_systems,physics_family_03,"Candidate must show the temporal sequence that instantiates Standing Wave Formation, not merely an object, scene, or static result.",0,30,vdcr_direct_answer; concept_zh=驻波形成; concept_type=自然动态机制; priority=A
vdcr_concept_0017,A,Standing Wave Formation video,physics_physical_systems,Standing Wave Formation,physics_physical_systems,physics_family_03,"Candidate must show the temporal sequence that instantiates Standing Wave Formation, not merely an object, scene, or static result.",0,30,vdcr_direct_answer; concept_zh=驻波形成; concept_type=自然动态机制; priority=A
vdcr_concept_0017,A,驻波形成 Standing Wave Formation,physics_physical_systems,Standing Wave Formation,physics_physical_systems,physics_family_03,"Candidate must show the temporal sequence that instantiates Standing Wave Formation, not merely an object, scene, or static result.",0,30,vdcr_direct_answer; concept_zh=驻波形成; concept_type=自然动态机制; priority=A
vdcr_concept_0019,A,Faraday Waves,physics_physical_systems,Faraday Waves,physics_physical_systems,physics_family_03,"Candidate must show the temporal sequence that instantiates Faraday Waves, not merely an object, scene, or static result.",0,30,vdcr_direct_answer; concept_zh=法拉第波; concept_type=自然动态机制; priority=A
vdcr_concept_0019,A,Faraday Waves demonstration,physics_physical_systems,Faraday Waves,physics_physical_systems,physics_family_03,"Candidate must show the temporal sequence that instantiates Faraday Waves, not merely an object, scene, or static result.",0,30,vdcr_direct_answer; concept_zh=法拉第波; concept_type=自然动态机制; priority=A
vdcr_concept_0019,A,Faraday Waves slow motion,physics_physical_systems,Faraday Waves,physics_physical_systems,physics_family_03,"Candidate must show the temporal sequence that instantiates Faraday Waves, not merely an object, scene, or static result.",0,30,vdcr_direct_answer; concept_zh=法拉第波; concept_type=自然动态机制; priority=A
vdcr_concept_0019,A,Faraday Waves video,physics_physical_systems,Faraday Waves,physics_physical_systems,physics_family_03,"Candidate must show the temporal sequence that instantiates Faraday Waves, not merely an object, scene, or static result.",0,30,vdcr_direct_answer; concept_zh=法拉第波; concept_type=自然动态机制; priority=A
vdcr_concept_0019,A,法拉第波 Faraday Waves,physics_physical_systems,Faraday Waves,physics_physical_systems,physics_family_03,"Candidate must show the temporal sequence that instantiates Faraday Waves, not merely an object, scene, or static result.",0,30,vdcr_direct_answer; concept_zh=法拉第波; concept_type=自然动态机制; priority=A
vdcr_concept_0024,A,Gyroscopic Precession,physics_physical_systems,Gyroscopic Precession,physics_physical_systems,physics_family_04,"Candidate must show the temporal sequence that instantiates Gyroscopic Precession, not merely an object, scene, or static result.",0,30,vdcr_direct_answer; concept_zh=陀螺进动; concept_type=自然动态机制; priority=A
vdcr_concept_0024,A,Gyroscopic Precession demonstration,physics_physical_systems,Gyroscopic Precession,physics_physical_systems,physics_family_04,"Candidate must show the temporal sequence that instantiates Gyroscopic Precession, not merely an object, scene, or static result.",0,30,vdcr_direct_answer; concept_zh=陀螺进动; concept_type=自然动态机制; priority=A
vdcr_concept_0024,A,Gyroscopic Precession slow motion,physics_physical_systems,Gyroscopic Precession,physics_physical_systems,physics_family_04,"Candidate must show the temporal sequence that instantiates Gyroscopic Precession, not merely an object, scene, or static result.",0,30,vdcr_direct_answer; concept_zh=陀螺进动; concept_type=自然动态机制; priority=A
vdcr_concept_0024,A,Gyroscopic Precession video,physics_physical_systems,Gyroscopic Precession,physics_physical_systems,physics_family_04,"Candidate must show the temporal sequence that instantiates Gyroscopic Precession, not merely an object, scene, or static result.",0,30,vdcr_direct_answer; concept_zh=陀螺进动; concept_type=自然动态机制; priority=A
vdcr_concept_0024,A,陀螺进动 Gyroscopic Precession,physics_physical_systems,Gyroscopic Precession,physics_physical_systems,physics_family_04,"Candidate must show the temporal sequence that instantiates Gyroscopic Precession, not merely an object, scene, or static result.",0,30,vdcr_direct_answer; concept_zh=陀螺进动; concept_type=自然动态机制; priority=A
vdcr_concept_0025,A,Dzhanibekov Effect,physics_physical_systems,Dzhanibekov Effect / Tennis Racket Theorem,physics_physical_systems,physics_family_04,"Candidate must show the temporal sequence that instantiates Dzhanibekov Effect / Tennis Racket Theorem, not merely an object, scene, or static result.",0,30,vdcr_direct_answer; concept_zh=贾尼别科夫效应/网球拍定理; concept_type=自然动态机制; priority=A
vdcr_concept_0025,A,Dzhanibekov Effect / Tennis Racket Theorem,physics_physical_systems,Dzhanibekov Effect / Tennis Racket Theorem,physics_physical_systems,physics_family_04,"Candidate must show the temporal sequence that instantiates Dzhanibekov Effect / Tennis Racket Theorem, not merely an object, scene, or static result.",0,30,vdcr_direct_answer; concept_zh=贾尼别科夫效应/网球拍定理; concept_type=自然动态机制; priority=A
vdcr_concept_0025,A,Dzhanibekov Effect / Tennis Racket Theorem demonstration,physics_physical_systems,Dzhanibekov Effect / Tennis Racket Theorem,physics_physical_systems,physics_family_04,"Candidate must show the temporal sequence that instantiates Dzhanibekov Effect / Tennis Racket Theorem, not merely an object, scene, or static result.",0,30,vdcr_direct_answer; concept_zh=贾尼别科夫效应/网球拍定理; concept_type=自然动态机制; priority=A
vdcr_concept_0025,A,Dzhanibekov Effect / Tennis Racket Theorem slow motion,physics_physical_systems,Dzhanibekov Effect / Tennis Racket Theorem,physics_physical_systems,physics_family_04,"Candidate must show the temporal sequence that instantiates Dzhanibekov Effect / Tennis Racket Theorem, not merely an object, scene, or static result.",0,30,vdcr_direct_answer; concept_zh=贾尼别科夫效应/网球拍定理; concept_type=自然动态机制; priority=A
vdcr_concept_0025,A,Dzhanibekov Effect / Tennis Racket Theorem video,physics_physical_systems,Dzhanibekov Effect / Tennis Racket Theorem,physics_physical_systems,physics_family_04,"Candidate must show the temporal sequence that instantiates Dzhanibekov Effect / Tennis Racket Theorem, not merely an object, scene, or static result.",0,30,vdcr_direct_answer; concept_zh=贾尼别科夫效应/网球拍定理; concept_type=自然动态机制; priority=A
vdcr_concept_0025,A,Dzhanibekov Effect video,physics_physical_systems,Dzhanibekov Effect / Tennis Racket Theorem,physics_physical_systems,physics_family_04,"Candidate must show the temporal sequence that instantiates Dzhanibekov Effect / Tennis Racket Theorem, not merely an object, scene, or static result.",0,30,vdcr_direct_answer; concept_zh=贾尼别科夫效应/网球拍定理; concept_type=自然动态机制; priority=A
vdcr_concept_0025,A,Tennis Racket Theorem,physics_physical_systems,Dzhanibekov Effect / Tennis Racket Theorem,physics_physical_systems,physics_family_04,"Candidate must show the temporal sequence that instantiates Dzhanibekov Effect / Tennis Racket Theorem, not merely an object, scene, or static result.",0,30,vdcr_direct_answer; concept_zh=贾尼别科夫效应/网球拍定理; concept_type=自然动态机制; priority=A
vdcr_concept_0025,A,Tennis Racket Theorem video,physics_physical_systems,Dzhanibekov Effect / Tennis Racket Theorem,physics_physical_systems,physics_family_04,"Candidate must show the temporal sequence that instantiates Dzhanibekov Effect / Tennis Racket Theorem, not merely an object, scene, or static result.",0,30,vdcr_direct_answer; concept_zh=贾尼别科夫效应/网球拍定理; concept_type=自然动态机制; priority=A
vdcr_concept_0025,A,贾尼别科夫效应/网球拍定理 Dzhanibekov Effect / Tennis Racket Theorem,physics_physical_systems,Dzhanibekov Effect / Tennis Racket Theorem,physics_physical_systems,physics_family_04,"Candidate must show the temporal sequence that instantiates Dzhanibekov Effect / Tennis Racket Theorem, not merely an object, scene, or static result.",0,30,vdcr_direct_answer; concept_zh=贾尼别科夫效应/网球拍定理; concept_type=自然动态机制; priority=A
vdcr_concept_0028,A,Brazil Nut Effect,physics_physical_systems,Brazil Nut Effect,physics_physical_systems,physics_family_04,"Candidate must show the temporal sequence that instantiates Brazil Nut Effect, not merely an object, scene, or static result.",0,30,vdcr_direct_answer; concept_zh=巴西坚果效应; concept_type=自然动态机制; priority=A
vdcr_concept_0028,A,Brazil Nut Effect demonstration,physics_physical_systems,Brazil Nut Effect,physics_physical_systems,physics_family_04,"Candidate must show the temporal sequence that instantiates Brazil Nut Effect, not merely an object, scene, or static result.",0,30,vdcr_direct_answer; concept_zh=巴西坚果效应; concept_type=自然动态机制; priority=A
vdcr_concept_0028,A,Brazil Nut Effect slow motion,physics_physical_systems,Brazil Nut Effect,physics_physical_systems,physics_family_04,"Candidate must show the temporal sequence that instantiates Brazil Nut Effect, not merely an object, scene, or static result.",0,30,vdcr_direct_answer; concept_zh=巴西坚果效应; concept_type=自然动态机制; priority=A
vdcr_concept_0028,A,Brazil Nut Effect video,physics_physical_systems,Brazil Nut Effect,physics_physical_systems,physics_family_04,"Candidate must show the temporal sequence that instantiates Brazil Nut Effect, not merely an object, scene, or static result.",0,30,vdcr_direct_answer; concept_zh=巴西坚果效应; concept_type=自然动态机制; priority=A
vdcr_concept_0028,A,巴西坚果效应 Brazil Nut Effect,physics_physical_systems,Brazil Nut Effect,physics_physical_systems,physics_family_04,"Candidate must show the temporal sequence that instantiates Brazil Nut Effect, not merely an object, scene, or static result.",0,30,vdcr_direct_answer; concept_zh=巴西坚果效应; concept_type=自然动态机制; priority=A
vdcr_concept_0032,A,Crown Splash,physics_physical_systems,Crown Splash,physics_physical_systems,physics_family_05,"Candidate must show the temporal sequence that instantiates Crown Splash, not merely an object, scene, or static result.",0,30,vdcr_direct_answer; concept_zh=冠状飞溅; concept_type=自然动态机制; priority=A
vdcr_concept_0032,A,Crown Splash demonstration,physics_physical_systems,Crown Splash,physics_physical_systems,physics_family_05,"Candidate must show the temporal sequence that instantiates Crown Splash, not merely an object, scene, or static result.",0,30,vdcr_direct_answer; concept_zh=冠状飞溅; concept_type=自然动态机制; priority=A
vdcr_concept_0032,A,Crown Splash slow motion,physics_physical_systems,Crown Splash,physics_physical_systems,physics_family_05,"Candidate must show the temporal sequence that instantiates Crown Splash, not merely an object, scene, or static result.",0,30,vdcr_direct_answer; concept_zh=冠状飞溅; concept_type=自然动态机制; priority=A
vdcr_concept_0032,A,Crown Splash video,physics_physical_systems,Crown Splash,physics_physical_systems,physics_family_05,"Candidate must show the temporal sequence that instantiates Crown Splash, not merely an object, scene, or static result.",0,30,vdcr_direct_answer; concept_zh=冠状飞溅; concept_type=自然动态机制; priority=A
vdcr_concept_0032,A,冠状飞溅 Crown Splash,physics_physical_systems,Crown Splash,physics_physical_systems,physics_family_05,"Candidate must show the temporal sequence that instantiates Crown Splash, not merely an object, scene, or static result.",0,30,vdcr_direct_answer; concept_zh=冠状飞溅; concept_type=自然动态机制; priority=A
vdcr_concept_0033,A,Worthington Jet,physics_physical_systems,Worthington Jet,physics_physical_systems,physics_family_05,"Candidate must show the temporal sequence that instantiates Worthington Jet, not merely an object, scene, or static result.",0,30,vdcr_direct_answer; concept_zh=沃辛顿射流; concept_type=自然动态机制; priority=A
vdcr_concept_0033,A,Worthington Jet demonstration,physics_physical_systems,Worthington Jet,physics_physical_systems,physics_family_05,"Candidate must show the temporal sequence that instantiates Worthington Jet, not merely an object, scene, or static result.",0,30,vdcr_direct_answer; concept_zh=沃辛顿射流; concept_type=自然动态机制; priority=A
vdcr_concept_0033,A,Worthington Jet slow motion,physics_physical_systems,Worthington Jet,physics_physical_systems,physics_family_05,"Candidate must show the temporal sequence that instantiates Worthington Jet, not merely an object, scene, or static result.",0,30,vdcr_direct_answer; concept_zh=沃辛顿射流; concept_type=自然动态机制; priority=A
vdcr_concept_0033,A,Worthington Jet video,physics_physical_systems,Worthington Jet,physics_physical_systems,physics_family_05,"Candidate must show the temporal sequence that instantiates Worthington Jet, not merely an object, scene, or static result.",0,30,vdcr_direct_answer; concept_zh=沃辛顿射流; concept_type=自然动态机制; priority=A
vdcr_concept_0033,A,沃辛顿射流 Worthington Jet,physics_physical_systems,Worthington Jet,physics_physical_systems,physics_family_05,"Candidate must show the temporal sequence that instantiates Worthington Jet, not merely an object, scene, or static result.",0,30,vdcr_direct_answer; concept_zh=沃辛顿射流; concept_type=自然动态机制; priority=A
vdcr_concept_0039,A,Vortex Ring Formation,physics_physical_systems,Vortex Ring Formation,physics_physical_systems,physics_family_05,"Candidate must show the temporal sequence that instantiates Vortex Ring Formation, not merely an object, scene, or static result.",0,30,vdcr_direct_answer; concept_zh=涡环形成; concept_type=自然动态机制; priority=A
vdcr_concept_0039,A,Vortex Ring Formation demonstration,physics_physical_systems,Vortex Ring Formation,physics_physical_systems,physics_family_05,"Candidate must show the temporal sequence that instantiates Vortex Ring Formation, not merely an object, scene, or static result.",0,30,vdcr_direct_answer; concept_zh=涡环形成; concept_type=自然动态机制; priority=A
vdcr_concept_0039,A,Vortex Ring Formation slow motion,physics_physical_systems,Vortex Ring Formation,physics_physical_systems,physics_family_05,"Candidate must show the temporal sequence that instantiates Vortex Ring Formation, not merely an object, scene, or static result.",0,30,vdcr_direct_answer; concept_zh=涡环形成; concept_type=自然动态机制; priority=A
vdcr_concept_0039,A,Vortex Ring Formation video,physics_physical_systems,Vortex Ring Formation,physics_physical_systems,physics_family_05,"Candidate must show the temporal sequence that instantiates Vortex Ring Formation, not merely an object, scene, or static result.",0,30,vdcr_direct_answer; concept_zh=涡环形成; concept_type=自然动态机制; priority=A
vdcr_concept_0039,A,涡环形成 Vortex Ring Formation,physics_physical_systems,Vortex Ring Formation,physics_physical_systems,physics_family_05,"Candidate must show the temporal sequence that instantiates Vortex Ring Formation, not merely an object, scene, or static result.",0,30,vdcr_direct_answer; concept_zh=涡环形成; concept_type=自然动态机制; priority=A
vdcr_concept_0055,A,Rayleigh-Benard Convection,physics_physical_systems,Rayleigh-Benard Convection,physics_physical_systems,physics_family_08,"Candidate must show the temporal sequence that instantiates Rayleigh-Benard Convection, not merely an object, scene, or static result.",0,30,vdcr_direct_answer; concept_zh=瑞利-贝纳德对流; concept_type=自然动态机制; priority=A
vdcr_concept_0055,A,Rayleigh-Benard Convection demonstration,physics_physical_systems,Rayleigh-Benard Convection,physics_physical_systems,physics_family_08,"Candidate must show the temporal sequence that instantiates Rayleigh-Benard Convection, not merely an object, scene, or static result.",0,30,vdcr_direct_answer; concept_zh=瑞利-贝纳德对流; concept_type=自然动态机制; priority=A
vdcr_concept_0055,A,Rayleigh-Benard Convection slow motion,physics_physical_systems,Rayleigh-Benard Convection,physics_physical_systems,physics_family_08,"Candidate must show the temporal sequence that instantiates Rayleigh-Benard Convection, not merely an object, scene, or static result.",0,30,vdcr_direct_answer; concept_zh=瑞利-贝纳德对流; concept_type=自然动态机制; priority=A
vdcr_concept_0055,A,Rayleigh-Benard Convection video,physics_physical_systems,Rayleigh-Benard Convection,physics_physical_systems,physics_family_08,"Candidate must show the temporal sequence that instantiates Rayleigh-Benard Convection, not merely an object, scene, or static result.",0,30,vdcr_direct_answer; concept_zh=瑞利-贝纳德对流; concept_type=自然动态机制; priority=A
vdcr_concept_0055,A,瑞利-贝纳德对流 Rayleigh-Benard Convection,physics_physical_systems,Rayleigh-Benard Convection,physics_physical_systems,physics_family_08,"Candidate must show the temporal sequence that instantiates Rayleigh-Benard Convection, not merely an object, scene, or static result.",0,30,vdcr_direct_answer; concept_zh=瑞利-贝纳德对流; concept_type=自然动态机制; priority=A
vdcr_concept_0059,A,Shear Thickening,chemistry_materials_change,Shear Thickening,chemistry_materials_change,materials_family_01,"Candidate must show the temporal sequence that instantiates Shear Thickening, not merely an object, scene, or static result.",0,30,vdcr_direct_answer; concept_zh=剪切增稠; concept_type=自然动态机制; priority=A
vdcr_concept_0059,A,Shear Thickening demonstration,chemistry_materials_change,Shear Thickening,chemistry_materials_change,materials_family_01,"Candidate must show the temporal sequence that instantiates Shear Thickening, not merely an object, scene, or static result.",0,30,vdcr_direct_answer; concept_zh=剪切增稠; concept_type=自然动态机制; priority=A
vdcr_concept_0059,A,Shear Thickening slow motion,chemistry_materials_change,Shear Thickening,chemistry_materials_change,materials_family_01,"Candidate must show the temporal sequence that instantiates Shear Thickening, not merely an object, scene, or static result.",0,30,vdcr_direct_answer; concept_zh=剪切增稠; concept_type=自然动态机制; priority=A
vdcr_concept_0059,A,Shear Thickening video,chemistry_materials_change,Shear Thickening,chemistry_materials_change,materials_family_01,"Candidate must show the temporal sequence that instantiates Shear Thickening, not merely an object, scene, or static result.",0,30,vdcr_direct_answer; concept_zh=剪切增稠; concept_type=自然动态机制; priority=A
vdcr_concept_0059,A,剪切增稠 Shear Thickening,chemistry_materials_change,Shear Thickening,chemistry_materials_change,materials_family_01,"Candidate must show the temporal sequence that instantiates Shear Thickening, not merely an object, scene, or static result.",0,30,vdcr_direct_answer; concept_zh=剪切增稠; concept_type=自然动态机制; priority=A
vdcr_concept_0064,A,Weissenberg Rod-Climbing Effect,chemistry_materials_change,Weissenberg Rod-Climbing Effect,chemistry_materials_change,materials_family_01,"Candidate must show the temporal sequence that instantiates Weissenberg Rod-Climbing Effect, not merely an object, scene, or static result.",0,30,vdcr_direct_answer; concept_zh=魏森贝格爬杆效应; concept_type=自然动态机制; priority=A
vdcr_concept_0064,A,Weissenberg Rod-Climbing Effect demonstration,chemistry_materials_change,Weissenberg Rod-Climbing Effect,chemistry_materials_change,materials_family_01,"Candidate must show the temporal sequence that instantiates Weissenberg Rod-Climbing Effect, not merely an object, scene, or static result.",0,30,vdcr_direct_answer; concept_zh=魏森贝格爬杆效应; concept_type=自然动态机制; priority=A
vdcr_concept_0064,A,Weissenberg Rod-Climbing Effect slow motion,chemistry_materials_change,Weissenberg Rod-Climbing Effect,chemistry_materials_change,materials_family_01,"Candidate must show the temporal sequence that instantiates Weissenberg Rod-Climbing Effect, not merely an object, scene, or static result.",0,30,vdcr_direct_answer; concept_zh=魏森贝格爬杆效应; concept_type=自然动态机制; priority=A
vdcr_concept_0064,A,Weissenberg Rod-Climbing Effect video,chemistry_materials_change,Weissenberg Rod-Climbing Effect,chemistry_materials_change,materials_family_01,"Candidate must show the temporal sequence that instantiates Weissenberg Rod-Climbing Effect, not merely an object, scene, or static result.",0,30,vdcr_direct_answer; concept_zh=魏森贝格爬杆效应; concept_type=自然动态机制; priority=A
vdcr_concept_0064,A,魏森贝格爬杆效应 Weissenberg Rod-Climbing Effect,chemistry_materials_change,Weissenberg Rod-Climbing Effect,chemistry_materials_change,materials_family_01,"Candidate must show the temporal sequence that instantiates Weissenberg Rod-Climbing Effect, not merely an object, scene, or static result.",0,30,vdcr_direct_answer; concept_zh=魏森贝格爬杆效应; concept_type=自然动态机制; priority=A
vdcr_concept_0066,A,Dendritic Crystal Growth,chemistry_materials_change,Dendritic Crystal Growth,chemistry_materials_change,materials_family_02,"Candidate must show the temporal sequence that instantiates Dendritic Crystal Growth, not merely an object, scene, or static result.",0,30,vdcr_direct_answer; concept_zh=树枝状晶体生长; concept_type=自然动态机制; priority=A
vdcr_concept_0066,A,Dendritic Crystal Growth demonstration,chemistry_materials_change,Dendritic Crystal Growth,chemistry_materials_change,materials_family_02,"Candidate must show the temporal sequence that instantiates Dendritic Crystal Growth, not merely an object, scene, or static result.",0,30,vdcr_direct_answer; concept_zh=树枝状晶体生长; concept_type=自然动态机制; priority=A
vdcr_concept_0066,A,Dendritic Crystal Growth slow motion,chemistry_materials_change,Dendritic Crystal Growth,chemistry_materials_change,materials_family_02,"Candidate must show the temporal sequence that instantiates Dendritic Crystal Growth, not merely an object, scene, or static result.",0,30,vdcr_direct_answer; concept_zh=树枝状晶体生长; concept_type=自然动态机制; priority=A
vdcr_concept_0066,A,Dendritic Crystal Growth video,chemistry_materials_change,Dendritic Crystal Growth,chemistry_materials_change,materials_family_02,"Candidate must show the temporal sequence that instantiates Dendritic Crystal Growth, not merely an object, scene, or static result.",0,30,vdcr_direct_answer; concept_zh=树枝状晶体生长; concept_type=自然动态机制; priority=A
vdcr_concept_0066,A,树枝状晶体生长 Dendritic Crystal Growth,chemistry_materials_change,Dendritic Crystal Growth,chemistry_materials_change,materials_family_02,"Candidate must show the temporal sequence that instantiates Dendritic Crystal Growth, not merely an object, scene, or static result.",0,30,vdcr_direct_answer; concept_zh=树枝状晶体生长; concept_type=自然动态机制; priority=A
vdcr_concept_0069,A,Supercooled Liquid Rapid Crystallization,chemistry_materials_change,Supercooled Liquid Rapid Crystallization,chemistry_materials_change,materials_family_02,"Candidate must show the temporal sequence that instantiates Supercooled Liquid Rapid Crystallization, not merely an object, scene, or static result.",0,30,vdcr_direct_answer; concept_zh=过冷液体瞬时结晶; concept_type=实验动态图样; priority=A
vdcr_concept_0069,A,Supercooled Liquid Rapid Crystallization demonstration,chemistry_materials_change,Supercooled Liquid Rapid Crystallization,chemistry_materials_change,materials_family_02,"Candidate must show the temporal sequence that instantiates Supercooled Liquid Rapid Crystallization, not merely an object, scene, or static result.",0,30,vdcr_direct_answer; concept_zh=过冷液体瞬时结晶; concept_type=实验动态图样; priority=A
vdcr_concept_0069,A,Supercooled Liquid Rapid Crystallization experiment video,chemistry_materials_change,Supercooled Liquid Rapid Crystallization,chemistry_materials_change,materials_family_02,"Candidate must show the temporal sequence that instantiates Supercooled Liquid Rapid Crystallization, not merely an object, scene, or static result.",0,30,vdcr_direct_answer; concept_zh=过冷液体瞬时结晶; concept_type=实验动态图样; priority=A
vdcr_concept_0069,A,Supercooled Liquid Rapid Crystallization slow motion,chemistry_materials_change,Supercooled Liquid Rapid Crystallization,chemistry_materials_change,materials_family_02,"Candidate must show the temporal sequence that instantiates Supercooled Liquid Rapid Crystallization, not merely an object, scene, or static result.",0,30,vdcr_direct_answer; concept_zh=过冷液体瞬时结晶; concept_type=实验动态图样; priority=A
vdcr_concept_0069,A,Supercooled Liquid Rapid Crystallization video,chemistry_materials_change,Supercooled Liquid Rapid Crystallization,chemistry_materials_change,materials_family_02,"Candidate must show the temporal sequence that instantiates Supercooled Liquid Rapid Crystallization, not merely an object, scene, or static result.",0,30,vdcr_direct_answer; concept_zh=过冷液体瞬时结晶; concept_type=实验动态图样; priority=A
vdcr_concept_0069,A,过冷液体瞬时结晶 Supercooled Liquid Rapid Crystallization,chemistry_materials_change,Supercooled Liquid Rapid Crystallization,chemistry_materials_change,materials_family_02,"Candidate must show the temporal sequence that instantiates Supercooled Liquid Rapid Crystallization, not merely an object, scene, or static result.",0,30,vdcr_direct_answer; concept_zh=过冷液体瞬时结晶; concept_type=实验动态图样; priority=A
vdcr_concept_0070,A,Iodine Clock Reaction,chemistry_materials_change,Iodine Clock Reaction,chemistry_materials_change,materials_family_03,"Candidate must show the temporal sequence that instantiates Iodine Clock Reaction, not merely an object, scene, or static result.",0,30,vdcr_direct_answer; concept_zh=碘钟反应; concept_type=实验动态图样; priority=A
vdcr_concept_0070,A,Iodine Clock Reaction demonstration,chemistry_materials_change,Iodine Clock Reaction,chemistry_materials_change,materials_family_03,"Candidate must show the temporal sequence that instantiates Iodine Clock Reaction, not merely an object, scene, or static result.",0,30,vdcr_direct_answer; concept_zh=碘钟反应; concept_type=实验动态图样; priority=A
vdcr_concept_0070,A,Iodine Clock Reaction experiment video,chemistry_materials_change,Iodine Clock Reaction,chemistry_materials_change,materials_family_03,"Candidate must show the temporal sequence that instantiates Iodine Clock Reaction, not merely an object, scene, or static result.",0,30,vdcr_direct_answer; concept_zh=碘钟反应; concept_type=实验动态图样; priority=A
vdcr_concept_0070,A,Iodine Clock Reaction slow motion,chemistry_materials_change,Iodine Clock Reaction,chemistry_materials_change,materials_family_03,"Candidate must show the temporal sequence that instantiates Iodine Clock Reaction, not merely an object, scene, or static result.",0,30,vdcr_direct_answer; concept_zh=碘钟反应; concept_type=实验动态图样; priority=A
vdcr_concept_0070,A,Iodine Clock Reaction video,chemistry_materials_change,Iodine Clock Reaction,chemistry_materials_change,materials_family_03,"Candidate must show the temporal sequence that instantiates Iodine Clock Reaction, not merely an object, scene, or static result.",0,30,vdcr_direct_answer; concept_zh=碘钟反应; concept_type=实验动态图样; priority=A
vdcr_concept_0070,A,碘钟反应 Iodine Clock Reaction,chemistry_materials_change,Iodine Clock Reaction,chemistry_materials_change,materials_family_03,"Candidate must show the temporal sequence that instantiates Iodine Clock Reaction, not merely an object, scene, or static result.",0,30,vdcr_direct_answer; concept_zh=碘钟反应; concept_type=实验动态图样; priority=A
vdcr_concept_0073,A,Belousov-Zhabotinsky Reaction,chemistry_materials_change,Belousov-Zhabotinsky Reaction,chemistry_materials_change,materials_family_03,"Candidate must show the temporal sequence that instantiates Belousov-Zhabotinsky Reaction, not merely an object, scene, or static result.",0,30,vdcr_direct_answer; concept_zh=别洛乌索夫-扎鲍廷斯基振荡反应; concept_type=实验动态图样; priority=A
vdcr_concept_0073,A,Belousov-Zhabotinsky Reaction demonstration,chemistry_materials_change,Belousov-Zhabotinsky Reaction,chemistry_materials_change,materials_family_03,"Candidate must show the temporal sequence that instantiates Belousov-Zhabotinsky Reaction, not merely an object, scene, or static result.",0,30,vdcr_direct_answer; concept_zh=别洛乌索夫-扎鲍廷斯基振荡反应; concept_type=实验动态图样; priority=A
vdcr_concept_0073,A,Belousov-Zhabotinsky Reaction experiment video,chemistry_materials_change,Belousov-Zhabotinsky Reaction,chemistry_materials_change,materials_family_03,"Candidate must show the temporal sequence that instantiates Belousov-Zhabotinsky Reaction, not merely an object, scene, or static result.",0,30,vdcr_direct_answer; concept_zh=别洛乌索夫-扎鲍廷斯基振荡反应; concept_type=实验动态图样; priority=A
vdcr_concept_0073,A,Belousov-Zhabotinsky Reaction slow motion,chemistry_materials_change,Belousov-Zhabotinsky Reaction,chemistry_materials_change,materials_family_03,"Candidate must show the temporal sequence that instantiates Belousov-Zhabotinsky Reaction, not merely an object, scene, or static result.",0,30,vdcr_direct_answer; concept_zh=别洛乌索夫-扎鲍廷斯基振荡反应; concept_type=实验动态图样; priority=A
vdcr_concept_0073,A,Belousov-Zhabotinsky Reaction video,chemistry_materials_change,Belousov-Zhabotinsky Reaction,chemistry_materials_change,materials_family_03,"Candidate must show the temporal sequence that instantiates Belousov-Zhabotinsky Reaction, not merely an object, scene, or static result.",0,30,vdcr_direct_answer; concept_zh=别洛乌索夫-扎鲍廷斯基振荡反应; concept_type=实验动态图样; priority=A
vdcr_concept_0073,A,别洛乌索夫-扎鲍廷斯基振荡反应 Belousov-Zhabotinsky Reaction,chemistry_materials_change,Belousov-Zhabotinsky Reaction,chemistry_materials_change,materials_family_03,"Candidate must show the temporal sequence that instantiates Belousov-Zhabotinsky Reaction, not merely an object, scene, or static result.",0,30,vdcr_direct_answer; concept_zh=别洛乌索夫-扎鲍廷斯基振荡反应; concept_type=实验动态图样; priority=A
vdcr_concept_0074,A,Briggs-Rauscher Reaction,chemistry_materials_change,Briggs-Rauscher Reaction,chemistry_materials_change,materials_family_03,"Candidate must show the temporal sequence that instantiates Briggs-Rauscher Reaction, not merely an object, scene, or static result.",0,30,vdcr_direct_answer; concept_zh=布里格斯-劳舍尔振荡反应; concept_type=实验动态图样; priority=A
vdcr_concept_0074,A,Briggs-Rauscher Reaction demonstration,chemistry_materials_change,Briggs-Rauscher Reaction,chemistry_materials_change,materials_family_03,"Candidate must show the temporal sequence that instantiates Briggs-Rauscher Reaction, not merely an object, scene, or static result.",0,30,vdcr_direct_answer; concept_zh=布里格斯-劳舍尔振荡反应; concept_type=实验动态图样; priority=A
vdcr_concept_0074,A,Briggs-Rauscher Reaction experiment video,chemistry_materials_change,Briggs-Rauscher Reaction,chemistry_materials_change,materials_family_03,"Candidate must show the temporal sequence that instantiates Briggs-Rauscher Reaction, not merely an object, scene, or static result.",0,30,vdcr_direct_answer; concept_zh=布里格斯-劳舍尔振荡反应; concept_type=实验动态图样; priority=A
vdcr_concept_0074,A,Briggs-Rauscher Reaction slow motion,chemistry_materials_change,Briggs-Rauscher Reaction,chemistry_materials_change,materials_family_03,"Candidate must show the temporal sequence that instantiates Briggs-Rauscher Reaction, not merely an object, scene, or static result.",0,30,vdcr_direct_answer; concept_zh=布里格斯-劳舍尔振荡反应; concept_type=实验动态图样; priority=A
vdcr_concept_0074,A,Briggs-Rauscher Reaction video,chemistry_materials_change,Briggs-Rauscher Reaction,chemistry_materials_change,materials_family_03,"Candidate must show the temporal sequence that instantiates Briggs-Rauscher Reaction, not merely an object, scene, or static result.",0,30,vdcr_direct_answer; concept_zh=布里格斯-劳舍尔振荡反应; concept_type=实验动态图样; priority=A
vdcr_concept_0074,A,布里格斯-劳舍尔振荡反应 Briggs-Rauscher Reaction,chemistry_materials_change,Briggs-Rauscher Reaction,chemistry_materials_change,materials_family_03,"Candidate must show the temporal sequence that instantiates Briggs-Rauscher Reaction, not merely an object, scene, or static result.",0,30,vdcr_direct_answer; concept_zh=布里格斯-劳舍尔振荡反应; concept_type=实验动态图样; priority=A
vdcr_concept_0076,A,Chemical Garden Growth,chemistry_materials_change,Chemical Garden Growth,chemistry_materials_change,materials_family_04,"Candidate must show the temporal sequence that instantiates Chemical Garden Growth, not merely an object, scene, or static result.",0,30,vdcr_direct_answer; concept_zh=化学花园生长; concept_type=实验动态图样; priority=A
vdcr_concept_0076,A,Chemical Garden Growth demonstration,chemistry_materials_change,Chemical Garden Growth,chemistry_materials_change,materials_family_04,"Candidate must show the temporal sequence that instantiates Chemical Garden Growth, not merely an object, scene, or static result.",0,30,vdcr_direct_answer; concept_zh=化学花园生长; concept_type=实验动态图样; priority=A
vdcr_concept_0076,A,Chemical Garden Growth experiment video,chemistry_materials_change,Chemical Garden Growth,chemistry_materials_change,materials_family_04,"Candidate must show the temporal sequence that instantiates Chemical Garden Growth, not merely an object, scene, or static result.",0,30,vdcr_direct_answer; concept_zh=化学花园生长; concept_type=实验动态图样; priority=A
vdcr_concept_0076,A,Chemical Garden Growth slow motion,chemistry_materials_change,Chemical Garden Growth,chemistry_materials_change,materials_family_04,"Candidate must show the temporal sequence that instantiates Chemical Garden Growth, not merely an object, scene, or static result.",0,30,vdcr_direct_answer; concept_zh=化学花园生长; concept_type=实验动态图样; priority=A
vdcr_concept_0076,A,Chemical Garden Growth video,chemistry_materials_change,Chemical Garden Growth,chemistry_materials_change,materials_family_04,"Candidate must show the temporal sequence that instantiates Chemical Garden Growth, not merely an object, scene, or static result.",0,30,vdcr_direct_answer; concept_zh=化学花园生长; concept_type=实验动态图样; priority=A
vdcr_concept_0076,A,化学花园生长 Chemical Garden Growth,chemistry_materials_change,Chemical Garden Growth,chemistry_materials_change,materials_family_04,"Candidate must show the temporal sequence that instantiates Chemical Garden Growth, not merely an object, scene, or static result.",0,30,vdcr_direct_answer; concept_zh=化学花园生长; concept_type=实验动态图样; priority=A
vdcr_concept_0078,A,Liesegang Ring Formation,chemistry_materials_change,Liesegang Ring Formation,chemistry_materials_change,materials_family_04,"Candidate must show the temporal sequence that instantiates Liesegang Ring Formation, not merely an object, scene, or static result.",0,30,vdcr_direct_answer; concept_zh=利塞冈环形成; concept_type=实验动态图样; priority=A
vdcr_concept_0078,A,Liesegang Ring Formation demonstration,chemistry_materials_change,Liesegang Ring Formation,chemistry_materials_change,materials_family_04,"Candidate must show the temporal sequence that instantiates Liesegang Ring Formation, not merely an object, scene, or static result.",0,30,vdcr_direct_answer; concept_zh=利塞冈环形成; concept_type=实验动态图样; priority=A
vdcr_concept_0078,A,Liesegang Ring Formation experiment video,chemistry_materials_change,Liesegang Ring Formation,chemistry_materials_change,materials_family_04,"Candidate must show the temporal sequence that instantiates Liesegang Ring Formation, not merely an object, scene, or static result.",0,30,vdcr_direct_answer; concept_zh=利塞冈环形成; concept_type=实验动态图样; priority=A
vdcr_concept_0078,A,Liesegang Ring Formation slow motion,chemistry_materials_change,Liesegang Ring Formation,chemistry_materials_change,materials_family_04,"Candidate must show the temporal sequence that instantiates Liesegang Ring Formation, not merely an object, scene, or static result.",0,30,vdcr_direct_answer; concept_zh=利塞冈环形成; concept_type=实验动态图样; priority=A
vdcr_concept_0078,A,Liesegang Ring Formation video,chemistry_materials_change,Liesegang Ring Formation,chemistry_materials_change,materials_family_04,"Candidate must show the temporal sequence that instantiates Liesegang Ring Formation, not merely an object, scene, or static result.",0,30,vdcr_direct_answer; concept_zh=利塞冈环形成; concept_type=实验动态图样; priority=A
vdcr_concept_0078,A,利塞冈环形成 Liesegang Ring Formation,chemistry_materials_change,Liesegang Ring Formation,chemistry_materials_change,materials_family_04,"Candidate must show the temporal sequence that instantiates Liesegang Ring Formation, not merely an object, scene, or static result.",0,30,vdcr_direct_answer; concept_zh=利塞冈环形成; concept_type=实验动态图样; priority=A
vdcr_concept_0083,A,Spinodal Decomposition,chemistry_materials_change,Spinodal Decomposition,chemistry_materials_change,materials_family_06,"Candidate must show the temporal sequence that instantiates Spinodal Decomposition, not merely an object, scene, or static result.",0,30,vdcr_direct_answer; concept_zh=旋节线分解; concept_type=自然动态机制; priority=A
vdcr_concept_0083,A,Spinodal Decomposition demonstration,chemistry_materials_change,Spinodal Decomposition,chemistry_materials_change,materials_family_06,"Candidate must show the temporal sequence that instantiates Spinodal Decomposition, not merely an object, scene, or static result.",0,30,vdcr_direct_answer; concept_zh=旋节线分解; concept_type=自然动态机制; priority=A
vdcr_concept_0083,A,Spinodal Decomposition slow motion,chemistry_materials_change,Spinodal Decomposition,chemistry_materials_change,materials_family_06,"Candidate must show the temporal sequence that instantiates Spinodal Decomposition, not merely an object, scene, or static result.",0,30,vdcr_direct_answer; concept_zh=旋节线分解; concept_type=自然动态机制; priority=A
vdcr_concept_0083,A,Spinodal Decomposition video,chemistry_materials_change,Spinodal Decomposition,chemistry_materials_change,materials_family_06,"Candidate must show the temporal sequence that instantiates Spinodal Decomposition, not merely an object, scene, or static result.",0,30,vdcr_direct_answer; concept_zh=旋节线分解; concept_type=自然动态机制; priority=A
vdcr_concept_0083,A,旋节线分解 Spinodal Decomposition,chemistry_materials_change,Spinodal Decomposition,chemistry_materials_change,materials_family_06,"Candidate must show the temporal sequence that instantiates Spinodal Decomposition, not merely an object, scene, or static result.",0,30,vdcr_direct_answer; concept_zh=旋节线分解; concept_type=自然动态机制; priority=A
vdcr_concept_0086,A,Thin-Film Dewetting,chemistry_materials_change,Thin-Film Dewetting,chemistry_materials_change,materials_family_06,"Candidate must show the temporal sequence that instantiates Thin-Film Dewetting, not merely an object, scene, or static result.",0,30,vdcr_direct_answer; concept_zh=液膜退润湿; concept_type=自然动态机制; priority=A
vdcr_concept_0086,A,Thin-Film Dewetting demonstration,chemistry_materials_change,Thin-Film Dewetting,chemistry_materials_change,materials_family_06,"Candidate must show the temporal sequence that instantiates Thin-Film Dewetting, not merely an object, scene, or static result.",0,30,vdcr_direct_answer; concept_zh=液膜退润湿; concept_type=自然动态机制; priority=A
vdcr_concept_0086,A,Thin-Film Dewetting slow motion,chemistry_materials_change,Thin-Film Dewetting,chemistry_materials_change,materials_family_06,"Candidate must show the temporal sequence that instantiates Thin-Film Dewetting, not merely an object, scene, or static result.",0,30,vdcr_direct_answer; concept_zh=液膜退润湿; concept_type=自然动态机制; priority=A
vdcr_concept_0086,A,Thin-Film Dewetting video,chemistry_materials_change,Thin-Film Dewetting,chemistry_materials_change,materials_family_06,"Candidate must show the temporal sequence that instantiates Thin-Film Dewetting, not merely an object, scene, or static result.",0,30,vdcr_direct_answer; concept_zh=液膜退润湿; concept_type=自然动态机制; priority=A
vdcr_concept_0086,A,液膜退润湿 Thin-Film Dewetting,chemistry_materials_change,Thin-Film Dewetting,chemistry_materials_change,materials_family_06,"Candidate must show the temporal sequence that instantiates Thin-Film Dewetting, not merely an object, scene, or static result.",0,30,vdcr_direct_answer; concept_zh=液膜退润湿; concept_type=自然动态机制; priority=A
vdcr_concept_0096,A,Electrodeposition Dendrite Growth,chemistry_materials_change,Electrodeposition Dendrite Growth,chemistry_materials_change,materials_family_08,"Candidate must show the temporal sequence that instantiates Electrodeposition Dendrite Growth, not merely an object, scene, or static result.",0,30,vdcr_direct_answer; concept_zh=电沉积枝晶生长; concept_type=自然动态机制; priority=A
vdcr_concept_0096,A,Electrodeposition Dendrite Growth demonstration,chemistry_materials_change,Electrodeposition Dendrite Growth,chemistry_materials_change,materials_family_08,"Candidate must show the temporal sequence that instantiates Electrodeposition Dendrite Growth, not merely an object, scene, or static result.",0,30,vdcr_direct_answer; concept_zh=电沉积枝晶生长; concept_type=自然动态机制; priority=A
vdcr_concept_0096,A,Electrodeposition Dendrite Growth slow motion,chemistry_materials_change,Electrodeposition Dendrite Growth,chemistry_materials_change,materials_family_08,"Candidate must show the temporal sequence that instantiates Electrodeposition Dendrite Growth, not merely an object, scene, or static result.",0,30,vdcr_direct_answer; concept_zh=电沉积枝晶生长; concept_type=自然动态机制; priority=A
vdcr_concept_0096,A,Electrodeposition Dendrite Growth video,chemistry_materials_change,Electrodeposition Dendrite Growth,chemistry_materials_change,materials_family_08,"Candidate must show the temporal sequence that instantiates Electrodeposition Dendrite Growth, not merely an object, scene, or static result.",0,30,vdcr_direct_answer; concept_zh=电沉积枝晶生长; concept_type=自然动态机制; priority=A
vdcr_concept_0096,A,电沉积枝晶生长 Electrodeposition Dendrite Growth,chemistry_materials_change,Electrodeposition Dendrite Growth,chemistry_materials_change,materials_family_08,"Candidate must show the temporal sequence that instantiates Electrodeposition Dendrite Growth, not merely an object, scene, or static result.",0,30,vdcr_direct_answer; concept_zh=电沉积枝晶生长; concept_type=自然动态机制; priority=A
vdcr_concept_0108,A,C 型快速逃逸反应,biology_living_systems,C-Start Escape Response,biology_living_systems,biology_family_01,"Candidate must show the temporal sequence that instantiates C-Start Escape Response, not merely an object, scene, or static result.",0,30,vdcr_direct_answer; concept_zh=C 型快速逃逸反应; concept_type=专有动态动作概念; priority=A
vdcr_concept_0108,A,C 型快速逃逸反应 C-Start Escape Response,biology_living_systems,C-Start Escape Response,biology_living_systems,biology_family_01,"Candidate must show the temporal sequence that instantiates C-Start Escape Response, not merely an object, scene, or static result.",0,30,vdcr_direct_answer; concept_zh=C 型快速逃逸反应; concept_type=专有动态动作概念; priority=A
vdcr_concept_0108,A,C 型快速逃逸反应 video,biology_living_systems,C-Start Escape Response,biology_living_systems,biology_family_01,"Candidate must show the temporal sequence that instantiates C-Start Escape Response, not merely an object, scene, or static result.",0,30,vdcr_direct_answer; concept_zh=C 型快速逃逸反应; concept_type=专有动态动作概念; priority=A
vdcr_concept_0108,A,C-Start Escape Response,biology_living_systems,C-Start Escape Response,biology_living_systems,biology_family_01,"Candidate must show the temporal sequence that instantiates C-Start Escape Response, not merely an object, scene, or static result.",0,30,vdcr_direct_answer; concept_zh=C 型快速逃逸反应; concept_type=专有动态动作概念; priority=A
vdcr_concept_0108,A,C-Start Escape Response demonstration,biology_living_systems,C-Start Escape Response,biology_living_systems,biology_family_01,"Candidate must show the temporal sequence that instantiates C-Start Escape Response, not merely an object, scene, or static result.",0,30,vdcr_direct_answer; concept_zh=C 型快速逃逸反应; concept_type=专有动态动作概念; priority=A
vdcr_concept_0108,A,C-Start Escape Response slow motion,biology_living_systems,C-Start Escape Response,biology_living_systems,biology_family_01,"Candidate must show the temporal sequence that instantiates C-Start Escape Response, not merely an object, scene, or static result.",0,30,vdcr_direct_answer; concept_zh=C 型快速逃逸反应; concept_type=专有动态动作概念; priority=A
vdcr_concept_0108,A,C-Start Escape Response technique video,biology_living_systems,C-Start Escape Response,biology_living_systems,biology_family_01,"Candidate must show the temporal sequence that instantiates C-Start Escape Response, not merely an object, scene, or static result.",0,30,vdcr_direct_answer; concept_zh=C 型快速逃逸反应; concept_type=专有动态动作概念; priority=A
vdcr_concept_0108,A,C-Start Escape Response video,biology_living_systems,C-Start Escape Response,biology_living_systems,biology_family_01,"Candidate must show the temporal sequence that instantiates C-Start Escape Response, not merely an object, scene, or static result.",0,30,vdcr_direct_answer; concept_zh=C 型快速逃逸反应; concept_type=专有动态动作概念; priority=A
vdcr_concept_0109,A,Jet Propulsion Swimming,biology_living_systems,Jet Propulsion Swimming,biology_living_systems,biology_family_01,"Candidate must show the temporal sequence that instantiates Jet Propulsion Swimming, not merely an object, scene, or static result.",0,30,vdcr_direct_answer; concept_zh=喷射推进游动; concept_type=自然动态机制; priority=A
vdcr_concept_0109,A,Jet Propulsion Swimming demonstration,biology_living_systems,Jet Propulsion Swimming,biology_living_systems,biology_family_01,"Candidate must show the temporal sequence that instantiates Jet Propulsion Swimming, not merely an object, scene, or static result.",0,30,vdcr_direct_answer; concept_zh=喷射推进游动; concept_type=自然动态机制; priority=A
vdcr_concept_0109,A,Jet Propulsion Swimming slow motion,biology_living_systems,Jet Propulsion Swimming,biology_living_systems,biology_family_01,"Candidate must show the temporal sequence that instantiates Jet Propulsion Swimming, not merely an object, scene, or static result.",0,30,vdcr_direct_answer; concept_zh=喷射推进游动; concept_type=自然动态机制; priority=A
vdcr_concept_0109,A,Jet Propulsion Swimming video,biology_living_systems,Jet Propulsion Swimming,biology_living_systems,biology_family_01,"Candidate must show the temporal sequence that instantiates Jet Propulsion Swimming, not merely an object, scene, or static result.",0,30,vdcr_direct_answer; concept_zh=喷射推进游动; concept_type=自然动态机制; priority=A
vdcr_concept_0109,A,喷射推进游动 Jet Propulsion Swimming,biology_living_systems,Jet Propulsion Swimming,biology_living_systems,biology_family_01,"Candidate must show the temporal sequence that instantiates Jet Propulsion Swimming, not merely an object, scene, or static result.",0,30,vdcr_direct_answer; concept_zh=喷射推进游动; concept_type=自然动态机制; priority=A
vdcr_concept_0111,A,Metachronal Wave Locomotion,biology_living_systems,Metachronal Wave Locomotion,biology_living_systems,biology_family_01,"Candidate must show the temporal sequence that instantiates Metachronal Wave Locomotion, not merely an object, scene, or static result.",0,30,vdcr_direct_answer; concept_zh=节律相位波推进; concept_type=自然动态机制; priority=A
vdcr_concept_0111,A,Metachronal Wave Locomotion demonstration,biology_living_systems,Metachronal Wave Locomotion,biology_living_systems,biology_family_01,"Candidate must show the temporal sequence that instantiates Metachronal Wave Locomotion, not merely an object, scene, or static result.",0,30,vdcr_direct_answer; concept_zh=节律相位波推进; concept_type=自然动态机制; priority=A
vdcr_concept_0111,A,Metachronal Wave Locomotion slow motion,biology_living_systems,Metachronal Wave Locomotion,biology_living_systems,biology_family_01,"Candidate must show the temporal sequence that instantiates Metachronal Wave Locomotion, not merely an object, scene, or static result.",0,30,vdcr_direct_answer; concept_zh=节律相位波推进; concept_type=自然动态机制; priority=A
vdcr_concept_0111,A,Metachronal Wave Locomotion video,biology_living_systems,Metachronal Wave Locomotion,biology_living_systems,biology_family_01,"Candidate must show the temporal sequence that instantiates Metachronal Wave Locomotion, not merely an object, scene, or static result.",0,30,vdcr_direct_answer; concept_zh=节律相位波推进; concept_type=自然动态机制; priority=A
vdcr_concept_0111,A,节律相位波推进 Metachronal Wave Locomotion,biology_living_systems,Metachronal Wave Locomotion,biology_living_systems,biology_family_01,"Candidate must show the temporal sequence that instantiates Metachronal Wave Locomotion, not merely an object, scene, or static result.",0,30,vdcr_direct_answer; concept_zh=节律相位波推进; concept_type=自然动态机制; priority=A
vdcr_concept_0112,A,Bubble-Net Feeding,biology_living_systems,Bubble-Net Feeding,biology_living_systems,biology_family_01,"Candidate must show the temporal sequence that instantiates Bubble-Net Feeding, not merely an object, scene, or static result.",0,30,vdcr_direct_answer; concept_zh=泡泡网捕食; concept_type=生态行为策略; priority=A
vdcr_concept_0112,A,Bubble-Net Feeding demonstration,biology_living_systems,Bubble-Net Feeding,biology_living_systems,biology_family_01,"Candidate must show the temporal sequence that instantiates Bubble-Net Feeding, not merely an object, scene, or static result.",0,30,vdcr_direct_answer; concept_zh=泡泡网捕食; concept_type=生态行为策略; priority=A
vdcr_concept_0112,A,Bubble-Net Feeding slow motion,biology_living_systems,Bubble-Net Feeding,biology_living_systems,biology_family_01,"Candidate must show the temporal sequence that instantiates Bubble-Net Feeding, not merely an object, scene, or static result.",0,30,vdcr_direct_answer; concept_zh=泡泡网捕食; concept_type=生态行为策略; priority=A
vdcr_concept_0112,A,Bubble-Net Feeding video,biology_living_systems,Bubble-Net Feeding,biology_living_systems,biology_family_01,"Candidate must show the temporal sequence that instantiates Bubble-Net Feeding, not merely an object, scene, or static result.",0,30,vdcr_direct_answer; concept_zh=泡泡网捕食; concept_type=生态行为策略; priority=A
vdcr_concept_0112,A,Bubble-Net Feeding wildlife video,biology_living_systems,Bubble-Net Feeding,biology_living_systems,biology_family_01,"Candidate must show the temporal sequence that instantiates Bubble-Net Feeding, not merely an object, scene, or static result.",0,30,vdcr_direct_answer; concept_zh=泡泡网捕食; concept_type=生态行为策略; priority=A
vdcr_concept_0112,A,泡泡网捕食 Bubble-Net Feeding,biology_living_systems,Bubble-Net Feeding,biology_living_systems,biology_family_01,"Candidate must show the temporal sequence that instantiates Bubble-Net Feeding, not merely an object, scene, or static result.",0,30,vdcr_direct_answer; concept_zh=泡泡网捕食; concept_type=生态行为策略; priority=A
vdcr_concept_0113,A,Mud-Ring Feeding,biology_living_systems,Mud-Ring Feeding,biology_living_systems,biology_family_01,"Candidate must show the temporal sequence that instantiates Mud-Ring Feeding, not merely an object, scene, or static result.",0,30,vdcr_direct_answer; concept_zh=泥环捕食; concept_type=生态行为策略; priority=A
vdcr_concept_0113,A,Mud-Ring Feeding demonstration,biology_living_systems,Mud-Ring Feeding,biology_living_systems,biology_family_01,"Candidate must show the temporal sequence that instantiates Mud-Ring Feeding, not merely an object, scene, or static result.",0,30,vdcr_direct_answer; concept_zh=泥环捕食; concept_type=生态行为策略; priority=A
vdcr_concept_0113,A,Mud-Ring Feeding slow motion,biology_living_systems,Mud-Ring Feeding,biology_living_systems,biology_family_01,"Candidate must show the temporal sequence that instantiates Mud-Ring Feeding, not merely an object, scene, or static result.",0,30,vdcr_direct_answer; concept_zh=泥环捕食; concept_type=生态行为策略; priority=A
vdcr_concept_0113,A,Mud-Ring Feeding video,biology_living_systems,Mud-Ring Feeding,biology_living_systems,biology_family_01,"Candidate must show the temporal sequence that instantiates Mud-Ring Feeding, not merely an object, scene, or static result.",0,30,vdcr_direct_answer; concept_zh=泥环捕食; concept_type=生态行为策略; priority=A
vdcr_concept_0113,A,Mud-Ring Feeding wildlife video,biology_living_systems,Mud-Ring Feeding,biology_living_systems,biology_family_01,"Candidate must show the temporal sequence that instantiates Mud-Ring Feeding, not merely an object, scene, or static result.",0,30,vdcr_direct_answer; concept_zh=泥环捕食; concept_type=生态行为策略; priority=A
vdcr_concept_0113,A,泥环捕食 Mud-Ring Feeding,biology_living_systems,Mud-Ring Feeding,biology_living_systems,biology_family_01,"Candidate must show the temporal sequence that instantiates Mud-Ring Feeding, not merely an object, scene, or static result.",0,30,vdcr_direct_answer; concept_zh=泥环捕食; concept_type=生态行为策略; priority=A
vdcr_concept_0114,A,Murmuration,biology_living_systems,Murmuration,biology_living_systems,biology_family_01,"Candidate must show the temporal sequence that instantiates Murmuration, not merely an object, scene, or static result.",0,30,vdcr_direct_answer; concept_zh=鸟群群舞; concept_type=生态行为策略; priority=A
vdcr_concept_0114,A,Murmuration demonstration,biology_living_systems,Murmuration,biology_living_systems,biology_family_01,"Candidate must show the temporal sequence that instantiates Murmuration, not merely an object, scene, or static result.",0,30,vdcr_direct_answer; concept_zh=鸟群群舞; concept_type=生态行为策略; priority=A
vdcr_concept_0114,A,Murmuration slow motion,biology_living_systems,Murmuration,biology_living_systems,biology_family_01,"Candidate must show the temporal sequence that instantiates Murmuration, not merely an object, scene, or static result.",0,30,vdcr_direct_answer; concept_zh=鸟群群舞; concept_type=生态行为策略; priority=A
vdcr_concept_0114,A,Murmuration video,biology_living_systems,Murmuration,biology_living_systems,biology_family_01,"Candidate must show the temporal sequence that instantiates Murmuration, not merely an object, scene, or static result.",0,30,vdcr_direct_answer; concept_zh=鸟群群舞; concept_type=生态行为策略; priority=A
vdcr_concept_0114,A,Murmuration wildlife video,biology_living_systems,Murmuration,biology_living_systems,biology_family_01,"Candidate must show the temporal sequence that instantiates Murmuration, not merely an object, scene, or static result.",0,30,vdcr_direct_answer; concept_zh=鸟群群舞; concept_type=生态行为策略; priority=A
vdcr_concept_0114,A,鸟群群舞 Murmuration,biology_living_systems,Murmuration,biology_living_systems,biology_family_01,"Candidate must show the temporal sequence that instantiates Murmuration, not merely an object, scene, or static result.",0,30,vdcr_direct_answer; concept_zh=鸟群群舞; concept_type=生态行为策略; priority=A
vdcr_concept_0135,A,Spain Action basketball offense,biology_living_systems,Spain Action,biology_living_systems,biology_family_03,"Candidate must show the temporal sequence that instantiates Spain Action, not merely an object, scene, or static result.",0,30,vdcr_direct_answer; concept_zh=西班牙战术; concept_type=专有动态动作概念; priority=A
vdcr_concept_0135,A,Spain Action basketball play,biology_living_systems,Spain Action,biology_living_systems,biology_family_03,"Candidate must show the temporal sequence that instantiates Spain Action, not merely an object, scene, or static result.",0,30,vdcr_direct_answer; concept_zh=西班牙战术; concept_type=专有动态动作概念; priority=A
vdcr_concept_0135,A,Spain Action basketball video,biology_living_systems,Spain Action,biology_living_systems,biology_family_03,"Candidate must show the temporal sequence that instantiates Spain Action, not merely an object, scene, or static result.",0,30,vdcr_direct_answer; concept_zh=西班牙战术; concept_type=专有动态动作概念; priority=A
vdcr_concept_0136,A,Elevator Screen basketball offense,biology_living_systems,Elevator Screen,biology_living_systems,biology_family_03,"Candidate must show the temporal sequence that instantiates Elevator Screen, not merely an object, scene, or static result.",0,30,vdcr_direct_answer; concept_zh=电梯门掩护; concept_type=专有动态动作概念; priority=A
vdcr_concept_0136,A,Elevator Screen basketball play,biology_living_systems,Elevator Screen,biology_living_systems,biology_family_03,"Candidate must show the temporal sequence that instantiates Elevator Screen, not merely an object, scene, or static result.",0,30,vdcr_direct_answer; concept_zh=电梯门掩护; concept_type=专有动态动作概念; priority=A
vdcr_concept_0136,A,Elevator Screen basketball video,biology_living_systems,Elevator Screen,biology_living_systems,biology_family_03,"Candidate must show the temporal sequence that instantiates Elevator Screen, not merely an object, scene, or static result.",0,30,vdcr_direct_answer; concept_zh=电梯门掩护; concept_type=专有动态动作概念; priority=A
vdcr_concept_0137,A,Hammer Action basketball offense,biology_living_systems,Hammer Action,biology_living_systems,biology_family_03,"Candidate must show the temporal sequence that instantiates Hammer Action, not merely an object, scene, or static result.",0,30,vdcr_direct_answer; concept_zh=锤子战术; concept_type=专有动态动作概念; priority=A
vdcr_concept_0137,A,Hammer Action basketball play,biology_living_systems,Hammer Action,biology_living_systems,biology_family_03,"Candidate must show the temporal sequence that instantiates Hammer Action, not merely an object, scene, or static result.",0,30,vdcr_direct_answer; concept_zh=锤子战术; concept_type=专有动态动作概念; priority=A
vdcr_concept_0137,A,Hammer Action basketball video,biology_living_systems,Hammer Action,biology_living_systems,biology_family_03,"Candidate must show the temporal sequence that instantiates Hammer Action, not merely an object, scene, or static result.",0,30,vdcr_direct_answer; concept_zh=锤子战术; concept_type=专有动态动作概念; priority=A
vdcr_concept_0143,A,Phototropism,biology_living_systems,Phototropism,biology_living_systems,biology_family_04,"Candidate must show the temporal sequence that instantiates Phototropism, not merely an object, scene, or static result.",0,30,vdcr_direct_answer; concept_zh=向光性; concept_type=自然动态机制; priority=A
vdcr_concept_0143,A,Phototropism demonstration,biology_living_systems,Phototropism,biology_living_systems,biology_family_04,"Candidate must show the temporal sequence that instantiates Phototropism, not merely an object, scene, or static result.",0,30,vdcr_direct_answer; concept_zh=向光性; concept_type=自然动态机制; priority=A
vdcr_concept_0143,A,Phototropism slow motion,biology_living_systems,Phototropism,biology_living_systems,biology_family_04,"Candidate must show the temporal sequence that instantiates Phototropism, not merely an object, scene, or static result.",0,30,vdcr_direct_answer; concept_zh=向光性; concept_type=自然动态机制; priority=A
vdcr_concept_0143,A,Phototropism video,biology_living_systems,Phototropism,biology_living_systems,biology_family_04,"Candidate must show the temporal sequence that instantiates Phototropism, not merely an object, scene, or static result.",0,30,vdcr_direct_answer; concept_zh=向光性; concept_type=自然动态机制; priority=A
vdcr_concept_0143,A,向光性 Phototropism,biology_living_systems,Phototropism,biology_living_systems,biology_family_04,"Candidate must show the temporal sequence that instantiates Phototropism, not merely an object, scene, or static result.",0,30,vdcr_direct_answer; concept_zh=向光性; concept_type=自然动态机制; priority=A
vdcr_concept_0144,A,Gravitropism,biology_living_systems,Gravitropism,biology_living_systems,biology_family_04,"Candidate must show the temporal sequence that instantiates Gravitropism, not merely an object, scene, or static result.",0,30,vdcr_direct_answer; concept_zh=向重性; concept_type=自然动态机制; priority=A
vdcr_concept_0144,A,Gravitropism demonstration,biology_living_systems,Gravitropism,biology_living_systems,biology_family_04,"Candidate must show the temporal sequence that instantiates Gravitropism, not merely an object, scene, or static result.",0,30,vdcr_direct_answer; concept_zh=向重性; concept_type=自然动态机制; priority=A
vdcr_concept_0144,A,Gravitropism slow motion,biology_living_systems,Gravitropism,biology_living_systems,biology_family_04,"Candidate must show the temporal sequence that instantiates Gravitropism, not merely an object, scene, or static result.",0,30,vdcr_direct_answer; concept_zh=向重性; concept_type=自然动态机制; priority=A
vdcr_concept_0144,A,Gravitropism video,biology_living_systems,Gravitropism,biology_living_systems,biology_family_04,"Candidate must show the temporal sequence that instantiates Gravitropism, not merely an object, scene, or static result.",0,30,vdcr_direct_answer; concept_zh=向重性; concept_type=自然动态机制; priority=A
vdcr_concept_0144,A,向重性 Gravitropism,biology_living_systems,Gravitropism,biology_living_systems,biology_family_04,"Candidate must show the temporal sequence that instantiates Gravitropism, not merely an object, scene, or static result.",0,30,vdcr_direct_answer; concept_zh=向重性; concept_type=自然动态机制; priority=A
vdcr_concept_0146,A,Thigmonasty,biology_living_systems,Thigmonasty,biology_living_systems,biology_family_04,"Candidate must show the temporal sequence that instantiates Thigmonasty, not merely an object, scene, or static result.",0,30,vdcr_direct_answer; concept_zh=感触性运动; concept_type=自然动态机制; priority=A
vdcr_concept_0146,A,Thigmonasty demonstration,biology_living_systems,Thigmonasty,biology_living_systems,biology_family_04,"Candidate must show the temporal sequence that instantiates Thigmonasty, not merely an object, scene, or static result.",0,30,vdcr_direct_answer; concept_zh=感触性运动; concept_type=自然动态机制; priority=A
vdcr_concept_0146,A,Thigmonasty slow motion,biology_living_systems,Thigmonasty,biology_living_systems,biology_family_04,"Candidate must show the temporal sequence that instantiates Thigmonasty, not merely an object, scene, or static result.",0,30,vdcr_direct_answer; concept_zh=感触性运动; concept_type=自然动态机制; priority=A
vdcr_concept_0146,A,Thigmonasty video,biology_living_systems,Thigmonasty,biology_living_systems,biology_family_04,"Candidate must show the temporal sequence that instantiates Thigmonasty, not merely an object, scene, or static result.",0,30,vdcr_direct_answer; concept_zh=感触性运动; concept_type=自然动态机制; priority=A
vdcr_concept_0146,A,感触性运动 Thigmonasty,biology_living_systems,Thigmonasty,biology_living_systems,biology_family_04,"Candidate must show the temporal sequence that instantiates Thigmonasty, not merely an object, scene, or static result.",0,30,vdcr_direct_answer; concept_zh=感触性运动; concept_type=自然动态机制; priority=A
vdcr_concept_0148,A,Nyctinasty,biology_living_systems,Nyctinasty,biology_living_systems,biology_family_04,"Candidate must show the temporal sequence that instantiates Nyctinasty, not merely an object, scene, or static result.",0,30,vdcr_direct_answer; concept_zh=昼夜感性运动; concept_type=自然动态机制; priority=A
vdcr_concept_0148,A,Nyctinasty demonstration,biology_living_systems,Nyctinasty,biology_living_systems,biology_family_04,"Candidate must show the temporal sequence that instantiates Nyctinasty, not merely an object, scene, or static result.",0,30,vdcr_direct_answer; concept_zh=昼夜感性运动; concept_type=自然动态机制; priority=A
vdcr_concept_0148,A,Nyctinasty slow motion,biology_living_systems,Nyctinasty,biology_living_systems,biology_family_04,"Candidate must show the temporal sequence that instantiates Nyctinasty, not merely an object, scene, or static result.",0,30,vdcr_direct_answer; concept_zh=昼夜感性运动; concept_type=自然动态机制; priority=A
vdcr_concept_0148,A,Nyctinasty video,biology_living_systems,Nyctinasty,biology_living_systems,biology_family_04,"Candidate must show the temporal sequence that instantiates Nyctinasty, not merely an object, scene, or static result.",0,30,vdcr_direct_answer; concept_zh=昼夜感性运动; concept_type=自然动态机制; priority=A
vdcr_concept_0148,A,昼夜感性运动 Nyctinasty,biology_living_systems,Nyctinasty,biology_living_systems,biology_family_04,"Candidate must show the temporal sequence that instantiates Nyctinasty, not merely an object, scene, or static result.",0,30,vdcr_direct_answer; concept_zh=昼夜感性运动; concept_type=自然动态机制; priority=A
vdcr_concept_0151,A,Bistable Snap-Trap Closure,biology_living_systems,Bistable Snap-Trap Closure,biology_living_systems,biology_family_04,"Candidate must show the temporal sequence that instantiates Bistable Snap-Trap Closure, not merely an object, scene, or static result.",0,30,vdcr_direct_answer; concept_zh=双稳态捕虫夹闭合; concept_type=自然动态机制; priority=A
vdcr_concept_0151,A,Bistable Snap-Trap Closure demonstration,biology_living_systems,Bistable Snap-Trap Closure,biology_living_systems,biology_family_04,"Candidate must show the temporal sequence that instantiates Bistable Snap-Trap Closure, not merely an object, scene, or static result.",0,30,vdcr_direct_answer; concept_zh=双稳态捕虫夹闭合; concept_type=自然动态机制; priority=A
vdcr_concept_0151,A,Bistable Snap-Trap Closure slow motion,biology_living_systems,Bistable Snap-Trap Closure,biology_living_systems,biology_family_04,"Candidate must show the temporal sequence that instantiates Bistable Snap-Trap Closure, not merely an object, scene, or static result.",0,30,vdcr_direct_answer; concept_zh=双稳态捕虫夹闭合; concept_type=自然动态机制; priority=A
vdcr_concept_0151,A,Bistable Snap-Trap Closure video,biology_living_systems,Bistable Snap-Trap Closure,biology_living_systems,biology_family_04,"Candidate must show the temporal sequence that instantiates Bistable Snap-Trap Closure, not merely an object, scene, or static result.",0,30,vdcr_direct_answer; concept_zh=双稳态捕虫夹闭合; concept_type=自然动态机制; priority=A
vdcr_concept_0151,A,双稳态捕虫夹闭合 Bistable Snap-Trap Closure,biology_living_systems,Bistable Snap-Trap Closure,biology_living_systems,biology_family_04,"Candidate must show the temporal sequence that instantiates Bistable Snap-Trap Closure, not merely an object, scene, or static result.",0,30,vdcr_direct_answer; concept_zh=双稳态捕虫夹闭合; concept_type=自然动态机制; priority=A
vdcr_concept_0153,A,Cytoplasmic Streaming,biology_living_systems,Cytoplasmic Streaming,biology_living_systems,biology_family_05,"Candidate must show the temporal sequence that instantiates Cytoplasmic Streaming, not merely an object, scene, or static result.",0,30,vdcr_direct_answer; concept_zh=细胞质流动; concept_type=自然动态机制; priority=A
vdcr_concept_0153,A,Cytoplasmic Streaming demonstration,biology_living_systems,Cytoplasmic Streaming,biology_living_systems,biology_family_05,"Candidate must show the temporal sequence that instantiates Cytoplasmic Streaming, not merely an object, scene, or static result.",0,30,vdcr_direct_answer; concept_zh=细胞质流动; concept_type=自然动态机制; priority=A
vdcr_concept_0153,A,Cytoplasmic Streaming slow motion,biology_living_systems,Cytoplasmic Streaming,biology_living_systems,biology_family_05,"Candidate must show the temporal sequence that instantiates Cytoplasmic Streaming, not merely an object, scene, or static result.",0,30,vdcr_direct_answer; concept_zh=细胞质流动; concept_type=自然动态机制; priority=A
vdcr_concept_0153,A,Cytoplasmic Streaming video,biology_living_systems,Cytoplasmic Streaming,biology_living_systems,biology_family_05,"Candidate must show the temporal sequence that instantiates Cytoplasmic Streaming, not merely an object, scene, or static result.",0,30,vdcr_direct_answer; concept_zh=细胞质流动; concept_type=自然动态机制; priority=A
vdcr_concept_0153,A,细胞质流动 Cytoplasmic Streaming,biology_living_systems,Cytoplasmic Streaming,biology_living_systems,biology_family_05,"Candidate must show the temporal sequence that instantiates Cytoplasmic Streaming, not merely an object, scene, or static result.",0,30,vdcr_direct_answer; concept_zh=细胞质流动; concept_type=自然动态机制; priority=A
vdcr_concept_0154,A,Mitotic Chromosome Segregation,biology_living_systems,Mitotic Chromosome Segregation,biology_living_systems,biology_family_05,"Candidate must show the temporal sequence that instantiates Mitotic Chromosome Segregation, not merely an object, scene, or static result.",0,30,vdcr_direct_answer; concept_zh=有丝分裂染色体分离; concept_type=自然动态机制; priority=A
vdcr_concept_0154,A,Mitotic Chromosome Segregation demonstration,biology_living_systems,Mitotic Chromosome Segregation,biology_living_systems,biology_family_05,"Candidate must show the temporal sequence that instantiates Mitotic Chromosome Segregation, not merely an object, scene, or static result.",0,30,vdcr_direct_answer; concept_zh=有丝分裂染色体分离; concept_type=自然动态机制; priority=A
vdcr_concept_0154,A,Mitotic Chromosome Segregation slow motion,biology_living_systems,Mitotic Chromosome Segregation,biology_living_systems,biology_family_05,"Candidate must show the temporal sequence that instantiates Mitotic Chromosome Segregation, not merely an object, scene, or static result.",0,30,vdcr_direct_answer; concept_zh=有丝分裂染色体分离; concept_type=自然动态机制; priority=A
vdcr_concept_0154,A,Mitotic Chromosome Segregation video,biology_living_systems,Mitotic Chromosome Segregation,biology_living_systems,biology_family_05,"Candidate must show the temporal sequence that instantiates Mitotic Chromosome Segregation, not merely an object, scene, or static result.",0,30,vdcr_direct_answer; concept_zh=有丝分裂染色体分离; concept_type=自然动态机制; priority=A
vdcr_concept_0154,A,有丝分裂染色体分离 Mitotic Chromosome Segregation,biology_living_systems,Mitotic Chromosome Segregation,biology_living_systems,biology_family_05,"Candidate must show the temporal sequence that instantiates Mitotic Chromosome Segregation, not merely an object, scene, or static result.",0,30,vdcr_direct_answer; concept_zh=有丝分裂染色体分离; concept_type=自然动态机制; priority=A
vdcr_concept_0158,A,Ciliary Beating,biology_living_systems,Ciliary Beating,biology_living_systems,biology_family_05,"Candidate must show the temporal sequence that instantiates Ciliary Beating, not merely an object, scene, or static result.",0,30,vdcr_direct_answer; concept_zh=纤毛节律摆动; concept_type=自然动态机制; priority=A
vdcr_concept_0158,A,Ciliary Beating demonstration,biology_living_systems,Ciliary Beating,biology_living_systems,biology_family_05,"Candidate must show the temporal sequence that instantiates Ciliary Beating, not merely an object, scene, or static result.",0,30,vdcr_direct_answer; concept_zh=纤毛节律摆动; concept_type=自然动态机制; priority=A
vdcr_concept_0158,A,Ciliary Beating slow motion,biology_living_systems,Ciliary Beating,biology_living_systems,biology_family_05,"Candidate must show the temporal sequence that instantiates Ciliary Beating, not merely an object, scene, or static result.",0,30,vdcr_direct_answer; concept_zh=纤毛节律摆动; concept_type=自然动态机制; priority=A
vdcr_concept_0158,A,Ciliary Beating video,biology_living_systems,Ciliary Beating,biology_living_systems,biology_family_05,"Candidate must show the temporal sequence that instantiates Ciliary Beating, not merely an object, scene, or static result.",0,30,vdcr_direct_answer; concept_zh=纤毛节律摆动; concept_type=自然动态机制; priority=A
vdcr_concept_0158,A,纤毛节律摆动 Ciliary Beating,biology_living_systems,Ciliary Beating,biology_living_systems,biology_family_05,"Candidate must show the temporal sequence that instantiates Ciliary Beating, not merely an object, scene, or static result.",0,30,vdcr_direct_answer; concept_zh=纤毛节律摆动; concept_type=自然动态机制; priority=A
vdcr_concept_0159,A,Calcium Wave Propagation,biology_living_systems,Calcium Wave Propagation,biology_living_systems,biology_family_05,"Candidate must show the temporal sequence that instantiates Calcium Wave Propagation, not merely an object, scene, or static result.",0,30,vdcr_direct_answer; concept_zh=钙波传播; concept_type=自然动态机制; priority=A
vdcr_concept_0159,A,Calcium Wave Propagation demonstration,biology_living_systems,Calcium Wave Propagation,biology_living_systems,biology_family_05,"Candidate must show the temporal sequence that instantiates Calcium Wave Propagation, not merely an object, scene, or static result.",0,30,vdcr_direct_answer; concept_zh=钙波传播; concept_type=自然动态机制; priority=A
vdcr_concept_0159,A,Calcium Wave Propagation slow motion,biology_living_systems,Calcium Wave Propagation,biology_living_systems,biology_family_05,"Candidate must show the temporal sequence that instantiates Calcium Wave Propagation, not merely an object, scene, or static result.",0,30,vdcr_direct_answer; concept_zh=钙波传播; concept_type=自然动态机制; priority=A
vdcr_concept_0159,A,Calcium Wave Propagation video,biology_living_systems,Calcium Wave Propagation,biology_living_systems,biology_family_05,"Candidate must show the temporal sequence that instantiates Calcium Wave Propagation, not merely an object, scene, or static result.",0,30,vdcr_direct_answer; concept_zh=钙波传播; concept_type=自然动态机制; priority=A
vdcr_concept_0159,A,钙波传播 Calcium Wave Propagation,biology_living_systems,Calcium Wave Propagation,biology_living_systems,biology_family_05,"Candidate must show the temporal sequence that instantiates Calcium Wave Propagation, not merely an object, scene, or static result.",0,30,vdcr_direct_answer; concept_zh=钙波传播; concept_type=自然动态机制; priority=A
vdcr_concept_0160,A,FRAP Recovery,biology_living_systems,FRAP Recovery,biology_living_systems,biology_family_05,"Candidate must show the temporal sequence that instantiates FRAP Recovery, not merely an object, scene, or static result.",0,30,vdcr_direct_answer; concept_zh=光漂白后荧光恢复; concept_type=实验动态图样; priority=A
vdcr_concept_0160,A,FRAP Recovery demonstration,biology_living_systems,FRAP Recovery,biology_living_systems,biology_family_05,"Candidate must show the temporal sequence that instantiates FRAP Recovery, not merely an object, scene, or static result.",0,30,vdcr_direct_answer; concept_zh=光漂白后荧光恢复; concept_type=实验动态图样; priority=A
vdcr_concept_0160,A,FRAP Recovery experiment video,biology_living_systems,FRAP Recovery,biology_living_systems,biology_family_05,"Candidate must show the temporal sequence that instantiates FRAP Recovery, not merely an object, scene, or static result.",0,30,vdcr_direct_answer; concept_zh=光漂白后荧光恢复; concept_type=实验动态图样; priority=A
vdcr_concept_0160,A,FRAP Recovery slow motion,biology_living_systems,FRAP Recovery,biology_living_systems,biology_family_05,"Candidate must show the temporal sequence that instantiates FRAP Recovery, not merely an object, scene, or static result.",0,30,vdcr_direct_answer; concept_zh=光漂白后荧光恢复; concept_type=实验动态图样; priority=A
vdcr_concept_0160,A,FRAP Recovery video,biology_living_systems,FRAP Recovery,biology_living_systems,biology_family_05,"Candidate must show the temporal sequence that instantiates FRAP Recovery, not merely an object, scene, or static result.",0,30,vdcr_direct_answer; concept_zh=光漂白后荧光恢复; concept_type=实验动态图样; priority=A
vdcr_concept_0160,A,光漂白后荧光恢复 FRAP Recovery,biology_living_systems,FRAP Recovery,biology_living_systems,biology_family_05,"Candidate must show the temporal sequence that instantiates FRAP Recovery, not merely an object, scene, or static result.",0,30,vdcr_direct_answer; concept_zh=光漂白后荧光恢复; concept_type=实验动态图样; priority=A
vdcr_concept_0162,A,Endocytosis,biology_living_systems,Endocytosis,biology_living_systems,biology_family_06,"Candidate must show the temporal sequence that instantiates Endocytosis, not merely an object, scene, or static result.",0,30,vdcr_direct_answer; concept_zh=胞吞作用; concept_type=自然动态机制; priority=A
vdcr_concept_0162,A,Endocytosis demonstration,biology_living_systems,Endocytosis,biology_living_systems,biology_family_06,"Candidate must show the temporal sequence that instantiates Endocytosis, not merely an object, scene, or static result.",0,30,vdcr_direct_answer; concept_zh=胞吞作用; concept_type=自然动态机制; priority=A
vdcr_concept_0162,A,Endocytosis slow motion,biology_living_systems,Endocytosis,biology_living_systems,biology_family_06,"Candidate must show the temporal sequence that instantiates Endocytosis, not merely an object, scene, or static result.",0,30,vdcr_direct_answer; concept_zh=胞吞作用; concept_type=自然动态机制; priority=A
vdcr_concept_0162,A,Endocytosis video,biology_living_systems,Endocytosis,biology_living_systems,biology_family_06,"Candidate must show the temporal sequence that instantiates Endocytosis, not merely an object, scene, or static result.",0,30,vdcr_direct_answer; concept_zh=胞吞作用; concept_type=自然动态机制; priority=A
vdcr_concept_0162,A,胞吞作用 Endocytosis,biology_living_systems,Endocytosis,biology_living_systems,biology_family_06,"Candidate must show the temporal sequence that instantiates Endocytosis, not merely an object, scene, or static result.",0,30,vdcr_direct_answer; concept_zh=胞吞作用; concept_type=自然动态机制; priority=A
vdcr_concept_0163,A,Exocytosis,biology_living_systems,Exocytosis,biology_living_systems,biology_family_06,"Candidate must show the temporal sequence that instantiates Exocytosis, not merely an object, scene, or static result.",0,30,vdcr_direct_answer; concept_zh=胞吐作用; concept_type=自然动态机制; priority=A
vdcr_concept_0163,A,Exocytosis demonstration,biology_living_systems,Exocytosis,biology_living_systems,biology_family_06,"Candidate must show the temporal sequence that instantiates Exocytosis, not merely an object, scene, or static result.",0,30,vdcr_direct_answer; concept_zh=胞吐作用; concept_type=自然动态机制; priority=A
vdcr_concept_0163,A,Exocytosis slow motion,biology_living_systems,Exocytosis,biology_living_systems,biology_family_06,"Candidate must show the temporal sequence that instantiates Exocytosis, not merely an object, scene, or static result.",0,30,vdcr_direct_answer; concept_zh=胞吐作用; concept_type=自然动态机制; priority=A
vdcr_concept_0163,A,Exocytosis video,biology_living_systems,Exocytosis,biology_living_systems,biology_family_06,"Candidate must show the temporal sequence that instantiates Exocytosis, not merely an object, scene, or static result.",0,30,vdcr_direct_answer; concept_zh=胞吐作用; concept_type=自然动态机制; priority=A
vdcr_concept_0163,A,胞吐作用 Exocytosis,biology_living_systems,Exocytosis,biology_living_systems,biology_family_06,"Candidate must show the temporal sequence that instantiates Exocytosis, not merely an object, scene, or static result.",0,30,vdcr_direct_answer; concept_zh=胞吐作用; concept_type=自然动态机制; priority=A
vdcr_concept_0168,A,Microtubule Dynamic Instability,biology_living_systems,Microtubule Dynamic Instability,biology_living_systems,biology_family_07,"Candidate must show the temporal sequence that instantiates Microtubule Dynamic Instability, not merely an object, scene, or static result.",0,30,vdcr_direct_answer; concept_zh=微管动态不稳定性; concept_type=自然动态机制; priority=A
vdcr_concept_0168,A,Microtubule Dynamic Instability demonstration,biology_living_systems,Microtubule Dynamic Instability,biology_living_systems,biology_family_07,"Candidate must show the temporal sequence that instantiates Microtubule Dynamic Instability, not merely an object, scene, or static result.",0,30,vdcr_direct_answer; concept_zh=微管动态不稳定性; concept_type=自然动态机制; priority=A
vdcr_concept_0168,A,Microtubule Dynamic Instability slow motion,biology_living_systems,Microtubule Dynamic Instability,biology_living_systems,biology_family_07,"Candidate must show the temporal sequence that instantiates Microtubule Dynamic Instability, not merely an object, scene, or static result.",0,30,vdcr_direct_answer; concept_zh=微管动态不稳定性; concept_type=自然动态机制; priority=A
vdcr_concept_0168,A,Microtubule Dynamic Instability video,biology_living_systems,Microtubule Dynamic Instability,biology_living_systems,biology_family_07,"Candidate must show the temporal sequence that instantiates Microtubule Dynamic Instability, not merely an object, scene, or static result.",0,30,vdcr_direct_answer; concept_zh=微管动态不稳定性; concept_type=自然动态机制; priority=A
vdcr_concept_0168,A,微管动态不稳定性 Microtubule Dynamic Instability,biology_living_systems,Microtubule Dynamic Instability,biology_living_systems,biology_family_07,"Candidate must show the temporal sequence that instantiates Microtubule Dynamic Instability, not merely an object, scene, or static result.",0,30,vdcr_direct_answer; concept_zh=微管动态不稳定性; concept_type=自然动态机制; priority=A
vdcr_concept_0175,A,Gastrulation,biology_living_systems,Gastrulation,biology_living_systems,biology_family_08,"Candidate must show the temporal sequence that instantiates Gastrulation, not merely an object, scene, or static result.",0,30,vdcr_direct_answer; concept_zh=原肠胚形成; concept_type=自然动态机制; priority=A
vdcr_concept_0175,A,Gastrulation demonstration,biology_living_systems,Gastrulation,biology_living_systems,biology_family_08,"Candidate must show the temporal sequence that instantiates Gastrulation, not merely an object, scene, or static result.",0,30,vdcr_direct_answer; concept_zh=原肠胚形成; concept_type=自然动态机制; priority=A
vdcr_concept_0175,A,Gastrulation slow motion,biology_living_systems,Gastrulation,biology_living_systems,biology_family_08,"Candidate must show the temporal sequence that instantiates Gastrulation, not merely an object, scene, or static result.",0,30,vdcr_direct_answer; concept_zh=原肠胚形成; concept_type=自然动态机制; priority=A
vdcr_concept_0175,A,Gastrulation video,biology_living_systems,Gastrulation,biology_living_systems,biology_family_08,"Candidate must show the temporal sequence that instantiates Gastrulation, not merely an object, scene, or static result.",0,30,vdcr_direct_answer; concept_zh=原肠胚形成; concept_type=自然动态机制; priority=A
vdcr_concept_0175,A,原肠胚形成 Gastrulation,biology_living_systems,Gastrulation,biology_living_systems,biology_family_08,"Candidate must show the temporal sequence that instantiates Gastrulation, not merely an object, scene, or static result.",0,30,vdcr_direct_answer; concept_zh=原肠胚形成; concept_type=自然动态机制; priority=A
vdcr_concept_0180,A,Stomatal Opening and Closing,biology_living_systems,Stomatal Opening and Closing,biology_living_systems,biology_family_09,"Candidate must show the temporal sequence that instantiates Stomatal Opening and Closing, not merely an object, scene, or static result.",0,30,vdcr_direct_answer; concept_zh=气孔开闭; concept_type=自然动态机制; priority=A
vdcr_concept_0180,A,Stomatal Opening and Closing demonstration,biology_living_systems,Stomatal Opening and Closing,biology_living_systems,biology_family_09,"Candidate must show the temporal sequence that instantiates Stomatal Opening and Closing, not merely an object, scene, or static result.",0,30,vdcr_direct_answer; concept_zh=气孔开闭; concept_type=自然动态机制; priority=A
vdcr_concept_0180,A,Stomatal Opening and Closing slow motion,biology_living_systems,Stomatal Opening and Closing,biology_living_systems,biology_family_09,"Candidate must show the temporal sequence that instantiates Stomatal Opening and Closing, not merely an object, scene, or static result.",0,30,vdcr_direct_answer; concept_zh=气孔开闭; concept_type=自然动态机制; priority=A
vdcr_concept_0180,A,Stomatal Opening and Closing video,biology_living_systems,Stomatal Opening and Closing,biology_living_systems,biology_family_09,"Candidate must show the temporal sequence that instantiates Stomatal Opening and Closing, not merely an object, scene, or static result.",0,30,vdcr_direct_answer; concept_zh=气孔开闭; concept_type=自然动态机制; priority=A
vdcr_concept_0180,A,气孔开闭 Stomatal Opening and Closing,biology_living_systems,Stomatal Opening and Closing,biology_living_systems,biology_family_09,"Candidate must show the temporal sequence that instantiates Stomatal Opening and Closing, not merely an object, scene, or static result.",0,30,vdcr_direct_answer; concept_zh=气孔开闭; concept_type=自然动态机制; priority=A
vdcr_concept_0185,A,Bacterial Chemotaxis,biology_living_systems,Bacterial Chemotaxis,biology_living_systems,biology_family_10,"Candidate must show the temporal sequence that instantiates Bacterial Chemotaxis, not merely an object, scene, or static result.",0,30,vdcr_direct_answer; concept_zh=细菌趋化游动; concept_type=自然动态机制; priority=A
vdcr_concept_0185,A,Bacterial Chemotaxis demonstration,biology_living_systems,Bacterial Chemotaxis,biology_living_systems,biology_family_10,"Candidate must show the temporal sequence that instantiates Bacterial Chemotaxis, not merely an object, scene, or static result.",0,30,vdcr_direct_answer; concept_zh=细菌趋化游动; concept_type=自然动态机制; priority=A
vdcr_concept_0185,A,Bacterial Chemotaxis slow motion,biology_living_systems,Bacterial Chemotaxis,biology_living_systems,biology_family_10,"Candidate must show the temporal sequence that instantiates Bacterial Chemotaxis, not merely an object, scene, or static result.",0,30,vdcr_direct_answer; concept_zh=细菌趋化游动; concept_type=自然动态机制; priority=A
vdcr_concept_0185,A,Bacterial Chemotaxis video,biology_living_systems,Bacterial Chemotaxis,biology_living_systems,biology_family_10,"Candidate must show the temporal sequence that instantiates Bacterial Chemotaxis, not merely an object, scene, or static result.",0,30,vdcr_direct_answer; concept_zh=细菌趋化游动; concept_type=自然动态机制; priority=A
vdcr_concept_0185,A,细菌趋化游动 Bacterial Chemotaxis,biology_living_systems,Bacterial Chemotaxis,biology_living_systems,biology_family_10,"Candidate must show the temporal sequence that instantiates Bacterial Chemotaxis, not merely an object, scene, or static result.",0,30,vdcr_direct_answer; concept_zh=细菌趋化游动; concept_type=自然动态机制; priority=A
vdcr_concept_0190,A,Downburst,earth_environmental_systems,Downburst / Microburst Outflow,earth_environmental_systems,earth_family_01,"Candidate must show the temporal sequence that instantiates Downburst / Microburst Outflow, not merely an object, scene, or static result.",0,30,vdcr_direct_answer; concept_zh=下击暴流出流扩散; concept_type=自然动态机制; priority=A
vdcr_concept_0190,A,Downburst / Microburst Outflow,earth_environmental_systems,Downburst / Microburst Outflow,earth_environmental_systems,earth_family_01,"Candidate must show the temporal sequence that instantiates Downburst / Microburst Outflow, not merely an object, scene, or static result.",0,30,vdcr_direct_answer; concept_zh=下击暴流出流扩散; concept_type=自然动态机制; priority=A
vdcr_concept_0190,A,Downburst / Microburst Outflow demonstration,earth_environmental_systems,Downburst / Microburst Outflow,earth_environmental_systems,earth_family_01,"Candidate must show the temporal sequence that instantiates Downburst / Microburst Outflow, not merely an object, scene, or static result.",0,30,vdcr_direct_answer; concept_zh=下击暴流出流扩散; concept_type=自然动态机制; priority=A
vdcr_concept_0190,A,Downburst / Microburst Outflow slow motion,earth_environmental_systems,Downburst / Microburst Outflow,earth_environmental_systems,earth_family_01,"Candidate must show the temporal sequence that instantiates Downburst / Microburst Outflow, not merely an object, scene, or static result.",0,30,vdcr_direct_answer; concept_zh=下击暴流出流扩散; concept_type=自然动态机制; priority=A
vdcr_concept_0190,A,Downburst / Microburst Outflow video,earth_environmental_systems,Downburst / Microburst Outflow,earth_environmental_systems,earth_family_01,"Candidate must show the temporal sequence that instantiates Downburst / Microburst Outflow, not merely an object, scene, or static result.",0,30,vdcr_direct_answer; concept_zh=下击暴流出流扩散; concept_type=自然动态机制; priority=A
vdcr_concept_0190,A,Downburst video,earth_environmental_systems,Downburst / Microburst Outflow,earth_environmental_systems,earth_family_01,"Candidate must show the temporal sequence that instantiates Downburst / Microburst Outflow, not merely an object, scene, or static result.",0,30,vdcr_direct_answer; concept_zh=下击暴流出流扩散; concept_type=自然动态机制; priority=A
vdcr_concept_0190,A,Microburst Outflow,earth_environmental_systems,Downburst / Microburst Outflow,earth_environmental_systems,earth_family_01,"Candidate must show the temporal sequence that instantiates Downburst / Microburst Outflow, not merely an object, scene, or static result.",0,30,vdcr_direct_answer; concept_zh=下击暴流出流扩散; concept_type=自然动态机制; priority=A
vdcr_concept_0190,A,Microburst Outflow video,earth_environmental_systems,Downburst / Microburst Outflow,earth_environmental_systems,earth_family_01,"Candidate must show the temporal sequence that instantiates Downburst / Microburst Outflow, not merely an object, scene, or static result.",0,30,vdcr_direct_answer; concept_zh=下击暴流出流扩散; concept_type=自然动态机制; priority=A
vdcr_concept_0190,A,下击暴流出流扩散 Downburst / Microburst Outflow,earth_environmental_systems,Downburst / Microburst Outflow,earth_environmental_systems,earth_family_01,"Candidate must show the temporal sequence that instantiates Downburst / Microburst Outflow, not merely an object, scene, or static result.",0,30,vdcr_direct_answer; concept_zh=下击暴流出流扩散; concept_type=自然动态机制; priority=A
vdcr_concept_0191,A,Supercell Mesocyclone Rotation,earth_environmental_systems,Supercell Mesocyclone Rotation,earth_environmental_systems,earth_family_01,"Candidate must show the temporal sequence that instantiates Supercell Mesocyclone Rotation, not merely an object, scene, or static result.",0,30,vdcr_direct_answer; concept_zh=超级单体中气旋旋转; concept_type=自然动态机制; priority=A
vdcr_concept_0191,A,Supercell Mesocyclone Rotation demonstration,earth_environmental_systems,Supercell Mesocyclone Rotation,earth_environmental_systems,earth_family_01,"Candidate must show the temporal sequence that instantiates Supercell Mesocyclone Rotation, not merely an object, scene, or static result.",0,30,vdcr_direct_answer; concept_zh=超级单体中气旋旋转; concept_type=自然动态机制; priority=A
vdcr_concept_0191,A,Supercell Mesocyclone Rotation slow motion,earth_environmental_systems,Supercell Mesocyclone Rotation,earth_environmental_systems,earth_family_01,"Candidate must show the temporal sequence that instantiates Supercell Mesocyclone Rotation, not merely an object, scene, or static result.",0,30,vdcr_direct_answer; concept_zh=超级单体中气旋旋转; concept_type=自然动态机制; priority=A
vdcr_concept_0191,A,Supercell Mesocyclone Rotation video,earth_environmental_systems,Supercell Mesocyclone Rotation,earth_environmental_systems,earth_family_01,"Candidate must show the temporal sequence that instantiates Supercell Mesocyclone Rotation, not merely an object, scene, or static result.",0,30,vdcr_direct_answer; concept_zh=超级单体中气旋旋转; concept_type=自然动态机制; priority=A
vdcr_concept_0191,A,超级单体中气旋旋转 Supercell Mesocyclone Rotation,earth_environmental_systems,Supercell Mesocyclone Rotation,earth_environmental_systems,earth_family_01,"Candidate must show the temporal sequence that instantiates Supercell Mesocyclone Rotation, not merely an object, scene, or static result.",0,30,vdcr_direct_answer; concept_zh=超级单体中气旋旋转; concept_type=自然动态机制; priority=A
vdcr_concept_0192,A,Tornadogenesis,earth_environmental_systems,Tornadogenesis,earth_environmental_systems,earth_family_01,"Candidate must show the temporal sequence that instantiates Tornadogenesis, not merely an object, scene, or static result.",0,30,vdcr_direct_answer; concept_zh=龙卷生成; concept_type=自然动态机制; priority=A
vdcr_concept_0192,A,Tornadogenesis demonstration,earth_environmental_systems,Tornadogenesis,earth_environmental_systems,earth_family_01,"Candidate must show the temporal sequence that instantiates Tornadogenesis, not merely an object, scene, or static result.",0,30,vdcr_direct_answer; concept_zh=龙卷生成; concept_type=自然动态机制; priority=A
vdcr_concept_0192,A,Tornadogenesis slow motion,earth_environmental_systems,Tornadogenesis,earth_environmental_systems,earth_family_01,"Candidate must show the temporal sequence that instantiates Tornadogenesis, not merely an object, scene, or static result.",0,30,vdcr_direct_answer; concept_zh=龙卷生成; concept_type=自然动态机制; priority=A
vdcr_concept_0192,A,Tornadogenesis video,earth_environmental_systems,Tornadogenesis,earth_environmental_systems,earth_family_01,"Candidate must show the temporal sequence that instantiates Tornadogenesis, not merely an object, scene, or static result.",0,30,vdcr_direct_answer; concept_zh=龙卷生成; concept_type=自然动态机制; priority=A
vdcr_concept_0192,A,龙卷生成 Tornadogenesis,earth_environmental_systems,Tornadogenesis,earth_environmental_systems,earth_family_01,"Candidate must show the temporal sequence that instantiates Tornadogenesis, not merely an object, scene, or static result.",0,30,vdcr_direct_answer; concept_zh=龙卷生成; concept_type=自然动态机制; priority=A
vdcr_concept_0196,A,Meander Neck Cutoff,earth_environmental_systems,Meander Neck Cutoff,earth_environmental_systems,earth_family_02,"Candidate must show the temporal sequence that instantiates Meander Neck Cutoff, not merely an object, scene, or static result.",0,30,vdcr_direct_answer; concept_zh=曲流河裁弯取直; concept_type=自然动态机制; priority=A
vdcr_concept_0196,A,Meander Neck Cutoff demonstration,earth_environmental_systems,Meander Neck Cutoff,earth_environmental_systems,earth_family_02,"Candidate must show the temporal sequence that instantiates Meander Neck Cutoff, not merely an object, scene, or static result.",0,30,vdcr_direct_answer; concept_zh=曲流河裁弯取直; concept_type=自然动态机制; priority=A
vdcr_concept_0196,A,Meander Neck Cutoff slow motion,earth_environmental_systems,Meander Neck Cutoff,earth_environmental_systems,earth_family_02,"Candidate must show the temporal sequence that instantiates Meander Neck Cutoff, not merely an object, scene, or static result.",0,30,vdcr_direct_answer; concept_zh=曲流河裁弯取直; concept_type=自然动态机制; priority=A
vdcr_concept_0196,A,Meander Neck Cutoff video,earth_environmental_systems,Meander Neck Cutoff,earth_environmental_systems,earth_family_02,"Candidate must show the temporal sequence that instantiates Meander Neck Cutoff, not merely an object, scene, or static result.",0,30,vdcr_direct_answer; concept_zh=曲流河裁弯取直; concept_type=自然动态机制; priority=A
vdcr_concept_0196,A,曲流河裁弯取直 Meander Neck Cutoff,earth_environmental_systems,Meander Neck Cutoff,earth_environmental_systems,earth_family_02,"Candidate must show the temporal sequence that instantiates Meander Neck Cutoff, not merely an object, scene, or static result.",0,30,vdcr_direct_answer; concept_zh=曲流河裁弯取直; concept_type=自然动态机制; priority=A
vdcr_concept_0200,A,Sediment Saltation,earth_environmental_systems,Sediment Saltation,earth_environmental_systems,earth_family_02,"Candidate must show the temporal sequence that instantiates Sediment Saltation, not merely an object, scene, or static result.",0,30,vdcr_direct_answer; concept_zh=泥沙跃移; concept_type=自然动态机制; priority=A
vdcr_concept_0200,A,Sediment Saltation demonstration,earth_environmental_systems,Sediment Saltation,earth_environmental_systems,earth_family_02,"Candidate must show the temporal sequence that instantiates Sediment Saltation, not merely an object, scene, or static result.",0,30,vdcr_direct_answer; concept_zh=泥沙跃移; concept_type=自然动态机制; priority=A
vdcr_concept_0200,A,Sediment Saltation slow motion,earth_environmental_systems,Sediment Saltation,earth_environmental_systems,earth_family_02,"Candidate must show the temporal sequence that instantiates Sediment Saltation, not merely an object, scene, or static result.",0,30,vdcr_direct_answer; concept_zh=泥沙跃移; concept_type=自然动态机制; priority=A
vdcr_concept_0200,A,Sediment Saltation video,earth_environmental_systems,Sediment Saltation,earth_environmental_systems,earth_family_02,"Candidate must show the temporal sequence that instantiates Sediment Saltation, not merely an object, scene, or static result.",0,30,vdcr_direct_answer; concept_zh=泥沙跃移; concept_type=自然动态机制; priority=A
vdcr_concept_0200,A,泥沙跃移 Sediment Saltation,earth_environmental_systems,Sediment Saltation,earth_environmental_systems,earth_family_02,"Candidate must show the temporal sequence that instantiates Sediment Saltation, not merely an object, scene, or static result.",0,30,vdcr_direct_answer; concept_zh=泥沙跃移; concept_type=自然动态机制; priority=A
vdcr_concept_0210,A,Pyroclastic Density Current,earth_environmental_systems,Pyroclastic Density Current,earth_environmental_systems,earth_family_04,"Candidate must show the temporal sequence that instantiates Pyroclastic Density Current, not merely an object, scene, or static result.",0,30,vdcr_direct_answer; concept_zh=火山碎屑密度流; concept_type=自然动态机制; priority=A
vdcr_concept_0210,A,Pyroclastic Density Current demonstration,earth_environmental_systems,Pyroclastic Density Current,earth_environmental_systems,earth_family_04,"Candidate must show the temporal sequence that instantiates Pyroclastic Density Current, not merely an object, scene, or static result.",0,30,vdcr_direct_answer; concept_zh=火山碎屑密度流; concept_type=自然动态机制; priority=A
vdcr_concept_0210,A,Pyroclastic Density Current slow motion,earth_environmental_systems,Pyroclastic Density Current,earth_environmental_systems,earth_family_04,"Candidate must show the temporal sequence that instantiates Pyroclastic Density Current, not merely an object, scene, or static result.",0,30,vdcr_direct_answer; concept_zh=火山碎屑密度流; concept_type=自然动态机制; priority=A
vdcr_concept_0210,A,Pyroclastic Density Current video,earth_environmental_systems,Pyroclastic Density Current,earth_environmental_systems,earth_family_04,"Candidate must show the temporal sequence that instantiates Pyroclastic Density Current, not merely an object, scene, or static result.",0,30,vdcr_direct_answer; concept_zh=火山碎屑密度流; concept_type=自然动态机制; priority=A
vdcr_concept_0210,A,火山碎屑密度流 Pyroclastic Density Current,earth_environmental_systems,Pyroclastic Density Current,earth_environmental_systems,earth_family_04,"Candidate must show the temporal sequence that instantiates Pyroclastic Density Current, not merely an object, scene, or static result.",0,30,vdcr_direct_answer; concept_zh=火山碎屑密度流; concept_type=自然动态机制; priority=A
vdcr_concept_0211,A,Pahoehoe Lava Roping,earth_environmental_systems,Pahoehoe Lava Roping,earth_environmental_systems,earth_family_04,"Candidate must show the temporal sequence that instantiates Pahoehoe Lava Roping, not merely an object, scene, or static result.",0,30,vdcr_direct_answer; concept_zh=绳状熔岩形成; concept_type=自然动态机制; priority=A
vdcr_concept_0211,A,Pahoehoe Lava Roping demonstration,earth_environmental_systems,Pahoehoe Lava Roping,earth_environmental_systems,earth_family_04,"Candidate must show the temporal sequence that instantiates Pahoehoe Lava Roping, not merely an object, scene, or static result.",0,30,vdcr_direct_answer; concept_zh=绳状熔岩形成; concept_type=自然动态机制; priority=A
vdcr_concept_0211,A,Pahoehoe Lava Roping slow motion,earth_environmental_systems,Pahoehoe Lava Roping,earth_environmental_systems,earth_family_04,"Candidate must show the temporal sequence that instantiates Pahoehoe Lava Roping, not merely an object, scene, or static result.",0,30,vdcr_direct_answer; concept_zh=绳状熔岩形成; concept_type=自然动态机制; priority=A
vdcr_concept_0211,A,Pahoehoe Lava Roping video,earth_environmental_systems,Pahoehoe Lava Roping,earth_environmental_systems,earth_family_04,"Candidate must show the temporal sequence that instantiates Pahoehoe Lava Roping, not merely an object, scene, or static result.",0,30,vdcr_direct_answer; concept_zh=绳状熔岩形成; concept_type=自然动态机制; priority=A
vdcr_concept_0211,A,绳状熔岩形成 Pahoehoe Lava Roping,earth_environmental_systems,Pahoehoe Lava Roping,earth_environmental_systems,earth_family_04,"Candidate must show the temporal sequence that instantiates Pahoehoe Lava Roping, not merely an object, scene, or static result.",0,30,vdcr_direct_answer; concept_zh=绳状熔岩形成; concept_type=自然动态机制; priority=A
vdcr_concept_0219,A,Slab Avalanche Release,earth_environmental_systems,Slab Avalanche Release,earth_environmental_systems,earth_family_05,"Candidate must show the temporal sequence that instantiates Slab Avalanche Release, not merely an object, scene, or static result.",0,30,vdcr_direct_answer; concept_zh=板状雪崩释放; concept_type=自然动态机制; priority=A
vdcr_concept_0219,A,Slab Avalanche Release demonstration,earth_environmental_systems,Slab Avalanche Release,earth_environmental_systems,earth_family_05,"Candidate must show the temporal sequence that instantiates Slab Avalanche Release, not merely an object, scene, or static result.",0,30,vdcr_direct_answer; concept_zh=板状雪崩释放; concept_type=自然动态机制; priority=A
vdcr_concept_0219,A,Slab Avalanche Release slow motion,earth_environmental_systems,Slab Avalanche Release,earth_environmental_systems,earth_family_05,"Candidate must show the temporal sequence that instantiates Slab Avalanche Release, not merely an object, scene, or static result.",0,30,vdcr_direct_answer; concept_zh=板状雪崩释放; concept_type=自然动态机制; priority=A
vdcr_concept_0219,A,Slab Avalanche Release video,earth_environmental_systems,Slab Avalanche Release,earth_environmental_systems,earth_family_05,"Candidate must show the temporal sequence that instantiates Slab Avalanche Release, not merely an object, scene, or static result.",0,30,vdcr_direct_answer; concept_zh=板状雪崩释放; concept_type=自然动态机制; priority=A
vdcr_concept_0219,A,板状雪崩释放 Slab Avalanche Release,earth_environmental_systems,Slab Avalanche Release,earth_environmental_systems,earth_family_05,"Candidate must show the temporal sequence that instantiates Slab Avalanche Release, not merely an object, scene, or static result.",0,30,vdcr_direct_answer; concept_zh=板状雪崩释放; concept_type=自然动态机制; priority=A
vdcr_concept_0230,A,Barchan Dune Migration,earth_environmental_systems,Barchan Dune Migration,earth_environmental_systems,earth_family_07,"Candidate must show the temporal sequence that instantiates Barchan Dune Migration, not merely an object, scene, or static result.",0,30,vdcr_direct_answer; concept_zh=新月形沙丘迁移; concept_type=自然动态机制; priority=A
vdcr_concept_0230,A,Barchan Dune Migration demonstration,earth_environmental_systems,Barchan Dune Migration,earth_environmental_systems,earth_family_07,"Candidate must show the temporal sequence that instantiates Barchan Dune Migration, not merely an object, scene, or static result.",0,30,vdcr_direct_answer; concept_zh=新月形沙丘迁移; concept_type=自然动态机制; priority=A
vdcr_concept_0230,A,Barchan Dune Migration slow motion,earth_environmental_systems,Barchan Dune Migration,earth_environmental_systems,earth_family_07,"Candidate must show the temporal sequence that instantiates Barchan Dune Migration, not merely an object, scene, or static result.",0,30,vdcr_direct_answer; concept_zh=新月形沙丘迁移; concept_type=自然动态机制; priority=A
vdcr_concept_0230,A,Barchan Dune Migration video,earth_environmental_systems,Barchan Dune Migration,earth_environmental_systems,earth_family_07,"Candidate must show the temporal sequence that instantiates Barchan Dune Migration, not merely an object, scene, or static result.",0,30,vdcr_direct_answer; concept_zh=新月形沙丘迁移; concept_type=自然动态机制; priority=A
vdcr_concept_0230,A,新月形沙丘迁移 Barchan Dune Migration,earth_environmental_systems,Barchan Dune Migration,earth_environmental_systems,earth_family_07,"Candidate must show the temporal sequence that instantiates Barchan Dune Migration, not merely an object, scene, or static result.",0,30,vdcr_direct_answer; concept_zh=新月形沙丘迁移; concept_type=自然动态机制; priority=A
vdcr_concept_0235,A,Tidal Bore,earth_environmental_systems,Tidal Bore,earth_environmental_systems,earth_family_08,"Candidate must show the temporal sequence that instantiates Tidal Bore, not merely an object, scene, or static result.",0,30,vdcr_direct_answer; concept_zh=潮汐涌浪; concept_type=自然动态机制; priority=A
vdcr_concept_0235,A,Tidal Bore demonstration,earth_environmental_systems,Tidal Bore,earth_environmental_systems,earth_family_08,"Candidate must show the temporal sequence that instantiates Tidal Bore, not merely an object, scene, or static result.",0,30,vdcr_direct_answer; concept_zh=潮汐涌浪; concept_type=自然动态机制; priority=A
vdcr_concept_0235,A,Tidal Bore slow motion,earth_environmental_systems,Tidal Bore,earth_environmental_systems,earth_family_08,"Candidate must show the temporal sequence that instantiates Tidal Bore, not merely an object, scene, or static result.",0,30,vdcr_direct_answer; concept_zh=潮汐涌浪; concept_type=自然动态机制; priority=A
vdcr_concept_0235,A,Tidal Bore video,earth_environmental_systems,Tidal Bore,earth_environmental_systems,earth_family_08,"Candidate must show the temporal sequence that instantiates Tidal Bore, not merely an object, scene, or static result.",0,30,vdcr_direct_answer; concept_zh=潮汐涌浪; concept_type=自然动态机制; priority=A
vdcr_concept_0235,A,潮汐涌浪 Tidal Bore,earth_environmental_systems,Tidal Bore,earth_environmental_systems,earth_family_08,"Candidate must show the temporal sequence that instantiates Tidal Bore, not merely an object, scene, or static result.",0,30,vdcr_direct_answer; concept_zh=潮汐涌浪; concept_type=自然动态机制; priority=A
vdcr_concept_0240,A,Gully Headcut Retreat,earth_environmental_systems,Gully Headcut Retreat,earth_environmental_systems,earth_family_09,"Candidate must show the temporal sequence that instantiates Gully Headcut Retreat, not merely an object, scene, or static result.",0,30,vdcr_direct_answer; concept_zh=沟蚀扩展; concept_type=自然动态机制; priority=A
vdcr_concept_0240,A,Gully Headcut Retreat demonstration,earth_environmental_systems,Gully Headcut Retreat,earth_environmental_systems,earth_family_09,"Candidate must show the temporal sequence that instantiates Gully Headcut Retreat, not merely an object, scene, or static result.",0,30,vdcr_direct_answer; concept_zh=沟蚀扩展; concept_type=自然动态机制; priority=A
vdcr_concept_0240,A,Gully Headcut Retreat slow motion,earth_environmental_systems,Gully Headcut Retreat,earth_environmental_systems,earth_family_09,"Candidate must show the temporal sequence that instantiates Gully Headcut Retreat, not merely an object, scene, or static result.",0,30,vdcr_direct_answer; concept_zh=沟蚀扩展; concept_type=自然动态机制; priority=A
vdcr_concept_0240,A,Gully Headcut Retreat video,earth_environmental_systems,Gully Headcut Retreat,earth_environmental_systems,earth_family_09,"Candidate must show the temporal sequence that instantiates Gully Headcut Retreat, not merely an object, scene, or static result.",0,30,vdcr_direct_answer; concept_zh=沟蚀扩展; concept_type=自然动态机制; priority=A
vdcr_concept_0240,A,沟蚀扩展 Gully Headcut Retreat,earth_environmental_systems,Gully Headcut Retreat,earth_environmental_systems,earth_family_09,"Candidate must show the temporal sequence that instantiates Gully Headcut Retreat, not merely an object, scene, or static result.",0,30,vdcr_direct_answer; concept_zh=沟蚀扩展; concept_type=自然动态机制; priority=A
vdcr_concept_0001,B,Magnus Effect,physics_physical_systems,Magnus Effect,physics_physical_systems,physics_family_01,"Candidate must show the temporal sequence that instantiates Magnus Effect, not merely an object, scene, or static result.",0,30,vdcr_direct_answer; concept_zh=马格努斯效应; concept_type=自然动态机制; priority=B
vdcr_concept_0001,B,Magnus Effect demonstration,physics_physical_systems,Magnus Effect,physics_physical_systems,physics_family_01,"Candidate must show the temporal sequence that instantiates Magnus Effect, not merely an object, scene, or static result.",0,30,vdcr_direct_answer; concept_zh=马格努斯效应; concept_type=自然动态机制; priority=B
vdcr_concept_0001,B,Magnus Effect slow motion,physics_physical_systems,Magnus Effect,physics_physical_systems,physics_family_01,"Candidate must show the temporal sequence that instantiates Magnus Effect, not merely an object, scene, or static result.",0,30,vdcr_direct_answer; concept_zh=马格努斯效应; concept_type=自然动态机制; priority=B
vdcr_concept_0001,B,Magnus Effect video,physics_physical_systems,Magnus Effect,physics_physical_systems,physics_family_01,"Candidate must show the temporal sequence that instantiates Magnus Effect, not merely an object, scene, or static result.",0,30,vdcr_direct_answer; concept_zh=马格努斯效应; concept_type=自然动态机制; priority=B
vdcr_concept_0006,B,Saffman-Taylor Viscous Fingering,physics_physical_systems,Saffman-Taylor Viscous Fingering,physics_physical_systems,physics_family_01,"Candidate must show the temporal sequence that instantiates Saffman-Taylor Viscous Fingering, not merely an object, scene, or static result.",0,30,vdcr_direct_answer; concept_zh=萨夫曼-泰勒黏性指进; concept_type=自然动态机制; priority=B
vdcr_concept_0006,B,Saffman-Taylor Viscous Fingering demonstration,physics_physical_systems,Saffman-Taylor Viscous Fingering,physics_physical_systems,physics_family_01,"Candidate must show the temporal sequence that instantiates Saffman-Taylor Viscous Fingering, not merely an object, scene, or static result.",0,30,vdcr_direct_answer; concept_zh=萨夫曼-泰勒黏性指进; concept_type=自然动态机制; priority=B
vdcr_concept_0006,B,Saffman-Taylor Viscous Fingering slow motion,physics_physical_systems,Saffman-Taylor Viscous Fingering,physics_physical_systems,physics_family_01,"Candidate must show the temporal sequence that instantiates Saffman-Taylor Viscous Fingering, not merely an object, scene, or static result.",0,30,vdcr_direct_answer; concept_zh=萨夫曼-泰勒黏性指进; concept_type=自然动态机制; priority=B
vdcr_concept_0006,B,Saffman-Taylor Viscous Fingering video,physics_physical_systems,Saffman-Taylor Viscous Fingering,physics_physical_systems,physics_family_01,"Candidate must show the temporal sequence that instantiates Saffman-Taylor Viscous Fingering, not merely an object, scene, or static result.",0,30,vdcr_direct_answer; concept_zh=萨夫曼-泰勒黏性指进; concept_type=自然动态机制; priority=B
vdcr_concept_0007,B,Taylor-Couette Vortices,physics_physical_systems,Taylor-Couette Vortices,physics_physical_systems,physics_family_01,"Candidate must show the temporal sequence that instantiates Taylor-Couette Vortices, not merely an object, scene, or static result.",0,30,vdcr_direct_answer; concept_zh=泰勒-库埃特涡; concept_type=自然动态机制; priority=B
vdcr_concept_0007,B,Taylor-Couette Vortices demonstration,physics_physical_systems,Taylor-Couette Vortices,physics_physical_systems,physics_family_01,"Candidate must show the temporal sequence that instantiates Taylor-Couette Vortices, not merely an object, scene, or static result.",0,30,vdcr_direct_answer; concept_zh=泰勒-库埃特涡; concept_type=自然动态机制; priority=B
vdcr_concept_0007,B,Taylor-Couette Vortices slow motion,physics_physical_systems,Taylor-Couette Vortices,physics_physical_systems,physics_family_01,"Candidate must show the temporal sequence that instantiates Taylor-Couette Vortices, not merely an object, scene, or static result.",0,30,vdcr_direct_answer; concept_zh=泰勒-库埃特涡; concept_type=自然动态机制; priority=B
vdcr_concept_0007,B,Taylor-Couette Vortices video,physics_physical_systems,Taylor-Couette Vortices,physics_physical_systems,physics_family_01,"Candidate must show the temporal sequence that instantiates Taylor-Couette Vortices, not merely an object, scene, or static result.",0,30,vdcr_direct_answer; concept_zh=泰勒-库埃特涡; concept_type=自然动态机制; priority=B
vdcr_concept_0010,B,Capillary Rise,physics_physical_systems,Capillary Rise / Wicking,physics_physical_systems,physics_family_02,"Candidate must show the temporal sequence that instantiates Capillary Rise / Wicking, not merely an object, scene, or static result.",0,30,vdcr_direct_answer; concept_zh=毛细上升/芯吸; concept_type=自然动态机制; priority=B
vdcr_concept_0010,B,Capillary Rise / Wicking,physics_physical_systems,Capillary Rise / Wicking,physics_physical_systems,physics_family_02,"Candidate must show the temporal sequence that instantiates Capillary Rise / Wicking, not merely an object, scene, or static result.",0,30,vdcr_direct_answer; concept_zh=毛细上升/芯吸; concept_type=自然动态机制; priority=B
vdcr_concept_0010,B,Capillary Rise / Wicking demonstration,physics_physical_systems,Capillary Rise / Wicking,physics_physical_systems,physics_family_02,"Candidate must show the temporal sequence that instantiates Capillary Rise / Wicking, not merely an object, scene, or static result.",0,30,vdcr_direct_answer; concept_zh=毛细上升/芯吸; concept_type=自然动态机制; priority=B
vdcr_concept_0010,B,Capillary Rise / Wicking slow motion,physics_physical_systems,Capillary Rise / Wicking,physics_physical_systems,physics_family_02,"Candidate must show the temporal sequence that instantiates Capillary Rise / Wicking, not merely an object, scene, or static result.",0,30,vdcr_direct_answer; concept_zh=毛细上升/芯吸; concept_type=自然动态机制; priority=B
vdcr_concept_0010,B,Capillary Rise / Wicking video,physics_physical_systems,Capillary Rise / Wicking,physics_physical_systems,physics_family_02,"Candidate must show the temporal sequence that instantiates Capillary Rise / Wicking, not merely an object, scene, or static result.",0,30,vdcr_direct_answer; concept_zh=毛细上升/芯吸; concept_type=自然动态机制; priority=B
vdcr_concept_0010,B,Capillary Rise video,physics_physical_systems,Capillary Rise / Wicking,physics_physical_systems,physics_family_02,"Candidate must show the temporal sequence that instantiates Capillary Rise / Wicking, not merely an object, scene, or static result.",0,30,vdcr_direct_answer; concept_zh=毛细上升/芯吸; concept_type=自然动态机制; priority=B
vdcr_concept_0010,B,Wicking,physics_physical_systems,Capillary Rise / Wicking,physics_physical_systems,physics_family_02,"Candidate must show the temporal sequence that instantiates Capillary Rise / Wicking, not merely an object, scene, or static result.",0,30,vdcr_direct_answer; concept_zh=毛细上升/芯吸; concept_type=自然动态机制; priority=B
vdcr_concept_0010,B,Wicking video,physics_physical_systems,Capillary Rise / Wicking,physics_physical_systems,physics_family_02,"Candidate must show the temporal sequence that instantiates Capillary Rise / Wicking, not merely an object, scene, or static result.",0,30,vdcr_direct_answer; concept_zh=毛细上升/芯吸; concept_type=自然动态机制; priority=B
vdcr_concept_0011,B,Droplet Coalescence,physics_physical_systems,Droplet Coalescence,physics_physical_systems,physics_family_02,"Candidate must show the temporal sequence that instantiates Droplet Coalescence, not merely an object, scene, or static result.",0,30,vdcr_direct_answer; concept_zh=液滴并合; concept_type=自然动态机制; priority=B
vdcr_concept_0011,B,Droplet Coalescence demonstration,physics_physical_systems,Droplet Coalescence,physics_physical_systems,physics_family_02,"Candidate must show the temporal sequence that instantiates Droplet Coalescence, not merely an object, scene, or static result.",0,30,vdcr_direct_answer; concept_zh=液滴并合; concept_type=自然动态机制; priority=B
vdcr_concept_0011,B,Droplet Coalescence slow motion,physics_physical_systems,Droplet Coalescence,physics_physical_systems,physics_family_02,"Candidate must show the temporal sequence that instantiates Droplet Coalescence, not merely an object, scene, or static result.",0,30,vdcr_direct_answer; concept_zh=液滴并合; concept_type=自然动态机制; priority=B
vdcr_concept_0011,B,Droplet Coalescence video,physics_physical_systems,Droplet Coalescence,physics_physical_systems,physics_family_02,"Candidate must show the temporal sequence that instantiates Droplet Coalescence, not merely an object, scene, or static result.",0,30,vdcr_direct_answer; concept_zh=液滴并合; concept_type=自然动态机制; priority=B
vdcr_concept_0012,B,Capillary Breakup,physics_physical_systems,Capillary Breakup,physics_physical_systems,physics_family_02,"Candidate must show the temporal sequence that instantiates Capillary Breakup, not merely an object, scene, or static result.",0,30,vdcr_direct_answer; concept_zh=毛细断裂; concept_type=自然动态机制; priority=B
vdcr_concept_0012,B,Capillary Breakup demonstration,physics_physical_systems,Capillary Breakup,physics_physical_systems,physics_family_02,"Candidate must show the temporal sequence that instantiates Capillary Breakup, not merely an object, scene, or static result.",0,30,vdcr_direct_answer; concept_zh=毛细断裂; concept_type=自然动态机制; priority=B
vdcr_concept_0012,B,Capillary Breakup slow motion,physics_physical_systems,Capillary Breakup,physics_physical_systems,physics_family_02,"Candidate must show the temporal sequence that instantiates Capillary Breakup, not merely an object, scene, or static result.",0,30,vdcr_direct_answer; concept_zh=毛细断裂; concept_type=自然动态机制; priority=B
vdcr_concept_0012,B,Capillary Breakup video,physics_physical_systems,Capillary Breakup,physics_physical_systems,physics_family_02,"Candidate must show the temporal sequence that instantiates Capillary Breakup, not merely an object, scene, or static result.",0,30,vdcr_direct_answer; concept_zh=毛细断裂; concept_type=自然动态机制; priority=B
vdcr_concept_0016,B,Contact-Line Pinning and Depinning,physics_physical_systems,Contact-Line Pinning and Depinning,physics_physical_systems,physics_family_02,"Candidate must show the temporal sequence that instantiates Contact-Line Pinning and Depinning, not merely an object, scene, or static result.",0,30,vdcr_direct_answer; concept_zh=接触线钉扎-脱钉; concept_type=自然动态机制; priority=B
vdcr_concept_0016,B,Contact-Line Pinning and Depinning demonstration,physics_physical_systems,Contact-Line Pinning and Depinning,physics_physical_systems,physics_family_02,"Candidate must show the temporal sequence that instantiates Contact-Line Pinning and Depinning, not merely an object, scene, or static result.",0,30,vdcr_direct_answer; concept_zh=接触线钉扎-脱钉; concept_type=自然动态机制; priority=B
vdcr_concept_0016,B,Contact-Line Pinning and Depinning slow motion,physics_physical_systems,Contact-Line Pinning and Depinning,physics_physical_systems,physics_family_02,"Candidate must show the temporal sequence that instantiates Contact-Line Pinning and Depinning, not merely an object, scene, or static result.",0,30,vdcr_direct_answer; concept_zh=接触线钉扎-脱钉; concept_type=自然动态机制; priority=B
vdcr_concept_0016,B,Contact-Line Pinning and Depinning video,physics_physical_systems,Contact-Line Pinning and Depinning,physics_physical_systems,physics_family_02,"Candidate must show the temporal sequence that instantiates Contact-Line Pinning and Depinning, not merely an object, scene, or static result.",0,30,vdcr_direct_answer; concept_zh=接触线钉扎-脱钉; concept_type=自然动态机制; priority=B
vdcr_concept_0018,B,Coherent Wave Interference,physics_physical_systems,Coherent Wave Interference,physics_physical_systems,physics_family_03,"Candidate must show the temporal sequence that instantiates Coherent Wave Interference, not merely an object, scene, or static result.",0,30,vdcr_direct_answer; concept_zh=波的相干干涉; concept_type=自然动态机制; priority=B
vdcr_concept_0018,B,Coherent Wave Interference demonstration,physics_physical_systems,Coherent Wave Interference,physics_physical_systems,physics_family_03,"Candidate must show the temporal sequence that instantiates Coherent Wave Interference, not merely an object, scene, or static result.",0,30,vdcr_direct_answer; concept_zh=波的相干干涉; concept_type=自然动态机制; priority=B
vdcr_concept_0018,B,Coherent Wave Interference slow motion,physics_physical_systems,Coherent Wave Interference,physics_physical_systems,physics_family_03,"Candidate must show the temporal sequence that instantiates Coherent Wave Interference, not merely an object, scene, or static result.",0,30,vdcr_direct_answer; concept_zh=波的相干干涉; concept_type=自然动态机制; priority=B
vdcr_concept_0018,B,Coherent Wave Interference video,physics_physical_systems,Coherent Wave Interference,physics_physical_systems,physics_family_03,"Candidate must show the temporal sequence that instantiates Coherent Wave Interference, not merely an object, scene, or static result.",0,30,vdcr_direct_answer; concept_zh=波的相干干涉; concept_type=自然动态机制; priority=B
vdcr_concept_0020,B,Parametric Resonance,physics_physical_systems,Parametric Resonance,physics_physical_systems,physics_family_03,"Candidate must show the temporal sequence that instantiates Parametric Resonance, not merely an object, scene, or static result.",0,30,vdcr_direct_answer; concept_zh=参数共振; concept_type=自然动态机制; priority=B
vdcr_concept_0020,B,Parametric Resonance demonstration,physics_physical_systems,Parametric Resonance,physics_physical_systems,physics_family_03,"Candidate must show the temporal sequence that instantiates Parametric Resonance, not merely an object, scene, or static result.",0,30,vdcr_direct_answer; concept_zh=参数共振; concept_type=自然动态机制; priority=B
vdcr_concept_0020,B,Parametric Resonance slow motion,physics_physical_systems,Parametric Resonance,physics_physical_systems,physics_family_03,"Candidate must show the temporal sequence that instantiates Parametric Resonance, not merely an object, scene, or static result.",0,30,vdcr_direct_answer; concept_zh=参数共振; concept_type=自然动态机制; priority=B
vdcr_concept_0020,B,Parametric Resonance video,physics_physical_systems,Parametric Resonance,physics_physical_systems,physics_family_03,"Candidate must show the temporal sequence that instantiates Parametric Resonance, not merely an object, scene, or static result.",0,30,vdcr_direct_answer; concept_zh=参数共振; concept_type=自然动态机制; priority=B
vdcr_concept_0021,B,Coupled Pendulum Synchronization,physics_physical_systems,Coupled Pendulum Synchronization,physics_physical_systems,physics_family_03,"Candidate must show the temporal sequence that instantiates Coupled Pendulum Synchronization, not merely an object, scene, or static result.",0,30,vdcr_direct_answer; concept_zh=耦合摆同步; concept_type=自然动态机制; priority=B
vdcr_concept_0021,B,Coupled Pendulum Synchronization demonstration,physics_physical_systems,Coupled Pendulum Synchronization,physics_physical_systems,physics_family_03,"Candidate must show the temporal sequence that instantiates Coupled Pendulum Synchronization, not merely an object, scene, or static result.",0,30,vdcr_direct_answer; concept_zh=耦合摆同步; concept_type=自然动态机制; priority=B
vdcr_concept_0021,B,Coupled Pendulum Synchronization slow motion,physics_physical_systems,Coupled Pendulum Synchronization,physics_physical_systems,physics_family_03,"Candidate must show the temporal sequence that instantiates Coupled Pendulum Synchronization, not merely an object, scene, or static result.",0,30,vdcr_direct_answer; concept_zh=耦合摆同步; concept_type=自然动态机制; priority=B
vdcr_concept_0021,B,Coupled Pendulum Synchronization video,physics_physical_systems,Coupled Pendulum Synchronization,physics_physical_systems,physics_family_03,"Candidate must show the temporal sequence that instantiates Coupled Pendulum Synchronization, not merely an object, scene, or static result.",0,30,vdcr_direct_answer; concept_zh=耦合摆同步; concept_type=自然动态机制; priority=B
vdcr_concept_0022,B,Damped Oscillation,physics_physical_systems,Damped Oscillation,physics_physical_systems,physics_family_03,"Candidate must show the temporal sequence that instantiates Damped Oscillation, not merely an object, scene, or static result.",0,30,vdcr_direct_answer; concept_zh=阻尼振荡; concept_type=自然动态机制; priority=B
vdcr_concept_0022,B,Damped Oscillation demonstration,physics_physical_systems,Damped Oscillation,physics_physical_systems,physics_family_03,"Candidate must show the temporal sequence that instantiates Damped Oscillation, not merely an object, scene, or static result.",0,30,vdcr_direct_answer; concept_zh=阻尼振荡; concept_type=自然动态机制; priority=B
vdcr_concept_0022,B,Damped Oscillation slow motion,physics_physical_systems,Damped Oscillation,physics_physical_systems,physics_family_03,"Candidate must show the temporal sequence that instantiates Damped Oscillation, not merely an object, scene, or static result.",0,30,vdcr_direct_answer; concept_zh=阻尼振荡; concept_type=自然动态机制; priority=B
vdcr_concept_0022,B,Damped Oscillation video,physics_physical_systems,Damped Oscillation,physics_physical_systems,physics_family_03,"Candidate must show the temporal sequence that instantiates Damped Oscillation, not merely an object, scene, or static result.",0,30,vdcr_direct_answer; concept_zh=阻尼振荡; concept_type=自然动态机制; priority=B
vdcr_concept_0023,B,Double Pendulum Chaos,physics_physical_systems,Double Pendulum Chaos,physics_physical_systems,physics_family_03,"Candidate must show the temporal sequence that instantiates Double Pendulum Chaos, not merely an object, scene, or static result.",0,30,vdcr_direct_answer; concept_zh=双摆混沌; concept_type=自然动态机制; priority=B
vdcr_concept_0023,B,Double Pendulum Chaos demonstration,physics_physical_systems,Double Pendulum Chaos,physics_physical_systems,physics_family_03,"Candidate must show the temporal sequence that instantiates Double Pendulum Chaos, not merely an object, scene, or static result.",0,30,vdcr_direct_answer; concept_zh=双摆混沌; concept_type=自然动态机制; priority=B
vdcr_concept_0023,B,Double Pendulum Chaos slow motion,physics_physical_systems,Double Pendulum Chaos,physics_physical_systems,physics_family_03,"Candidate must show the temporal sequence that instantiates Double Pendulum Chaos, not merely an object, scene, or static result.",0,30,vdcr_direct_answer; concept_zh=双摆混沌; concept_type=自然动态机制; priority=B
vdcr_concept_0023,B,Double Pendulum Chaos video,physics_physical_systems,Double Pendulum Chaos,physics_physical_systems,physics_family_03,"Candidate must show the temporal sequence that instantiates Double Pendulum Chaos, not merely an object, scene, or static result.",0,30,vdcr_direct_answer; concept_zh=双摆混沌; concept_type=自然动态机制; priority=B
vdcr_concept_0026,B,Euler's Disk Motion,physics_physical_systems,Euler's Disk Motion,physics_physical_systems,physics_family_04,"Candidate must show the temporal sequence that instantiates Euler's Disk Motion, not merely an object, scene, or static result.",0,30,vdcr_direct_answer; concept_zh=欧拉圆盘运动; concept_type=自然动态机制; priority=B
vdcr_concept_0026,B,Euler's Disk Motion demonstration,physics_physical_systems,Euler's Disk Motion,physics_physical_systems,physics_family_04,"Candidate must show the temporal sequence that instantiates Euler's Disk Motion, not merely an object, scene, or static result.",0,30,vdcr_direct_answer; concept_zh=欧拉圆盘运动; concept_type=自然动态机制; priority=B
vdcr_concept_0026,B,Euler's Disk Motion slow motion,physics_physical_systems,Euler's Disk Motion,physics_physical_systems,physics_family_04,"Candidate must show the temporal sequence that instantiates Euler's Disk Motion, not merely an object, scene, or static result.",0,30,vdcr_direct_answer; concept_zh=欧拉圆盘运动; concept_type=自然动态机制; priority=B
vdcr_concept_0026,B,Euler's Disk Motion video,physics_physical_systems,Euler's Disk Motion,physics_physical_systems,physics_family_04,"Candidate must show the temporal sequence that instantiates Euler's Disk Motion, not merely an object, scene, or static result.",0,30,vdcr_direct_answer; concept_zh=欧拉圆盘运动; concept_type=自然动态机制; priority=B
vdcr_concept_0027,B,Elastic Pendulum Motion,physics_physical_systems,Elastic Pendulum Motion,physics_physical_systems,physics_family_04,"Candidate must show the temporal sequence that instantiates Elastic Pendulum Motion, not merely an object, scene, or static result.",0,30,vdcr_direct_answer; concept_zh=弹性摆运动; concept_type=自然动态机制; priority=B
vdcr_concept_0027,B,Elastic Pendulum Motion demonstration,physics_physical_systems,Elastic Pendulum Motion,physics_physical_systems,physics_family_04,"Candidate must show the temporal sequence that instantiates Elastic Pendulum Motion, not merely an object, scene, or static result.",0,30,vdcr_direct_answer; concept_zh=弹性摆运动; concept_type=自然动态机制; priority=B
vdcr_concept_0027,B,Elastic Pendulum Motion slow motion,physics_physical_systems,Elastic Pendulum Motion,physics_physical_systems,physics_family_04,"Candidate must show the temporal sequence that instantiates Elastic Pendulum Motion, not merely an object, scene, or static result.",0,30,vdcr_direct_answer; concept_zh=弹性摆运动; concept_type=自然动态机制; priority=B
vdcr_concept_0027,B,Elastic Pendulum Motion video,physics_physical_systems,Elastic Pendulum Motion,physics_physical_systems,physics_family_04,"Candidate must show the temporal sequence that instantiates Elastic Pendulum Motion, not merely an object, scene, or static result.",0,30,vdcr_direct_answer; concept_zh=弹性摆运动; concept_type=自然动态机制; priority=B
vdcr_concept_0029,B,Granular Convection,physics_physical_systems,Granular Convection,physics_physical_systems,physics_family_04,"Candidate must show the temporal sequence that instantiates Granular Convection, not merely an object, scene, or static result.",0,30,vdcr_direct_answer; concept_zh=颗粒对流; concept_type=自然动态机制; priority=B
vdcr_concept_0029,B,Granular Convection demonstration,physics_physical_systems,Granular Convection,physics_physical_systems,physics_family_04,"Candidate must show the temporal sequence that instantiates Granular Convection, not merely an object, scene, or static result.",0,30,vdcr_direct_answer; concept_zh=颗粒对流; concept_type=自然动态机制; priority=B
vdcr_concept_0029,B,Granular Convection slow motion,physics_physical_systems,Granular Convection,physics_physical_systems,physics_family_04,"Candidate must show the temporal sequence that instantiates Granular Convection, not merely an object, scene, or static result.",0,30,vdcr_direct_answer; concept_zh=颗粒对流; concept_type=自然动态机制; priority=B
vdcr_concept_0029,B,Granular Convection video,physics_physical_systems,Granular Convection,physics_physical_systems,physics_family_04,"Candidate must show the temporal sequence that instantiates Granular Convection, not merely an object, scene, or static result.",0,30,vdcr_direct_answer; concept_zh=颗粒对流; concept_type=自然动态机制; priority=B
vdcr_concept_0030,B,Granular Surface Avalanche,physics_physical_systems,Granular Surface Avalanche,physics_physical_systems,physics_family_04,"Candidate must show the temporal sequence that instantiates Granular Surface Avalanche, not merely an object, scene, or static result.",0,30,vdcr_direct_answer; concept_zh=颗粒表面雪崩; concept_type=自然动态机制; priority=B
vdcr_concept_0030,B,Granular Surface Avalanche demonstration,physics_physical_systems,Granular Surface Avalanche,physics_physical_systems,physics_family_04,"Candidate must show the temporal sequence that instantiates Granular Surface Avalanche, not merely an object, scene, or static result.",0,30,vdcr_direct_answer; concept_zh=颗粒表面雪崩; concept_type=自然动态机制; priority=B
vdcr_concept_0030,B,Granular Surface Avalanche slow motion,physics_physical_systems,Granular Surface Avalanche,physics_physical_systems,physics_family_04,"Candidate must show the temporal sequence that instantiates Granular Surface Avalanche, not merely an object, scene, or static result.",0,30,vdcr_direct_answer; concept_zh=颗粒表面雪崩; concept_type=自然动态机制; priority=B
vdcr_concept_0030,B,Granular Surface Avalanche video,physics_physical_systems,Granular Surface Avalanche,physics_physical_systems,physics_family_04,"Candidate must show the temporal sequence that instantiates Granular Surface Avalanche, not merely an object, scene, or static result.",0,30,vdcr_direct_answer; concept_zh=颗粒表面雪崩; concept_type=自然动态机制; priority=B
vdcr_concept_0031,B,Stick-Slip Motion,physics_physical_systems,Stick-Slip Motion,physics_physical_systems,physics_family_04,"Candidate must show the temporal sequence that instantiates Stick-Slip Motion, not merely an object, scene, or static result.",0,30,vdcr_direct_answer; concept_zh=黏滑运动; concept_type=自然动态机制; priority=B
vdcr_concept_0031,B,Stick-Slip Motion demonstration,physics_physical_systems,Stick-Slip Motion,physics_physical_systems,physics_family_04,"Candidate must show the temporal sequence that instantiates Stick-Slip Motion, not merely an object, scene, or static result.",0,30,vdcr_direct_answer; concept_zh=黏滑运动; concept_type=自然动态机制; priority=B
vdcr_concept_0031,B,Stick-Slip Motion slow motion,physics_physical_systems,Stick-Slip Motion,physics_physical_systems,physics_family_04,"Candidate must show the temporal sequence that instantiates Stick-Slip Motion, not merely an object, scene, or static result.",0,30,vdcr_direct_answer; concept_zh=黏滑运动; concept_type=自然动态机制; priority=B
vdcr_concept_0031,B,Stick-Slip Motion video,physics_physical_systems,Stick-Slip Motion,physics_physical_systems,physics_family_04,"Candidate must show the temporal sequence that instantiates Stick-Slip Motion, not merely an object, scene, or static result.",0,30,vdcr_direct_answer; concept_zh=黏滑运动; concept_type=自然动态机制; priority=B
vdcr_concept_0034,B,Droplet Rebound,physics_physical_systems,Droplet Rebound,physics_physical_systems,physics_family_05,"Candidate must show the temporal sequence that instantiates Droplet Rebound, not merely an object, scene, or static result.",0,30,vdcr_direct_answer; concept_zh=液滴反弹; concept_type=自然动态机制; priority=B
vdcr_concept_0034,B,Droplet Rebound demonstration,physics_physical_systems,Droplet Rebound,physics_physical_systems,physics_family_05,"Candidate must show the temporal sequence that instantiates Droplet Rebound, not merely an object, scene, or static result.",0,30,vdcr_direct_answer; concept_zh=液滴反弹; concept_type=自然动态机制; priority=B
vdcr_concept_0034,B,Droplet Rebound slow motion,physics_physical_systems,Droplet Rebound,physics_physical_systems,physics_family_05,"Candidate must show the temporal sequence that instantiates Droplet Rebound, not merely an object, scene, or static result.",0,30,vdcr_direct_answer; concept_zh=液滴反弹; concept_type=自然动态机制; priority=B
vdcr_concept_0034,B,Droplet Rebound video,physics_physical_systems,Droplet Rebound,physics_physical_systems,physics_family_05,"Candidate must show the temporal sequence that instantiates Droplet Rebound, not merely an object, scene, or static result.",0,30,vdcr_direct_answer; concept_zh=液滴反弹; concept_type=自然动态机制; priority=B
vdcr_concept_0035,B,Droplet Spreading and Retraction,physics_physical_systems,Droplet Spreading and Retraction,physics_physical_systems,physics_family_05,"Candidate must show the temporal sequence that instantiates Droplet Spreading and Retraction, not merely an object, scene, or static result.",0,30,vdcr_direct_answer; concept_zh=液滴铺展-回缩; concept_type=自然动态机制; priority=B
vdcr_concept_0035,B,Droplet Spreading and Retraction demonstration,physics_physical_systems,Droplet Spreading and Retraction,physics_physical_systems,physics_family_05,"Candidate must show the temporal sequence that instantiates Droplet Spreading and Retraction, not merely an object, scene, or static result.",0,30,vdcr_direct_answer; concept_zh=液滴铺展-回缩; concept_type=自然动态机制; priority=B
vdcr_concept_0035,B,Droplet Spreading and Retraction slow motion,physics_physical_systems,Droplet Spreading and Retraction,physics_physical_systems,physics_family_05,"Candidate must show the temporal sequence that instantiates Droplet Spreading and Retraction, not merely an object, scene, or static result.",0,30,vdcr_direct_answer; concept_zh=液滴铺展-回缩; concept_type=自然动态机制; priority=B
vdcr_concept_0035,B,Droplet Spreading and Retraction video,physics_physical_systems,Droplet Spreading and Retraction,physics_physical_systems,physics_family_05,"Candidate must show the temporal sequence that instantiates Droplet Spreading and Retraction, not merely an object, scene, or static result.",0,30,vdcr_direct_answer; concept_zh=液滴铺展-回缩; concept_type=自然动态机制; priority=B
vdcr_concept_0036,B,Droplet Impact Spreading,physics_physical_systems,Droplet Impact Spreading,physics_physical_systems,physics_family_05,"Candidate must show the temporal sequence that instantiates Droplet Impact Spreading, not merely an object, scene, or static result.",0,30,vdcr_direct_answer; concept_zh=液滴撞击铺展; concept_type=自然动态机制; priority=B
vdcr_concept_0036,B,Droplet Impact Spreading demonstration,physics_physical_systems,Droplet Impact Spreading,physics_physical_systems,physics_family_05,"Candidate must show the temporal sequence that instantiates Droplet Impact Spreading, not merely an object, scene, or static result.",0,30,vdcr_direct_answer; concept_zh=液滴撞击铺展; concept_type=自然动态机制; priority=B
vdcr_concept_0036,B,Droplet Impact Spreading slow motion,physics_physical_systems,Droplet Impact Spreading,physics_physical_systems,physics_family_05,"Candidate must show the temporal sequence that instantiates Droplet Impact Spreading, not merely an object, scene, or static result.",0,30,vdcr_direct_answer; concept_zh=液滴撞击铺展; concept_type=自然动态机制; priority=B
vdcr_concept_0036,B,Droplet Impact Spreading video,physics_physical_systems,Droplet Impact Spreading,physics_physical_systems,physics_family_05,"Candidate must show the temporal sequence that instantiates Droplet Impact Spreading, not merely an object, scene, or static result.",0,30,vdcr_direct_answer; concept_zh=液滴撞击铺展; concept_type=自然动态机制; priority=B
vdcr_concept_0037,B,Ligament-Mediated Atomization,physics_physical_systems,Ligament-Mediated Atomization,physics_physical_systems,physics_family_05,"Candidate must show the temporal sequence that instantiates Ligament-Mediated Atomization, not merely an object, scene, or static result.",0,30,vdcr_direct_answer; concept_zh=液丝破碎雾化; concept_type=自然动态机制; priority=B
vdcr_concept_0037,B,Ligament-Mediated Atomization demonstration,physics_physical_systems,Ligament-Mediated Atomization,physics_physical_systems,physics_family_05,"Candidate must show the temporal sequence that instantiates Ligament-Mediated Atomization, not merely an object, scene, or static result.",0,30,vdcr_direct_answer; concept_zh=液丝破碎雾化; concept_type=自然动态机制; priority=B
vdcr_concept_0037,B,Ligament-Mediated Atomization slow motion,physics_physical_systems,Ligament-Mediated Atomization,physics_physical_systems,physics_family_05,"Candidate must show the temporal sequence that instantiates Ligament-Mediated Atomization, not merely an object, scene, or static result.",0,30,vdcr_direct_answer; concept_zh=液丝破碎雾化; concept_type=自然动态机制; priority=B
vdcr_concept_0037,B,Ligament-Mediated Atomization video,physics_physical_systems,Ligament-Mediated Atomization,physics_physical_systems,physics_family_05,"Candidate must show the temporal sequence that instantiates Ligament-Mediated Atomization, not merely an object, scene, or static result.",0,30,vdcr_direct_answer; concept_zh=液丝破碎雾化; concept_type=自然动态机制; priority=B
vdcr_concept_0038,B,Bubble-Bursting Jet,physics_physical_systems,Bubble-Bursting Jet,physics_physical_systems,physics_family_05,"Candidate must show the temporal sequence that instantiates Bubble-Bursting Jet, not merely an object, scene, or static result.",0,30,vdcr_direct_answer; concept_zh=气泡破裂射流; concept_type=自然动态机制; priority=B
vdcr_concept_0038,B,Bubble-Bursting Jet demonstration,physics_physical_systems,Bubble-Bursting Jet,physics_physical_systems,physics_family_05,"Candidate must show the temporal sequence that instantiates Bubble-Bursting Jet, not merely an object, scene, or static result.",0,30,vdcr_direct_answer; concept_zh=气泡破裂射流; concept_type=自然动态机制; priority=B
vdcr_concept_0038,B,Bubble-Bursting Jet slow motion,physics_physical_systems,Bubble-Bursting Jet,physics_physical_systems,physics_family_05,"Candidate must show the temporal sequence that instantiates Bubble-Bursting Jet, not merely an object, scene, or static result.",0,30,vdcr_direct_answer; concept_zh=气泡破裂射流; concept_type=自然动态机制; priority=B
vdcr_concept_0038,B,Bubble-Bursting Jet video,physics_physical_systems,Bubble-Bursting Jet,physics_physical_systems,physics_family_05,"Candidate must show the temporal sequence that instantiates Bubble-Bursting Jet, not merely an object, scene, or static result.",0,30,vdcr_direct_answer; concept_zh=气泡破裂射流; concept_type=自然动态机制; priority=B
vdcr_concept_0040,B,Shock Wave Propagation,physics_physical_systems,Shock Wave Propagation,physics_physical_systems,physics_family_06,"Candidate must show the temporal sequence that instantiates Shock Wave Propagation, not merely an object, scene, or static result.",0,30,vdcr_direct_answer; concept_zh=激波传播; concept_type=自然动态机制; priority=B
vdcr_concept_0040,B,Shock Wave Propagation demonstration,physics_physical_systems,Shock Wave Propagation,physics_physical_systems,physics_family_06,"Candidate must show the temporal sequence that instantiates Shock Wave Propagation, not merely an object, scene, or static result.",0,30,vdcr_direct_answer; concept_zh=激波传播; concept_type=自然动态机制; priority=B
vdcr_concept_0040,B,Shock Wave Propagation slow motion,physics_physical_systems,Shock Wave Propagation,physics_physical_systems,physics_family_06,"Candidate must show the temporal sequence that instantiates Shock Wave Propagation, not merely an object, scene, or static result.",0,30,vdcr_direct_answer; concept_zh=激波传播; concept_type=自然动态机制; priority=B
vdcr_concept_0040,B,Shock Wave Propagation video,physics_physical_systems,Shock Wave Propagation,physics_physical_systems,physics_family_06,"Candidate must show the temporal sequence that instantiates Shock Wave Propagation, not merely an object, scene, or static result.",0,30,vdcr_direct_answer; concept_zh=激波传播; concept_type=自然动态机制; priority=B
vdcr_concept_0041,B,Mach Cone Formation,physics_physical_systems,Mach Cone Formation,physics_physical_systems,physics_family_06,"Candidate must show the temporal sequence that instantiates Mach Cone Formation, not merely an object, scene, or static result.",0,30,vdcr_direct_answer; concept_zh=马赫锥形成; concept_type=自然动态机制; priority=B
vdcr_concept_0041,B,Mach Cone Formation demonstration,physics_physical_systems,Mach Cone Formation,physics_physical_systems,physics_family_06,"Candidate must show the temporal sequence that instantiates Mach Cone Formation, not merely an object, scene, or static result.",0,30,vdcr_direct_answer; concept_zh=马赫锥形成; concept_type=自然动态机制; priority=B
vdcr_concept_0041,B,Mach Cone Formation slow motion,physics_physical_systems,Mach Cone Formation,physics_physical_systems,physics_family_06,"Candidate must show the temporal sequence that instantiates Mach Cone Formation, not merely an object, scene, or static result.",0,30,vdcr_direct_answer; concept_zh=马赫锥形成; concept_type=自然动态机制; priority=B
vdcr_concept_0041,B,Mach Cone Formation video,physics_physical_systems,Mach Cone Formation,physics_physical_systems,physics_family_06,"Candidate must show the temporal sequence that instantiates Mach Cone Formation, not merely an object, scene, or static result.",0,30,vdcr_direct_answer; concept_zh=马赫锥形成; concept_type=自然动态机制; priority=B
vdcr_concept_0042,B,Bow Shock,physics_physical_systems,Bow Shock,physics_physical_systems,physics_family_06,"Candidate must show the temporal sequence that instantiates Bow Shock, not merely an object, scene, or static result.",0,30,vdcr_direct_answer; concept_zh=弓形激波; concept_type=自然动态机制; priority=B
vdcr_concept_0042,B,Bow Shock demonstration,physics_physical_systems,Bow Shock,physics_physical_systems,physics_family_06,"Candidate must show the temporal sequence that instantiates Bow Shock, not merely an object, scene, or static result.",0,30,vdcr_direct_answer; concept_zh=弓形激波; concept_type=自然动态机制; priority=B
vdcr_concept_0042,B,Bow Shock slow motion,physics_physical_systems,Bow Shock,physics_physical_systems,physics_family_06,"Candidate must show the temporal sequence that instantiates Bow Shock, not merely an object, scene, or static result.",0,30,vdcr_direct_answer; concept_zh=弓形激波; concept_type=自然动态机制; priority=B
vdcr_concept_0042,B,Bow Shock video,physics_physical_systems,Bow Shock,physics_physical_systems,physics_family_06,"Candidate must show the temporal sequence that instantiates Bow Shock, not merely an object, scene, or static result.",0,30,vdcr_direct_answer; concept_zh=弓形激波; concept_type=自然动态机制; priority=B
vdcr_concept_0044,B,Detonation Front Propagation,physics_physical_systems,Detonation Front Propagation,physics_physical_systems,physics_family_06,"Candidate must show the temporal sequence that instantiates Detonation Front Propagation, not merely an object, scene, or static result.",0,30,vdcr_direct_answer; concept_zh=爆轰波前传播; concept_type=自然动态机制; priority=B
vdcr_concept_0044,B,Detonation Front Propagation demonstration,physics_physical_systems,Detonation Front Propagation,physics_physical_systems,physics_family_06,"Candidate must show the temporal sequence that instantiates Detonation Front Propagation, not merely an object, scene, or static result.",0,30,vdcr_direct_answer; concept_zh=爆轰波前传播; concept_type=自然动态机制; priority=B
vdcr_concept_0044,B,Detonation Front Propagation slow motion,physics_physical_systems,Detonation Front Propagation,physics_physical_systems,physics_family_06,"Candidate must show the temporal sequence that instantiates Detonation Front Propagation, not merely an object, scene, or static result.",0,30,vdcr_direct_answer; concept_zh=爆轰波前传播; concept_type=自然动态机制; priority=B
vdcr_concept_0044,B,Detonation Front Propagation video,physics_physical_systems,Detonation Front Propagation,physics_physical_systems,physics_family_06,"Candidate must show the temporal sequence that instantiates Detonation Front Propagation, not merely an object, scene, or static result.",0,30,vdcr_direct_answer; concept_zh=爆轰波前传播; concept_type=自然动态机制; priority=B
vdcr_concept_0045,B,Shock-Driven Rayleigh-Taylor Mixing,physics_physical_systems,Shock-Driven Rayleigh-Taylor Mixing,physics_physical_systems,physics_family_06,"Candidate must show the temporal sequence that instantiates Shock-Driven Rayleigh-Taylor Mixing, not merely an object, scene, or static result.",0,30,vdcr_direct_answer; concept_zh=瑞利-泰勒冲击混合; concept_type=自然动态机制; priority=B
vdcr_concept_0045,B,Shock-Driven Rayleigh-Taylor Mixing demonstration,physics_physical_systems,Shock-Driven Rayleigh-Taylor Mixing,physics_physical_systems,physics_family_06,"Candidate must show the temporal sequence that instantiates Shock-Driven Rayleigh-Taylor Mixing, not merely an object, scene, or static result.",0,30,vdcr_direct_answer; concept_zh=瑞利-泰勒冲击混合; concept_type=自然动态机制; priority=B
vdcr_concept_0045,B,Shock-Driven Rayleigh-Taylor Mixing slow motion,physics_physical_systems,Shock-Driven Rayleigh-Taylor Mixing,physics_physical_systems,physics_family_06,"Candidate must show the temporal sequence that instantiates Shock-Driven Rayleigh-Taylor Mixing, not merely an object, scene, or static result.",0,30,vdcr_direct_answer; concept_zh=瑞利-泰勒冲击混合; concept_type=自然动态机制; priority=B
vdcr_concept_0045,B,Shock-Driven Rayleigh-Taylor Mixing video,physics_physical_systems,Shock-Driven Rayleigh-Taylor Mixing,physics_physical_systems,physics_family_06,"Candidate must show the temporal sequence that instantiates Shock-Driven Rayleigh-Taylor Mixing, not merely an object, scene, or static result.",0,30,vdcr_direct_answer; concept_zh=瑞利-泰勒冲击混合; concept_type=自然动态机制; priority=B
vdcr_concept_0049,B,Glow Discharge Propagation,physics_physical_systems,Glow Discharge Propagation,physics_physical_systems,physics_family_07,"Candidate must show the temporal sequence that instantiates Glow Discharge Propagation, not merely an object, scene, or static result.",0,30,vdcr_direct_answer; concept_zh=辉光放电扩展; concept_type=自然动态机制; priority=B
vdcr_concept_0049,B,Glow Discharge Propagation demonstration,physics_physical_systems,Glow Discharge Propagation,physics_physical_systems,physics_family_07,"Candidate must show the temporal sequence that instantiates Glow Discharge Propagation, not merely an object, scene, or static result.",0,30,vdcr_direct_answer; concept_zh=辉光放电扩展; concept_type=自然动态机制; priority=B
vdcr_concept_0049,B,Glow Discharge Propagation slow motion,physics_physical_systems,Glow Discharge Propagation,physics_physical_systems,physics_family_07,"Candidate must show the temporal sequence that instantiates Glow Discharge Propagation, not merely an object, scene, or static result.",0,30,vdcr_direct_answer; concept_zh=辉光放电扩展; concept_type=自然动态机制; priority=B
vdcr_concept_0049,B,Glow Discharge Propagation video,physics_physical_systems,Glow Discharge Propagation,physics_physical_systems,physics_family_07,"Candidate must show the temporal sequence that instantiates Glow Discharge Propagation, not merely an object, scene, or static result.",0,30,vdcr_direct_answer; concept_zh=辉光放电扩展; concept_type=自然动态机制; priority=B
vdcr_concept_0050,B,Electric Arc Formation and Bending,physics_physical_systems,Electric Arc Formation and Bending,physics_physical_systems,physics_family_07,"Candidate must show the temporal sequence that instantiates Electric Arc Formation and Bending, not merely an object, scene, or static result.",0,30,vdcr_direct_answer; concept_zh=电弧形成与弯曲; concept_type=自然动态机制; priority=B
vdcr_concept_0050,B,Electric Arc Formation and Bending demonstration,physics_physical_systems,Electric Arc Formation and Bending,physics_physical_systems,physics_family_07,"Candidate must show the temporal sequence that instantiates Electric Arc Formation and Bending, not merely an object, scene, or static result.",0,30,vdcr_direct_answer; concept_zh=电弧形成与弯曲; concept_type=自然动态机制; priority=B
vdcr_concept_0050,B,Electric Arc Formation and Bending slow motion,physics_physical_systems,Electric Arc Formation and Bending,physics_physical_systems,physics_family_07,"Candidate must show the temporal sequence that instantiates Electric Arc Formation and Bending, not merely an object, scene, or static result.",0,30,vdcr_direct_answer; concept_zh=电弧形成与弯曲; concept_type=自然动态机制; priority=B
vdcr_concept_0050,B,Electric Arc Formation and Bending video,physics_physical_systems,Electric Arc Formation and Bending,physics_physical_systems,physics_family_07,"Candidate must show the temporal sequence that instantiates Electric Arc Formation and Bending, not merely an object, scene, or static result.",0,30,vdcr_direct_answer; concept_zh=电弧形成与弯曲; concept_type=自然动态机制; priority=B
vdcr_concept_0051,B,Dielectric Barrier Discharge Streamers,physics_physical_systems,Dielectric Barrier Discharge Streamers,physics_physical_systems,physics_family_07,"Candidate must show the temporal sequence that instantiates Dielectric Barrier Discharge Streamers, not merely an object, scene, or static result.",0,30,vdcr_direct_answer; concept_zh=介质阻挡放电流光; concept_type=自然动态机制; priority=B
vdcr_concept_0051,B,Dielectric Barrier Discharge Streamers demonstration,physics_physical_systems,Dielectric Barrier Discharge Streamers,physics_physical_systems,physics_family_07,"Candidate must show the temporal sequence that instantiates Dielectric Barrier Discharge Streamers, not merely an object, scene, or static result.",0,30,vdcr_direct_answer; concept_zh=介质阻挡放电流光; concept_type=自然动态机制; priority=B
vdcr_concept_0051,B,Dielectric Barrier Discharge Streamers slow motion,physics_physical_systems,Dielectric Barrier Discharge Streamers,physics_physical_systems,physics_family_07,"Candidate must show the temporal sequence that instantiates Dielectric Barrier Discharge Streamers, not merely an object, scene, or static result.",0,30,vdcr_direct_answer; concept_zh=介质阻挡放电流光; concept_type=自然动态机制; priority=B
vdcr_concept_0051,B,Dielectric Barrier Discharge Streamers video,physics_physical_systems,Dielectric Barrier Discharge Streamers,physics_physical_systems,physics_family_07,"Candidate must show the temporal sequence that instantiates Dielectric Barrier Discharge Streamers, not merely an object, scene, or static result.",0,30,vdcr_direct_answer; concept_zh=介质阻挡放电流光; concept_type=自然动态机制; priority=B
vdcr_concept_0054,B,Natural Convection Plume,physics_physical_systems,Natural Convection Plume,physics_physical_systems,physics_family_08,"Candidate must show the temporal sequence that instantiates Natural Convection Plume, not merely an object, scene, or static result.",0,30,vdcr_direct_answer; concept_zh=自然对流羽流; concept_type=自然动态机制; priority=B
vdcr_concept_0054,B,Natural Convection Plume demonstration,physics_physical_systems,Natural Convection Plume,physics_physical_systems,physics_family_08,"Candidate must show the temporal sequence that instantiates Natural Convection Plume, not merely an object, scene, or static result.",0,30,vdcr_direct_answer; concept_zh=自然对流羽流; concept_type=自然动态机制; priority=B
vdcr_concept_0054,B,Natural Convection Plume slow motion,physics_physical_systems,Natural Convection Plume,physics_physical_systems,physics_family_08,"Candidate must show the temporal sequence that instantiates Natural Convection Plume, not merely an object, scene, or static result.",0,30,vdcr_direct_answer; concept_zh=自然对流羽流; concept_type=自然动态机制; priority=B
vdcr_concept_0054,B,Natural Convection Plume video,physics_physical_systems,Natural Convection Plume,physics_physical_systems,physics_family_08,"Candidate must show the temporal sequence that instantiates Natural Convection Plume, not merely an object, scene, or static result.",0,30,vdcr_direct_answer; concept_zh=自然对流羽流; concept_type=自然动态机制; priority=B
vdcr_concept_0056,B,Boiling Bubble Nucleation and Departure,physics_physical_systems,Boiling Bubble Nucleation and Departure,physics_physical_systems,physics_family_08,"Candidate must show the temporal sequence that instantiates Boiling Bubble Nucleation and Departure, not merely an object, scene, or static result.",0,30,vdcr_direct_answer; concept_zh=沸腾气泡成核与脱离; concept_type=自然动态机制; priority=B
vdcr_concept_0056,B,Boiling Bubble Nucleation and Departure demonstration,physics_physical_systems,Boiling Bubble Nucleation and Departure,physics_physical_systems,physics_family_08,"Candidate must show the temporal sequence that instantiates Boiling Bubble Nucleation and Departure, not merely an object, scene, or static result.",0,30,vdcr_direct_answer; concept_zh=沸腾气泡成核与脱离; concept_type=自然动态机制; priority=B
vdcr_concept_0056,B,Boiling Bubble Nucleation and Departure slow motion,physics_physical_systems,Boiling Bubble Nucleation and Departure,physics_physical_systems,physics_family_08,"Candidate must show the temporal sequence that instantiates Boiling Bubble Nucleation and Departure, not merely an object, scene, or static result.",0,30,vdcr_direct_answer; concept_zh=沸腾气泡成核与脱离; concept_type=自然动态机制; priority=B
vdcr_concept_0056,B,Boiling Bubble Nucleation and Departure video,physics_physical_systems,Boiling Bubble Nucleation and Departure,physics_physical_systems,physics_family_08,"Candidate must show the temporal sequence that instantiates Boiling Bubble Nucleation and Departure, not merely an object, scene, or static result.",0,30,vdcr_direct_answer; concept_zh=沸腾气泡成核与脱离; concept_type=自然动态机制; priority=B
vdcr_concept_0057,B,Film Boiling,physics_physical_systems,Film Boiling,physics_physical_systems,physics_family_08,"Candidate must show the temporal sequence that instantiates Film Boiling, not merely an object, scene, or static result.",0,30,vdcr_direct_answer; concept_zh=膜态沸腾; concept_type=自然动态机制; priority=B
vdcr_concept_0057,B,Film Boiling demonstration,physics_physical_systems,Film Boiling,physics_physical_systems,physics_family_08,"Candidate must show the temporal sequence that instantiates Film Boiling, not merely an object, scene, or static result.",0,30,vdcr_direct_answer; concept_zh=膜态沸腾; concept_type=自然动态机制; priority=B
vdcr_concept_0057,B,Film Boiling slow motion,physics_physical_systems,Film Boiling,physics_physical_systems,physics_family_08,"Candidate must show the temporal sequence that instantiates Film Boiling, not merely an object, scene, or static result.",0,30,vdcr_direct_answer; concept_zh=膜态沸腾; concept_type=自然动态机制; priority=B
vdcr_concept_0057,B,Film Boiling video,physics_physical_systems,Film Boiling,physics_physical_systems,physics_family_08,"Candidate must show the temporal sequence that instantiates Film Boiling, not merely an object, scene, or static result.",0,30,vdcr_direct_answer; concept_zh=膜态沸腾; concept_type=自然动态机制; priority=B
vdcr_concept_0058,B,Thermocapillary Convection,physics_physical_systems,Thermocapillary Convection,physics_physical_systems,physics_family_08,"Candidate must show the temporal sequence that instantiates Thermocapillary Convection, not merely an object, scene, or static result.",0,30,vdcr_direct_answer; concept_zh=热毛细对流; concept_type=自然动态机制; priority=B
vdcr_concept_0058,B,Thermocapillary Convection demonstration,physics_physical_systems,Thermocapillary Convection,physics_physical_systems,physics_family_08,"Candidate must show the temporal sequence that instantiates Thermocapillary Convection, not merely an object, scene, or static result.",0,30,vdcr_direct_answer; concept_zh=热毛细对流; concept_type=自然动态机制; priority=B
vdcr_concept_0058,B,Thermocapillary Convection slow motion,physics_physical_systems,Thermocapillary Convection,physics_physical_systems,physics_family_08,"Candidate must show the temporal sequence that instantiates Thermocapillary Convection, not merely an object, scene, or static result.",0,30,vdcr_direct_answer; concept_zh=热毛细对流; concept_type=自然动态机制; priority=B
vdcr_concept_0058,B,Thermocapillary Convection video,physics_physical_systems,Thermocapillary Convection,physics_physical_systems,physics_family_08,"Candidate must show the temporal sequence that instantiates Thermocapillary Convection, not merely an object, scene, or static result.",0,30,vdcr_direct_answer; concept_zh=热毛细对流; concept_type=自然动态机制; priority=B
vdcr_concept_0060,B,Shear Thinning,chemistry_materials_change,Shear Thinning,chemistry_materials_change,materials_family_01,"Candidate must show the temporal sequence that instantiates Shear Thinning, not merely an object, scene, or static result.",0,30,vdcr_direct_answer; concept_zh=剪切变稀; concept_type=自然动态机制; priority=B
vdcr_concept_0060,B,Shear Thinning demonstration,chemistry_materials_change,Shear Thinning,chemistry_materials_change,materials_family_01,"Candidate must show the temporal sequence that instantiates Shear Thinning, not merely an object, scene, or static result.",0,30,vdcr_direct_answer; concept_zh=剪切变稀; concept_type=自然动态机制; priority=B
vdcr_concept_0060,B,Shear Thinning slow motion,chemistry_materials_change,Shear Thinning,chemistry_materials_change,materials_family_01,"Candidate must show the temporal sequence that instantiates Shear Thinning, not merely an object, scene, or static result.",0,30,vdcr_direct_answer; concept_zh=剪切变稀; concept_type=自然动态机制; priority=B
vdcr_concept_0060,B,Shear Thinning video,chemistry_materials_change,Shear Thinning,chemistry_materials_change,materials_family_01,"Candidate must show the temporal sequence that instantiates Shear Thinning, not merely an object, scene, or static result.",0,30,vdcr_direct_answer; concept_zh=剪切变稀; concept_type=自然动态机制; priority=B
vdcr_concept_0061,B,Thixotropy,chemistry_materials_change,Thixotropy,chemistry_materials_change,materials_family_01,"Candidate must show the temporal sequence that instantiates Thixotropy, not merely an object, scene, or static result.",0,30,vdcr_direct_answer; concept_zh=触变性; concept_type=自然动态机制; priority=B
vdcr_concept_0061,B,Thixotropy demonstration,chemistry_materials_change,Thixotropy,chemistry_materials_change,materials_family_01,"Candidate must show the temporal sequence that instantiates Thixotropy, not merely an object, scene, or static result.",0,30,vdcr_direct_answer; concept_zh=触变性; concept_type=自然动态机制; priority=B
vdcr_concept_0061,B,Thixotropy slow motion,chemistry_materials_change,Thixotropy,chemistry_materials_change,materials_family_01,"Candidate must show the temporal sequence that instantiates Thixotropy, not merely an object, scene, or static result.",0,30,vdcr_direct_answer; concept_zh=触变性; concept_type=自然动态机制; priority=B
vdcr_concept_0061,B,Thixotropy video,chemistry_materials_change,Thixotropy,chemistry_materials_change,materials_family_01,"Candidate must show the temporal sequence that instantiates Thixotropy, not merely an object, scene, or static result.",0,30,vdcr_direct_answer; concept_zh=触变性; concept_type=自然动态机制; priority=B
vdcr_concept_0062,B,Viscoelastic Recoil,chemistry_materials_change,Viscoelastic Recoil,chemistry_materials_change,materials_family_01,"Candidate must show the temporal sequence that instantiates Viscoelastic Recoil, not merely an object, scene, or static result.",0,30,vdcr_direct_answer; concept_zh=黏弹回弹; concept_type=自然动态机制; priority=B
vdcr_concept_0062,B,Viscoelastic Recoil demonstration,chemistry_materials_change,Viscoelastic Recoil,chemistry_materials_change,materials_family_01,"Candidate must show the temporal sequence that instantiates Viscoelastic Recoil, not merely an object, scene, or static result.",0,30,vdcr_direct_answer; concept_zh=黏弹回弹; concept_type=自然动态机制; priority=B
vdcr_concept_0062,B,Viscoelastic Recoil slow motion,chemistry_materials_change,Viscoelastic Recoil,chemistry_materials_change,materials_family_01,"Candidate must show the temporal sequence that instantiates Viscoelastic Recoil, not merely an object, scene, or static result.",0,30,vdcr_direct_answer; concept_zh=黏弹回弹; concept_type=自然动态机制; priority=B
vdcr_concept_0062,B,Viscoelastic Recoil video,chemistry_materials_change,Viscoelastic Recoil,chemistry_materials_change,materials_family_01,"Candidate must show the temporal sequence that instantiates Viscoelastic Recoil, not merely an object, scene, or static result.",0,30,vdcr_direct_answer; concept_zh=黏弹回弹; concept_type=自然动态机制; priority=B
vdcr_concept_0063,B,Bingham Yield Flow,chemistry_materials_change,Bingham Yield Flow,chemistry_materials_change,materials_family_01,"Candidate must show the temporal sequence that instantiates Bingham Yield Flow, not merely an object, scene, or static result.",0,30,vdcr_direct_answer; concept_zh=宾汉屈服流动; concept_type=自然动态机制; priority=B
vdcr_concept_0063,B,Bingham Yield Flow demonstration,chemistry_materials_change,Bingham Yield Flow,chemistry_materials_change,materials_family_01,"Candidate must show the temporal sequence that instantiates Bingham Yield Flow, not merely an object, scene, or static result.",0,30,vdcr_direct_answer; concept_zh=宾汉屈服流动; concept_type=自然动态机制; priority=B
vdcr_concept_0063,B,Bingham Yield Flow slow motion,chemistry_materials_change,Bingham Yield Flow,chemistry_materials_change,materials_family_01,"Candidate must show the temporal sequence that instantiates Bingham Yield Flow, not merely an object, scene, or static result.",0,30,vdcr_direct_answer; concept_zh=宾汉屈服流动; concept_type=自然动态机制; priority=B
vdcr_concept_0063,B,Bingham Yield Flow video,chemistry_materials_change,Bingham Yield Flow,chemistry_materials_change,materials_family_01,"Candidate must show the temporal sequence that instantiates Bingham Yield Flow, not merely an object, scene, or static result.",0,30,vdcr_direct_answer; concept_zh=宾汉屈服流动; concept_type=自然动态机制; priority=B
vdcr_concept_0065,B,Crystal Nucleation,chemistry_materials_change,Crystal Nucleation,chemistry_materials_change,materials_family_02,"Candidate must show the temporal sequence that instantiates Crystal Nucleation, not merely an object, scene, or static result.",0,30,vdcr_direct_answer; concept_zh=晶核形成; concept_type=自然动态机制; priority=B
vdcr_concept_0065,B,Crystal Nucleation demonstration,chemistry_materials_change,Crystal Nucleation,chemistry_materials_change,materials_family_02,"Candidate must show the temporal sequence that instantiates Crystal Nucleation, not merely an object, scene, or static result.",0,30,vdcr_direct_answer; concept_zh=晶核形成; concept_type=自然动态机制; priority=B
vdcr_concept_0065,B,Crystal Nucleation slow motion,chemistry_materials_change,Crystal Nucleation,chemistry_materials_change,materials_family_02,"Candidate must show the temporal sequence that instantiates Crystal Nucleation, not merely an object, scene, or static result.",0,30,vdcr_direct_answer; concept_zh=晶核形成; concept_type=自然动态机制; priority=B
vdcr_concept_0065,B,Crystal Nucleation video,chemistry_materials_change,Crystal Nucleation,chemistry_materials_change,materials_family_02,"Candidate must show the temporal sequence that instantiates Crystal Nucleation, not merely an object, scene, or static result.",0,30,vdcr_direct_answer; concept_zh=晶核形成; concept_type=自然动态机制; priority=B
vdcr_concept_0067,B,Spherulitic Growth,chemistry_materials_change,Spherulitic Growth,chemistry_materials_change,materials_family_02,"Candidate must show the temporal sequence that instantiates Spherulitic Growth, not merely an object, scene, or static result.",0,30,vdcr_direct_answer; concept_zh=球晶生长; concept_type=自然动态机制; priority=B
vdcr_concept_0067,B,Spherulitic Growth demonstration,chemistry_materials_change,Spherulitic Growth,chemistry_materials_change,materials_family_02,"Candidate must show the temporal sequence that instantiates Spherulitic Growth, not merely an object, scene, or static result.",0,30,vdcr_direct_answer; concept_zh=球晶生长; concept_type=自然动态机制; priority=B
vdcr_concept_0067,B,Spherulitic Growth slow motion,chemistry_materials_change,Spherulitic Growth,chemistry_materials_change,materials_family_02,"Candidate must show the temporal sequence that instantiates Spherulitic Growth, not merely an object, scene, or static result.",0,30,vdcr_direct_answer; concept_zh=球晶生长; concept_type=自然动态机制; priority=B
vdcr_concept_0067,B,Spherulitic Growth video,chemistry_materials_change,Spherulitic Growth,chemistry_materials_change,materials_family_02,"Candidate must show the temporal sequence that instantiates Spherulitic Growth, not merely an object, scene, or static result.",0,30,vdcr_direct_answer; concept_zh=球晶生长; concept_type=自然动态机制; priority=B
vdcr_concept_0068,B,Crystallization Front Propagation,chemistry_materials_change,Crystallization Front Propagation,chemistry_materials_change,materials_family_02,"Candidate must show the temporal sequence that instantiates Crystallization Front Propagation, not merely an object, scene, or static result.",0,30,vdcr_direct_answer; concept_zh=结晶前沿推进; concept_type=自然动态机制; priority=B
vdcr_concept_0068,B,Crystallization Front Propagation demonstration,chemistry_materials_change,Crystallization Front Propagation,chemistry_materials_change,materials_family_02,"Candidate must show the temporal sequence that instantiates Crystallization Front Propagation, not merely an object, scene, or static result.",0,30,vdcr_direct_answer; concept_zh=结晶前沿推进; concept_type=自然动态机制; priority=B
vdcr_concept_0068,B,Crystallization Front Propagation slow motion,chemistry_materials_change,Crystallization Front Propagation,chemistry_materials_change,materials_family_02,"Candidate must show the temporal sequence that instantiates Crystallization Front Propagation, not merely an object, scene, or static result.",0,30,vdcr_direct_answer; concept_zh=结晶前沿推进; concept_type=自然动态机制; priority=B
vdcr_concept_0068,B,Crystallization Front Propagation video,chemistry_materials_change,Crystallization Front Propagation,chemistry_materials_change,materials_family_02,"Candidate must show the temporal sequence that instantiates Crystallization Front Propagation, not merely an object, scene, or static result.",0,30,vdcr_direct_answer; concept_zh=结晶前沿推进; concept_type=自然动态机制; priority=B
vdcr_concept_0071,B,Blue Bottle Reaction,chemistry_materials_change,Blue Bottle Reaction,chemistry_materials_change,materials_family_03,"Candidate must show the temporal sequence that instantiates Blue Bottle Reaction, not merely an object, scene, or static result.",0,30,vdcr_direct_answer; concept_zh=蓝瓶反应; concept_type=实验动态图样; priority=B
vdcr_concept_0071,B,Blue Bottle Reaction demonstration,chemistry_materials_change,Blue Bottle Reaction,chemistry_materials_change,materials_family_03,"Candidate must show the temporal sequence that instantiates Blue Bottle Reaction, not merely an object, scene, or static result.",0,30,vdcr_direct_answer; concept_zh=蓝瓶反应; concept_type=实验动态图样; priority=B
vdcr_concept_0071,B,Blue Bottle Reaction experiment video,chemistry_materials_change,Blue Bottle Reaction,chemistry_materials_change,materials_family_03,"Candidate must show the temporal sequence that instantiates Blue Bottle Reaction, not merely an object, scene, or static result.",0,30,vdcr_direct_answer; concept_zh=蓝瓶反应; concept_type=实验动态图样; priority=B
vdcr_concept_0071,B,Blue Bottle Reaction slow motion,chemistry_materials_change,Blue Bottle Reaction,chemistry_materials_change,materials_family_03,"Candidate must show the temporal sequence that instantiates Blue Bottle Reaction, not merely an object, scene, or static result.",0,30,vdcr_direct_answer; concept_zh=蓝瓶反应; concept_type=实验动态图样; priority=B
vdcr_concept_0071,B,Blue Bottle Reaction video,chemistry_materials_change,Blue Bottle Reaction,chemistry_materials_change,materials_family_03,"Candidate must show the temporal sequence that instantiates Blue Bottle Reaction, not merely an object, scene, or static result.",0,30,vdcr_direct_answer; concept_zh=蓝瓶反应; concept_type=实验动态图样; priority=B
vdcr_concept_0072,B,Chemical Traffic Light Reaction,chemistry_materials_change,Chemical Traffic Light Reaction,chemistry_materials_change,materials_family_03,"Candidate must show the temporal sequence that instantiates Chemical Traffic Light Reaction, not merely an object, scene, or static result.",0,30,vdcr_direct_answer; concept_zh=化学交通灯反应; concept_type=实验动态图样; priority=B
vdcr_concept_0072,B,Chemical Traffic Light Reaction demonstration,chemistry_materials_change,Chemical Traffic Light Reaction,chemistry_materials_change,materials_family_03,"Candidate must show the temporal sequence that instantiates Chemical Traffic Light Reaction, not merely an object, scene, or static result.",0,30,vdcr_direct_answer; concept_zh=化学交通灯反应; concept_type=实验动态图样; priority=B
vdcr_concept_0072,B,Chemical Traffic Light Reaction experiment video,chemistry_materials_change,Chemical Traffic Light Reaction,chemistry_materials_change,materials_family_03,"Candidate must show the temporal sequence that instantiates Chemical Traffic Light Reaction, not merely an object, scene, or static result.",0,30,vdcr_direct_answer; concept_zh=化学交通灯反应; concept_type=实验动态图样; priority=B
vdcr_concept_0072,B,Chemical Traffic Light Reaction slow motion,chemistry_materials_change,Chemical Traffic Light Reaction,chemistry_materials_change,materials_family_03,"Candidate must show the temporal sequence that instantiates Chemical Traffic Light Reaction, not merely an object, scene, or static result.",0,30,vdcr_direct_answer; concept_zh=化学交通灯反应; concept_type=实验动态图样; priority=B
vdcr_concept_0072,B,Chemical Traffic Light Reaction video,chemistry_materials_change,Chemical Traffic Light Reaction,chemistry_materials_change,materials_family_03,"Candidate must show the temporal sequence that instantiates Chemical Traffic Light Reaction, not merely an object, scene, or static result.",0,30,vdcr_direct_answer; concept_zh=化学交通灯反应; concept_type=实验动态图样; priority=B
vdcr_concept_0075,B,Benedict Positive Reducing-Sugar Reaction,chemistry_materials_change,Benedict Positive Reducing-Sugar Reaction,chemistry_materials_change,materials_family_03,"Candidate must show the temporal sequence that instantiates Benedict Positive Reducing-Sugar Reaction, not merely an object, scene, or static result.",0,30,vdcr_direct_answer; concept_zh=本尼迪克特阳性还原反应; concept_type=实验动态图样; priority=B
vdcr_concept_0075,B,Benedict Positive Reducing-Sugar Reaction demonstration,chemistry_materials_change,Benedict Positive Reducing-Sugar Reaction,chemistry_materials_change,materials_family_03,"Candidate must show the temporal sequence that instantiates Benedict Positive Reducing-Sugar Reaction, not merely an object, scene, or static result.",0,30,vdcr_direct_answer; concept_zh=本尼迪克特阳性还原反应; concept_type=实验动态图样; priority=B
vdcr_concept_0075,B,Benedict Positive Reducing-Sugar Reaction experiment video,chemistry_materials_change,Benedict Positive Reducing-Sugar Reaction,chemistry_materials_change,materials_family_03,"Candidate must show the temporal sequence that instantiates Benedict Positive Reducing-Sugar Reaction, not merely an object, scene, or static result.",0,30,vdcr_direct_answer; concept_zh=本尼迪克特阳性还原反应; concept_type=实验动态图样; priority=B
vdcr_concept_0075,B,Benedict Positive Reducing-Sugar Reaction slow motion,chemistry_materials_change,Benedict Positive Reducing-Sugar Reaction,chemistry_materials_change,materials_family_03,"Candidate must show the temporal sequence that instantiates Benedict Positive Reducing-Sugar Reaction, not merely an object, scene, or static result.",0,30,vdcr_direct_answer; concept_zh=本尼迪克特阳性还原反应; concept_type=实验动态图样; priority=B
vdcr_concept_0075,B,Benedict Positive Reducing-Sugar Reaction video,chemistry_materials_change,Benedict Positive Reducing-Sugar Reaction,chemistry_materials_change,materials_family_03,"Candidate must show the temporal sequence that instantiates Benedict Positive Reducing-Sugar Reaction, not merely an object, scene, or static result.",0,30,vdcr_direct_answer; concept_zh=本尼迪克特阳性还原反应; concept_type=实验动态图样; priority=B
vdcr_concept_0077,B,Precipitation Front Propagation,chemistry_materials_change,Precipitation Front Propagation,chemistry_materials_change,materials_family_04,"Candidate must show the temporal sequence that instantiates Precipitation Front Propagation, not merely an object, scene, or static result.",0,30,vdcr_direct_answer; concept_zh=沉淀前沿推进; concept_type=自然动态机制; priority=B
vdcr_concept_0077,B,Precipitation Front Propagation demonstration,chemistry_materials_change,Precipitation Front Propagation,chemistry_materials_change,materials_family_04,"Candidate must show the temporal sequence that instantiates Precipitation Front Propagation, not merely an object, scene, or static result.",0,30,vdcr_direct_answer; concept_zh=沉淀前沿推进; concept_type=自然动态机制; priority=B
vdcr_concept_0077,B,Precipitation Front Propagation slow motion,chemistry_materials_change,Precipitation Front Propagation,chemistry_materials_change,materials_family_04,"Candidate must show the temporal sequence that instantiates Precipitation Front Propagation, not merely an object, scene, or static result.",0,30,vdcr_direct_answer; concept_zh=沉淀前沿推进; concept_type=自然动态机制; priority=B
vdcr_concept_0077,B,Precipitation Front Propagation video,chemistry_materials_change,Precipitation Front Propagation,chemistry_materials_change,materials_family_04,"Candidate must show the temporal sequence that instantiates Precipitation Front Propagation, not merely an object, scene, or static result.",0,30,vdcr_direct_answer; concept_zh=沉淀前沿推进; concept_type=自然动态机制; priority=B
vdcr_concept_0079,B,Reaction-Diffusion Wave,chemistry_materials_change,Reaction-Diffusion Wave,chemistry_materials_change,materials_family_04,"Candidate must show the temporal sequence that instantiates Reaction-Diffusion Wave, not merely an object, scene, or static result.",0,30,vdcr_direct_answer; concept_zh=反应-扩散波; concept_type=自然动态机制; priority=B
vdcr_concept_0079,B,Reaction-Diffusion Wave demonstration,chemistry_materials_change,Reaction-Diffusion Wave,chemistry_materials_change,materials_family_04,"Candidate must show the temporal sequence that instantiates Reaction-Diffusion Wave, not merely an object, scene, or static result.",0,30,vdcr_direct_answer; concept_zh=反应-扩散波; concept_type=自然动态机制; priority=B
vdcr_concept_0079,B,Reaction-Diffusion Wave slow motion,chemistry_materials_change,Reaction-Diffusion Wave,chemistry_materials_change,materials_family_04,"Candidate must show the temporal sequence that instantiates Reaction-Diffusion Wave, not merely an object, scene, or static result.",0,30,vdcr_direct_answer; concept_zh=反应-扩散波; concept_type=自然动态机制; priority=B
vdcr_concept_0079,B,Reaction-Diffusion Wave video,chemistry_materials_change,Reaction-Diffusion Wave,chemistry_materials_change,materials_family_04,"Candidate must show the temporal sequence that instantiates Reaction-Diffusion Wave, not merely an object, scene, or static result.",0,30,vdcr_direct_answer; concept_zh=反应-扩散波; concept_type=自然动态机制; priority=B
vdcr_concept_0080,B,Surfactant-Driven Droplet Motion,chemistry_materials_change,Surfactant-Driven Droplet Motion,chemistry_materials_change,materials_family_05,"Candidate must show the temporal sequence that instantiates Surfactant-Driven Droplet Motion, not merely an object, scene, or static result.",0,30,vdcr_direct_answer; concept_zh=表面活性剂驱动液滴运动; concept_type=自然动态机制; priority=B
vdcr_concept_0080,B,Surfactant-Driven Droplet Motion demonstration,chemistry_materials_change,Surfactant-Driven Droplet Motion,chemistry_materials_change,materials_family_05,"Candidate must show the temporal sequence that instantiates Surfactant-Driven Droplet Motion, not merely an object, scene, or static result.",0,30,vdcr_direct_answer; concept_zh=表面活性剂驱动液滴运动; concept_type=自然动态机制; priority=B
vdcr_concept_0080,B,Surfactant-Driven Droplet Motion slow motion,chemistry_materials_change,Surfactant-Driven Droplet Motion,chemistry_materials_change,materials_family_05,"Candidate must show the temporal sequence that instantiates Surfactant-Driven Droplet Motion, not merely an object, scene, or static result.",0,30,vdcr_direct_answer; concept_zh=表面活性剂驱动液滴运动; concept_type=自然动态机制; priority=B
vdcr_concept_0080,B,Surfactant-Driven Droplet Motion video,chemistry_materials_change,Surfactant-Driven Droplet Motion,chemistry_materials_change,materials_family_05,"Candidate must show the temporal sequence that instantiates Surfactant-Driven Droplet Motion, not merely an object, scene, or static result.",0,30,vdcr_direct_answer; concept_zh=表面活性剂驱动液滴运动; concept_type=自然动态机制; priority=B
vdcr_concept_0081,B,Coffee-Ring Formation,chemistry_materials_change,Coffee-Ring Formation,chemistry_materials_change,materials_family_05,"Candidate must show the temporal sequence that instantiates Coffee-Ring Formation, not merely an object, scene, or static result.",0,30,vdcr_direct_answer; concept_zh=咖啡环形成; concept_type=自然动态机制; priority=B
vdcr_concept_0081,B,Coffee-Ring Formation demonstration,chemistry_materials_change,Coffee-Ring Formation,chemistry_materials_change,materials_family_05,"Candidate must show the temporal sequence that instantiates Coffee-Ring Formation, not merely an object, scene, or static result.",0,30,vdcr_direct_answer; concept_zh=咖啡环形成; concept_type=自然动态机制; priority=B
vdcr_concept_0081,B,Coffee-Ring Formation slow motion,chemistry_materials_change,Coffee-Ring Formation,chemistry_materials_change,materials_family_05,"Candidate must show the temporal sequence that instantiates Coffee-Ring Formation, not merely an object, scene, or static result.",0,30,vdcr_direct_answer; concept_zh=咖啡环形成; concept_type=自然动态机制; priority=B
vdcr_concept_0081,B,Coffee-Ring Formation video,chemistry_materials_change,Coffee-Ring Formation,chemistry_materials_change,materials_family_05,"Candidate must show the temporal sequence that instantiates Coffee-Ring Formation, not merely an object, scene, or static result.",0,30,vdcr_direct_answer; concept_zh=咖啡环形成; concept_type=自然动态机制; priority=B
vdcr_concept_0082,B,Evaporation-Induced Deposition Front,chemistry_materials_change,Evaporation-Induced Deposition Front,chemistry_materials_change,materials_family_05,"Candidate must show the temporal sequence that instantiates Evaporation-Induced Deposition Front, not merely an object, scene, or static result.",0,30,vdcr_direct_answer; concept_zh=蒸发诱导沉积前沿; concept_type=自然动态机制; priority=B
vdcr_concept_0082,B,Evaporation-Induced Deposition Front demonstration,chemistry_materials_change,Evaporation-Induced Deposition Front,chemistry_materials_change,materials_family_05,"Candidate must show the temporal sequence that instantiates Evaporation-Induced Deposition Front, not merely an object, scene, or static result.",0,30,vdcr_direct_answer; concept_zh=蒸发诱导沉积前沿; concept_type=自然动态机制; priority=B
vdcr_concept_0082,B,Evaporation-Induced Deposition Front slow motion,chemistry_materials_change,Evaporation-Induced Deposition Front,chemistry_materials_change,materials_family_05,"Candidate must show the temporal sequence that instantiates Evaporation-Induced Deposition Front, not merely an object, scene, or static result.",0,30,vdcr_direct_answer; concept_zh=蒸发诱导沉积前沿; concept_type=自然动态机制; priority=B
vdcr_concept_0082,B,Evaporation-Induced Deposition Front video,chemistry_materials_change,Evaporation-Induced Deposition Front,chemistry_materials_change,materials_family_05,"Candidate must show the temporal sequence that instantiates Evaporation-Induced Deposition Front, not merely an object, scene, or static result.",0,30,vdcr_direct_answer; concept_zh=蒸发诱导沉积前沿; concept_type=自然动态机制; priority=B
vdcr_concept_0084,B,Ostwald Ripening,chemistry_materials_change,Ostwald Ripening,chemistry_materials_change,materials_family_06,"Candidate must show the temporal sequence that instantiates Ostwald Ripening, not merely an object, scene, or static result.",0,30,vdcr_direct_answer; concept_zh=奥斯特瓦尔德熟化; concept_type=自然动态机制; priority=B
vdcr_concept_0084,B,Ostwald Ripening demonstration,chemistry_materials_change,Ostwald Ripening,chemistry_materials_change,materials_family_06,"Candidate must show the temporal sequence that instantiates Ostwald Ripening, not merely an object, scene, or static result.",0,30,vdcr_direct_answer; concept_zh=奥斯特瓦尔德熟化; concept_type=自然动态机制; priority=B
vdcr_concept_0084,B,Ostwald Ripening slow motion,chemistry_materials_change,Ostwald Ripening,chemistry_materials_change,materials_family_06,"Candidate must show the temporal sequence that instantiates Ostwald Ripening, not merely an object, scene, or static result.",0,30,vdcr_direct_answer; concept_zh=奥斯特瓦尔德熟化; concept_type=自然动态机制; priority=B
vdcr_concept_0084,B,Ostwald Ripening video,chemistry_materials_change,Ostwald Ripening,chemistry_materials_change,materials_family_06,"Candidate must show the temporal sequence that instantiates Ostwald Ripening, not merely an object, scene, or static result.",0,30,vdcr_direct_answer; concept_zh=奥斯特瓦尔德熟化; concept_type=自然动态机制; priority=B
vdcr_concept_0085,B,Coalescence-Driven Coarsening,chemistry_materials_change,Coalescence-Driven Coarsening,chemistry_materials_change,materials_family_06,"Candidate must show the temporal sequence that instantiates Coalescence-Driven Coarsening, not merely an object, scene, or static result.",0,30,vdcr_direct_answer; concept_zh=液滴聚并粗化; concept_type=自然动态机制; priority=B
vdcr_concept_0085,B,Coalescence-Driven Coarsening demonstration,chemistry_materials_change,Coalescence-Driven Coarsening,chemistry_materials_change,materials_family_06,"Candidate must show the temporal sequence that instantiates Coalescence-Driven Coarsening, not merely an object, scene, or static result.",0,30,vdcr_direct_answer; concept_zh=液滴聚并粗化; concept_type=自然动态机制; priority=B
vdcr_concept_0085,B,Coalescence-Driven Coarsening slow motion,chemistry_materials_change,Coalescence-Driven Coarsening,chemistry_materials_change,materials_family_06,"Candidate must show the temporal sequence that instantiates Coalescence-Driven Coarsening, not merely an object, scene, or static result.",0,30,vdcr_direct_answer; concept_zh=液滴聚并粗化; concept_type=自然动态机制; priority=B
vdcr_concept_0085,B,Coalescence-Driven Coarsening video,chemistry_materials_change,Coalescence-Driven Coarsening,chemistry_materials_change,materials_family_06,"Candidate must show the temporal sequence that instantiates Coalescence-Driven Coarsening, not merely an object, scene, or static result.",0,30,vdcr_direct_answer; concept_zh=液滴聚并粗化; concept_type=自然动态机制; priority=B
vdcr_concept_0087,B,Nucleation-and-Growth Phase Separation,chemistry_materials_change,Nucleation-and-Growth Phase Separation,chemistry_materials_change,materials_family_06,"Candidate must show the temporal sequence that instantiates Nucleation-and-Growth Phase Separation, not merely an object, scene, or static result.",0,30,vdcr_direct_answer; concept_zh=成核与生长相分离; concept_type=自然动态机制; priority=B
vdcr_concept_0087,B,Nucleation-and-Growth Phase Separation demonstration,chemistry_materials_change,Nucleation-and-Growth Phase Separation,chemistry_materials_change,materials_family_06,"Candidate must show the temporal sequence that instantiates Nucleation-and-Growth Phase Separation, not merely an object, scene, or static result.",0,30,vdcr_direct_answer; concept_zh=成核与生长相分离; concept_type=自然动态机制; priority=B
vdcr_concept_0087,B,Nucleation-and-Growth Phase Separation slow motion,chemistry_materials_change,Nucleation-and-Growth Phase Separation,chemistry_materials_change,materials_family_06,"Candidate must show the temporal sequence that instantiates Nucleation-and-Growth Phase Separation, not merely an object, scene, or static result.",0,30,vdcr_direct_answer; concept_zh=成核与生长相分离; concept_type=自然动态机制; priority=B
vdcr_concept_0087,B,Nucleation-and-Growth Phase Separation video,chemistry_materials_change,Nucleation-and-Growth Phase Separation,chemistry_materials_change,materials_family_06,"Candidate must show the temporal sequence that instantiates Nucleation-and-Growth Phase Separation, not merely an object, scene, or static result.",0,30,vdcr_direct_answer; concept_zh=成核与生长相分离; concept_type=自然动态机制; priority=B
vdcr_concept_0088,B,Phase Boundary Migration,chemistry_materials_change,Phase Boundary Migration,chemistry_materials_change,materials_family_06,"Candidate must show the temporal sequence that instantiates Phase Boundary Migration, not merely an object, scene, or static result.",0,30,vdcr_direct_answer; concept_zh=相界面迁移; concept_type=自然动态机制; priority=B
vdcr_concept_0088,B,Phase Boundary Migration demonstration,chemistry_materials_change,Phase Boundary Migration,chemistry_materials_change,materials_family_06,"Candidate must show the temporal sequence that instantiates Phase Boundary Migration, not merely an object, scene, or static result.",0,30,vdcr_direct_answer; concept_zh=相界面迁移; concept_type=自然动态机制; priority=B
vdcr_concept_0088,B,Phase Boundary Migration slow motion,chemistry_materials_change,Phase Boundary Migration,chemistry_materials_change,materials_family_06,"Candidate must show the temporal sequence that instantiates Phase Boundary Migration, not merely an object, scene, or static result.",0,30,vdcr_direct_answer; concept_zh=相界面迁移; concept_type=自然动态机制; priority=B
vdcr_concept_0088,B,Phase Boundary Migration video,chemistry_materials_change,Phase Boundary Migration,chemistry_materials_change,materials_family_06,"Candidate must show the temporal sequence that instantiates Phase Boundary Migration, not merely an object, scene, or static result.",0,30,vdcr_direct_answer; concept_zh=相界面迁移; concept_type=自然动态机制; priority=B
vdcr_concept_0089,B,Flame Front Propagation,chemistry_materials_change,Flame Front Propagation,chemistry_materials_change,materials_family_07,"Candidate must show the temporal sequence that instantiates Flame Front Propagation, not merely an object, scene, or static result.",0,30,vdcr_direct_answer; concept_zh=火焰前沿传播; concept_type=自然动态机制; priority=B
vdcr_concept_0089,B,Flame Front Propagation demonstration,chemistry_materials_change,Flame Front Propagation,chemistry_materials_change,materials_family_07,"Candidate must show the temporal sequence that instantiates Flame Front Propagation, not merely an object, scene, or static result.",0,30,vdcr_direct_answer; concept_zh=火焰前沿传播; concept_type=自然动态机制; priority=B
vdcr_concept_0089,B,Flame Front Propagation slow motion,chemistry_materials_change,Flame Front Propagation,chemistry_materials_change,materials_family_07,"Candidate must show the temporal sequence that instantiates Flame Front Propagation, not merely an object, scene, or static result.",0,30,vdcr_direct_answer; concept_zh=火焰前沿传播; concept_type=自然动态机制; priority=B
vdcr_concept_0089,B,Flame Front Propagation video,chemistry_materials_change,Flame Front Propagation,chemistry_materials_change,materials_family_07,"Candidate must show the temporal sequence that instantiates Flame Front Propagation, not merely an object, scene, or static result.",0,30,vdcr_direct_answer; concept_zh=火焰前沿传播; concept_type=自然动态机制; priority=B
vdcr_concept_0090,B,Diffusion Flame,chemistry_materials_change,Diffusion Flame,chemistry_materials_change,materials_family_07,"Candidate must show the temporal sequence that instantiates Diffusion Flame, not merely an object, scene, or static result.",0,30,vdcr_direct_answer; concept_zh=扩散火焰; concept_type=自然动态机制; priority=B
vdcr_concept_0090,B,Diffusion Flame demonstration,chemistry_materials_change,Diffusion Flame,chemistry_materials_change,materials_family_07,"Candidate must show the temporal sequence that instantiates Diffusion Flame, not merely an object, scene, or static result.",0,30,vdcr_direct_answer; concept_zh=扩散火焰; concept_type=自然动态机制; priority=B
vdcr_concept_0090,B,Diffusion Flame slow motion,chemistry_materials_change,Diffusion Flame,chemistry_materials_change,materials_family_07,"Candidate must show the temporal sequence that instantiates Diffusion Flame, not merely an object, scene, or static result.",0,30,vdcr_direct_answer; concept_zh=扩散火焰; concept_type=自然动态机制; priority=B
vdcr_concept_0090,B,Diffusion Flame video,chemistry_materials_change,Diffusion Flame,chemistry_materials_change,materials_family_07,"Candidate must show the temporal sequence that instantiates Diffusion Flame, not merely an object, scene, or static result.",0,30,vdcr_direct_answer; concept_zh=扩散火焰; concept_type=自然动态机制; priority=B
vdcr_concept_0091,B,Premixed Flame Propagation,chemistry_materials_change,Premixed Flame Propagation,chemistry_materials_change,materials_family_07,"Candidate must show the temporal sequence that instantiates Premixed Flame Propagation, not merely an object, scene, or static result.",0,30,vdcr_direct_answer; concept_zh=预混火焰传播; concept_type=自然动态机制; priority=B
vdcr_concept_0091,B,Premixed Flame Propagation demonstration,chemistry_materials_change,Premixed Flame Propagation,chemistry_materials_change,materials_family_07,"Candidate must show the temporal sequence that instantiates Premixed Flame Propagation, not merely an object, scene, or static result.",0,30,vdcr_direct_answer; concept_zh=预混火焰传播; concept_type=自然动态机制; priority=B
vdcr_concept_0091,B,Premixed Flame Propagation slow motion,chemistry_materials_change,Premixed Flame Propagation,chemistry_materials_change,materials_family_07,"Candidate must show the temporal sequence that instantiates Premixed Flame Propagation, not merely an object, scene, or static result.",0,30,vdcr_direct_answer; concept_zh=预混火焰传播; concept_type=自然动态机制; priority=B
vdcr_concept_0091,B,Premixed Flame Propagation video,chemistry_materials_change,Premixed Flame Propagation,chemistry_materials_change,materials_family_07,"Candidate must show the temporal sequence that instantiates Premixed Flame Propagation, not merely an object, scene, or static result.",0,30,vdcr_direct_answer; concept_zh=预混火焰传播; concept_type=自然动态机制; priority=B
vdcr_concept_0092,B,Cellular Flame Instability,chemistry_materials_change,Cellular Flame Instability,chemistry_materials_change,materials_family_07,"Candidate must show the temporal sequence that instantiates Cellular Flame Instability, not merely an object, scene, or static result.",0,30,vdcr_direct_answer; concept_zh=火焰胞状不稳定性; concept_type=自然动态机制; priority=B
vdcr_concept_0092,B,Cellular Flame Instability demonstration,chemistry_materials_change,Cellular Flame Instability,chemistry_materials_change,materials_family_07,"Candidate must show the temporal sequence that instantiates Cellular Flame Instability, not merely an object, scene, or static result.",0,30,vdcr_direct_answer; concept_zh=火焰胞状不稳定性; concept_type=自然动态机制; priority=B
vdcr_concept_0092,B,Cellular Flame Instability slow motion,chemistry_materials_change,Cellular Flame Instability,chemistry_materials_change,materials_family_07,"Candidate must show the temporal sequence that instantiates Cellular Flame Instability, not merely an object, scene, or static result.",0,30,vdcr_direct_answer; concept_zh=火焰胞状不稳定性; concept_type=自然动态机制; priority=B
vdcr_concept_0092,B,Cellular Flame Instability video,chemistry_materials_change,Cellular Flame Instability,chemistry_materials_change,materials_family_07,"Candidate must show the temporal sequence that instantiates Cellular Flame Instability, not merely an object, scene, or static result.",0,30,vdcr_direct_answer; concept_zh=火焰胞状不稳定性; concept_type=自然动态机制; priority=B
vdcr_concept_0093,B,Flame Flashback,chemistry_materials_change,Flame Flashback,chemistry_materials_change,materials_family_07,"Candidate must show the temporal sequence that instantiates Flame Flashback, not merely an object, scene, or static result.",0,30,vdcr_direct_answer; concept_zh=火焰闪回; concept_type=自然动态机制; priority=B
vdcr_concept_0093,B,Flame Flashback demonstration,chemistry_materials_change,Flame Flashback,chemistry_materials_change,materials_family_07,"Candidate must show the temporal sequence that instantiates Flame Flashback, not merely an object, scene, or static result.",0,30,vdcr_direct_answer; concept_zh=火焰闪回; concept_type=自然动态机制; priority=B
vdcr_concept_0093,B,Flame Flashback slow motion,chemistry_materials_change,Flame Flashback,chemistry_materials_change,materials_family_07,"Candidate must show the temporal sequence that instantiates Flame Flashback, not merely an object, scene, or static result.",0,30,vdcr_direct_answer; concept_zh=火焰闪回; concept_type=自然动态机制; priority=B
vdcr_concept_0093,B,Flame Flashback video,chemistry_materials_change,Flame Flashback,chemistry_materials_change,materials_family_07,"Candidate must show the temporal sequence that instantiates Flame Flashback, not merely an object, scene, or static result.",0,30,vdcr_direct_answer; concept_zh=火焰闪回; concept_type=自然动态机制; priority=B
vdcr_concept_0094,B,Flame Blowoff,chemistry_materials_change,Flame Blowoff,chemistry_materials_change,materials_family_07,"Candidate must show the temporal sequence that instantiates Flame Blowoff, not merely an object, scene, or static result.",0,30,vdcr_direct_answer; concept_zh=火焰吹熄; concept_type=自然动态机制; priority=B
vdcr_concept_0094,B,Flame Blowoff demonstration,chemistry_materials_change,Flame Blowoff,chemistry_materials_change,materials_family_07,"Candidate must show the temporal sequence that instantiates Flame Blowoff, not merely an object, scene, or static result.",0,30,vdcr_direct_answer; concept_zh=火焰吹熄; concept_type=自然动态机制; priority=B
vdcr_concept_0094,B,Flame Blowoff slow motion,chemistry_materials_change,Flame Blowoff,chemistry_materials_change,materials_family_07,"Candidate must show the temporal sequence that instantiates Flame Blowoff, not merely an object, scene, or static result.",0,30,vdcr_direct_answer; concept_zh=火焰吹熄; concept_type=自然动态机制; priority=B
vdcr_concept_0094,B,Flame Blowoff video,chemistry_materials_change,Flame Blowoff,chemistry_materials_change,materials_family_07,"Candidate must show the temporal sequence that instantiates Flame Blowoff, not merely an object, scene, or static result.",0,30,vdcr_direct_answer; concept_zh=火焰吹熄; concept_type=自然动态机制; priority=B
vdcr_concept_0095,B,Oscillating Flame,chemistry_materials_change,Oscillating Flame,chemistry_materials_change,materials_family_07,"Candidate must show the temporal sequence that instantiates Oscillating Flame, not merely an object, scene, or static result.",0,30,vdcr_direct_answer; concept_zh=振荡火焰; concept_type=自然动态机制; priority=B
vdcr_concept_0095,B,Oscillating Flame demonstration,chemistry_materials_change,Oscillating Flame,chemistry_materials_change,materials_family_07,"Candidate must show the temporal sequence that instantiates Oscillating Flame, not merely an object, scene, or static result.",0,30,vdcr_direct_answer; concept_zh=振荡火焰; concept_type=自然动态机制; priority=B
vdcr_concept_0095,B,Oscillating Flame slow motion,chemistry_materials_change,Oscillating Flame,chemistry_materials_change,materials_family_07,"Candidate must show the temporal sequence that instantiates Oscillating Flame, not merely an object, scene, or static result.",0,30,vdcr_direct_answer; concept_zh=振荡火焰; concept_type=自然动态机制; priority=B
vdcr_concept_0095,B,Oscillating Flame video,chemistry_materials_change,Oscillating Flame,chemistry_materials_change,materials_family_07,"Candidate must show the temporal sequence that instantiates Oscillating Flame, not merely an object, scene, or static result.",0,30,vdcr_direct_answer; concept_zh=振荡火焰; concept_type=自然动态机制; priority=B
vdcr_concept_0097,B,Metal Displacement Dendrite Growth,chemistry_materials_change,Metal Displacement Dendrite Growth,chemistry_materials_change,materials_family_08,"Candidate must show the temporal sequence that instantiates Metal Displacement Dendrite Growth, not merely an object, scene, or static result.",0,30,vdcr_direct_answer; concept_zh=金属置换枝晶生长; concept_type=实验动态图样; priority=B
vdcr_concept_0097,B,Metal Displacement Dendrite Growth demonstration,chemistry_materials_change,Metal Displacement Dendrite Growth,chemistry_materials_change,materials_family_08,"Candidate must show the temporal sequence that instantiates Metal Displacement Dendrite Growth, not merely an object, scene, or static result.",0,30,vdcr_direct_answer; concept_zh=金属置换枝晶生长; concept_type=实验动态图样; priority=B
vdcr_concept_0097,B,Metal Displacement Dendrite Growth experiment video,chemistry_materials_change,Metal Displacement Dendrite Growth,chemistry_materials_change,materials_family_08,"Candidate must show the temporal sequence that instantiates Metal Displacement Dendrite Growth, not merely an object, scene, or static result.",0,30,vdcr_direct_answer; concept_zh=金属置换枝晶生长; concept_type=实验动态图样; priority=B
vdcr_concept_0097,B,Metal Displacement Dendrite Growth slow motion,chemistry_materials_change,Metal Displacement Dendrite Growth,chemistry_materials_change,materials_family_08,"Candidate must show the temporal sequence that instantiates Metal Displacement Dendrite Growth, not merely an object, scene, or static result.",0,30,vdcr_direct_answer; concept_zh=金属置换枝晶生长; concept_type=实验动态图样; priority=B
vdcr_concept_0097,B,Metal Displacement Dendrite Growth video,chemistry_materials_change,Metal Displacement Dendrite Growth,chemistry_materials_change,materials_family_08,"Candidate must show the temporal sequence that instantiates Metal Displacement Dendrite Growth, not merely an object, scene, or static result.",0,30,vdcr_direct_answer; concept_zh=金属置换枝晶生长; concept_type=实验动态图样; priority=B
vdcr_concept_0098,B,Electrolysis Bubble Nucleation and Detachment,chemistry_materials_change,Electrolysis Bubble Nucleation and Detachment,chemistry_materials_change,materials_family_08,"Candidate must show the temporal sequence that instantiates Electrolysis Bubble Nucleation and Detachment, not merely an object, scene, or static result.",0,30,vdcr_direct_answer; concept_zh=电解气泡成核与脱离; concept_type=自然动态机制; priority=B
vdcr_concept_0098,B,Electrolysis Bubble Nucleation and Detachment demonstration,chemistry_materials_change,Electrolysis Bubble Nucleation and Detachment,chemistry_materials_change,materials_family_08,"Candidate must show the temporal sequence that instantiates Electrolysis Bubble Nucleation and Detachment, not merely an object, scene, or static result.",0,30,vdcr_direct_answer; concept_zh=电解气泡成核与脱离; concept_type=自然动态机制; priority=B
vdcr_concept_0098,B,Electrolysis Bubble Nucleation and Detachment slow motion,chemistry_materials_change,Electrolysis Bubble Nucleation and Detachment,chemistry_materials_change,materials_family_08,"Candidate must show the temporal sequence that instantiates Electrolysis Bubble Nucleation and Detachment, not merely an object, scene, or static result.",0,30,vdcr_direct_answer; concept_zh=电解气泡成核与脱离; concept_type=自然动态机制; priority=B
vdcr_concept_0098,B,Electrolysis Bubble Nucleation and Detachment video,chemistry_materials_change,Electrolysis Bubble Nucleation and Detachment,chemistry_materials_change,materials_family_08,"Candidate must show the temporal sequence that instantiates Electrolysis Bubble Nucleation and Detachment, not merely an object, scene, or static result.",0,30,vdcr_direct_answer; concept_zh=电解气泡成核与脱离; concept_type=自然动态机制; priority=B
vdcr_concept_0102,B,Gelation Front Propagation,chemistry_materials_change,Gelation Front Propagation,chemistry_materials_change,materials_family_09,"Candidate must show the temporal sequence that instantiates Gelation Front Propagation, not merely an object, scene, or static result.",0,30,vdcr_direct_answer; concept_zh=凝胶化前沿推进; concept_type=自然动态机制; priority=B
vdcr_concept_0102,B,Gelation Front Propagation demonstration,chemistry_materials_change,Gelation Front Propagation,chemistry_materials_change,materials_family_09,"Candidate must show the temporal sequence that instantiates Gelation Front Propagation, not merely an object, scene, or static result.",0,30,vdcr_direct_answer; concept_zh=凝胶化前沿推进; concept_type=自然动态机制; priority=B
vdcr_concept_0102,B,Gelation Front Propagation slow motion,chemistry_materials_change,Gelation Front Propagation,chemistry_materials_change,materials_family_09,"Candidate must show the temporal sequence that instantiates Gelation Front Propagation, not merely an object, scene, or static result.",0,30,vdcr_direct_answer; concept_zh=凝胶化前沿推进; concept_type=自然动态机制; priority=B
vdcr_concept_0102,B,Gelation Front Propagation video,chemistry_materials_change,Gelation Front Propagation,chemistry_materials_change,materials_family_09,"Candidate must show the temporal sequence that instantiates Gelation Front Propagation, not merely an object, scene, or static result.",0,30,vdcr_direct_answer; concept_zh=凝胶化前沿推进; concept_type=自然动态机制; priority=B
vdcr_concept_0104,B,Gel Swelling,chemistry_materials_change,Gel Swelling,chemistry_materials_change,materials_family_09,"Candidate must show the temporal sequence that instantiates Gel Swelling, not merely an object, scene, or static result.",0,30,vdcr_direct_answer; concept_zh=凝胶溶胀; concept_type=自然动态机制; priority=B
vdcr_concept_0104,B,Gel Swelling demonstration,chemistry_materials_change,Gel Swelling,chemistry_materials_change,materials_family_09,"Candidate must show the temporal sequence that instantiates Gel Swelling, not merely an object, scene, or static result.",0,30,vdcr_direct_answer; concept_zh=凝胶溶胀; concept_type=自然动态机制; priority=B
vdcr_concept_0104,B,Gel Swelling slow motion,chemistry_materials_change,Gel Swelling,chemistry_materials_change,materials_family_09,"Candidate must show the temporal sequence that instantiates Gel Swelling, not merely an object, scene, or static result.",0,30,vdcr_direct_answer; concept_zh=凝胶溶胀; concept_type=自然动态机制; priority=B
vdcr_concept_0104,B,Gel Swelling video,chemistry_materials_change,Gel Swelling,chemistry_materials_change,materials_family_09,"Candidate must show the temporal sequence that instantiates Gel Swelling, not merely an object, scene, or static result.",0,30,vdcr_direct_answer; concept_zh=凝胶溶胀; concept_type=自然动态机制; priority=B
vdcr_concept_0105,B,Gel Deswelling Collapse,chemistry_materials_change,Gel Deswelling Collapse,chemistry_materials_change,materials_family_09,"Candidate must show the temporal sequence that instantiates Gel Deswelling Collapse, not merely an object, scene, or static result.",0,30,vdcr_direct_answer; concept_zh=凝胶去溶胀塌缩; concept_type=自然动态机制; priority=B
vdcr_concept_0105,B,Gel Deswelling Collapse demonstration,chemistry_materials_change,Gel Deswelling Collapse,chemistry_materials_change,materials_family_09,"Candidate must show the temporal sequence that instantiates Gel Deswelling Collapse, not merely an object, scene, or static result.",0,30,vdcr_direct_answer; concept_zh=凝胶去溶胀塌缩; concept_type=自然动态机制; priority=B
vdcr_concept_0105,B,Gel Deswelling Collapse slow motion,chemistry_materials_change,Gel Deswelling Collapse,chemistry_materials_change,materials_family_09,"Candidate must show the temporal sequence that instantiates Gel Deswelling Collapse, not merely an object, scene, or static result.",0,30,vdcr_direct_answer; concept_zh=凝胶去溶胀塌缩; concept_type=自然动态机制; priority=B
vdcr_concept_0105,B,Gel Deswelling Collapse video,chemistry_materials_change,Gel Deswelling Collapse,chemistry_materials_change,materials_family_09,"Candidate must show the temporal sequence that instantiates Gel Deswelling Collapse, not merely an object, scene, or static result.",0,30,vdcr_direct_answer; concept_zh=凝胶去溶胀塌缩; concept_type=自然动态机制; priority=B
vdcr_concept_0110,B,Undulatory Locomotion,biology_living_systems,Undulatory Locomotion,biology_living_systems,biology_family_01,"Candidate must show the temporal sequence that instantiates Undulatory Locomotion, not merely an object, scene, or static result.",0,30,vdcr_direct_answer; concept_zh=波状推进游动; concept_type=自然动态机制; priority=B
vdcr_concept_0110,B,Undulatory Locomotion demonstration,biology_living_systems,Undulatory Locomotion,biology_living_systems,biology_family_01,"Candidate must show the temporal sequence that instantiates Undulatory Locomotion, not merely an object, scene, or static result.",0,30,vdcr_direct_answer; concept_zh=波状推进游动; concept_type=自然动态机制; priority=B
vdcr_concept_0110,B,Undulatory Locomotion slow motion,biology_living_systems,Undulatory Locomotion,biology_living_systems,biology_family_01,"Candidate must show the temporal sequence that instantiates Undulatory Locomotion, not merely an object, scene, or static result.",0,30,vdcr_direct_answer; concept_zh=波状推进游动; concept_type=自然动态机制; priority=B
vdcr_concept_0110,B,Undulatory Locomotion video,biology_living_systems,Undulatory Locomotion,biology_living_systems,biology_family_01,"Candidate must show the temporal sequence that instantiates Undulatory Locomotion, not merely an object, scene, or static result.",0,30,vdcr_direct_answer; concept_zh=波状推进游动; concept_type=自然动态机制; priority=B
vdcr_concept_0115,B,Axel Jump,biology_living_systems,Axel Jump,biology_living_systems,biology_family_02,"Candidate must show the temporal sequence that instantiates Axel Jump, not merely an object, scene, or static result.",0,30,vdcr_direct_answer; concept_zh=阿克塞尔跳; concept_type=专有动态动作概念; priority=B
vdcr_concept_0115,B,Axel Jump demonstration,biology_living_systems,Axel Jump,biology_living_systems,biology_family_02,"Candidate must show the temporal sequence that instantiates Axel Jump, not merely an object, scene, or static result.",0,30,vdcr_direct_answer; concept_zh=阿克塞尔跳; concept_type=专有动态动作概念; priority=B
vdcr_concept_0115,B,Axel Jump slow motion,biology_living_systems,Axel Jump,biology_living_systems,biology_family_02,"Candidate must show the temporal sequence that instantiates Axel Jump, not merely an object, scene, or static result.",0,30,vdcr_direct_answer; concept_zh=阿克塞尔跳; concept_type=专有动态动作概念; priority=B
vdcr_concept_0115,B,Axel Jump technique video,biology_living_systems,Axel Jump,biology_living_systems,biology_family_02,"Candidate must show the temporal sequence that instantiates Axel Jump, not merely an object, scene, or static result.",0,30,vdcr_direct_answer; concept_zh=阿克塞尔跳; concept_type=专有动态动作概念; priority=B
vdcr_concept_0115,B,Axel Jump video,biology_living_systems,Axel Jump,biology_living_systems,biology_family_02,"Candidate must show the temporal sequence that instantiates Axel Jump, not merely an object, scene, or static result.",0,30,vdcr_direct_answer; concept_zh=阿克塞尔跳; concept_type=专有动态动作概念; priority=B
vdcr_concept_0116,B,Salchow Jump,biology_living_systems,Salchow Jump,biology_living_systems,biology_family_02,"Candidate must show the temporal sequence that instantiates Salchow Jump, not merely an object, scene, or static result.",0,30,vdcr_direct_answer; concept_zh=后内结环跳; concept_type=专有动态动作概念; priority=B
vdcr_concept_0116,B,Salchow Jump demonstration,biology_living_systems,Salchow Jump,biology_living_systems,biology_family_02,"Candidate must show the temporal sequence that instantiates Salchow Jump, not merely an object, scene, or static result.",0,30,vdcr_direct_answer; concept_zh=后内结环跳; concept_type=专有动态动作概念; priority=B
vdcr_concept_0116,B,Salchow Jump slow motion,biology_living_systems,Salchow Jump,biology_living_systems,biology_family_02,"Candidate must show the temporal sequence that instantiates Salchow Jump, not merely an object, scene, or static result.",0,30,vdcr_direct_answer; concept_zh=后内结环跳; concept_type=专有动态动作概念; priority=B
vdcr_concept_0116,B,Salchow Jump technique video,biology_living_systems,Salchow Jump,biology_living_systems,biology_family_02,"Candidate must show the temporal sequence that instantiates Salchow Jump, not merely an object, scene, or static result.",0,30,vdcr_direct_answer; concept_zh=后内结环跳; concept_type=专有动态动作概念; priority=B
vdcr_concept_0116,B,Salchow Jump video,biology_living_systems,Salchow Jump,biology_living_systems,biology_family_02,"Candidate must show the temporal sequence that instantiates Salchow Jump, not merely an object, scene, or static result.",0,30,vdcr_direct_answer; concept_zh=后内结环跳; concept_type=专有动态动作概念; priority=B
vdcr_concept_0117,B,Toe Loop Jump,biology_living_systems,Toe Loop Jump,biology_living_systems,biology_family_02,"Candidate must show the temporal sequence that instantiates Toe Loop Jump, not merely an object, scene, or static result.",0,30,vdcr_direct_answer; concept_zh=后外点冰跳; concept_type=专有动态动作概念; priority=B
vdcr_concept_0117,B,Toe Loop Jump demonstration,biology_living_systems,Toe Loop Jump,biology_living_systems,biology_family_02,"Candidate must show the temporal sequence that instantiates Toe Loop Jump, not merely an object, scene, or static result.",0,30,vdcr_direct_answer; concept_zh=后外点冰跳; concept_type=专有动态动作概念; priority=B
vdcr_concept_0117,B,Toe Loop Jump slow motion,biology_living_systems,Toe Loop Jump,biology_living_systems,biology_family_02,"Candidate must show the temporal sequence that instantiates Toe Loop Jump, not merely an object, scene, or static result.",0,30,vdcr_direct_answer; concept_zh=后外点冰跳; concept_type=专有动态动作概念; priority=B
vdcr_concept_0117,B,Toe Loop Jump technique video,biology_living_systems,Toe Loop Jump,biology_living_systems,biology_family_02,"Candidate must show the temporal sequence that instantiates Toe Loop Jump, not merely an object, scene, or static result.",0,30,vdcr_direct_answer; concept_zh=后外点冰跳; concept_type=专有动态动作概念; priority=B
vdcr_concept_0117,B,Toe Loop Jump video,biology_living_systems,Toe Loop Jump,biology_living_systems,biology_family_02,"Candidate must show the temporal sequence that instantiates Toe Loop Jump, not merely an object, scene, or static result.",0,30,vdcr_direct_answer; concept_zh=后外点冰跳; concept_type=专有动态动作概念; priority=B
vdcr_concept_0118,B,Yurchenko Vault,biology_living_systems,Yurchenko Vault,biology_living_systems,biology_family_02,"Candidate must show the temporal sequence that instantiates Yurchenko Vault, not merely an object, scene, or static result.",0,30,vdcr_direct_answer; concept_zh=尤尔琴科跳马; concept_type=专有动态动作概念; priority=B
vdcr_concept_0118,B,Yurchenko Vault demonstration,biology_living_systems,Yurchenko Vault,biology_living_systems,biology_family_02,"Candidate must show the temporal sequence that instantiates Yurchenko Vault, not merely an object, scene, or static result.",0,30,vdcr_direct_answer; concept_zh=尤尔琴科跳马; concept_type=专有动态动作概念; priority=B
vdcr_concept_0118,B,Yurchenko Vault slow motion,biology_living_systems,Yurchenko Vault,biology_living_systems,biology_family_02,"Candidate must show the temporal sequence that instantiates Yurchenko Vault, not merely an object, scene, or static result.",0,30,vdcr_direct_answer; concept_zh=尤尔琴科跳马; concept_type=专有动态动作概念; priority=B
vdcr_concept_0118,B,Yurchenko Vault technique video,biology_living_systems,Yurchenko Vault,biology_living_systems,biology_family_02,"Candidate must show the temporal sequence that instantiates Yurchenko Vault, not merely an object, scene, or static result.",0,30,vdcr_direct_answer; concept_zh=尤尔琴科跳马; concept_type=专有动态动作概念; priority=B
vdcr_concept_0118,B,Yurchenko Vault video,biology_living_systems,Yurchenko Vault,biology_living_systems,biology_family_02,"Candidate must show the temporal sequence that instantiates Yurchenko Vault, not merely an object, scene, or static result.",0,30,vdcr_direct_answer; concept_zh=尤尔琴科跳马; concept_type=专有动态动作概念; priority=B
vdcr_concept_0119,B,Tsukahara Vault,biology_living_systems,Tsukahara Vault,biology_living_systems,biology_family_02,"Candidate must show the temporal sequence that instantiates Tsukahara Vault, not merely an object, scene, or static result.",0,30,vdcr_direct_answer; concept_zh=月面空翻; concept_type=专有动态动作概念; priority=B
vdcr_concept_0119,B,Tsukahara Vault demonstration,biology_living_systems,Tsukahara Vault,biology_living_systems,biology_family_02,"Candidate must show the temporal sequence that instantiates Tsukahara Vault, not merely an object, scene, or static result.",0,30,vdcr_direct_answer; concept_zh=月面空翻; concept_type=专有动态动作概念; priority=B
vdcr_concept_0119,B,Tsukahara Vault slow motion,biology_living_systems,Tsukahara Vault,biology_living_systems,biology_family_02,"Candidate must show the temporal sequence that instantiates Tsukahara Vault, not merely an object, scene, or static result.",0,30,vdcr_direct_answer; concept_zh=月面空翻; concept_type=专有动态动作概念; priority=B
vdcr_concept_0119,B,Tsukahara Vault technique video,biology_living_systems,Tsukahara Vault,biology_living_systems,biology_family_02,"Candidate must show the temporal sequence that instantiates Tsukahara Vault, not merely an object, scene, or static result.",0,30,vdcr_direct_answer; concept_zh=月面空翻; concept_type=专有动态动作概念; priority=B
vdcr_concept_0119,B,Tsukahara Vault video,biology_living_systems,Tsukahara Vault,biology_living_systems,biology_family_02,"Candidate must show the temporal sequence that instantiates Tsukahara Vault, not merely an object, scene, or static result.",0,30,vdcr_direct_answer; concept_zh=月面空翻; concept_type=专有动态动作概念; priority=B
vdcr_concept_0120,B,Kovacs Release,biology_living_systems,Kovacs Release,biology_living_systems,biology_family_02,"Candidate must show the temporal sequence that instantiates Kovacs Release, not merely an object, scene, or static result.",0,30,vdcr_direct_answer; concept_zh=科瓦奇腾越; concept_type=专有动态动作概念; priority=B
vdcr_concept_0120,B,Kovacs Release demonstration,biology_living_systems,Kovacs Release,biology_living_systems,biology_family_02,"Candidate must show the temporal sequence that instantiates Kovacs Release, not merely an object, scene, or static result.",0,30,vdcr_direct_answer; concept_zh=科瓦奇腾越; concept_type=专有动态动作概念; priority=B
vdcr_concept_0120,B,Kovacs Release slow motion,biology_living_systems,Kovacs Release,biology_living_systems,biology_family_02,"Candidate must show the temporal sequence that instantiates Kovacs Release, not merely an object, scene, or static result.",0,30,vdcr_direct_answer; concept_zh=科瓦奇腾越; concept_type=专有动态动作概念; priority=B
vdcr_concept_0120,B,Kovacs Release technique video,biology_living_systems,Kovacs Release,biology_living_systems,biology_family_02,"Candidate must show the temporal sequence that instantiates Kovacs Release, not merely an object, scene, or static result.",0,30,vdcr_direct_answer; concept_zh=科瓦奇腾越; concept_type=专有动态动作概念; priority=B
vdcr_concept_0120,B,Kovacs Release video,biology_living_systems,Kovacs Release,biology_living_systems,biology_family_02,"Candidate must show the temporal sequence that instantiates Kovacs Release, not merely an object, scene, or static result.",0,30,vdcr_direct_answer; concept_zh=科瓦奇腾越; concept_type=专有动态动作概念; priority=B
vdcr_concept_0121,B,Fosbury Flop,biology_living_systems,Fosbury Flop,biology_living_systems,biology_family_02,"Candidate must show the temporal sequence that instantiates Fosbury Flop, not merely an object, scene, or static result.",0,30,vdcr_direct_answer; concept_zh=背越式跳高; concept_type=专有动态动作概念; priority=B
vdcr_concept_0121,B,Fosbury Flop demonstration,biology_living_systems,Fosbury Flop,biology_living_systems,biology_family_02,"Candidate must show the temporal sequence that instantiates Fosbury Flop, not merely an object, scene, or static result.",0,30,vdcr_direct_answer; concept_zh=背越式跳高; concept_type=专有动态动作概念; priority=B
vdcr_concept_0121,B,Fosbury Flop slow motion,biology_living_systems,Fosbury Flop,biology_living_systems,biology_family_02,"Candidate must show the temporal sequence that instantiates Fosbury Flop, not merely an object, scene, or static result.",0,30,vdcr_direct_answer; concept_zh=背越式跳高; concept_type=专有动态动作概念; priority=B
vdcr_concept_0121,B,Fosbury Flop technique video,biology_living_systems,Fosbury Flop,biology_living_systems,biology_family_02,"Candidate must show the temporal sequence that instantiates Fosbury Flop, not merely an object, scene, or static result.",0,30,vdcr_direct_answer; concept_zh=背越式跳高; concept_type=专有动态动作概念; priority=B
vdcr_concept_0121,B,Fosbury Flop video,biology_living_systems,Fosbury Flop,biology_living_systems,biology_family_02,"Candidate must show the temporal sequence that instantiates Fosbury Flop, not merely an object, scene, or static result.",0,30,vdcr_direct_answer; concept_zh=背越式跳高; concept_type=专有动态动作概念; priority=B
vdcr_concept_0122,B,Fouette Turn,biology_living_systems,Fouette Turn,biology_living_systems,biology_family_02,"Candidate must show the temporal sequence that instantiates Fouette Turn, not merely an object, scene, or static result.",0,30,vdcr_direct_answer; concept_zh=芭蕾挥鞭转; concept_type=专有动态动作概念; priority=B
vdcr_concept_0122,B,Fouette Turn demonstration,biology_living_systems,Fouette Turn,biology_living_systems,biology_family_02,"Candidate must show the temporal sequence that instantiates Fouette Turn, not merely an object, scene, or static result.",0,30,vdcr_direct_answer; concept_zh=芭蕾挥鞭转; concept_type=专有动态动作概念; priority=B
vdcr_concept_0122,B,Fouette Turn slow motion,biology_living_systems,Fouette Turn,biology_living_systems,biology_family_02,"Candidate must show the temporal sequence that instantiates Fouette Turn, not merely an object, scene, or static result.",0,30,vdcr_direct_answer; concept_zh=芭蕾挥鞭转; concept_type=专有动态动作概念; priority=B
vdcr_concept_0122,B,Fouette Turn technique video,biology_living_systems,Fouette Turn,biology_living_systems,biology_family_02,"Candidate must show the temporal sequence that instantiates Fouette Turn, not merely an object, scene, or static result.",0,30,vdcr_direct_answer; concept_zh=芭蕾挥鞭转; concept_type=专有动态动作概念; priority=B
vdcr_concept_0122,B,Fouette Turn video,biology_living_systems,Fouette Turn,biology_living_systems,biology_family_02,"Candidate must show the temporal sequence that instantiates Fouette Turn, not merely an object, scene, or static result.",0,30,vdcr_direct_answer; concept_zh=芭蕾挥鞭转; concept_type=专有动态动作概念; priority=B
vdcr_concept_0123,B,Ippon Seoi Nage,biology_living_systems,Ippon Seoi Nage,biology_living_systems,biology_family_02,"Candidate must show the temporal sequence that instantiates Ippon Seoi Nage, not merely an object, scene, or static result.",0,30,vdcr_direct_answer; concept_zh=一本背负投; concept_type=专有动态动作概念; priority=B
vdcr_concept_0123,B,Ippon Seoi Nage demonstration,biology_living_systems,Ippon Seoi Nage,biology_living_systems,biology_family_02,"Candidate must show the temporal sequence that instantiates Ippon Seoi Nage, not merely an object, scene, or static result.",0,30,vdcr_direct_answer; concept_zh=一本背负投; concept_type=专有动态动作概念; priority=B
vdcr_concept_0123,B,Ippon Seoi Nage slow motion,biology_living_systems,Ippon Seoi Nage,biology_living_systems,biology_family_02,"Candidate must show the temporal sequence that instantiates Ippon Seoi Nage, not merely an object, scene, or static result.",0,30,vdcr_direct_answer; concept_zh=一本背负投; concept_type=专有动态动作概念; priority=B
vdcr_concept_0123,B,Ippon Seoi Nage technique video,biology_living_systems,Ippon Seoi Nage,biology_living_systems,biology_family_02,"Candidate must show the temporal sequence that instantiates Ippon Seoi Nage, not merely an object, scene, or static result.",0,30,vdcr_direct_answer; concept_zh=一本背负投; concept_type=专有动态动作概念; priority=B
vdcr_concept_0123,B,Ippon Seoi Nage video,biology_living_systems,Ippon Seoi Nage,biology_living_systems,biology_family_02,"Candidate must show the temporal sequence that instantiates Ippon Seoi Nage, not merely an object, scene, or static result.",0,30,vdcr_direct_answer; concept_zh=一本背负投; concept_type=专有动态动作概念; priority=B
vdcr_concept_0124,B,Uchi Mata,biology_living_systems,Uchi Mata,biology_living_systems,biology_family_02,"Candidate must show the temporal sequence that instantiates Uchi Mata, not merely an object, scene, or static result.",0,30,vdcr_direct_answer; concept_zh=内股投; concept_type=专有动态动作概念; priority=B
vdcr_concept_0124,B,Uchi Mata demonstration,biology_living_systems,Uchi Mata,biology_living_systems,biology_family_02,"Candidate must show the temporal sequence that instantiates Uchi Mata, not merely an object, scene, or static result.",0,30,vdcr_direct_answer; concept_zh=内股投; concept_type=专有动态动作概念; priority=B
vdcr_concept_0124,B,Uchi Mata slow motion,biology_living_systems,Uchi Mata,biology_living_systems,biology_family_02,"Candidate must show the temporal sequence that instantiates Uchi Mata, not merely an object, scene, or static result.",0,30,vdcr_direct_answer; concept_zh=内股投; concept_type=专有动态动作概念; priority=B
vdcr_concept_0124,B,Uchi Mata technique video,biology_living_systems,Uchi Mata,biology_living_systems,biology_family_02,"Candidate must show the temporal sequence that instantiates Uchi Mata, not merely an object, scene, or static result.",0,30,vdcr_direct_answer; concept_zh=内股投; concept_type=专有动态动作概念; priority=B
vdcr_concept_0124,B,Uchi Mata video,biology_living_systems,Uchi Mata,biology_living_systems,biology_family_02,"Candidate must show the temporal sequence that instantiates Uchi Mata, not merely an object, scene, or static result.",0,30,vdcr_direct_answer; concept_zh=内股投; concept_type=专有动态动作概念; priority=B
vdcr_concept_0125,B,Osoto Gari,biology_living_systems,Osoto Gari,biology_living_systems,biology_family_02,"Candidate must show the temporal sequence that instantiates Osoto Gari, not merely an object, scene, or static result.",0,30,vdcr_direct_answer; concept_zh=大外刈; concept_type=专有动态动作概念; priority=B
vdcr_concept_0125,B,Osoto Gari demonstration,biology_living_systems,Osoto Gari,biology_living_systems,biology_family_02,"Candidate must show the temporal sequence that instantiates Osoto Gari, not merely an object, scene, or static result.",0,30,vdcr_direct_answer; concept_zh=大外刈; concept_type=专有动态动作概念; priority=B
vdcr_concept_0125,B,Osoto Gari slow motion,biology_living_systems,Osoto Gari,biology_living_systems,biology_family_02,"Candidate must show the temporal sequence that instantiates Osoto Gari, not merely an object, scene, or static result.",0,30,vdcr_direct_answer; concept_zh=大外刈; concept_type=专有动态动作概念; priority=B
vdcr_concept_0125,B,Osoto Gari technique video,biology_living_systems,Osoto Gari,biology_living_systems,biology_family_02,"Candidate must show the temporal sequence that instantiates Osoto Gari, not merely an object, scene, or static result.",0,30,vdcr_direct_answer; concept_zh=大外刈; concept_type=专有动态动作概念; priority=B
vdcr_concept_0125,B,Osoto Gari video,biology_living_systems,Osoto Gari,biology_living_systems,biology_family_02,"Candidate must show the temporal sequence that instantiates Osoto Gari, not merely an object, scene, or static result.",0,30,vdcr_direct_answer; concept_zh=大外刈; concept_type=专有动态动作概念; priority=B
vdcr_concept_0126,B,Tomoe Nage,biology_living_systems,Tomoe Nage,biology_living_systems,biology_family_02,"Candidate must show the temporal sequence that instantiates Tomoe Nage, not merely an object, scene, or static result.",0,30,vdcr_direct_answer; concept_zh=巴投; concept_type=专有动态动作概念; priority=B
vdcr_concept_0126,B,Tomoe Nage demonstration,biology_living_systems,Tomoe Nage,biology_living_systems,biology_family_02,"Candidate must show the temporal sequence that instantiates Tomoe Nage, not merely an object, scene, or static result.",0,30,vdcr_direct_answer; concept_zh=巴投; concept_type=专有动态动作概念; priority=B
vdcr_concept_0126,B,Tomoe Nage slow motion,biology_living_systems,Tomoe Nage,biology_living_systems,biology_family_02,"Candidate must show the temporal sequence that instantiates Tomoe Nage, not merely an object, scene, or static result.",0,30,vdcr_direct_answer; concept_zh=巴投; concept_type=专有动态动作概念; priority=B
vdcr_concept_0126,B,Tomoe Nage technique video,biology_living_systems,Tomoe Nage,biology_living_systems,biology_family_02,"Candidate must show the temporal sequence that instantiates Tomoe Nage, not merely an object, scene, or static result.",0,30,vdcr_direct_answer; concept_zh=巴投; concept_type=专有动态动作概念; priority=B
vdcr_concept_0126,B,Tomoe Nage video,biology_living_systems,Tomoe Nage,biology_living_systems,biology_family_02,"Candidate must show the temporal sequence that instantiates Tomoe Nage, not merely an object, scene, or static result.",0,30,vdcr_direct_answer; concept_zh=巴投; concept_type=专有动态动作概念; priority=B
vdcr_concept_0127,B,Eskimo Roll,biology_living_systems,Eskimo Roll / Kayak Roll,biology_living_systems,biology_family_02,"Candidate must show the temporal sequence that instantiates Eskimo Roll / Kayak Roll, not merely an object, scene, or static result.",0,30,vdcr_direct_answer; concept_zh=爱斯基摩翻滚; concept_type=专有动态动作概念; priority=B
vdcr_concept_0127,B,Eskimo Roll / Kayak Roll,biology_living_systems,Eskimo Roll / Kayak Roll,biology_living_systems,biology_family_02,"Candidate must show the temporal sequence that instantiates Eskimo Roll / Kayak Roll, not merely an object, scene, or static result.",0,30,vdcr_direct_answer; concept_zh=爱斯基摩翻滚; concept_type=专有动态动作概念; priority=B
vdcr_concept_0127,B,Eskimo Roll / Kayak Roll demonstration,biology_living_systems,Eskimo Roll / Kayak Roll,biology_living_systems,biology_family_02,"Candidate must show the temporal sequence that instantiates Eskimo Roll / Kayak Roll, not merely an object, scene, or static result.",0,30,vdcr_direct_answer; concept_zh=爱斯基摩翻滚; concept_type=专有动态动作概念; priority=B
vdcr_concept_0127,B,Eskimo Roll / Kayak Roll slow motion,biology_living_systems,Eskimo Roll / Kayak Roll,biology_living_systems,biology_family_02,"Candidate must show the temporal sequence that instantiates Eskimo Roll / Kayak Roll, not merely an object, scene, or static result.",0,30,vdcr_direct_answer; concept_zh=爱斯基摩翻滚; concept_type=专有动态动作概念; priority=B
vdcr_concept_0127,B,Eskimo Roll / Kayak Roll technique video,biology_living_systems,Eskimo Roll / Kayak Roll,biology_living_systems,biology_family_02,"Candidate must show the temporal sequence that instantiates Eskimo Roll / Kayak Roll, not merely an object, scene, or static result.",0,30,vdcr_direct_answer; concept_zh=爱斯基摩翻滚; concept_type=专有动态动作概念; priority=B
vdcr_concept_0127,B,Eskimo Roll / Kayak Roll video,biology_living_systems,Eskimo Roll / Kayak Roll,biology_living_systems,biology_family_02,"Candidate must show the temporal sequence that instantiates Eskimo Roll / Kayak Roll, not merely an object, scene, or static result.",0,30,vdcr_direct_answer; concept_zh=爱斯基摩翻滚; concept_type=专有动态动作概念; priority=B
vdcr_concept_0127,B,Eskimo Roll video,biology_living_systems,Eskimo Roll / Kayak Roll,biology_living_systems,biology_family_02,"Candidate must show the temporal sequence that instantiates Eskimo Roll / Kayak Roll, not merely an object, scene, or static result.",0,30,vdcr_direct_answer; concept_zh=爱斯基摩翻滚; concept_type=专有动态动作概念; priority=B
vdcr_concept_0127,B,Kayak Roll,biology_living_systems,Eskimo Roll / Kayak Roll,biology_living_systems,biology_family_02,"Candidate must show the temporal sequence that instantiates Eskimo Roll / Kayak Roll, not merely an object, scene, or static result.",0,30,vdcr_direct_answer; concept_zh=爱斯基摩翻滚; concept_type=专有动态动作概念; priority=B
vdcr_concept_0127,B,Kayak Roll video,biology_living_systems,Eskimo Roll / Kayak Roll,biology_living_systems,biology_family_02,"Candidate must show the temporal sequence that instantiates Eskimo Roll / Kayak Roll, not merely an object, scene, or static result.",0,30,vdcr_direct_answer; concept_zh=爱斯基摩翻滚; concept_type=专有动态动作概念; priority=B
vdcr_concept_0128,B,Eggbeater Kick,biology_living_systems,Eggbeater Kick,biology_living_systems,biology_family_02,"Candidate must show the temporal sequence that instantiates Eggbeater Kick, not merely an object, scene, or static result.",0,30,vdcr_direct_answer; concept_zh=踩水蛋打腿; concept_type=专有动态动作概念; priority=B
vdcr_concept_0128,B,Eggbeater Kick demonstration,biology_living_systems,Eggbeater Kick,biology_living_systems,biology_family_02,"Candidate must show the temporal sequence that instantiates Eggbeater Kick, not merely an object, scene, or static result.",0,30,vdcr_direct_answer; concept_zh=踩水蛋打腿; concept_type=专有动态动作概念; priority=B
vdcr_concept_0128,B,Eggbeater Kick slow motion,biology_living_systems,Eggbeater Kick,biology_living_systems,biology_family_02,"Candidate must show the temporal sequence that instantiates Eggbeater Kick, not merely an object, scene, or static result.",0,30,vdcr_direct_answer; concept_zh=踩水蛋打腿; concept_type=专有动态动作概念; priority=B
vdcr_concept_0128,B,Eggbeater Kick technique video,biology_living_systems,Eggbeater Kick,biology_living_systems,biology_family_02,"Candidate must show the temporal sequence that instantiates Eggbeater Kick, not merely an object, scene, or static result.",0,30,vdcr_direct_answer; concept_zh=踩水蛋打腿; concept_type=专有动态动作概念; priority=B
vdcr_concept_0128,B,Eggbeater Kick video,biology_living_systems,Eggbeater Kick,biology_living_systems,biology_family_02,"Candidate must show the temporal sequence that instantiates Eggbeater Kick, not merely an object, scene, or static result.",0,30,vdcr_direct_answer; concept_zh=踩水蛋打腿; concept_type=专有动态动作概念; priority=B
vdcr_concept_0129,B,Surfing Bottom Turn,biology_living_systems,Surfing Bottom Turn,biology_living_systems,biology_family_02,"Candidate must show the temporal sequence that instantiates Surfing Bottom Turn, not merely an object, scene, or static result.",0,30,vdcr_direct_answer; concept_zh=冲浪底转; concept_type=专有动态动作概念; priority=B
vdcr_concept_0129,B,Surfing Bottom Turn demonstration,biology_living_systems,Surfing Bottom Turn,biology_living_systems,biology_family_02,"Candidate must show the temporal sequence that instantiates Surfing Bottom Turn, not merely an object, scene, or static result.",0,30,vdcr_direct_answer; concept_zh=冲浪底转; concept_type=专有动态动作概念; priority=B
vdcr_concept_0129,B,Surfing Bottom Turn slow motion,biology_living_systems,Surfing Bottom Turn,biology_living_systems,biology_family_02,"Candidate must show the temporal sequence that instantiates Surfing Bottom Turn, not merely an object, scene, or static result.",0,30,vdcr_direct_answer; concept_zh=冲浪底转; concept_type=专有动态动作概念; priority=B
vdcr_concept_0129,B,Surfing Bottom Turn technique video,biology_living_systems,Surfing Bottom Turn,biology_living_systems,biology_family_02,"Candidate must show the temporal sequence that instantiates Surfing Bottom Turn, not merely an object, scene, or static result.",0,30,vdcr_direct_answer; concept_zh=冲浪底转; concept_type=专有动态动作概念; priority=B
vdcr_concept_0129,B,Surfing Bottom Turn video,biology_living_systems,Surfing Bottom Turn,biology_living_systems,biology_family_02,"Candidate must show the temporal sequence that instantiates Surfing Bottom Turn, not merely an object, scene, or static result.",0,30,vdcr_direct_answer; concept_zh=冲浪底转; concept_type=专有动态动作概念; priority=B
vdcr_concept_0130,B,Carving Turn,biology_living_systems,Carving Turn,biology_living_systems,biology_family_02,"Candidate must show the temporal sequence that instantiates Carving Turn, not merely an object, scene, or static result.",0,30,vdcr_direct_answer; concept_zh=滑雪刻滑转弯; concept_type=专有动态动作概念; priority=B
vdcr_concept_0130,B,Carving Turn demonstration,biology_living_systems,Carving Turn,biology_living_systems,biology_family_02,"Candidate must show the temporal sequence that instantiates Carving Turn, not merely an object, scene, or static result.",0,30,vdcr_direct_answer; concept_zh=滑雪刻滑转弯; concept_type=专有动态动作概念; priority=B
vdcr_concept_0130,B,Carving Turn slow motion,biology_living_systems,Carving Turn,biology_living_systems,biology_family_02,"Candidate must show the temporal sequence that instantiates Carving Turn, not merely an object, scene, or static result.",0,30,vdcr_direct_answer; concept_zh=滑雪刻滑转弯; concept_type=专有动态动作概念; priority=B
vdcr_concept_0130,B,Carving Turn technique video,biology_living_systems,Carving Turn,biology_living_systems,biology_family_02,"Candidate must show the temporal sequence that instantiates Carving Turn, not merely an object, scene, or static result.",0,30,vdcr_direct_answer; concept_zh=滑雪刻滑转弯; concept_type=专有动态动作概念; priority=B
vdcr_concept_0130,B,Carving Turn video,biology_living_systems,Carving Turn,biology_living_systems,biology_family_02,"Candidate must show the temporal sequence that instantiates Carving Turn, not merely an object, scene, or static result.",0,30,vdcr_direct_answer; concept_zh=滑雪刻滑转弯; concept_type=专有动态动作概念; priority=B
vdcr_concept_0131,B,Elastico / Flip Flap football skill,biology_living_systems,Elastico / Flip Flap,biology_living_systems,biology_family_03,"Candidate must show the temporal sequence that instantiates Elastico / Flip Flap, not merely an object, scene, or static result.",0,30,vdcr_direct_answer; concept_zh=牛尾巴; concept_type=专有动态动作概念; priority=B
vdcr_concept_0131,B,Elastico / Flip Flap soccer skill,biology_living_systems,Elastico / Flip Flap,biology_living_systems,biology_family_03,"Candidate must show the temporal sequence that instantiates Elastico / Flip Flap, not merely an object, scene, or static result.",0,30,vdcr_direct_answer; concept_zh=牛尾巴; concept_type=专有动态动作概念; priority=B
vdcr_concept_0131,B,Elastico / Flip Flap soccer technique video,biology_living_systems,Elastico / Flip Flap,biology_living_systems,biology_family_03,"Candidate must show the temporal sequence that instantiates Elastico / Flip Flap, not merely an object, scene, or static result.",0,30,vdcr_direct_answer; concept_zh=牛尾巴; concept_type=专有动态动作概念; priority=B
vdcr_concept_0131,B,Elastico football skill,biology_living_systems,Elastico / Flip Flap,biology_living_systems,biology_family_03,"Candidate must show the temporal sequence that instantiates Elastico / Flip Flap, not merely an object, scene, or static result.",0,30,vdcr_direct_answer; concept_zh=牛尾巴; concept_type=专有动态动作概念; priority=B
vdcr_concept_0131,B,Elastico soccer skill,biology_living_systems,Elastico / Flip Flap,biology_living_systems,biology_family_03,"Candidate must show the temporal sequence that instantiates Elastico / Flip Flap, not merely an object, scene, or static result.",0,30,vdcr_direct_answer; concept_zh=牛尾巴; concept_type=专有动态动作概念; priority=B
vdcr_concept_0131,B,Elastico soccer technique video,biology_living_systems,Elastico / Flip Flap,biology_living_systems,biology_family_03,"Candidate must show the temporal sequence that instantiates Elastico / Flip Flap, not merely an object, scene, or static result.",0,30,vdcr_direct_answer; concept_zh=牛尾巴; concept_type=专有动态动作概念; priority=B
vdcr_concept_0131,B,Flip Flap football skill,biology_living_systems,Elastico / Flip Flap,biology_living_systems,biology_family_03,"Candidate must show the temporal sequence that instantiates Elastico / Flip Flap, not merely an object, scene, or static result.",0,30,vdcr_direct_answer; concept_zh=牛尾巴; concept_type=专有动态动作概念; priority=B
vdcr_concept_0131,B,Flip Flap soccer skill,biology_living_systems,Elastico / Flip Flap,biology_living_systems,biology_family_03,"Candidate must show the temporal sequence that instantiates Elastico / Flip Flap, not merely an object, scene, or static result.",0,30,vdcr_direct_answer; concept_zh=牛尾巴; concept_type=专有动态动作概念; priority=B
vdcr_concept_0131,B,Flip Flap soccer technique video,biology_living_systems,Elastico / Flip Flap,biology_living_systems,biology_family_03,"Candidate must show the temporal sequence that instantiates Elastico / Flip Flap, not merely an object, scene, or static result.",0,30,vdcr_direct_answer; concept_zh=牛尾巴; concept_type=专有动态动作概念; priority=B
vdcr_concept_0132,B,Marseille Turn / Roulette football skill,biology_living_systems,Marseille Turn / Roulette,biology_living_systems,biology_family_03,"Candidate must show the temporal sequence that instantiates Marseille Turn / Roulette, not merely an object, scene, or static result.",0,30,vdcr_direct_answer; concept_zh=马赛回旋; concept_type=专有动态动作概念; priority=B
vdcr_concept_0132,B,Marseille Turn / Roulette soccer skill,biology_living_systems,Marseille Turn / Roulette,biology_living_systems,biology_family_03,"Candidate must show the temporal sequence that instantiates Marseille Turn / Roulette, not merely an object, scene, or static result.",0,30,vdcr_direct_answer; concept_zh=马赛回旋; concept_type=专有动态动作概念; priority=B
vdcr_concept_0132,B,Marseille Turn / Roulette soccer technique video,biology_living_systems,Marseille Turn / Roulette,biology_living_systems,biology_family_03,"Candidate must show the temporal sequence that instantiates Marseille Turn / Roulette, not merely an object, scene, or static result.",0,30,vdcr_direct_answer; concept_zh=马赛回旋; concept_type=专有动态动作概念; priority=B
vdcr_concept_0132,B,Marseille Turn football skill,biology_living_systems,Marseille Turn / Roulette,biology_living_systems,biology_family_03,"Candidate must show the temporal sequence that instantiates Marseille Turn / Roulette, not merely an object, scene, or static result.",0,30,vdcr_direct_answer; concept_zh=马赛回旋; concept_type=专有动态动作概念; priority=B
vdcr_concept_0132,B,Marseille Turn soccer skill,biology_living_systems,Marseille Turn / Roulette,biology_living_systems,biology_family_03,"Candidate must show the temporal sequence that instantiates Marseille Turn / Roulette, not merely an object, scene, or static result.",0,30,vdcr_direct_answer; concept_zh=马赛回旋; concept_type=专有动态动作概念; priority=B
vdcr_concept_0132,B,Marseille Turn soccer technique video,biology_living_systems,Marseille Turn / Roulette,biology_living_systems,biology_family_03,"Candidate must show the temporal sequence that instantiates Marseille Turn / Roulette, not merely an object, scene, or static result.",0,30,vdcr_direct_answer; concept_zh=马赛回旋; concept_type=专有动态动作概念; priority=B
vdcr_concept_0132,B,Roulette football skill,biology_living_systems,Marseille Turn / Roulette,biology_living_systems,biology_family_03,"Candidate must show the temporal sequence that instantiates Marseille Turn / Roulette, not merely an object, scene, or static result.",0,30,vdcr_direct_answer; concept_zh=马赛回旋; concept_type=专有动态动作概念; priority=B
vdcr_concept_0132,B,Roulette soccer skill,biology_living_systems,Marseille Turn / Roulette,biology_living_systems,biology_family_03,"Candidate must show the temporal sequence that instantiates Marseille Turn / Roulette, not merely an object, scene, or static result.",0,30,vdcr_direct_answer; concept_zh=马赛回旋; concept_type=专有动态动作概念; priority=B
vdcr_concept_0132,B,Roulette soccer technique video,biology_living_systems,Marseille Turn / Roulette,biology_living_systems,biology_family_03,"Candidate must show the temporal sequence that instantiates Marseille Turn / Roulette, not merely an object, scene, or static result.",0,30,vdcr_direct_answer; concept_zh=马赛回旋; concept_type=专有动态动作概念; priority=B
vdcr_concept_0133,B,Cruyff Turn football skill,biology_living_systems,Cruyff Turn,biology_living_systems,biology_family_03,"Candidate must show the temporal sequence that instantiates Cruyff Turn, not merely an object, scene, or static result.",0,30,vdcr_direct_answer; concept_zh=克鲁伊夫转身; concept_type=专有动态动作概念; priority=B
vdcr_concept_0133,B,Cruyff Turn soccer skill,biology_living_systems,Cruyff Turn,biology_living_systems,biology_family_03,"Candidate must show the temporal sequence that instantiates Cruyff Turn, not merely an object, scene, or static result.",0,30,vdcr_direct_answer; concept_zh=克鲁伊夫转身; concept_type=专有动态动作概念; priority=B
vdcr_concept_0133,B,Cruyff Turn soccer technique video,biology_living_systems,Cruyff Turn,biology_living_systems,biology_family_03,"Candidate must show the temporal sequence that instantiates Cruyff Turn, not merely an object, scene, or static result.",0,30,vdcr_direct_answer; concept_zh=克鲁伊夫转身; concept_type=专有动态动作概念; priority=B
vdcr_concept_0134,B,Rainbow Flick football skill,biology_living_systems,Rainbow Flick,biology_living_systems,biology_family_03,"Candidate must show the temporal sequence that instantiates Rainbow Flick, not merely an object, scene, or static result.",0,30,vdcr_direct_answer; concept_zh=彩虹过人; concept_type=专有动态动作概念; priority=B
vdcr_concept_0134,B,Rainbow Flick soccer skill,biology_living_systems,Rainbow Flick,biology_living_systems,biology_family_03,"Candidate must show the temporal sequence that instantiates Rainbow Flick, not merely an object, scene, or static result.",0,30,vdcr_direct_answer; concept_zh=彩虹过人; concept_type=专有动态动作概念; priority=B
vdcr_concept_0134,B,Rainbow Flick soccer technique video,biology_living_systems,Rainbow Flick,biology_living_systems,biology_family_03,"Candidate must show the temporal sequence that instantiates Rainbow Flick, not merely an object, scene, or static result.",0,30,vdcr_direct_answer; concept_zh=彩虹过人; concept_type=专有动态动作概念; priority=B
vdcr_concept_0138,B,Floppy Action basketball offense,biology_living_systems,Floppy Action,biology_living_systems,biology_family_03,"Candidate must show the temporal sequence that instantiates Floppy Action, not merely an object, scene, or static result.",0,30,vdcr_direct_answer; concept_zh=弗洛皮跑位; concept_type=专有动态动作概念; priority=B
vdcr_concept_0138,B,Floppy Action basketball play,biology_living_systems,Floppy Action,biology_living_systems,biology_family_03,"Candidate must show the temporal sequence that instantiates Floppy Action, not merely an object, scene, or static result.",0,30,vdcr_direct_answer; concept_zh=弗洛皮跑位; concept_type=专有动态动作概念; priority=B
vdcr_concept_0138,B,Floppy Action basketball video,biology_living_systems,Floppy Action,biology_living_systems,biology_family_03,"Candidate must show the temporal sequence that instantiates Floppy Action, not merely an object, scene, or static result.",0,30,vdcr_direct_answer; concept_zh=弗洛皮跑位; concept_type=专有动态动作概念; priority=B
vdcr_concept_0139,B,Iverson Cut basketball offense,biology_living_systems,Iverson Cut,biology_living_systems,biology_family_03,"Candidate must show the temporal sequence that instantiates Iverson Cut, not merely an object, scene, or static result.",0,30,vdcr_direct_answer; concept_zh=艾弗森横切; concept_type=专有动态动作概念; priority=B
vdcr_concept_0139,B,Iverson Cut basketball play,biology_living_systems,Iverson Cut,biology_living_systems,biology_family_03,"Candidate must show the temporal sequence that instantiates Iverson Cut, not merely an object, scene, or static result.",0,30,vdcr_direct_answer; concept_zh=艾弗森横切; concept_type=专有动态动作概念; priority=B
vdcr_concept_0139,B,Iverson Cut basketball video,biology_living_systems,Iverson Cut,biology_living_systems,biology_family_03,"Candidate must show the temporal sequence that instantiates Iverson Cut, not merely an object, scene, or static result.",0,30,vdcr_direct_answer; concept_zh=艾弗森横切; concept_type=专有动态动作概念; priority=B
vdcr_concept_0140,B,UCLA Cut basketball offense,biology_living_systems,UCLA Cut,biology_living_systems,biology_family_03,"Candidate must show the temporal sequence that instantiates UCLA Cut, not merely an object, scene, or static result.",0,30,vdcr_direct_answer; concept_zh=UCLA 切入; concept_type=专有动态动作概念; priority=B
vdcr_concept_0140,B,UCLA Cut basketball play,biology_living_systems,UCLA Cut,biology_living_systems,biology_family_03,"Candidate must show the temporal sequence that instantiates UCLA Cut, not merely an object, scene, or static result.",0,30,vdcr_direct_answer; concept_zh=UCLA 切入; concept_type=专有动态动作概念; priority=B
vdcr_concept_0140,B,UCLA Cut basketball video,biology_living_systems,UCLA Cut,biology_living_systems,biology_family_03,"Candidate must show the temporal sequence that instantiates UCLA Cut, not merely an object, scene, or static result.",0,30,vdcr_direct_answer; concept_zh=UCLA 切入; concept_type=专有动态动作概念; priority=B
vdcr_concept_0140,B,UCLA 切入 basketball offense,biology_living_systems,UCLA Cut,biology_living_systems,biology_family_03,"Candidate must show the temporal sequence that instantiates UCLA Cut, not merely an object, scene, or static result.",0,30,vdcr_direct_answer; concept_zh=UCLA 切入; concept_type=专有动态动作概念; priority=B
vdcr_concept_0140,B,UCLA 切入 basketball play,biology_living_systems,UCLA Cut,biology_living_systems,biology_family_03,"Candidate must show the temporal sequence that instantiates UCLA Cut, not merely an object, scene, or static result.",0,30,vdcr_direct_answer; concept_zh=UCLA 切入; concept_type=专有动态动作概念; priority=B
vdcr_concept_0140,B,UCLA 切入 basketball video,biology_living_systems,UCLA Cut,biology_living_systems,biology_family_03,"Candidate must show the temporal sequence that instantiates UCLA Cut, not merely an object, scene, or static result.",0,30,vdcr_direct_answer; concept_zh=UCLA 切入; concept_type=专有动态动作概念; priority=B
vdcr_concept_0141,B,Ram Screen basketball offense,biology_living_systems,Ram Screen,biology_living_systems,biology_family_03,"Candidate must show the temporal sequence that instantiates Ram Screen, not merely an object, scene, or static result.",0,30,vdcr_direct_answer; concept_zh=拉姆掩护; concept_type=专有动态动作概念; priority=B
vdcr_concept_0141,B,Ram Screen basketball play,biology_living_systems,Ram Screen,biology_living_systems,biology_family_03,"Candidate must show the temporal sequence that instantiates Ram Screen, not merely an object, scene, or static result.",0,30,vdcr_direct_answer; concept_zh=拉姆掩护; concept_type=专有动态动作概念; priority=B
vdcr_concept_0141,B,Ram Screen basketball video,biology_living_systems,Ram Screen,biology_living_systems,biology_family_03,"Candidate must show the temporal sequence that instantiates Ram Screen, not merely an object, scene, or static result.",0,30,vdcr_direct_answer; concept_zh=拉姆掩护; concept_type=专有动态动作概念; priority=B
vdcr_concept_0142,B,Spain Back Screen basketball offense,biology_living_systems,Spain Back Screen,biology_living_systems,biology_family_03,"Candidate must show the temporal sequence that instantiates Spain Back Screen, not merely an object, scene, or static result.",0,30,vdcr_direct_answer; concept_zh=西班牙背掩护; concept_type=专有动态动作概念; priority=B
vdcr_concept_0142,B,Spain Back Screen basketball play,biology_living_systems,Spain Back Screen,biology_living_systems,biology_family_03,"Candidate must show the temporal sequence that instantiates Spain Back Screen, not merely an object, scene, or static result.",0,30,vdcr_direct_answer; concept_zh=西班牙背掩护; concept_type=专有动态动作概念; priority=B
vdcr_concept_0142,B,Spain Back Screen basketball video,biology_living_systems,Spain Back Screen,biology_living_systems,biology_family_03,"Candidate must show the temporal sequence that instantiates Spain Back Screen, not merely an object, scene, or static result.",0,30,vdcr_direct_answer; concept_zh=西班牙背掩护; concept_type=专有动态动作概念; priority=B
vdcr_concept_0145,B,Hydrotropism,biology_living_systems,Hydrotropism,biology_living_systems,biology_family_04,"Candidate must show the temporal sequence that instantiates Hydrotropism, not merely an object, scene, or static result.",0,30,vdcr_direct_answer; concept_zh=向水性; concept_type=自然动态机制; priority=B
vdcr_concept_0145,B,Hydrotropism demonstration,biology_living_systems,Hydrotropism,biology_living_systems,biology_family_04,"Candidate must show the temporal sequence that instantiates Hydrotropism, not merely an object, scene, or static result.",0,30,vdcr_direct_answer; concept_zh=向水性; concept_type=自然动态机制; priority=B
vdcr_concept_0145,B,Hydrotropism slow motion,biology_living_systems,Hydrotropism,biology_living_systems,biology_family_04,"Candidate must show the temporal sequence that instantiates Hydrotropism, not merely an object, scene, or static result.",0,30,vdcr_direct_answer; concept_zh=向水性; concept_type=自然动态机制; priority=B
vdcr_concept_0145,B,Hydrotropism video,biology_living_systems,Hydrotropism,biology_living_systems,biology_family_04,"Candidate must show the temporal sequence that instantiates Hydrotropism, not merely an object, scene, or static result.",0,30,vdcr_direct_answer; concept_zh=向水性; concept_type=自然动态机制; priority=B
vdcr_concept_0147,B,Seismonasty,biology_living_systems,Seismonasty,biology_living_systems,biology_family_04,"Candidate must show the temporal sequence that instantiates Seismonasty, not merely an object, scene, or static result.",0,30,vdcr_direct_answer; concept_zh=感震性运动; concept_type=自然动态机制; priority=B
vdcr_concept_0147,B,Seismonasty demonstration,biology_living_systems,Seismonasty,biology_living_systems,biology_family_04,"Candidate must show the temporal sequence that instantiates Seismonasty, not merely an object, scene, or static result.",0,30,vdcr_direct_answer; concept_zh=感震性运动; concept_type=自然动态机制; priority=B
vdcr_concept_0147,B,Seismonasty slow motion,biology_living_systems,Seismonasty,biology_living_systems,biology_family_04,"Candidate must show the temporal sequence that instantiates Seismonasty, not merely an object, scene, or static result.",0,30,vdcr_direct_answer; concept_zh=感震性运动; concept_type=自然动态机制; priority=B
vdcr_concept_0147,B,Seismonasty video,biology_living_systems,Seismonasty,biology_living_systems,biology_family_04,"Candidate must show the temporal sequence that instantiates Seismonasty, not merely an object, scene, or static result.",0,30,vdcr_direct_answer; concept_zh=感震性运动; concept_type=自然动态机制; priority=B
vdcr_concept_0149,B,Tendril Circumnutation,biology_living_systems,Tendril Circumnutation,biology_living_systems,biology_family_04,"Candidate must show the temporal sequence that instantiates Tendril Circumnutation, not merely an object, scene, or static result.",0,30,vdcr_direct_answer; concept_zh=卷须旋转探寻; concept_type=自然动态机制; priority=B
vdcr_concept_0149,B,Tendril Circumnutation demonstration,biology_living_systems,Tendril Circumnutation,biology_living_systems,biology_family_04,"Candidate must show the temporal sequence that instantiates Tendril Circumnutation, not merely an object, scene, or static result.",0,30,vdcr_direct_answer; concept_zh=卷须旋转探寻; concept_type=自然动态机制; priority=B
vdcr_concept_0149,B,Tendril Circumnutation slow motion,biology_living_systems,Tendril Circumnutation,biology_living_systems,biology_family_04,"Candidate must show the temporal sequence that instantiates Tendril Circumnutation, not merely an object, scene, or static result.",0,30,vdcr_direct_answer; concept_zh=卷须旋转探寻; concept_type=自然动态机制; priority=B
vdcr_concept_0149,B,Tendril Circumnutation video,biology_living_systems,Tendril Circumnutation,biology_living_systems,biology_family_04,"Candidate must show the temporal sequence that instantiates Tendril Circumnutation, not merely an object, scene, or static result.",0,30,vdcr_direct_answer; concept_zh=卷须旋转探寻; concept_type=自然动态机制; priority=B
vdcr_concept_0150,B,Tendril Coiling,biology_living_systems,Tendril Coiling,biology_living_systems,biology_family_04,"Candidate must show the temporal sequence that instantiates Tendril Coiling, not merely an object, scene, or static result.",0,30,vdcr_direct_answer; concept_zh=卷须缠绕; concept_type=自然动态机制; priority=B
vdcr_concept_0150,B,Tendril Coiling demonstration,biology_living_systems,Tendril Coiling,biology_living_systems,biology_family_04,"Candidate must show the temporal sequence that instantiates Tendril Coiling, not merely an object, scene, or static result.",0,30,vdcr_direct_answer; concept_zh=卷须缠绕; concept_type=自然动态机制; priority=B
vdcr_concept_0150,B,Tendril Coiling slow motion,biology_living_systems,Tendril Coiling,biology_living_systems,biology_family_04,"Candidate must show the temporal sequence that instantiates Tendril Coiling, not merely an object, scene, or static result.",0,30,vdcr_direct_answer; concept_zh=卷须缠绕; concept_type=自然动态机制; priority=B
vdcr_concept_0150,B,Tendril Coiling video,biology_living_systems,Tendril Coiling,biology_living_systems,biology_family_04,"Candidate must show the temporal sequence that instantiates Tendril Coiling, not merely an object, scene, or static result.",0,30,vdcr_direct_answer; concept_zh=卷须缠绕; concept_type=自然动态机制; priority=B
vdcr_concept_0152,B,Amoeboid Chemotactic Crawling,biology_living_systems,Amoeboid Chemotactic Crawling,biology_living_systems,biology_family_05,"Candidate must show the temporal sequence that instantiates Amoeboid Chemotactic Crawling, not merely an object, scene, or static result.",0,30,vdcr_direct_answer; concept_zh=变形虫式趋化爬行; concept_type=自然动态机制; priority=B
vdcr_concept_0152,B,Amoeboid Chemotactic Crawling demonstration,biology_living_systems,Amoeboid Chemotactic Crawling,biology_living_systems,biology_family_05,"Candidate must show the temporal sequence that instantiates Amoeboid Chemotactic Crawling, not merely an object, scene, or static result.",0,30,vdcr_direct_answer; concept_zh=变形虫式趋化爬行; concept_type=自然动态机制; priority=B
vdcr_concept_0152,B,Amoeboid Chemotactic Crawling slow motion,biology_living_systems,Amoeboid Chemotactic Crawling,biology_living_systems,biology_family_05,"Candidate must show the temporal sequence that instantiates Amoeboid Chemotactic Crawling, not merely an object, scene, or static result.",0,30,vdcr_direct_answer; concept_zh=变形虫式趋化爬行; concept_type=自然动态机制; priority=B
vdcr_concept_0152,B,Amoeboid Chemotactic Crawling video,biology_living_systems,Amoeboid Chemotactic Crawling,biology_living_systems,biology_family_05,"Candidate must show the temporal sequence that instantiates Amoeboid Chemotactic Crawling, not merely an object, scene, or static result.",0,30,vdcr_direct_answer; concept_zh=变形虫式趋化爬行; concept_type=自然动态机制; priority=B
vdcr_concept_0155,B,Cytokinetic Furrow Ingression,biology_living_systems,Cytokinetic Furrow Ingression,biology_living_systems,biology_family_05,"Candidate must show the temporal sequence that instantiates Cytokinetic Furrow Ingression, not merely an object, scene, or static result.",0,30,vdcr_direct_answer; concept_zh=胞质分裂沟收缩; concept_type=自然动态机制; priority=B
vdcr_concept_0155,B,Cytokinetic Furrow Ingression demonstration,biology_living_systems,Cytokinetic Furrow Ingression,biology_living_systems,biology_family_05,"Candidate must show the temporal sequence that instantiates Cytokinetic Furrow Ingression, not merely an object, scene, or static result.",0,30,vdcr_direct_answer; concept_zh=胞质分裂沟收缩; concept_type=自然动态机制; priority=B
vdcr_concept_0155,B,Cytokinetic Furrow Ingression slow motion,biology_living_systems,Cytokinetic Furrow Ingression,biology_living_systems,biology_family_05,"Candidate must show the temporal sequence that instantiates Cytokinetic Furrow Ingression, not merely an object, scene, or static result.",0,30,vdcr_direct_answer; concept_zh=胞质分裂沟收缩; concept_type=自然动态机制; priority=B
vdcr_concept_0155,B,Cytokinetic Furrow Ingression video,biology_living_systems,Cytokinetic Furrow Ingression,biology_living_systems,biology_family_05,"Candidate must show the temporal sequence that instantiates Cytokinetic Furrow Ingression, not merely an object, scene, or static result.",0,30,vdcr_direct_answer; concept_zh=胞质分裂沟收缩; concept_type=自然动态机制; priority=B
vdcr_concept_0156,B,Neutrophil Chemotaxis,biology_living_systems,Neutrophil Chemotaxis,biology_living_systems,biology_family_05,"Candidate must show the temporal sequence that instantiates Neutrophil Chemotaxis, not merely an object, scene, or static result.",0,30,vdcr_direct_answer; concept_zh=中性粒细胞趋化; concept_type=自然动态机制; priority=B
vdcr_concept_0156,B,Neutrophil Chemotaxis demonstration,biology_living_systems,Neutrophil Chemotaxis,biology_living_systems,biology_family_05,"Candidate must show the temporal sequence that instantiates Neutrophil Chemotaxis, not merely an object, scene, or static result.",0,30,vdcr_direct_answer; concept_zh=中性粒细胞趋化; concept_type=自然动态机制; priority=B
vdcr_concept_0156,B,Neutrophil Chemotaxis slow motion,biology_living_systems,Neutrophil Chemotaxis,biology_living_systems,biology_family_05,"Candidate must show the temporal sequence that instantiates Neutrophil Chemotaxis, not merely an object, scene, or static result.",0,30,vdcr_direct_answer; concept_zh=中性粒细胞趋化; concept_type=自然动态机制; priority=B
vdcr_concept_0156,B,Neutrophil Chemotaxis video,biology_living_systems,Neutrophil Chemotaxis,biology_living_systems,biology_family_05,"Candidate must show the temporal sequence that instantiates Neutrophil Chemotaxis, not merely an object, scene, or static result.",0,30,vdcr_direct_answer; concept_zh=中性粒细胞趋化; concept_type=自然动态机制; priority=B
vdcr_concept_0157,B,Axonal Transport,biology_living_systems,Axonal Transport,biology_living_systems,biology_family_05,"Candidate must show the temporal sequence that instantiates Axonal Transport, not merely an object, scene, or static result.",0,30,vdcr_direct_answer; concept_zh=轴突运输; concept_type=自然动态机制; priority=B
vdcr_concept_0157,B,Axonal Transport demonstration,biology_living_systems,Axonal Transport,biology_living_systems,biology_family_05,"Candidate must show the temporal sequence that instantiates Axonal Transport, not merely an object, scene, or static result.",0,30,vdcr_direct_answer; concept_zh=轴突运输; concept_type=自然动态机制; priority=B
vdcr_concept_0157,B,Axonal Transport slow motion,biology_living_systems,Axonal Transport,biology_living_systems,biology_family_05,"Candidate must show the temporal sequence that instantiates Axonal Transport, not merely an object, scene, or static result.",0,30,vdcr_direct_answer; concept_zh=轴突运输; concept_type=自然动态机制; priority=B
vdcr_concept_0157,B,Axonal Transport video,biology_living_systems,Axonal Transport,biology_living_systems,biology_family_05,"Candidate must show the temporal sequence that instantiates Axonal Transport, not merely an object, scene, or static result.",0,30,vdcr_direct_answer; concept_zh=轴突运输; concept_type=自然动态机制; priority=B
vdcr_concept_0161,B,Mitochondrial Fission-Fusion Dynamics,biology_living_systems,Mitochondrial Fission-Fusion Dynamics,biology_living_systems,biology_family_05,"Candidate must show the temporal sequence that instantiates Mitochondrial Fission-Fusion Dynamics, not merely an object, scene, or static result.",0,30,vdcr_direct_answer; concept_zh=线粒体分裂-融合动态; concept_type=自然动态机制; priority=B
vdcr_concept_0161,B,Mitochondrial Fission-Fusion Dynamics demonstration,biology_living_systems,Mitochondrial Fission-Fusion Dynamics,biology_living_systems,biology_family_05,"Candidate must show the temporal sequence that instantiates Mitochondrial Fission-Fusion Dynamics, not merely an object, scene, or static result.",0,30,vdcr_direct_answer; concept_zh=线粒体分裂-融合动态; concept_type=自然动态机制; priority=B
vdcr_concept_0161,B,Mitochondrial Fission-Fusion Dynamics slow motion,biology_living_systems,Mitochondrial Fission-Fusion Dynamics,biology_living_systems,biology_family_05,"Candidate must show the temporal sequence that instantiates Mitochondrial Fission-Fusion Dynamics, not merely an object, scene, or static result.",0,30,vdcr_direct_answer; concept_zh=线粒体分裂-融合动态; concept_type=自然动态机制; priority=B
vdcr_concept_0161,B,Mitochondrial Fission-Fusion Dynamics video,biology_living_systems,Mitochondrial Fission-Fusion Dynamics,biology_living_systems,biology_family_05,"Candidate must show the temporal sequence that instantiates Mitochondrial Fission-Fusion Dynamics, not merely an object, scene, or static result.",0,30,vdcr_direct_answer; concept_zh=线粒体分裂-融合动态; concept_type=自然动态机制; priority=B
vdcr_concept_0164,B,Phagocytosis,biology_living_systems,Phagocytosis,biology_living_systems,biology_family_06,"Candidate must show the temporal sequence that instantiates Phagocytosis, not merely an object, scene, or static result.",0,30,vdcr_direct_answer; concept_zh=吞噬作用; concept_type=自然动态机制; priority=B
vdcr_concept_0164,B,Phagocytosis demonstration,biology_living_systems,Phagocytosis,biology_living_systems,biology_family_06,"Candidate must show the temporal sequence that instantiates Phagocytosis, not merely an object, scene, or static result.",0,30,vdcr_direct_answer; concept_zh=吞噬作用; concept_type=自然动态机制; priority=B
vdcr_concept_0164,B,Phagocytosis slow motion,biology_living_systems,Phagocytosis,biology_living_systems,biology_family_06,"Candidate must show the temporal sequence that instantiates Phagocytosis, not merely an object, scene, or static result.",0,30,vdcr_direct_answer; concept_zh=吞噬作用; concept_type=自然动态机制; priority=B
vdcr_concept_0164,B,Phagocytosis video,biology_living_systems,Phagocytosis,biology_living_systems,biology_family_06,"Candidate must show the temporal sequence that instantiates Phagocytosis, not merely an object, scene, or static result.",0,30,vdcr_direct_answer; concept_zh=吞噬作用; concept_type=自然动态机制; priority=B
vdcr_concept_0165,B,Vesicle Budding,biology_living_systems,Vesicle Budding,biology_living_systems,biology_family_06,"Candidate must show the temporal sequence that instantiates Vesicle Budding, not merely an object, scene, or static result.",0,30,vdcr_direct_answer; concept_zh=囊泡出芽; concept_type=自然动态机制; priority=B
vdcr_concept_0165,B,Vesicle Budding demonstration,biology_living_systems,Vesicle Budding,biology_living_systems,biology_family_06,"Candidate must show the temporal sequence that instantiates Vesicle Budding, not merely an object, scene, or static result.",0,30,vdcr_direct_answer; concept_zh=囊泡出芽; concept_type=自然动态机制; priority=B
vdcr_concept_0165,B,Vesicle Budding slow motion,biology_living_systems,Vesicle Budding,biology_living_systems,biology_family_06,"Candidate must show the temporal sequence that instantiates Vesicle Budding, not merely an object, scene, or static result.",0,30,vdcr_direct_answer; concept_zh=囊泡出芽; concept_type=自然动态机制; priority=B
vdcr_concept_0165,B,Vesicle Budding video,biology_living_systems,Vesicle Budding,biology_living_systems,biology_family_06,"Candidate must show the temporal sequence that instantiates Vesicle Budding, not merely an object, scene, or static result.",0,30,vdcr_direct_answer; concept_zh=囊泡出芽; concept_type=自然动态机制; priority=B
vdcr_concept_0166,B,Vesicle Fusion,biology_living_systems,Vesicle Fusion,biology_living_systems,biology_family_06,"Candidate must show the temporal sequence that instantiates Vesicle Fusion, not merely an object, scene, or static result.",0,30,vdcr_direct_answer; concept_zh=囊泡融合; concept_type=自然动态机制; priority=B
vdcr_concept_0166,B,Vesicle Fusion demonstration,biology_living_systems,Vesicle Fusion,biology_living_systems,biology_family_06,"Candidate must show the temporal sequence that instantiates Vesicle Fusion, not merely an object, scene, or static result.",0,30,vdcr_direct_answer; concept_zh=囊泡融合; concept_type=自然动态机制; priority=B
vdcr_concept_0166,B,Vesicle Fusion slow motion,biology_living_systems,Vesicle Fusion,biology_living_systems,biology_family_06,"Candidate must show the temporal sequence that instantiates Vesicle Fusion, not merely an object, scene, or static result.",0,30,vdcr_direct_answer; concept_zh=囊泡融合; concept_type=自然动态机制; priority=B
vdcr_concept_0166,B,Vesicle Fusion video,biology_living_systems,Vesicle Fusion,biology_living_systems,biology_family_06,"Candidate must show the temporal sequence that instantiates Vesicle Fusion, not merely an object, scene, or static result.",0,30,vdcr_direct_answer; concept_zh=囊泡融合; concept_type=自然动态机制; priority=B
vdcr_concept_0167,B,Pinocytosis,biology_living_systems,Pinocytosis,biology_living_systems,biology_family_06,"Candidate must show the temporal sequence that instantiates Pinocytosis, not merely an object, scene, or static result.",0,30,vdcr_direct_answer; concept_zh=胞饮作用; concept_type=自然动态机制; priority=B
vdcr_concept_0167,B,Pinocytosis demonstration,biology_living_systems,Pinocytosis,biology_living_systems,biology_family_06,"Candidate must show the temporal sequence that instantiates Pinocytosis, not merely an object, scene, or static result.",0,30,vdcr_direct_answer; concept_zh=胞饮作用; concept_type=自然动态机制; priority=B
vdcr_concept_0167,B,Pinocytosis slow motion,biology_living_systems,Pinocytosis,biology_living_systems,biology_family_06,"Candidate must show the temporal sequence that instantiates Pinocytosis, not merely an object, scene, or static result.",0,30,vdcr_direct_answer; concept_zh=胞饮作用; concept_type=自然动态机制; priority=B
vdcr_concept_0167,B,Pinocytosis video,biology_living_systems,Pinocytosis,biology_living_systems,biology_family_06,"Candidate must show the temporal sequence that instantiates Pinocytosis, not merely an object, scene, or static result.",0,30,vdcr_direct_answer; concept_zh=胞饮作用; concept_type=自然动态机制; priority=B
vdcr_concept_0169,B,Actin Wave,biology_living_systems,Actin Wave,biology_living_systems,biology_family_07,"Candidate must show the temporal sequence that instantiates Actin Wave, not merely an object, scene, or static result.",0,30,vdcr_direct_answer; concept_zh=肌动蛋白波; concept_type=自然动态机制; priority=B
vdcr_concept_0169,B,Actin Wave demonstration,biology_living_systems,Actin Wave,biology_living_systems,biology_family_07,"Candidate must show the temporal sequence that instantiates Actin Wave, not merely an object, scene, or static result.",0,30,vdcr_direct_answer; concept_zh=肌动蛋白波; concept_type=自然动态机制; priority=B
vdcr_concept_0169,B,Actin Wave slow motion,biology_living_systems,Actin Wave,biology_living_systems,biology_family_07,"Candidate must show the temporal sequence that instantiates Actin Wave, not merely an object, scene, or static result.",0,30,vdcr_direct_answer; concept_zh=肌动蛋白波; concept_type=自然动态机制; priority=B
vdcr_concept_0169,B,Actin Wave video,biology_living_systems,Actin Wave,biology_living_systems,biology_family_07,"Candidate must show the temporal sequence that instantiates Actin Wave, not merely an object, scene, or static result.",0,30,vdcr_direct_answer; concept_zh=肌动蛋白波; concept_type=自然动态机制; priority=B
vdcr_concept_0170,B,Lamellipodium Extension,biology_living_systems,Lamellipodium Extension,biology_living_systems,biology_family_07,"Candidate must show the temporal sequence that instantiates Lamellipodium Extension, not merely an object, scene, or static result.",0,30,vdcr_direct_answer; concept_zh=片状伪足延伸; concept_type=自然动态机制; priority=B
vdcr_concept_0170,B,Lamellipodium Extension demonstration,biology_living_systems,Lamellipodium Extension,biology_living_systems,biology_family_07,"Candidate must show the temporal sequence that instantiates Lamellipodium Extension, not merely an object, scene, or static result.",0,30,vdcr_direct_answer; concept_zh=片状伪足延伸; concept_type=自然动态机制; priority=B
vdcr_concept_0170,B,Lamellipodium Extension slow motion,biology_living_systems,Lamellipodium Extension,biology_living_systems,biology_family_07,"Candidate must show the temporal sequence that instantiates Lamellipodium Extension, not merely an object, scene, or static result.",0,30,vdcr_direct_answer; concept_zh=片状伪足延伸; concept_type=自然动态机制; priority=B
vdcr_concept_0170,B,Lamellipodium Extension video,biology_living_systems,Lamellipodium Extension,biology_living_systems,biology_family_07,"Candidate must show the temporal sequence that instantiates Lamellipodium Extension, not merely an object, scene, or static result.",0,30,vdcr_direct_answer; concept_zh=片状伪足延伸; concept_type=自然动态机制; priority=B
vdcr_concept_0171,B,Filopodium Protrusion,biology_living_systems,Filopodium Protrusion,biology_living_systems,biology_family_07,"Candidate must show the temporal sequence that instantiates Filopodium Protrusion, not merely an object, scene, or static result.",0,30,vdcr_direct_answer; concept_zh=丝状伪足探伸; concept_type=自然动态机制; priority=B
vdcr_concept_0171,B,Filopodium Protrusion demonstration,biology_living_systems,Filopodium Protrusion,biology_living_systems,biology_family_07,"Candidate must show the temporal sequence that instantiates Filopodium Protrusion, not merely an object, scene, or static result.",0,30,vdcr_direct_answer; concept_zh=丝状伪足探伸; concept_type=自然动态机制; priority=B
vdcr_concept_0171,B,Filopodium Protrusion slow motion,biology_living_systems,Filopodium Protrusion,biology_living_systems,biology_family_07,"Candidate must show the temporal sequence that instantiates Filopodium Protrusion, not merely an object, scene, or static result.",0,30,vdcr_direct_answer; concept_zh=丝状伪足探伸; concept_type=自然动态机制; priority=B
vdcr_concept_0171,B,Filopodium Protrusion video,biology_living_systems,Filopodium Protrusion,biology_living_systems,biology_family_07,"Candidate must show the temporal sequence that instantiates Filopodium Protrusion, not merely an object, scene, or static result.",0,30,vdcr_direct_answer; concept_zh=丝状伪足探伸; concept_type=自然动态机制; priority=B
vdcr_concept_0172,B,Actomyosin Contractile Ring Constriction,biology_living_systems,Actomyosin Contractile Ring Constriction,biology_living_systems,biology_family_07,"Candidate must show the temporal sequence that instantiates Actomyosin Contractile Ring Constriction, not merely an object, scene, or static result.",0,30,vdcr_direct_answer; concept_zh=细胞收缩环收缩; concept_type=自然动态机制; priority=B
vdcr_concept_0172,B,Actomyosin Contractile Ring Constriction demonstration,biology_living_systems,Actomyosin Contractile Ring Constriction,biology_living_systems,biology_family_07,"Candidate must show the temporal sequence that instantiates Actomyosin Contractile Ring Constriction, not merely an object, scene, or static result.",0,30,vdcr_direct_answer; concept_zh=细胞收缩环收缩; concept_type=自然动态机制; priority=B
vdcr_concept_0172,B,Actomyosin Contractile Ring Constriction slow motion,biology_living_systems,Actomyosin Contractile Ring Constriction,biology_living_systems,biology_family_07,"Candidate must show the temporal sequence that instantiates Actomyosin Contractile Ring Constriction, not merely an object, scene, or static result.",0,30,vdcr_direct_answer; concept_zh=细胞收缩环收缩; concept_type=自然动态机制; priority=B
vdcr_concept_0172,B,Actomyosin Contractile Ring Constriction video,biology_living_systems,Actomyosin Contractile Ring Constriction,biology_living_systems,biology_family_07,"Candidate must show the temporal sequence that instantiates Actomyosin Contractile Ring Constriction, not merely an object, scene, or static result.",0,30,vdcr_direct_answer; concept_zh=细胞收缩环收缩; concept_type=自然动态机制; priority=B
vdcr_concept_0173,B,Membrane Blebbing,biology_living_systems,Membrane Blebbing,biology_living_systems,biology_family_07,"Candidate must show the temporal sequence that instantiates Membrane Blebbing, not merely an object, scene, or static result.",0,30,vdcr_direct_answer; concept_zh=细胞膜起泡; concept_type=自然动态机制; priority=B
vdcr_concept_0173,B,Membrane Blebbing demonstration,biology_living_systems,Membrane Blebbing,biology_living_systems,biology_family_07,"Candidate must show the temporal sequence that instantiates Membrane Blebbing, not merely an object, scene, or static result.",0,30,vdcr_direct_answer; concept_zh=细胞膜起泡; concept_type=自然动态机制; priority=B
vdcr_concept_0173,B,Membrane Blebbing slow motion,biology_living_systems,Membrane Blebbing,biology_living_systems,biology_family_07,"Candidate must show the temporal sequence that instantiates Membrane Blebbing, not merely an object, scene, or static result.",0,30,vdcr_direct_answer; concept_zh=细胞膜起泡; concept_type=自然动态机制; priority=B
vdcr_concept_0173,B,Membrane Blebbing video,biology_living_systems,Membrane Blebbing,biology_living_systems,biology_family_07,"Candidate must show the temporal sequence that instantiates Membrane Blebbing, not merely an object, scene, or static result.",0,30,vdcr_direct_answer; concept_zh=细胞膜起泡; concept_type=自然动态机制; priority=B
vdcr_concept_0174,B,Cleavage,biology_living_systems,Cleavage,biology_living_systems,biology_family_08,"Candidate must show the temporal sequence that instantiates Cleavage, not merely an object, scene, or static result.",0,30,vdcr_direct_answer; concept_zh=卵裂; concept_type=自然动态机制; priority=B
vdcr_concept_0174,B,Cleavage demonstration,biology_living_systems,Cleavage,biology_living_systems,biology_family_08,"Candidate must show the temporal sequence that instantiates Cleavage, not merely an object, scene, or static result.",0,30,vdcr_direct_answer; concept_zh=卵裂; concept_type=自然动态机制; priority=B
vdcr_concept_0174,B,Cleavage slow motion,biology_living_systems,Cleavage,biology_living_systems,biology_family_08,"Candidate must show the temporal sequence that instantiates Cleavage, not merely an object, scene, or static result.",0,30,vdcr_direct_answer; concept_zh=卵裂; concept_type=自然动态机制; priority=B
vdcr_concept_0174,B,Cleavage video,biology_living_systems,Cleavage,biology_living_systems,biology_family_08,"Candidate must show the temporal sequence that instantiates Cleavage, not merely an object, scene, or static result.",0,30,vdcr_direct_answer; concept_zh=卵裂; concept_type=自然动态机制; priority=B
vdcr_concept_0179,B,Tissue Invagination,biology_living_systems,Tissue Invagination,biology_living_systems,biology_family_08,"Candidate must show the temporal sequence that instantiates Tissue Invagination, not merely an object, scene, or static result.",0,30,vdcr_direct_answer; concept_zh=组织内陷; concept_type=自然动态机制; priority=B
vdcr_concept_0179,B,Tissue Invagination demonstration,biology_living_systems,Tissue Invagination,biology_living_systems,biology_family_08,"Candidate must show the temporal sequence that instantiates Tissue Invagination, not merely an object, scene, or static result.",0,30,vdcr_direct_answer; concept_zh=组织内陷; concept_type=自然动态机制; priority=B
vdcr_concept_0179,B,Tissue Invagination slow motion,biology_living_systems,Tissue Invagination,biology_living_systems,biology_family_08,"Candidate must show the temporal sequence that instantiates Tissue Invagination, not merely an object, scene, or static result.",0,30,vdcr_direct_answer; concept_zh=组织内陷; concept_type=自然动态机制; priority=B
vdcr_concept_0179,B,Tissue Invagination video,biology_living_systems,Tissue Invagination,biology_living_systems,biology_family_08,"Candidate must show the temporal sequence that instantiates Tissue Invagination, not merely an object, scene, or static result.",0,30,vdcr_direct_answer; concept_zh=组织内陷; concept_type=自然动态机制; priority=B
vdcr_concept_0181,B,Chloroplast Photorelocation Movement,biology_living_systems,Chloroplast Photorelocation Movement,biology_living_systems,biology_family_09,"Candidate must show the temporal sequence that instantiates Chloroplast Photorelocation Movement, not merely an object, scene, or static result.",0,30,vdcr_direct_answer; concept_zh=叶绿体光定位运动; concept_type=自然动态机制; priority=B
vdcr_concept_0181,B,Chloroplast Photorelocation Movement demonstration,biology_living_systems,Chloroplast Photorelocation Movement,biology_living_systems,biology_family_09,"Candidate must show the temporal sequence that instantiates Chloroplast Photorelocation Movement, not merely an object, scene, or static result.",0,30,vdcr_direct_answer; concept_zh=叶绿体光定位运动; concept_type=自然动态机制; priority=B
vdcr_concept_0181,B,Chloroplast Photorelocation Movement slow motion,biology_living_systems,Chloroplast Photorelocation Movement,biology_living_systems,biology_family_09,"Candidate must show the temporal sequence that instantiates Chloroplast Photorelocation Movement, not merely an object, scene, or static result.",0,30,vdcr_direct_answer; concept_zh=叶绿体光定位运动; concept_type=自然动态机制; priority=B
vdcr_concept_0181,B,Chloroplast Photorelocation Movement video,biology_living_systems,Chloroplast Photorelocation Movement,biology_living_systems,biology_family_09,"Candidate must show the temporal sequence that instantiates Chloroplast Photorelocation Movement, not merely an object, scene, or static result.",0,30,vdcr_direct_answer; concept_zh=叶绿体光定位运动; concept_type=自然动态机制; priority=B
vdcr_concept_0182,B,Pollen Tube Chemotropic Growth,biology_living_systems,Pollen Tube Chemotropic Growth,biology_living_systems,biology_family_09,"Candidate must show the temporal sequence that instantiates Pollen Tube Chemotropic Growth, not merely an object, scene, or static result.",0,30,vdcr_direct_answer; concept_zh=花粉管趋化生长; concept_type=自然动态机制; priority=B
vdcr_concept_0182,B,Pollen Tube Chemotropic Growth demonstration,biology_living_systems,Pollen Tube Chemotropic Growth,biology_living_systems,biology_family_09,"Candidate must show the temporal sequence that instantiates Pollen Tube Chemotropic Growth, not merely an object, scene, or static result.",0,30,vdcr_direct_answer; concept_zh=花粉管趋化生长; concept_type=自然动态机制; priority=B
vdcr_concept_0182,B,Pollen Tube Chemotropic Growth slow motion,biology_living_systems,Pollen Tube Chemotropic Growth,biology_living_systems,biology_family_09,"Candidate must show the temporal sequence that instantiates Pollen Tube Chemotropic Growth, not merely an object, scene, or static result.",0,30,vdcr_direct_answer; concept_zh=花粉管趋化生长; concept_type=自然动态机制; priority=B
vdcr_concept_0182,B,Pollen Tube Chemotropic Growth video,biology_living_systems,Pollen Tube Chemotropic Growth,biology_living_systems,biology_family_09,"Candidate must show the temporal sequence that instantiates Pollen Tube Chemotropic Growth, not merely an object, scene, or static result.",0,30,vdcr_direct_answer; concept_zh=花粉管趋化生长; concept_type=自然动态机制; priority=B
vdcr_concept_0183,B,Root Hair Tip Growth,biology_living_systems,Root Hair Tip Growth,biology_living_systems,biology_family_09,"Candidate must show the temporal sequence that instantiates Root Hair Tip Growth, not merely an object, scene, or static result.",0,30,vdcr_direct_answer; concept_zh=根毛极性生长; concept_type=自然动态机制; priority=B
vdcr_concept_0183,B,Root Hair Tip Growth demonstration,biology_living_systems,Root Hair Tip Growth,biology_living_systems,biology_family_09,"Candidate must show the temporal sequence that instantiates Root Hair Tip Growth, not merely an object, scene, or static result.",0,30,vdcr_direct_answer; concept_zh=根毛极性生长; concept_type=自然动态机制; priority=B
vdcr_concept_0183,B,Root Hair Tip Growth slow motion,biology_living_systems,Root Hair Tip Growth,biology_living_systems,biology_family_09,"Candidate must show the temporal sequence that instantiates Root Hair Tip Growth, not merely an object, scene, or static result.",0,30,vdcr_direct_answer; concept_zh=根毛极性生长; concept_type=自然动态机制; priority=B
vdcr_concept_0183,B,Root Hair Tip Growth video,biology_living_systems,Root Hair Tip Growth,biology_living_systems,biology_family_09,"Candidate must show the temporal sequence that instantiates Root Hair Tip Growth, not merely an object, scene, or static result.",0,30,vdcr_direct_answer; concept_zh=根毛极性生长; concept_type=自然动态机制; priority=B
vdcr_concept_0184,B,Plasmolysis and Deplasmolysis,biology_living_systems,Plasmolysis and Deplasmolysis,biology_living_systems,biology_family_09,"Candidate must show the temporal sequence that instantiates Plasmolysis and Deplasmolysis, not merely an object, scene, or static result.",0,30,vdcr_direct_answer; concept_zh=质壁分离与复原; concept_type=自然动态机制; priority=B
vdcr_concept_0184,B,Plasmolysis and Deplasmolysis demonstration,biology_living_systems,Plasmolysis and Deplasmolysis,biology_living_systems,biology_family_09,"Candidate must show the temporal sequence that instantiates Plasmolysis and Deplasmolysis, not merely an object, scene, or static result.",0,30,vdcr_direct_answer; concept_zh=质壁分离与复原; concept_type=自然动态机制; priority=B
vdcr_concept_0184,B,Plasmolysis and Deplasmolysis slow motion,biology_living_systems,Plasmolysis and Deplasmolysis,biology_living_systems,biology_family_09,"Candidate must show the temporal sequence that instantiates Plasmolysis and Deplasmolysis, not merely an object, scene, or static result.",0,30,vdcr_direct_answer; concept_zh=质壁分离与复原; concept_type=自然动态机制; priority=B
vdcr_concept_0184,B,Plasmolysis and Deplasmolysis video,biology_living_systems,Plasmolysis and Deplasmolysis,biology_living_systems,biology_family_09,"Candidate must show the temporal sequence that instantiates Plasmolysis and Deplasmolysis, not merely an object, scene, or static result.",0,30,vdcr_direct_answer; concept_zh=质壁分离与复原; concept_type=自然动态机制; priority=B
vdcr_concept_0186,B,Bacterial Swarming Motility,biology_living_systems,Bacterial Swarming Motility,biology_living_systems,biology_family_10,"Candidate must show the temporal sequence that instantiates Bacterial Swarming Motility, not merely an object, scene, or static result.",0,30,vdcr_direct_answer; concept_zh=细菌集群运动; concept_type=自然动态机制; priority=B
vdcr_concept_0186,B,Bacterial Swarming Motility demonstration,biology_living_systems,Bacterial Swarming Motility,biology_living_systems,biology_family_10,"Candidate must show the temporal sequence that instantiates Bacterial Swarming Motility, not merely an object, scene, or static result.",0,30,vdcr_direct_answer; concept_zh=细菌集群运动; concept_type=自然动态机制; priority=B
vdcr_concept_0186,B,Bacterial Swarming Motility slow motion,biology_living_systems,Bacterial Swarming Motility,biology_living_systems,biology_family_10,"Candidate must show the temporal sequence that instantiates Bacterial Swarming Motility, not merely an object, scene, or static result.",0,30,vdcr_direct_answer; concept_zh=细菌集群运动; concept_type=自然动态机制; priority=B
vdcr_concept_0186,B,Bacterial Swarming Motility video,biology_living_systems,Bacterial Swarming Motility,biology_living_systems,biology_family_10,"Candidate must show the temporal sequence that instantiates Bacterial Swarming Motility, not merely an object, scene, or static result.",0,30,vdcr_direct_answer; concept_zh=细菌集群运动; concept_type=自然动态机制; priority=B
vdcr_concept_0187,B,Biofilm Expansion,biology_living_systems,Biofilm Expansion,biology_living_systems,biology_family_10,"Candidate must show the temporal sequence that instantiates Biofilm Expansion, not merely an object, scene, or static result.",0,30,vdcr_direct_answer; concept_zh=生物膜扩张; concept_type=自然动态机制; priority=B
vdcr_concept_0187,B,Biofilm Expansion demonstration,biology_living_systems,Biofilm Expansion,biology_living_systems,biology_family_10,"Candidate must show the temporal sequence that instantiates Biofilm Expansion, not merely an object, scene, or static result.",0,30,vdcr_direct_answer; concept_zh=生物膜扩张; concept_type=自然动态机制; priority=B
vdcr_concept_0187,B,Biofilm Expansion slow motion,biology_living_systems,Biofilm Expansion,biology_living_systems,biology_family_10,"Candidate must show the temporal sequence that instantiates Biofilm Expansion, not merely an object, scene, or static result.",0,30,vdcr_direct_answer; concept_zh=生物膜扩张; concept_type=自然动态机制; priority=B
vdcr_concept_0187,B,Biofilm Expansion video,biology_living_systems,Biofilm Expansion,biology_living_systems,biology_family_10,"Candidate must show the temporal sequence that instantiates Biofilm Expansion, not merely an object, scene, or static result.",0,30,vdcr_direct_answer; concept_zh=生物膜扩张; concept_type=自然动态机制; priority=B
vdcr_concept_0188,B,Quorum-Sensing Wave,biology_living_systems,Quorum-Sensing Wave,biology_living_systems,biology_family_10,"Candidate must show the temporal sequence that instantiates Quorum-Sensing Wave, not merely an object, scene, or static result.",0,30,vdcr_direct_answer; concept_zh=群体感应波; concept_type=自然动态机制; priority=B
vdcr_concept_0188,B,Quorum-Sensing Wave demonstration,biology_living_systems,Quorum-Sensing Wave,biology_living_systems,biology_family_10,"Candidate must show the temporal sequence that instantiates Quorum-Sensing Wave, not merely an object, scene, or static result.",0,30,vdcr_direct_answer; concept_zh=群体感应波; concept_type=自然动态机制; priority=B
vdcr_concept_0188,B,Quorum-Sensing Wave slow motion,biology_living_systems,Quorum-Sensing Wave,biology_living_systems,biology_family_10,"Candidate must show the temporal sequence that instantiates Quorum-Sensing Wave, not merely an object, scene, or static result.",0,30,vdcr_direct_answer; concept_zh=群体感应波; concept_type=自然动态机制; priority=B
vdcr_concept_0188,B,Quorum-Sensing Wave video,biology_living_systems,Quorum-Sensing Wave,biology_living_systems,biology_family_10,"Candidate must show the temporal sequence that instantiates Quorum-Sensing Wave, not merely an object, scene, or static result.",0,30,vdcr_direct_answer; concept_zh=群体感应波; concept_type=自然动态机制; priority=B
vdcr_concept_0189,B,Slime Mold Aggregation,biology_living_systems,Slime Mold Aggregation,biology_living_systems,biology_family_10,"Candidate must show the temporal sequence that instantiates Slime Mold Aggregation, not merely an object, scene, or static result.",0,30,vdcr_direct_answer; concept_zh=黏菌聚集; concept_type=自然动态机制; priority=B
vdcr_concept_0189,B,Slime Mold Aggregation demonstration,biology_living_systems,Slime Mold Aggregation,biology_living_systems,biology_family_10,"Candidate must show the temporal sequence that instantiates Slime Mold Aggregation, not merely an object, scene, or static result.",0,30,vdcr_direct_answer; concept_zh=黏菌聚集; concept_type=自然动态机制; priority=B
vdcr_concept_0189,B,Slime Mold Aggregation slow motion,biology_living_systems,Slime Mold Aggregation,biology_living_systems,biology_family_10,"Candidate must show the temporal sequence that instantiates Slime Mold Aggregation, not merely an object, scene, or static result.",0,30,vdcr_direct_answer; concept_zh=黏菌聚集; concept_type=自然动态机制; priority=B
vdcr_concept_0189,B,Slime Mold Aggregation video,biology_living_systems,Slime Mold Aggregation,biology_living_systems,biology_family_10,"Candidate must show the temporal sequence that instantiates Slime Mold Aggregation, not merely an object, scene, or static result.",0,30,vdcr_direct_answer; concept_zh=黏菌聚集; concept_type=自然动态机制; priority=B
vdcr_concept_0193,B,Wall Cloud Rotation,earth_environmental_systems,Wall Cloud Rotation,earth_environmental_systems,earth_family_01,"Candidate must show the temporal sequence that instantiates Wall Cloud Rotation, not merely an object, scene, or static result.",0,30,vdcr_direct_answer; concept_zh=墙云旋转; concept_type=自然动态机制; priority=B
vdcr_concept_0193,B,Wall Cloud Rotation demonstration,earth_environmental_systems,Wall Cloud Rotation,earth_environmental_systems,earth_family_01,"Candidate must show the temporal sequence that instantiates Wall Cloud Rotation, not merely an object, scene, or static result.",0,30,vdcr_direct_answer; concept_zh=墙云旋转; concept_type=自然动态机制; priority=B
vdcr_concept_0193,B,Wall Cloud Rotation slow motion,earth_environmental_systems,Wall Cloud Rotation,earth_environmental_systems,earth_family_01,"Candidate must show the temporal sequence that instantiates Wall Cloud Rotation, not merely an object, scene, or static result.",0,30,vdcr_direct_answer; concept_zh=墙云旋转; concept_type=自然动态机制; priority=B
vdcr_concept_0193,B,Wall Cloud Rotation video,earth_environmental_systems,Wall Cloud Rotation,earth_environmental_systems,earth_family_01,"Candidate must show the temporal sequence that instantiates Wall Cloud Rotation, not merely an object, scene, or static result.",0,30,vdcr_direct_answer; concept_zh=墙云旋转; concept_type=自然动态机制; priority=B
vdcr_concept_0194,B,Gust Front Propagation,earth_environmental_systems,Gust Front Propagation,earth_environmental_systems,earth_family_01,"Candidate must show the temporal sequence that instantiates Gust Front Propagation, not merely an object, scene, or static result.",0,30,vdcr_direct_answer; concept_zh=阵风锋推进; concept_type=自然动态机制; priority=B
vdcr_concept_0194,B,Gust Front Propagation demonstration,earth_environmental_systems,Gust Front Propagation,earth_environmental_systems,earth_family_01,"Candidate must show the temporal sequence that instantiates Gust Front Propagation, not merely an object, scene, or static result.",0,30,vdcr_direct_answer; concept_zh=阵风锋推进; concept_type=自然动态机制; priority=B
vdcr_concept_0194,B,Gust Front Propagation slow motion,earth_environmental_systems,Gust Front Propagation,earth_environmental_systems,earth_family_01,"Candidate must show the temporal sequence that instantiates Gust Front Propagation, not merely an object, scene, or static result.",0,30,vdcr_direct_answer; concept_zh=阵风锋推进; concept_type=自然动态机制; priority=B
vdcr_concept_0194,B,Gust Front Propagation video,earth_environmental_systems,Gust Front Propagation,earth_environmental_systems,earth_family_01,"Candidate must show the temporal sequence that instantiates Gust Front Propagation, not merely an object, scene, or static result.",0,30,vdcr_direct_answer; concept_zh=阵风锋推进; concept_type=自然动态机制; priority=B
vdcr_concept_0195,B,Landspout Development,earth_environmental_systems,Landspout Development,earth_environmental_systems,earth_family_01,"Candidate must show the temporal sequence that instantiates Landspout Development, not merely an object, scene, or static result.",0,30,vdcr_direct_answer; concept_zh=陆龙卷发展; concept_type=自然动态机制; priority=B
vdcr_concept_0195,B,Landspout Development demonstration,earth_environmental_systems,Landspout Development,earth_environmental_systems,earth_family_01,"Candidate must show the temporal sequence that instantiates Landspout Development, not merely an object, scene, or static result.",0,30,vdcr_direct_answer; concept_zh=陆龙卷发展; concept_type=自然动态机制; priority=B
vdcr_concept_0195,B,Landspout Development slow motion,earth_environmental_systems,Landspout Development,earth_environmental_systems,earth_family_01,"Candidate must show the temporal sequence that instantiates Landspout Development, not merely an object, scene, or static result.",0,30,vdcr_direct_answer; concept_zh=陆龙卷发展; concept_type=自然动态机制; priority=B
vdcr_concept_0195,B,Landspout Development video,earth_environmental_systems,Landspout Development,earth_environmental_systems,earth_family_01,"Candidate must show the temporal sequence that instantiates Landspout Development, not merely an object, scene, or static result.",0,30,vdcr_direct_answer; concept_zh=陆龙卷发展; concept_type=自然动态机制; priority=B
vdcr_concept_0197,B,Cutbank Erosion,earth_environmental_systems,Cutbank Erosion / Point-Bar Deposition,earth_environmental_systems,earth_family_02,"Candidate must show the temporal sequence that instantiates Cutbank Erosion / Point-Bar Deposition, not merely an object, scene, or static result.",0,30,vdcr_direct_answer; concept_zh=凹岸侵蚀与凸岸沉积; concept_type=自然动态机制; priority=B
vdcr_concept_0197,B,Cutbank Erosion / Point-Bar Deposition,earth_environmental_systems,Cutbank Erosion / Point-Bar Deposition,earth_environmental_systems,earth_family_02,"Candidate must show the temporal sequence that instantiates Cutbank Erosion / Point-Bar Deposition, not merely an object, scene, or static result.",0,30,vdcr_direct_answer; concept_zh=凹岸侵蚀与凸岸沉积; concept_type=自然动态机制; priority=B
vdcr_concept_0197,B,Cutbank Erosion / Point-Bar Deposition demonstration,earth_environmental_systems,Cutbank Erosion / Point-Bar Deposition,earth_environmental_systems,earth_family_02,"Candidate must show the temporal sequence that instantiates Cutbank Erosion / Point-Bar Deposition, not merely an object, scene, or static result.",0,30,vdcr_direct_answer; concept_zh=凹岸侵蚀与凸岸沉积; concept_type=自然动态机制; priority=B
vdcr_concept_0197,B,Cutbank Erosion / Point-Bar Deposition slow motion,earth_environmental_systems,Cutbank Erosion / Point-Bar Deposition,earth_environmental_systems,earth_family_02,"Candidate must show the temporal sequence that instantiates Cutbank Erosion / Point-Bar Deposition, not merely an object, scene, or static result.",0,30,vdcr_direct_answer; concept_zh=凹岸侵蚀与凸岸沉积; concept_type=自然动态机制; priority=B
vdcr_concept_0197,B,Cutbank Erosion / Point-Bar Deposition video,earth_environmental_systems,Cutbank Erosion / Point-Bar Deposition,earth_environmental_systems,earth_family_02,"Candidate must show the temporal sequence that instantiates Cutbank Erosion / Point-Bar Deposition, not merely an object, scene, or static result.",0,30,vdcr_direct_answer; concept_zh=凹岸侵蚀与凸岸沉积; concept_type=自然动态机制; priority=B
vdcr_concept_0197,B,Cutbank Erosion video,earth_environmental_systems,Cutbank Erosion / Point-Bar Deposition,earth_environmental_systems,earth_family_02,"Candidate must show the temporal sequence that instantiates Cutbank Erosion / Point-Bar Deposition, not merely an object, scene, or static result.",0,30,vdcr_direct_answer; concept_zh=凹岸侵蚀与凸岸沉积; concept_type=自然动态机制; priority=B
vdcr_concept_0197,B,Point-Bar Deposition,earth_environmental_systems,Cutbank Erosion / Point-Bar Deposition,earth_environmental_systems,earth_family_02,"Candidate must show the temporal sequence that instantiates Cutbank Erosion / Point-Bar Deposition, not merely an object, scene, or static result.",0,30,vdcr_direct_answer; concept_zh=凹岸侵蚀与凸岸沉积; concept_type=自然动态机制; priority=B
vdcr_concept_0197,B,Point-Bar Deposition video,earth_environmental_systems,Cutbank Erosion / Point-Bar Deposition,earth_environmental_systems,earth_family_02,"Candidate must show the temporal sequence that instantiates Cutbank Erosion / Point-Bar Deposition, not merely an object, scene, or static result.",0,30,vdcr_direct_answer; concept_zh=凹岸侵蚀与凸岸沉积; concept_type=自然动态机制; priority=B
vdcr_concept_0198,B,River Avulsion,earth_environmental_systems,River Avulsion,earth_environmental_systems,earth_family_02,"Candidate must show the temporal sequence that instantiates River Avulsion, not merely an object, scene, or static result.",0,30,vdcr_direct_answer; concept_zh=河流决口改道; concept_type=自然动态机制; priority=B
vdcr_concept_0198,B,River Avulsion demonstration,earth_environmental_systems,River Avulsion,earth_environmental_systems,earth_family_02,"Candidate must show the temporal sequence that instantiates River Avulsion, not merely an object, scene, or static result.",0,30,vdcr_direct_answer; concept_zh=河流决口改道; concept_type=自然动态机制; priority=B
vdcr_concept_0198,B,River Avulsion slow motion,earth_environmental_systems,River Avulsion,earth_environmental_systems,earth_family_02,"Candidate must show the temporal sequence that instantiates River Avulsion, not merely an object, scene, or static result.",0,30,vdcr_direct_answer; concept_zh=河流决口改道; concept_type=自然动态机制; priority=B
vdcr_concept_0198,B,River Avulsion video,earth_environmental_systems,River Avulsion,earth_environmental_systems,earth_family_02,"Candidate must show the temporal sequence that instantiates River Avulsion, not merely an object, scene, or static result.",0,30,vdcr_direct_answer; concept_zh=河流决口改道; concept_type=自然动态机制; priority=B
vdcr_concept_0199,B,Braided Channel Migration,earth_environmental_systems,Braided Channel Migration,earth_environmental_systems,earth_family_02,"Candidate must show the temporal sequence that instantiates Braided Channel Migration, not merely an object, scene, or static result.",0,30,vdcr_direct_answer; concept_zh=辫状河道迁移; concept_type=自然动态机制; priority=B
vdcr_concept_0199,B,Braided Channel Migration demonstration,earth_environmental_systems,Braided Channel Migration,earth_environmental_systems,earth_family_02,"Candidate must show the temporal sequence that instantiates Braided Channel Migration, not merely an object, scene, or static result.",0,30,vdcr_direct_answer; concept_zh=辫状河道迁移; concept_type=自然动态机制; priority=B
vdcr_concept_0199,B,Braided Channel Migration slow motion,earth_environmental_systems,Braided Channel Migration,earth_environmental_systems,earth_family_02,"Candidate must show the temporal sequence that instantiates Braided Channel Migration, not merely an object, scene, or static result.",0,30,vdcr_direct_answer; concept_zh=辫状河道迁移; concept_type=自然动态机制; priority=B
vdcr_concept_0199,B,Braided Channel Migration video,earth_environmental_systems,Braided Channel Migration,earth_environmental_systems,earth_family_02,"Candidate must show the temporal sequence that instantiates Braided Channel Migration, not merely an object, scene, or static result.",0,30,vdcr_direct_answer; concept_zh=辫状河道迁移; concept_type=自然动态机制; priority=B
vdcr_concept_0201,B,Turbidity Current Propagation,earth_environmental_systems,Turbidity Current Propagation,earth_environmental_systems,earth_family_02,"Candidate must show the temporal sequence that instantiates Turbidity Current Propagation, not merely an object, scene, or static result.",0,30,vdcr_direct_answer; concept_zh=浊流推进; concept_type=自然动态机制; priority=B
vdcr_concept_0201,B,Turbidity Current Propagation demonstration,earth_environmental_systems,Turbidity Current Propagation,earth_environmental_systems,earth_family_02,"Candidate must show the temporal sequence that instantiates Turbidity Current Propagation, not merely an object, scene, or static result.",0,30,vdcr_direct_answer; concept_zh=浊流推进; concept_type=自然动态机制; priority=B
vdcr_concept_0201,B,Turbidity Current Propagation slow motion,earth_environmental_systems,Turbidity Current Propagation,earth_environmental_systems,earth_family_02,"Candidate must show the temporal sequence that instantiates Turbidity Current Propagation, not merely an object, scene, or static result.",0,30,vdcr_direct_answer; concept_zh=浊流推进; concept_type=自然动态机制; priority=B
vdcr_concept_0201,B,Turbidity Current Propagation video,earth_environmental_systems,Turbidity Current Propagation,earth_environmental_systems,earth_family_02,"Candidate must show the temporal sequence that instantiates Turbidity Current Propagation, not merely an object, scene, or static result.",0,30,vdcr_direct_answer; concept_zh=浊流推进; concept_type=自然动态机制; priority=B
vdcr_concept_0202,B,Rip Current Channel Formation,earth_environmental_systems,Rip Current Channel Formation,earth_environmental_systems,earth_family_02,"Candidate must show the temporal sequence that instantiates Rip Current Channel Formation, not merely an object, scene, or static result.",0,30,vdcr_direct_answer; concept_zh=裂流出海通道形成; concept_type=自然动态机制; priority=B
vdcr_concept_0202,B,Rip Current Channel Formation demonstration,earth_environmental_systems,Rip Current Channel Formation,earth_environmental_systems,earth_family_02,"Candidate must show the temporal sequence that instantiates Rip Current Channel Formation, not merely an object, scene, or static result.",0,30,vdcr_direct_answer; concept_zh=裂流出海通道形成; concept_type=自然动态机制; priority=B
vdcr_concept_0202,B,Rip Current Channel Formation slow motion,earth_environmental_systems,Rip Current Channel Formation,earth_environmental_systems,earth_family_02,"Candidate must show the temporal sequence that instantiates Rip Current Channel Formation, not merely an object, scene, or static result.",0,30,vdcr_direct_answer; concept_zh=裂流出海通道形成; concept_type=自然动态机制; priority=B
vdcr_concept_0202,B,Rip Current Channel Formation video,earth_environmental_systems,Rip Current Channel Formation,earth_environmental_systems,earth_family_02,"Candidate must show the temporal sequence that instantiates Rip Current Channel Formation, not merely an object, scene, or static result.",0,30,vdcr_direct_answer; concept_zh=裂流出海通道形成; concept_type=自然动态机制; priority=B
vdcr_concept_0204,B,Internal Wave Propagation,earth_environmental_systems,Internal Wave Propagation,earth_environmental_systems,earth_family_02,"Candidate must show the temporal sequence that instantiates Internal Wave Propagation, not merely an object, scene, or static result.",0,30,vdcr_direct_answer; concept_zh=内波传播; concept_type=自然动态机制; priority=B
vdcr_concept_0204,B,Internal Wave Propagation demonstration,earth_environmental_systems,Internal Wave Propagation,earth_environmental_systems,earth_family_02,"Candidate must show the temporal sequence that instantiates Internal Wave Propagation, not merely an object, scene, or static result.",0,30,vdcr_direct_answer; concept_zh=内波传播; concept_type=自然动态机制; priority=B
vdcr_concept_0204,B,Internal Wave Propagation slow motion,earth_environmental_systems,Internal Wave Propagation,earth_environmental_systems,earth_family_02,"Candidate must show the temporal sequence that instantiates Internal Wave Propagation, not merely an object, scene, or static result.",0,30,vdcr_direct_answer; concept_zh=内波传播; concept_type=自然动态机制; priority=B
vdcr_concept_0204,B,Internal Wave Propagation video,earth_environmental_systems,Internal Wave Propagation,earth_environmental_systems,earth_family_02,"Candidate must show the temporal sequence that instantiates Internal Wave Propagation, not merely an object, scene, or static result.",0,30,vdcr_direct_answer; concept_zh=内波传播; concept_type=自然动态机制; priority=B
vdcr_concept_0206,B,Rotational Slump Failure,earth_environmental_systems,Rotational Slump Failure,earth_environmental_systems,earth_family_03,"Candidate must show the temporal sequence that instantiates Rotational Slump Failure, not merely an object, scene, or static result.",0,30,vdcr_direct_answer; concept_zh=旋转滑塌; concept_type=自然动态机制; priority=B
vdcr_concept_0206,B,Rotational Slump Failure demonstration,earth_environmental_systems,Rotational Slump Failure,earth_environmental_systems,earth_family_03,"Candidate must show the temporal sequence that instantiates Rotational Slump Failure, not merely an object, scene, or static result.",0,30,vdcr_direct_answer; concept_zh=旋转滑塌; concept_type=自然动态机制; priority=B
vdcr_concept_0206,B,Rotational Slump Failure slow motion,earth_environmental_systems,Rotational Slump Failure,earth_environmental_systems,earth_family_03,"Candidate must show the temporal sequence that instantiates Rotational Slump Failure, not merely an object, scene, or static result.",0,30,vdcr_direct_answer; concept_zh=旋转滑塌; concept_type=自然动态机制; priority=B
vdcr_concept_0206,B,Rotational Slump Failure video,earth_environmental_systems,Rotational Slump Failure,earth_environmental_systems,earth_family_03,"Candidate must show the temporal sequence that instantiates Rotational Slump Failure, not merely an object, scene, or static result.",0,30,vdcr_direct_answer; concept_zh=旋转滑塌; concept_type=自然动态机制; priority=B
vdcr_concept_0207,B,Seismic Soil Liquefaction,earth_environmental_systems,Seismic Soil Liquefaction,earth_environmental_systems,earth_family_03,"Candidate must show the temporal sequence that instantiates Seismic Soil Liquefaction, not merely an object, scene, or static result.",0,30,vdcr_direct_answer; concept_zh=土壤液化; concept_type=自然动态机制; priority=B
vdcr_concept_0207,B,Seismic Soil Liquefaction demonstration,earth_environmental_systems,Seismic Soil Liquefaction,earth_environmental_systems,earth_family_03,"Candidate must show the temporal sequence that instantiates Seismic Soil Liquefaction, not merely an object, scene, or static result.",0,30,vdcr_direct_answer; concept_zh=土壤液化; concept_type=自然动态机制; priority=B
vdcr_concept_0207,B,Seismic Soil Liquefaction slow motion,earth_environmental_systems,Seismic Soil Liquefaction,earth_environmental_systems,earth_family_03,"Candidate must show the temporal sequence that instantiates Seismic Soil Liquefaction, not merely an object, scene, or static result.",0,30,vdcr_direct_answer; concept_zh=土壤液化; concept_type=自然动态机制; priority=B
vdcr_concept_0207,B,Seismic Soil Liquefaction video,earth_environmental_systems,Seismic Soil Liquefaction,earth_environmental_systems,earth_family_03,"Candidate must show the temporal sequence that instantiates Seismic Soil Liquefaction, not merely an object, scene, or static result.",0,30,vdcr_direct_answer; concept_zh=土壤液化; concept_type=自然动态机制; priority=B
vdcr_concept_0208,B,Retrogressive Slump Failure,earth_environmental_systems,Retrogressive Slump Failure,earth_environmental_systems,earth_family_03,"Candidate must show the temporal sequence that instantiates Retrogressive Slump Failure, not merely an object, scene, or static result.",0,30,vdcr_direct_answer; concept_zh=后退式滑塌; concept_type=自然动态机制; priority=B
vdcr_concept_0208,B,Retrogressive Slump Failure demonstration,earth_environmental_systems,Retrogressive Slump Failure,earth_environmental_systems,earth_family_03,"Candidate must show the temporal sequence that instantiates Retrogressive Slump Failure, not merely an object, scene, or static result.",0,30,vdcr_direct_answer; concept_zh=后退式滑塌; concept_type=自然动态机制; priority=B
vdcr_concept_0208,B,Retrogressive Slump Failure slow motion,earth_environmental_systems,Retrogressive Slump Failure,earth_environmental_systems,earth_family_03,"Candidate must show the temporal sequence that instantiates Retrogressive Slump Failure, not merely an object, scene, or static result.",0,30,vdcr_direct_answer; concept_zh=后退式滑塌; concept_type=自然动态机制; priority=B
vdcr_concept_0208,B,Retrogressive Slump Failure video,earth_environmental_systems,Retrogressive Slump Failure,earth_environmental_systems,earth_family_03,"Candidate must show the temporal sequence that instantiates Retrogressive Slump Failure, not merely an object, scene, or static result.",0,30,vdcr_direct_answer; concept_zh=后退式滑塌; concept_type=自然动态机制; priority=B
vdcr_concept_0209,B,Debris-Flow Surge Propagation,earth_environmental_systems,Debris-Flow Surge Propagation,earth_environmental_systems,earth_family_03,"Candidate must show the temporal sequence that instantiates Debris-Flow Surge Propagation, not merely an object, scene, or static result.",0,30,vdcr_direct_answer; concept_zh=泥石流脉冲推进; concept_type=自然动态机制; priority=B
vdcr_concept_0209,B,Debris-Flow Surge Propagation demonstration,earth_environmental_systems,Debris-Flow Surge Propagation,earth_environmental_systems,earth_family_03,"Candidate must show the temporal sequence that instantiates Debris-Flow Surge Propagation, not merely an object, scene, or static result.",0,30,vdcr_direct_answer; concept_zh=泥石流脉冲推进; concept_type=自然动态机制; priority=B
vdcr_concept_0209,B,Debris-Flow Surge Propagation slow motion,earth_environmental_systems,Debris-Flow Surge Propagation,earth_environmental_systems,earth_family_03,"Candidate must show the temporal sequence that instantiates Debris-Flow Surge Propagation, not merely an object, scene, or static result.",0,30,vdcr_direct_answer; concept_zh=泥石流脉冲推进; concept_type=自然动态机制; priority=B
vdcr_concept_0209,B,Debris-Flow Surge Propagation video,earth_environmental_systems,Debris-Flow Surge Propagation,earth_environmental_systems,earth_family_03,"Candidate must show the temporal sequence that instantiates Debris-Flow Surge Propagation, not merely an object, scene, or static result.",0,30,vdcr_direct_answer; concept_zh=泥石流脉冲推进; concept_type=自然动态机制; priority=B
vdcr_concept_0212,B,Aa Lava Front Advance,earth_environmental_systems,Aa Lava Front Advance,earth_environmental_systems,earth_family_04,"Candidate must show the temporal sequence that instantiates Aa Lava Front Advance, not merely an object, scene, or static result.",0,30,vdcr_direct_answer; concept_zh=阿阿熔岩前缘推进; concept_type=自然动态机制; priority=B
vdcr_concept_0212,B,Aa Lava Front Advance demonstration,earth_environmental_systems,Aa Lava Front Advance,earth_environmental_systems,earth_family_04,"Candidate must show the temporal sequence that instantiates Aa Lava Front Advance, not merely an object, scene, or static result.",0,30,vdcr_direct_answer; concept_zh=阿阿熔岩前缘推进; concept_type=自然动态机制; priority=B
vdcr_concept_0212,B,Aa Lava Front Advance slow motion,earth_environmental_systems,Aa Lava Front Advance,earth_environmental_systems,earth_family_04,"Candidate must show the temporal sequence that instantiates Aa Lava Front Advance, not merely an object, scene, or static result.",0,30,vdcr_direct_answer; concept_zh=阿阿熔岩前缘推进; concept_type=自然动态机制; priority=B
vdcr_concept_0212,B,Aa Lava Front Advance video,earth_environmental_systems,Aa Lava Front Advance,earth_environmental_systems,earth_family_04,"Candidate must show the temporal sequence that instantiates Aa Lava Front Advance, not merely an object, scene, or static result.",0,30,vdcr_direct_answer; concept_zh=阿阿熔岩前缘推进; concept_type=自然动态机制; priority=B
vdcr_concept_0213,B,Lava Dome Collapse,earth_environmental_systems,Lava Dome Collapse,earth_environmental_systems,earth_family_04,"Candidate must show the temporal sequence that instantiates Lava Dome Collapse, not merely an object, scene, or static result.",0,30,vdcr_direct_answer; concept_zh=熔岩穹丘崩塌; concept_type=自然动态机制; priority=B
vdcr_concept_0213,B,Lava Dome Collapse demonstration,earth_environmental_systems,Lava Dome Collapse,earth_environmental_systems,earth_family_04,"Candidate must show the temporal sequence that instantiates Lava Dome Collapse, not merely an object, scene, or static result.",0,30,vdcr_direct_answer; concept_zh=熔岩穹丘崩塌; concept_type=自然动态机制; priority=B
vdcr_concept_0213,B,Lava Dome Collapse slow motion,earth_environmental_systems,Lava Dome Collapse,earth_environmental_systems,earth_family_04,"Candidate must show the temporal sequence that instantiates Lava Dome Collapse, not merely an object, scene, or static result.",0,30,vdcr_direct_answer; concept_zh=熔岩穹丘崩塌; concept_type=自然动态机制; priority=B
vdcr_concept_0213,B,Lava Dome Collapse video,earth_environmental_systems,Lava Dome Collapse,earth_environmental_systems,earth_family_04,"Candidate must show the temporal sequence that instantiates Lava Dome Collapse, not merely an object, scene, or static result.",0,30,vdcr_direct_answer; concept_zh=熔岩穹丘崩塌; concept_type=自然动态机制; priority=B
vdcr_concept_0214,B,Eruption Column Collapse,earth_environmental_systems,Eruption Column Collapse,earth_environmental_systems,earth_family_04,"Candidate must show the temporal sequence that instantiates Eruption Column Collapse, not merely an object, scene, or static result.",0,30,vdcr_direct_answer; concept_zh=喷发柱坍塌; concept_type=自然动态机制; priority=B
vdcr_concept_0214,B,Eruption Column Collapse demonstration,earth_environmental_systems,Eruption Column Collapse,earth_environmental_systems,earth_family_04,"Candidate must show the temporal sequence that instantiates Eruption Column Collapse, not merely an object, scene, or static result.",0,30,vdcr_direct_answer; concept_zh=喷发柱坍塌; concept_type=自然动态机制; priority=B
vdcr_concept_0214,B,Eruption Column Collapse slow motion,earth_environmental_systems,Eruption Column Collapse,earth_environmental_systems,earth_family_04,"Candidate must show the temporal sequence that instantiates Eruption Column Collapse, not merely an object, scene, or static result.",0,30,vdcr_direct_answer; concept_zh=喷发柱坍塌; concept_type=自然动态机制; priority=B
vdcr_concept_0214,B,Eruption Column Collapse video,earth_environmental_systems,Eruption Column Collapse,earth_environmental_systems,earth_family_04,"Candidate must show the temporal sequence that instantiates Eruption Column Collapse, not merely an object, scene, or static result.",0,30,vdcr_direct_answer; concept_zh=喷发柱坍塌; concept_type=自然动态机制; priority=B
vdcr_concept_0217,B,Crevasse Propagation,earth_environmental_systems,Crevasse Propagation,earth_environmental_systems,earth_family_05,"Candidate must show the temporal sequence that instantiates Crevasse Propagation, not merely an object, scene, or static result.",0,30,vdcr_direct_answer; concept_zh=冰裂隙扩展; concept_type=自然动态机制; priority=B
vdcr_concept_0217,B,Crevasse Propagation demonstration,earth_environmental_systems,Crevasse Propagation,earth_environmental_systems,earth_family_05,"Candidate must show the temporal sequence that instantiates Crevasse Propagation, not merely an object, scene, or static result.",0,30,vdcr_direct_answer; concept_zh=冰裂隙扩展; concept_type=自然动态机制; priority=B
vdcr_concept_0217,B,Crevasse Propagation slow motion,earth_environmental_systems,Crevasse Propagation,earth_environmental_systems,earth_family_05,"Candidate must show the temporal sequence that instantiates Crevasse Propagation, not merely an object, scene, or static result.",0,30,vdcr_direct_answer; concept_zh=冰裂隙扩展; concept_type=自然动态机制; priority=B
vdcr_concept_0217,B,Crevasse Propagation video,earth_environmental_systems,Crevasse Propagation,earth_environmental_systems,earth_family_05,"Candidate must show the temporal sequence that instantiates Crevasse Propagation, not merely an object, scene, or static result.",0,30,vdcr_direct_answer; concept_zh=冰裂隙扩展; concept_type=自然动态机制; priority=B
vdcr_concept_0218,B,Ice Cliff Calving,earth_environmental_systems,Ice Cliff Calving,earth_environmental_systems,earth_family_05,"Candidate must show the temporal sequence that instantiates Ice Cliff Calving, not merely an object, scene, or static result.",0,30,vdcr_direct_answer; concept_zh=冰崖崩解; concept_type=自然动态机制; priority=B
vdcr_concept_0218,B,Ice Cliff Calving demonstration,earth_environmental_systems,Ice Cliff Calving,earth_environmental_systems,earth_family_05,"Candidate must show the temporal sequence that instantiates Ice Cliff Calving, not merely an object, scene, or static result.",0,30,vdcr_direct_answer; concept_zh=冰崖崩解; concept_type=自然动态机制; priority=B
vdcr_concept_0218,B,Ice Cliff Calving slow motion,earth_environmental_systems,Ice Cliff Calving,earth_environmental_systems,earth_family_05,"Candidate must show the temporal sequence that instantiates Ice Cliff Calving, not merely an object, scene, or static result.",0,30,vdcr_direct_answer; concept_zh=冰崖崩解; concept_type=自然动态机制; priority=B
vdcr_concept_0218,B,Ice Cliff Calving video,earth_environmental_systems,Ice Cliff Calving,earth_environmental_systems,earth_family_05,"Candidate must show the temporal sequence that instantiates Ice Cliff Calving, not merely an object, scene, or static result.",0,30,vdcr_direct_answer; concept_zh=冰崖崩解; concept_type=自然动态机制; priority=B
vdcr_concept_0220,B,Snow Slab Crown Crack Propagation,earth_environmental_systems,Snow Slab Crown Crack Propagation,earth_environmental_systems,earth_family_05,"Candidate must show the temporal sequence that instantiates Snow Slab Crown Crack Propagation, not merely an object, scene, or static result.",0,30,vdcr_direct_answer; concept_zh=雪板冠状裂缝传播; concept_type=自然动态机制; priority=B
vdcr_concept_0220,B,Snow Slab Crown Crack Propagation demonstration,earth_environmental_systems,Snow Slab Crown Crack Propagation,earth_environmental_systems,earth_family_05,"Candidate must show the temporal sequence that instantiates Snow Slab Crown Crack Propagation, not merely an object, scene, or static result.",0,30,vdcr_direct_answer; concept_zh=雪板冠状裂缝传播; concept_type=自然动态机制; priority=B
vdcr_concept_0220,B,Snow Slab Crown Crack Propagation slow motion,earth_environmental_systems,Snow Slab Crown Crack Propagation,earth_environmental_systems,earth_family_05,"Candidate must show the temporal sequence that instantiates Snow Slab Crown Crack Propagation, not merely an object, scene, or static result.",0,30,vdcr_direct_answer; concept_zh=雪板冠状裂缝传播; concept_type=自然动态机制; priority=B
vdcr_concept_0220,B,Snow Slab Crown Crack Propagation video,earth_environmental_systems,Snow Slab Crown Crack Propagation,earth_environmental_systems,earth_family_05,"Candidate must show the temporal sequence that instantiates Snow Slab Crown Crack Propagation, not merely an object, scene, or static result.",0,30,vdcr_direct_answer; concept_zh=雪板冠状裂缝传播; concept_type=自然动态机制; priority=B
vdcr_concept_0221,B,Glacier Surge,earth_environmental_systems,Glacier Surge,earth_environmental_systems,earth_family_05,"Candidate must show the temporal sequence that instantiates Glacier Surge, not merely an object, scene, or static result.",0,30,vdcr_direct_answer; concept_zh=冰川跃动; concept_type=自然动态机制; priority=B
vdcr_concept_0221,B,Glacier Surge demonstration,earth_environmental_systems,Glacier Surge,earth_environmental_systems,earth_family_05,"Candidate must show the temporal sequence that instantiates Glacier Surge, not merely an object, scene, or static result.",0,30,vdcr_direct_answer; concept_zh=冰川跃动; concept_type=自然动态机制; priority=B
vdcr_concept_0221,B,Glacier Surge slow motion,earth_environmental_systems,Glacier Surge,earth_environmental_systems,earth_family_05,"Candidate must show the temporal sequence that instantiates Glacier Surge, not merely an object, scene, or static result.",0,30,vdcr_direct_answer; concept_zh=冰川跃动; concept_type=自然动态机制; priority=B
vdcr_concept_0221,B,Glacier Surge video,earth_environmental_systems,Glacier Surge,earth_environmental_systems,earth_family_05,"Candidate must show the temporal sequence that instantiates Glacier Surge, not merely an object, scene, or static result.",0,30,vdcr_direct_answer; concept_zh=冰川跃动; concept_type=自然动态机制; priority=B
vdcr_concept_0222,B,Fire Whirl,earth_environmental_systems,Fire Whirl,earth_environmental_systems,earth_family_06,"Candidate must show the temporal sequence that instantiates Fire Whirl, not merely an object, scene, or static result.",0,30,vdcr_direct_answer; concept_zh=火旋风; concept_type=自然动态机制; priority=B
vdcr_concept_0222,B,Fire Whirl demonstration,earth_environmental_systems,Fire Whirl,earth_environmental_systems,earth_family_06,"Candidate must show the temporal sequence that instantiates Fire Whirl, not merely an object, scene, or static result.",0,30,vdcr_direct_answer; concept_zh=火旋风; concept_type=自然动态机制; priority=B
vdcr_concept_0222,B,Fire Whirl slow motion,earth_environmental_systems,Fire Whirl,earth_environmental_systems,earth_family_06,"Candidate must show the temporal sequence that instantiates Fire Whirl, not merely an object, scene, or static result.",0,30,vdcr_direct_answer; concept_zh=火旋风; concept_type=自然动态机制; priority=B
vdcr_concept_0222,B,Fire Whirl video,earth_environmental_systems,Fire Whirl,earth_environmental_systems,earth_family_06,"Candidate must show the temporal sequence that instantiates Fire Whirl, not merely an object, scene, or static result.",0,30,vdcr_direct_answer; concept_zh=火旋风; concept_type=自然动态机制; priority=B
vdcr_concept_0223,B,Crown Fire Transition,earth_environmental_systems,Crown Fire Transition,earth_environmental_systems,earth_family_06,"Candidate must show the temporal sequence that instantiates Crown Fire Transition, not merely an object, scene, or static result.",0,30,vdcr_direct_answer; concept_zh=树冠火转变; concept_type=自然动态机制; priority=B
vdcr_concept_0223,B,Crown Fire Transition demonstration,earth_environmental_systems,Crown Fire Transition,earth_environmental_systems,earth_family_06,"Candidate must show the temporal sequence that instantiates Crown Fire Transition, not merely an object, scene, or static result.",0,30,vdcr_direct_answer; concept_zh=树冠火转变; concept_type=自然动态机制; priority=B
vdcr_concept_0223,B,Crown Fire Transition slow motion,earth_environmental_systems,Crown Fire Transition,earth_environmental_systems,earth_family_06,"Candidate must show the temporal sequence that instantiates Crown Fire Transition, not merely an object, scene, or static result.",0,30,vdcr_direct_answer; concept_zh=树冠火转变; concept_type=自然动态机制; priority=B
vdcr_concept_0223,B,Crown Fire Transition video,earth_environmental_systems,Crown Fire Transition,earth_environmental_systems,earth_family_06,"Candidate must show the temporal sequence that instantiates Crown Fire Transition, not merely an object, scene, or static result.",0,30,vdcr_direct_answer; concept_zh=树冠火转变; concept_type=自然动态机制; priority=B
vdcr_concept_0224,B,Spot Fire Propagation,earth_environmental_systems,Spot Fire Propagation,earth_environmental_systems,earth_family_06,"Candidate must show the temporal sequence that instantiates Spot Fire Propagation, not merely an object, scene, or static result.",0,30,vdcr_direct_answer; concept_zh=飞火传播; concept_type=自然动态机制; priority=B
vdcr_concept_0224,B,Spot Fire Propagation demonstration,earth_environmental_systems,Spot Fire Propagation,earth_environmental_systems,earth_family_06,"Candidate must show the temporal sequence that instantiates Spot Fire Propagation, not merely an object, scene, or static result.",0,30,vdcr_direct_answer; concept_zh=飞火传播; concept_type=自然动态机制; priority=B
vdcr_concept_0224,B,Spot Fire Propagation slow motion,earth_environmental_systems,Spot Fire Propagation,earth_environmental_systems,earth_family_06,"Candidate must show the temporal sequence that instantiates Spot Fire Propagation, not merely an object, scene, or static result.",0,30,vdcr_direct_answer; concept_zh=飞火传播; concept_type=自然动态机制; priority=B
vdcr_concept_0224,B,Spot Fire Propagation video,earth_environmental_systems,Spot Fire Propagation,earth_environmental_systems,earth_family_06,"Candidate must show the temporal sequence that instantiates Spot Fire Propagation, not merely an object, scene, or static result.",0,30,vdcr_direct_answer; concept_zh=飞火传播; concept_type=自然动态机制; priority=B
vdcr_concept_0225,B,Convective Smoke Plume Rise,earth_environmental_systems,Convective Smoke Plume Rise,earth_environmental_systems,earth_family_06,"Candidate must show the temporal sequence that instantiates Convective Smoke Plume Rise, not merely an object, scene, or static result.",0,30,vdcr_direct_answer; concept_zh=烟羽对流上升; concept_type=自然动态机制; priority=B
vdcr_concept_0225,B,Convective Smoke Plume Rise demonstration,earth_environmental_systems,Convective Smoke Plume Rise,earth_environmental_systems,earth_family_06,"Candidate must show the temporal sequence that instantiates Convective Smoke Plume Rise, not merely an object, scene, or static result.",0,30,vdcr_direct_answer; concept_zh=烟羽对流上升; concept_type=自然动态机制; priority=B
vdcr_concept_0225,B,Convective Smoke Plume Rise slow motion,earth_environmental_systems,Convective Smoke Plume Rise,earth_environmental_systems,earth_family_06,"Candidate must show the temporal sequence that instantiates Convective Smoke Plume Rise, not merely an object, scene, or static result.",0,30,vdcr_direct_answer; concept_zh=烟羽对流上升; concept_type=自然动态机制; priority=B
vdcr_concept_0225,B,Convective Smoke Plume Rise video,earth_environmental_systems,Convective Smoke Plume Rise,earth_environmental_systems,earth_family_06,"Candidate must show the temporal sequence that instantiates Convective Smoke Plume Rise, not merely an object, scene, or static result.",0,30,vdcr_direct_answer; concept_zh=烟羽对流上升; concept_type=自然动态机制; priority=B
vdcr_concept_0226,B,Wind-Driven Fire-Front Propagation,earth_environmental_systems,Wind-Driven Fire-Front Propagation,earth_environmental_systems,earth_family_06,"Candidate must show the temporal sequence that instantiates Wind-Driven Fire-Front Propagation, not merely an object, scene, or static result.",0,30,vdcr_direct_answer; concept_zh=阵风驱动火线推进; concept_type=自然动态机制; priority=B
vdcr_concept_0226,B,Wind-Driven Fire-Front Propagation demonstration,earth_environmental_systems,Wind-Driven Fire-Front Propagation,earth_environmental_systems,earth_family_06,"Candidate must show the temporal sequence that instantiates Wind-Driven Fire-Front Propagation, not merely an object, scene, or static result.",0,30,vdcr_direct_answer; concept_zh=阵风驱动火线推进; concept_type=自然动态机制; priority=B
vdcr_concept_0226,B,Wind-Driven Fire-Front Propagation slow motion,earth_environmental_systems,Wind-Driven Fire-Front Propagation,earth_environmental_systems,earth_family_06,"Candidate must show the temporal sequence that instantiates Wind-Driven Fire-Front Propagation, not merely an object, scene, or static result.",0,30,vdcr_direct_answer; concept_zh=阵风驱动火线推进; concept_type=自然动态机制; priority=B
vdcr_concept_0226,B,Wind-Driven Fire-Front Propagation video,earth_environmental_systems,Wind-Driven Fire-Front Propagation,earth_environmental_systems,earth_family_06,"Candidate must show the temporal sequence that instantiates Wind-Driven Fire-Front Propagation, not merely an object, scene, or static result.",0,30,vdcr_direct_answer; concept_zh=阵风驱动火线推进; concept_type=自然动态机制; priority=B
vdcr_concept_0227,B,Pyrocumulus Development,earth_environmental_systems,Pyrocumulus Development,earth_environmental_systems,earth_family_06,"Candidate must show the temporal sequence that instantiates Pyrocumulus Development, not merely an object, scene, or static result.",0,30,vdcr_direct_answer; concept_zh=火积云发展; concept_type=自然动态机制; priority=B
vdcr_concept_0227,B,Pyrocumulus Development demonstration,earth_environmental_systems,Pyrocumulus Development,earth_environmental_systems,earth_family_06,"Candidate must show the temporal sequence that instantiates Pyrocumulus Development, not merely an object, scene, or static result.",0,30,vdcr_direct_answer; concept_zh=火积云发展; concept_type=自然动态机制; priority=B
vdcr_concept_0227,B,Pyrocumulus Development slow motion,earth_environmental_systems,Pyrocumulus Development,earth_environmental_systems,earth_family_06,"Candidate must show the temporal sequence that instantiates Pyrocumulus Development, not merely an object, scene, or static result.",0,30,vdcr_direct_answer; concept_zh=火积云发展; concept_type=自然动态机制; priority=B
vdcr_concept_0227,B,Pyrocumulus Development video,earth_environmental_systems,Pyrocumulus Development,earth_environmental_systems,earth_family_06,"Candidate must show the temporal sequence that instantiates Pyrocumulus Development, not merely an object, scene, or static result.",0,30,vdcr_direct_answer; concept_zh=火积云发展; concept_type=自然动态机制; priority=B
vdcr_concept_0228,B,Aeolian Saltation,earth_environmental_systems,Aeolian Saltation,earth_environmental_systems,earth_family_07,"Candidate must show the temporal sequence that instantiates Aeolian Saltation, not merely an object, scene, or static result.",0,30,vdcr_direct_answer; concept_zh=沙粒跃移; concept_type=自然动态机制; priority=B
vdcr_concept_0228,B,Aeolian Saltation demonstration,earth_environmental_systems,Aeolian Saltation,earth_environmental_systems,earth_family_07,"Candidate must show the temporal sequence that instantiates Aeolian Saltation, not merely an object, scene, or static result.",0,30,vdcr_direct_answer; concept_zh=沙粒跃移; concept_type=自然动态机制; priority=B
vdcr_concept_0228,B,Aeolian Saltation slow motion,earth_environmental_systems,Aeolian Saltation,earth_environmental_systems,earth_family_07,"Candidate must show the temporal sequence that instantiates Aeolian Saltation, not merely an object, scene, or static result.",0,30,vdcr_direct_answer; concept_zh=沙粒跃移; concept_type=自然动态机制; priority=B
vdcr_concept_0228,B,Aeolian Saltation video,earth_environmental_systems,Aeolian Saltation,earth_environmental_systems,earth_family_07,"Candidate must show the temporal sequence that instantiates Aeolian Saltation, not merely an object, scene, or static result.",0,30,vdcr_direct_answer; concept_zh=沙粒跃移; concept_type=自然动态机制; priority=B
vdcr_concept_0229,B,Aeolian Ripple Formation,earth_environmental_systems,Aeolian Ripple Formation,earth_environmental_systems,earth_family_07,"Candidate must show the temporal sequence that instantiates Aeolian Ripple Formation, not merely an object, scene, or static result.",0,30,vdcr_direct_answer; concept_zh=风成波纹形成; concept_type=自然动态机制; priority=B
vdcr_concept_0229,B,Aeolian Ripple Formation demonstration,earth_environmental_systems,Aeolian Ripple Formation,earth_environmental_systems,earth_family_07,"Candidate must show the temporal sequence that instantiates Aeolian Ripple Formation, not merely an object, scene, or static result.",0,30,vdcr_direct_answer; concept_zh=风成波纹形成; concept_type=自然动态机制; priority=B
vdcr_concept_0229,B,Aeolian Ripple Formation slow motion,earth_environmental_systems,Aeolian Ripple Formation,earth_environmental_systems,earth_family_07,"Candidate must show the temporal sequence that instantiates Aeolian Ripple Formation, not merely an object, scene, or static result.",0,30,vdcr_direct_answer; concept_zh=风成波纹形成; concept_type=自然动态机制; priority=B
vdcr_concept_0229,B,Aeolian Ripple Formation video,earth_environmental_systems,Aeolian Ripple Formation,earth_environmental_systems,earth_family_07,"Candidate must show the temporal sequence that instantiates Aeolian Ripple Formation, not merely an object, scene, or static result.",0,30,vdcr_direct_answer; concept_zh=风成波纹形成; concept_type=自然动态机制; priority=B
vdcr_concept_0231,B,Dune Slip-Face Avalanche,earth_environmental_systems,Dune Slip-Face Avalanche,earth_environmental_systems,earth_family_07,"Candidate must show the temporal sequence that instantiates Dune Slip-Face Avalanche, not merely an object, scene, or static result.",0,30,vdcr_direct_answer; concept_zh=沙丘雪崩面滑移; concept_type=自然动态机制; priority=B
vdcr_concept_0231,B,Dune Slip-Face Avalanche demonstration,earth_environmental_systems,Dune Slip-Face Avalanche,earth_environmental_systems,earth_family_07,"Candidate must show the temporal sequence that instantiates Dune Slip-Face Avalanche, not merely an object, scene, or static result.",0,30,vdcr_direct_answer; concept_zh=沙丘雪崩面滑移; concept_type=自然动态机制; priority=B
vdcr_concept_0231,B,Dune Slip-Face Avalanche slow motion,earth_environmental_systems,Dune Slip-Face Avalanche,earth_environmental_systems,earth_family_07,"Candidate must show the temporal sequence that instantiates Dune Slip-Face Avalanche, not merely an object, scene, or static result.",0,30,vdcr_direct_answer; concept_zh=沙丘雪崩面滑移; concept_type=自然动态机制; priority=B
vdcr_concept_0231,B,Dune Slip-Face Avalanche video,earth_environmental_systems,Dune Slip-Face Avalanche,earth_environmental_systems,earth_family_07,"Candidate must show the temporal sequence that instantiates Dune Slip-Face Avalanche, not merely an object, scene, or static result.",0,30,vdcr_direct_answer; concept_zh=沙丘雪崩面滑移; concept_type=自然动态机制; priority=B
vdcr_concept_0232,B,Dust Storm Front Propagation,earth_environmental_systems,Dust Storm Front Propagation,earth_environmental_systems,earth_family_07,"Candidate must show the temporal sequence that instantiates Dust Storm Front Propagation, not merely an object, scene, or static result.",0,30,vdcr_direct_answer; concept_zh=尘暴锋面推进; concept_type=自然动态机制; priority=B
vdcr_concept_0232,B,Dust Storm Front Propagation demonstration,earth_environmental_systems,Dust Storm Front Propagation,earth_environmental_systems,earth_family_07,"Candidate must show the temporal sequence that instantiates Dust Storm Front Propagation, not merely an object, scene, or static result.",0,30,vdcr_direct_answer; concept_zh=尘暴锋面推进; concept_type=自然动态机制; priority=B
vdcr_concept_0232,B,Dust Storm Front Propagation slow motion,earth_environmental_systems,Dust Storm Front Propagation,earth_environmental_systems,earth_family_07,"Candidate must show the temporal sequence that instantiates Dust Storm Front Propagation, not merely an object, scene, or static result.",0,30,vdcr_direct_answer; concept_zh=尘暴锋面推进; concept_type=自然动态机制; priority=B
vdcr_concept_0232,B,Dust Storm Front Propagation video,earth_environmental_systems,Dust Storm Front Propagation,earth_environmental_systems,earth_family_07,"Candidate must show the temporal sequence that instantiates Dust Storm Front Propagation, not merely an object, scene, or static result.",0,30,vdcr_direct_answer; concept_zh=尘暴锋面推进; concept_type=自然动态机制; priority=B
vdcr_concept_0233,B,Aeolian Granular Sorting,earth_environmental_systems,Aeolian Granular Sorting,earth_environmental_systems,earth_family_07,"Candidate must show the temporal sequence that instantiates Aeolian Granular Sorting, not merely an object, scene, or static result.",0,30,vdcr_direct_answer; concept_zh=风沙流分选; concept_type=自然动态机制; priority=B
vdcr_concept_0233,B,Aeolian Granular Sorting demonstration,earth_environmental_systems,Aeolian Granular Sorting,earth_environmental_systems,earth_family_07,"Candidate must show the temporal sequence that instantiates Aeolian Granular Sorting, not merely an object, scene, or static result.",0,30,vdcr_direct_answer; concept_zh=风沙流分选; concept_type=自然动态机制; priority=B
vdcr_concept_0233,B,Aeolian Granular Sorting slow motion,earth_environmental_systems,Aeolian Granular Sorting,earth_environmental_systems,earth_family_07,"Candidate must show the temporal sequence that instantiates Aeolian Granular Sorting, not merely an object, scene, or static result.",0,30,vdcr_direct_answer; concept_zh=风沙流分选; concept_type=自然动态机制; priority=B
vdcr_concept_0233,B,Aeolian Granular Sorting video,earth_environmental_systems,Aeolian Granular Sorting,earth_environmental_systems,earth_family_07,"Candidate must show the temporal sequence that instantiates Aeolian Granular Sorting, not merely an object, scene, or static result.",0,30,vdcr_direct_answer; concept_zh=风沙流分选; concept_type=自然动态机制; priority=B
vdcr_concept_0234,B,Plunging Breaker,earth_environmental_systems,Plunging Breaker,earth_environmental_systems,earth_family_08,"Candidate must show the temporal sequence that instantiates Plunging Breaker, not merely an object, scene, or static result.",0,30,vdcr_direct_answer; concept_zh=卷破波; concept_type=自然动态机制; priority=B
vdcr_concept_0234,B,Plunging Breaker demonstration,earth_environmental_systems,Plunging Breaker,earth_environmental_systems,earth_family_08,"Candidate must show the temporal sequence that instantiates Plunging Breaker, not merely an object, scene, or static result.",0,30,vdcr_direct_answer; concept_zh=卷破波; concept_type=自然动态机制; priority=B
vdcr_concept_0234,B,Plunging Breaker slow motion,earth_environmental_systems,Plunging Breaker,earth_environmental_systems,earth_family_08,"Candidate must show the temporal sequence that instantiates Plunging Breaker, not merely an object, scene, or static result.",0,30,vdcr_direct_answer; concept_zh=卷破波; concept_type=自然动态机制; priority=B
vdcr_concept_0234,B,Plunging Breaker video,earth_environmental_systems,Plunging Breaker,earth_environmental_systems,earth_family_08,"Candidate must show the temporal sequence that instantiates Plunging Breaker, not merely an object, scene, or static result.",0,30,vdcr_direct_answer; concept_zh=卷破波; concept_type=自然动态机制; priority=B
vdcr_concept_0236,B,Storm Surge Propagation,earth_environmental_systems,Storm Surge Propagation,earth_environmental_systems,earth_family_08,"Candidate must show the temporal sequence that instantiates Storm Surge Propagation, not merely an object, scene, or static result.",0,30,vdcr_direct_answer; concept_zh=风暴潮推进; concept_type=自然动态机制; priority=B
vdcr_concept_0236,B,Storm Surge Propagation demonstration,earth_environmental_systems,Storm Surge Propagation,earth_environmental_systems,earth_family_08,"Candidate must show the temporal sequence that instantiates Storm Surge Propagation, not merely an object, scene, or static result.",0,30,vdcr_direct_answer; concept_zh=风暴潮推进; concept_type=自然动态机制; priority=B
vdcr_concept_0236,B,Storm Surge Propagation slow motion,earth_environmental_systems,Storm Surge Propagation,earth_environmental_systems,earth_family_08,"Candidate must show the temporal sequence that instantiates Storm Surge Propagation, not merely an object, scene, or static result.",0,30,vdcr_direct_answer; concept_zh=风暴潮推进; concept_type=自然动态机制; priority=B
vdcr_concept_0236,B,Storm Surge Propagation video,earth_environmental_systems,Storm Surge Propagation,earth_environmental_systems,earth_family_08,"Candidate must show the temporal sequence that instantiates Storm Surge Propagation, not merely an object, scene, or static result.",0,30,vdcr_direct_answer; concept_zh=风暴潮推进; concept_type=自然动态机制; priority=B
vdcr_concept_0237,B,Rip Current Formation,earth_environmental_systems,Rip Current Formation,earth_environmental_systems,earth_family_08,"Candidate must show the temporal sequence that instantiates Rip Current Formation, not merely an object, scene, or static result.",0,30,vdcr_direct_answer; concept_zh=近岸裂流形成; concept_type=自然动态机制; priority=B
vdcr_concept_0237,B,Rip Current Formation demonstration,earth_environmental_systems,Rip Current Formation,earth_environmental_systems,earth_family_08,"Candidate must show the temporal sequence that instantiates Rip Current Formation, not merely an object, scene, or static result.",0,30,vdcr_direct_answer; concept_zh=近岸裂流形成; concept_type=自然动态机制; priority=B
vdcr_concept_0237,B,Rip Current Formation slow motion,earth_environmental_systems,Rip Current Formation,earth_environmental_systems,earth_family_08,"Candidate must show the temporal sequence that instantiates Rip Current Formation, not merely an object, scene, or static result.",0,30,vdcr_direct_answer; concept_zh=近岸裂流形成; concept_type=自然动态机制; priority=B
vdcr_concept_0237,B,Rip Current Formation video,earth_environmental_systems,Rip Current Formation,earth_environmental_systems,earth_family_08,"Candidate must show the temporal sequence that instantiates Rip Current Formation, not merely an object, scene, or static result.",0,30,vdcr_direct_answer; concept_zh=近岸裂流形成; concept_type=自然动态机制; priority=B
vdcr_concept_0241,B,Headward Erosion,earth_environmental_systems,Headward Erosion,earth_environmental_systems,earth_family_09,"Candidate must show the temporal sequence that instantiates Headward Erosion, not merely an object, scene, or static result.",0,30,vdcr_direct_answer; concept_zh=溯源侵蚀; concept_type=自然动态机制; priority=B
vdcr_concept_0241,B,Headward Erosion demonstration,earth_environmental_systems,Headward Erosion,earth_environmental_systems,earth_family_09,"Candidate must show the temporal sequence that instantiates Headward Erosion, not merely an object, scene, or static result.",0,30,vdcr_direct_answer; concept_zh=溯源侵蚀; concept_type=自然动态机制; priority=B
vdcr_concept_0241,B,Headward Erosion slow motion,earth_environmental_systems,Headward Erosion,earth_environmental_systems,earth_family_09,"Candidate must show the temporal sequence that instantiates Headward Erosion, not merely an object, scene, or static result.",0,30,vdcr_direct_answer; concept_zh=溯源侵蚀; concept_type=自然动态机制; priority=B
vdcr_concept_0241,B,Headward Erosion video,earth_environmental_systems,Headward Erosion,earth_environmental_systems,earth_family_09,"Candidate must show the temporal sequence that instantiates Headward Erosion, not merely an object, scene, or static result.",0,30,vdcr_direct_answer; concept_zh=溯源侵蚀; concept_type=自然动态机制; priority=B
vdcr_concept_0242,B,Delta Lobe Avulsion,earth_environmental_systems,Delta Lobe Avulsion,earth_environmental_systems,earth_family_09,"Candidate must show the temporal sequence that instantiates Delta Lobe Avulsion, not merely an object, scene, or static result.",0,30,vdcr_direct_answer; concept_zh=三角洲分流改道; concept_type=自然动态机制; priority=B
vdcr_concept_0242,B,Delta Lobe Avulsion demonstration,earth_environmental_systems,Delta Lobe Avulsion,earth_environmental_systems,earth_family_09,"Candidate must show the temporal sequence that instantiates Delta Lobe Avulsion, not merely an object, scene, or static result.",0,30,vdcr_direct_answer; concept_zh=三角洲分流改道; concept_type=自然动态机制; priority=B
vdcr_concept_0242,B,Delta Lobe Avulsion slow motion,earth_environmental_systems,Delta Lobe Avulsion,earth_environmental_systems,earth_family_09,"Candidate must show the temporal sequence that instantiates Delta Lobe Avulsion, not merely an object, scene, or static result.",0,30,vdcr_direct_answer; concept_zh=三角洲分流改道; concept_type=自然动态机制; priority=B
vdcr_concept_0242,B,Delta Lobe Avulsion video,earth_environmental_systems,Delta Lobe Avulsion,earth_environmental_systems,earth_family_09,"Candidate must show the temporal sequence that instantiates Delta Lobe Avulsion, not merely an object, scene, or static result.",0,30,vdcr_direct_answer; concept_zh=三角洲分流改道; concept_type=自然动态机制; priority=B
vdcr_concept_0244,B,Rill Network Expansion,earth_environmental_systems,Rill Network Expansion,earth_environmental_systems,earth_family_09,"Candidate must show the temporal sequence that instantiates Rill Network Expansion, not merely an object, scene, or static result.",0,30,vdcr_direct_answer; concept_zh=冲沟网络扩展; concept_type=自然动态机制; priority=B
vdcr_concept_0244,B,Rill Network Expansion demonstration,earth_environmental_systems,Rill Network Expansion,earth_environmental_systems,earth_family_09,"Candidate must show the temporal sequence that instantiates Rill Network Expansion, not merely an object, scene, or static result.",0,30,vdcr_direct_answer; concept_zh=冲沟网络扩展; concept_type=自然动态机制; priority=B
vdcr_concept_0244,B,Rill Network Expansion slow motion,earth_environmental_systems,Rill Network Expansion,earth_environmental_systems,earth_family_09,"Candidate must show the temporal sequence that instantiates Rill Network Expansion, not merely an object, scene, or static result.",0,30,vdcr_direct_answer; concept_zh=冲沟网络扩展; concept_type=自然动态机制; priority=B
vdcr_concept_0244,B,Rill Network Expansion video,earth_environmental_systems,Rill Network Expansion,earth_environmental_systems,earth_family_09,"Candidate must show the temporal sequence that instantiates Rill Network Expansion, not merely an object, scene, or static result.",0,30,vdcr_direct_answer; concept_zh=冲沟网络扩展; concept_type=自然动态机制; priority=B
vdcr_concept_0043,C,Prandtl-Meyer Expansion Fan,physics_physical_systems,Prandtl-Meyer Expansion Fan,physics_physical_systems,physics_family_06,"Candidate must show the temporal sequence that instantiates Prandtl-Meyer Expansion Fan, not merely an object, scene, or static result.",0,30,vdcr_direct_answer; concept_zh=普朗特-迈耶膨胀扇; concept_type=自然动态机制; priority=C
vdcr_concept_0043,C,Prandtl-Meyer Expansion Fan demonstration,physics_physical_systems,Prandtl-Meyer Expansion Fan,physics_physical_systems,physics_family_06,"Candidate must show the temporal sequence that instantiates Prandtl-Meyer Expansion Fan, not merely an object, scene, or static result.",0,30,vdcr_direct_answer; concept_zh=普朗特-迈耶膨胀扇; concept_type=自然动态机制; priority=C
vdcr_concept_0043,C,Prandtl-Meyer Expansion Fan slow motion,physics_physical_systems,Prandtl-Meyer Expansion Fan,physics_physical_systems,physics_family_06,"Candidate must show the temporal sequence that instantiates Prandtl-Meyer Expansion Fan, not merely an object, scene, or static result.",0,30,vdcr_direct_answer; concept_zh=普朗特-迈耶膨胀扇; concept_type=自然动态机制; priority=C
vdcr_concept_0043,C,Prandtl-Meyer Expansion Fan video,physics_physical_systems,Prandtl-Meyer Expansion Fan,physics_physical_systems,physics_family_06,"Candidate must show the temporal sequence that instantiates Prandtl-Meyer Expansion Fan, not merely an object, scene, or static result.",0,30,vdcr_direct_answer; concept_zh=普朗特-迈耶膨胀扇; concept_type=自然动态机制; priority=C
vdcr_concept_0046,C,Shock-Boundary-Layer Interaction,physics_physical_systems,Shock-Boundary-Layer Interaction,physics_physical_systems,physics_family_06,"Candidate must show the temporal sequence that instantiates Shock-Boundary-Layer Interaction, not merely an object, scene, or static result.",0,30,vdcr_direct_answer; concept_zh=激波-边界层相互作用; concept_type=自然动态机制; priority=C
vdcr_concept_0046,C,Shock-Boundary-Layer Interaction demonstration,physics_physical_systems,Shock-Boundary-Layer Interaction,physics_physical_systems,physics_family_06,"Candidate must show the temporal sequence that instantiates Shock-Boundary-Layer Interaction, not merely an object, scene, or static result.",0,30,vdcr_direct_answer; concept_zh=激波-边界层相互作用; concept_type=自然动态机制; priority=C
vdcr_concept_0046,C,Shock-Boundary-Layer Interaction slow motion,physics_physical_systems,Shock-Boundary-Layer Interaction,physics_physical_systems,physics_family_06,"Candidate must show the temporal sequence that instantiates Shock-Boundary-Layer Interaction, not merely an object, scene, or static result.",0,30,vdcr_direct_answer; concept_zh=激波-边界层相互作用; concept_type=自然动态机制; priority=C
vdcr_concept_0046,C,Shock-Boundary-Layer Interaction video,physics_physical_systems,Shock-Boundary-Layer Interaction,physics_physical_systems,physics_family_06,"Candidate must show the temporal sequence that instantiates Shock-Boundary-Layer Interaction, not merely an object, scene, or static result.",0,30,vdcr_direct_answer; concept_zh=激波-边界层相互作用; concept_type=自然动态机制; priority=C
vdcr_concept_0047,C,Magnetic Reconnection,physics_physical_systems,Magnetic Reconnection,physics_physical_systems,physics_family_07,"Candidate must show the temporal sequence that instantiates Magnetic Reconnection, not merely an object, scene, or static result.",0,30,vdcr_direct_answer; concept_zh=磁场重联; concept_type=自然动态机制; priority=C
vdcr_concept_0047,C,Magnetic Reconnection demonstration,physics_physical_systems,Magnetic Reconnection,physics_physical_systems,physics_family_07,"Candidate must show the temporal sequence that instantiates Magnetic Reconnection, not merely an object, scene, or static result.",0,30,vdcr_direct_answer; concept_zh=磁场重联; concept_type=自然动态机制; priority=C
vdcr_concept_0047,C,Magnetic Reconnection slow motion,physics_physical_systems,Magnetic Reconnection,physics_physical_systems,physics_family_07,"Candidate must show the temporal sequence that instantiates Magnetic Reconnection, not merely an object, scene, or static result.",0,30,vdcr_direct_answer; concept_zh=磁场重联; concept_type=自然动态机制; priority=C
vdcr_concept_0047,C,Magnetic Reconnection video,physics_physical_systems,Magnetic Reconnection,physics_physical_systems,physics_family_07,"Candidate must show the temporal sequence that instantiates Magnetic Reconnection, not merely an object, scene, or static result.",0,30,vdcr_direct_answer; concept_zh=磁场重联; concept_type=自然动态机制; priority=C
vdcr_concept_0048,C,Plasma Filamentation,physics_physical_systems,Plasma Filamentation,physics_physical_systems,physics_family_07,"Candidate must show the temporal sequence that instantiates Plasma Filamentation, not merely an object, scene, or static result.",0,30,vdcr_direct_answer; concept_zh=等离子体丝化; concept_type=自然动态机制; priority=C
vdcr_concept_0048,C,Plasma Filamentation demonstration,physics_physical_systems,Plasma Filamentation,physics_physical_systems,physics_family_07,"Candidate must show the temporal sequence that instantiates Plasma Filamentation, not merely an object, scene, or static result.",0,30,vdcr_direct_answer; concept_zh=等离子体丝化; concept_type=自然动态机制; priority=C
vdcr_concept_0048,C,Plasma Filamentation slow motion,physics_physical_systems,Plasma Filamentation,physics_physical_systems,physics_family_07,"Candidate must show the temporal sequence that instantiates Plasma Filamentation, not merely an object, scene, or static result.",0,30,vdcr_direct_answer; concept_zh=等离子体丝化; concept_type=自然动态机制; priority=C
vdcr_concept_0048,C,Plasma Filamentation video,physics_physical_systems,Plasma Filamentation,physics_physical_systems,physics_family_07,"Candidate must show the temporal sequence that instantiates Plasma Filamentation, not merely an object, scene, or static result.",0,30,vdcr_direct_answer; concept_zh=等离子体丝化; concept_type=自然动态机制; priority=C
vdcr_concept_0052,C,Solar Prominence Eruption,physics_physical_systems,Solar Prominence Eruption,physics_physical_systems,physics_family_07,"Candidate must show the temporal sequence that instantiates Solar Prominence Eruption, not merely an object, scene, or static result.",0,30,vdcr_direct_answer; concept_zh=太阳日珥喷发; concept_type=自然动态机制; priority=C
vdcr_concept_0052,C,Solar Prominence Eruption demonstration,physics_physical_systems,Solar Prominence Eruption,physics_physical_systems,physics_family_07,"Candidate must show the temporal sequence that instantiates Solar Prominence Eruption, not merely an object, scene, or static result.",0,30,vdcr_direct_answer; concept_zh=太阳日珥喷发; concept_type=自然动态机制; priority=C
vdcr_concept_0052,C,Solar Prominence Eruption slow motion,physics_physical_systems,Solar Prominence Eruption,physics_physical_systems,physics_family_07,"Candidate must show the temporal sequence that instantiates Solar Prominence Eruption, not merely an object, scene, or static result.",0,30,vdcr_direct_answer; concept_zh=太阳日珥喷发; concept_type=自然动态机制; priority=C
vdcr_concept_0052,C,Solar Prominence Eruption video,physics_physical_systems,Solar Prominence Eruption,physics_physical_systems,physics_family_07,"Candidate must show the temporal sequence that instantiates Solar Prominence Eruption, not merely an object, scene, or static result.",0,30,vdcr_direct_answer; concept_zh=太阳日珥喷发; concept_type=自然动态机制; priority=C
vdcr_concept_0053,C,Coronal Mass Ejection,physics_physical_systems,Coronal Mass Ejection,physics_physical_systems,physics_family_07,"Candidate must show the temporal sequence that instantiates Coronal Mass Ejection, not merely an object, scene, or static result.",0,30,vdcr_direct_answer; concept_zh=日冕物质抛射; concept_type=自然动态机制; priority=C
vdcr_concept_0053,C,Coronal Mass Ejection demonstration,physics_physical_systems,Coronal Mass Ejection,physics_physical_systems,physics_family_07,"Candidate must show the temporal sequence that instantiates Coronal Mass Ejection, not merely an object, scene, or static result.",0,30,vdcr_direct_answer; concept_zh=日冕物质抛射; concept_type=自然动态机制; priority=C
vdcr_concept_0053,C,Coronal Mass Ejection slow motion,physics_physical_systems,Coronal Mass Ejection,physics_physical_systems,physics_family_07,"Candidate must show the temporal sequence that instantiates Coronal Mass Ejection, not merely an object, scene, or static result.",0,30,vdcr_direct_answer; concept_zh=日冕物质抛射; concept_type=自然动态机制; priority=C
vdcr_concept_0053,C,Coronal Mass Ejection video,physics_physical_systems,Coronal Mass Ejection,physics_physical_systems,physics_family_07,"Candidate must show the temporal sequence that instantiates Coronal Mass Ejection, not merely an object, scene, or static result.",0,30,vdcr_direct_answer; concept_zh=日冕物质抛射; concept_type=自然动态机制; priority=C
vdcr_concept_0099,C,Corrosion Pit Growth,chemistry_materials_change,Corrosion Pit Growth,chemistry_materials_change,materials_family_08,"Candidate must show the temporal sequence that instantiates Corrosion Pit Growth, not merely an object, scene, or static result.",0,30,vdcr_direct_answer; concept_zh=腐蚀坑扩展; concept_type=自然动态机制; priority=C
vdcr_concept_0099,C,Corrosion Pit Growth demonstration,chemistry_materials_change,Corrosion Pit Growth,chemistry_materials_change,materials_family_08,"Candidate must show the temporal sequence that instantiates Corrosion Pit Growth, not merely an object, scene, or static result.",0,30,vdcr_direct_answer; concept_zh=腐蚀坑扩展; concept_type=自然动态机制; priority=C
vdcr_concept_0099,C,Corrosion Pit Growth slow motion,chemistry_materials_change,Corrosion Pit Growth,chemistry_materials_change,materials_family_08,"Candidate must show the temporal sequence that instantiates Corrosion Pit Growth, not merely an object, scene, or static result.",0,30,vdcr_direct_answer; concept_zh=腐蚀坑扩展; concept_type=自然动态机制; priority=C
vdcr_concept_0099,C,Corrosion Pit Growth video,chemistry_materials_change,Corrosion Pit Growth,chemistry_materials_change,materials_family_08,"Candidate must show the temporal sequence that instantiates Corrosion Pit Growth, not merely an object, scene, or static result.",0,30,vdcr_direct_answer; concept_zh=腐蚀坑扩展; concept_type=自然动态机制; priority=C
vdcr_concept_0100,C,Anodic Oxide Film Growth,chemistry_materials_change,Anodic Oxide Film Growth,chemistry_materials_change,materials_family_08,"Candidate must show the temporal sequence that instantiates Anodic Oxide Film Growth, not merely an object, scene, or static result.",0,30,vdcr_direct_answer; concept_zh=阳极氧化膜生长; concept_type=自然动态机制; priority=C
vdcr_concept_0100,C,Anodic Oxide Film Growth demonstration,chemistry_materials_change,Anodic Oxide Film Growth,chemistry_materials_change,materials_family_08,"Candidate must show the temporal sequence that instantiates Anodic Oxide Film Growth, not merely an object, scene, or static result.",0,30,vdcr_direct_answer; concept_zh=阳极氧化膜生长; concept_type=自然动态机制; priority=C
vdcr_concept_0100,C,Anodic Oxide Film Growth slow motion,chemistry_materials_change,Anodic Oxide Film Growth,chemistry_materials_change,materials_family_08,"Candidate must show the temporal sequence that instantiates Anodic Oxide Film Growth, not merely an object, scene, or static result.",0,30,vdcr_direct_answer; concept_zh=阳极氧化膜生长; concept_type=自然动态机制; priority=C
vdcr_concept_0100,C,Anodic Oxide Film Growth video,chemistry_materials_change,Anodic Oxide Film Growth,chemistry_materials_change,materials_family_08,"Candidate must show the temporal sequence that instantiates Anodic Oxide Film Growth, not merely an object, scene, or static result.",0,30,vdcr_direct_answer; concept_zh=阳极氧化膜生长; concept_type=自然动态机制; priority=C
vdcr_concept_0101,C,Lithium Dendrite Growth,chemistry_materials_change,Lithium Dendrite Growth,chemistry_materials_change,materials_family_08,"Candidate must show the temporal sequence that instantiates Lithium Dendrite Growth, not merely an object, scene, or static result.",0,30,vdcr_direct_answer; concept_zh=锂枝晶生长; concept_type=自然动态机制; priority=C
vdcr_concept_0101,C,Lithium Dendrite Growth demonstration,chemistry_materials_change,Lithium Dendrite Growth,chemistry_materials_change,materials_family_08,"Candidate must show the temporal sequence that instantiates Lithium Dendrite Growth, not merely an object, scene, or static result.",0,30,vdcr_direct_answer; concept_zh=锂枝晶生长; concept_type=自然动态机制; priority=C
vdcr_concept_0101,C,Lithium Dendrite Growth slow motion,chemistry_materials_change,Lithium Dendrite Growth,chemistry_materials_change,materials_family_08,"Candidate must show the temporal sequence that instantiates Lithium Dendrite Growth, not merely an object, scene, or static result.",0,30,vdcr_direct_answer; concept_zh=锂枝晶生长; concept_type=自然动态机制; priority=C
vdcr_concept_0101,C,Lithium Dendrite Growth video,chemistry_materials_change,Lithium Dendrite Growth,chemistry_materials_change,materials_family_08,"Candidate must show the temporal sequence that instantiates Lithium Dendrite Growth, not merely an object, scene, or static result.",0,30,vdcr_direct_answer; concept_zh=锂枝晶生长; concept_type=自然动态机制; priority=C
vdcr_concept_0103,C,Polymerization Shrinkage Front,chemistry_materials_change,Polymerization Shrinkage Front,chemistry_materials_change,materials_family_09,"Candidate must show the temporal sequence that instantiates Polymerization Shrinkage Front, not merely an object, scene, or static result.",0,30,vdcr_direct_answer; concept_zh=聚合收缩前沿; concept_type=自然动态机制; priority=C
vdcr_concept_0103,C,Polymerization Shrinkage Front demonstration,chemistry_materials_change,Polymerization Shrinkage Front,chemistry_materials_change,materials_family_09,"Candidate must show the temporal sequence that instantiates Polymerization Shrinkage Front, not merely an object, scene, or static result.",0,30,vdcr_direct_answer; concept_zh=聚合收缩前沿; concept_type=自然动态机制; priority=C
vdcr_concept_0103,C,Polymerization Shrinkage Front slow motion,chemistry_materials_change,Polymerization Shrinkage Front,chemistry_materials_change,materials_family_09,"Candidate must show the temporal sequence that instantiates Polymerization Shrinkage Front, not merely an object, scene, or static result.",0,30,vdcr_direct_answer; concept_zh=聚合收缩前沿; concept_type=自然动态机制; priority=C
vdcr_concept_0103,C,Polymerization Shrinkage Front video,chemistry_materials_change,Polymerization Shrinkage Front,chemistry_materials_change,materials_family_09,"Candidate must show the temporal sequence that instantiates Polymerization Shrinkage Front, not merely an object, scene, or static result.",0,30,vdcr_direct_answer; concept_zh=聚合收缩前沿; concept_type=自然动态机制; priority=C
vdcr_concept_0106,C,Liquid Crystal Domain Evolution,chemistry_materials_change,Liquid Crystal Domain Evolution,chemistry_materials_change,materials_family_09,"Candidate must show the temporal sequence that instantiates Liquid Crystal Domain Evolution, not merely an object, scene, or static result.",0,30,vdcr_direct_answer; concept_zh=液晶相畴演化; concept_type=自然动态机制; priority=C
vdcr_concept_0106,C,Liquid Crystal Domain Evolution demonstration,chemistry_materials_change,Liquid Crystal Domain Evolution,chemistry_materials_change,materials_family_09,"Candidate must show the temporal sequence that instantiates Liquid Crystal Domain Evolution, not merely an object, scene, or static result.",0,30,vdcr_direct_answer; concept_zh=液晶相畴演化; concept_type=自然动态机制; priority=C
vdcr_concept_0106,C,Liquid Crystal Domain Evolution slow motion,chemistry_materials_change,Liquid Crystal Domain Evolution,chemistry_materials_change,materials_family_09,"Candidate must show the temporal sequence that instantiates Liquid Crystal Domain Evolution, not merely an object, scene, or static result.",0,30,vdcr_direct_answer; concept_zh=液晶相畴演化; concept_type=自然动态机制; priority=C
vdcr_concept_0106,C,Liquid Crystal Domain Evolution video,chemistry_materials_change,Liquid Crystal Domain Evolution,chemistry_materials_change,materials_family_09,"Candidate must show the temporal sequence that instantiates Liquid Crystal Domain Evolution, not merely an object, scene, or static result.",0,30,vdcr_direct_answer; concept_zh=液晶相畴演化; concept_type=自然动态机制; priority=C
vdcr_concept_0107,C,Liquid Crystal Defect Annihilation,chemistry_materials_change,Liquid Crystal Defect Annihilation,chemistry_materials_change,materials_family_09,"Candidate must show the temporal sequence that instantiates Liquid Crystal Defect Annihilation, not merely an object, scene, or static result.",0,30,vdcr_direct_answer; concept_zh=液晶缺陷湮灭; concept_type=自然动态机制; priority=C
vdcr_concept_0107,C,Liquid Crystal Defect Annihilation demonstration,chemistry_materials_change,Liquid Crystal Defect Annihilation,chemistry_materials_change,materials_family_09,"Candidate must show the temporal sequence that instantiates Liquid Crystal Defect Annihilation, not merely an object, scene, or static result.",0,30,vdcr_direct_answer; concept_zh=液晶缺陷湮灭; concept_type=自然动态机制; priority=C
vdcr_concept_0107,C,Liquid Crystal Defect Annihilation slow motion,chemistry_materials_change,Liquid Crystal Defect Annihilation,chemistry_materials_change,materials_family_09,"Candidate must show the temporal sequence that instantiates Liquid Crystal Defect Annihilation, not merely an object, scene, or static result.",0,30,vdcr_direct_answer; concept_zh=液晶缺陷湮灭; concept_type=自然动态机制; priority=C
vdcr_concept_0107,C,Liquid Crystal Defect Annihilation video,chemistry_materials_change,Liquid Crystal Defect Annihilation,chemistry_materials_change,materials_family_09,"Candidate must show the temporal sequence that instantiates Liquid Crystal Defect Annihilation, not merely an object, scene, or static result.",0,30,vdcr_direct_answer; concept_zh=液晶缺陷湮灭; concept_type=自然动态机制; priority=C
vdcr_concept_0176,C,Convergent Extension,biology_living_systems,Convergent Extension,biology_living_systems,biology_family_08,"Candidate must show the temporal sequence that instantiates Convergent Extension, not merely an object, scene, or static result.",0,30,vdcr_direct_answer; concept_zh=汇聚延伸运动; concept_type=自然动态机制; priority=C
vdcr_concept_0176,C,Convergent Extension demonstration,biology_living_systems,Convergent Extension,biology_living_systems,biology_family_08,"Candidate must show the temporal sequence that instantiates Convergent Extension, not merely an object, scene, or static result.",0,30,vdcr_direct_answer; concept_zh=汇聚延伸运动; concept_type=自然动态机制; priority=C
vdcr_concept_0176,C,Convergent Extension slow motion,biology_living_systems,Convergent Extension,biology_living_systems,biology_family_08,"Candidate must show the temporal sequence that instantiates Convergent Extension, not merely an object, scene, or static result.",0,30,vdcr_direct_answer; concept_zh=汇聚延伸运动; concept_type=自然动态机制; priority=C
vdcr_concept_0176,C,Convergent Extension video,biology_living_systems,Convergent Extension,biology_living_systems,biology_family_08,"Candidate must show the temporal sequence that instantiates Convergent Extension, not merely an object, scene, or static result.",0,30,vdcr_direct_answer; concept_zh=汇聚延伸运动; concept_type=自然动态机制; priority=C
vdcr_concept_0177,C,Neural Tube Closure,biology_living_systems,Neural Tube Closure,biology_living_systems,biology_family_08,"Candidate must show the temporal sequence that instantiates Neural Tube Closure, not merely an object, scene, or static result.",0,30,vdcr_direct_answer; concept_zh=神经管闭合; concept_type=自然动态机制; priority=C
vdcr_concept_0177,C,Neural Tube Closure demonstration,biology_living_systems,Neural Tube Closure,biology_living_systems,biology_family_08,"Candidate must show the temporal sequence that instantiates Neural Tube Closure, not merely an object, scene, or static result.",0,30,vdcr_direct_answer; concept_zh=神经管闭合; concept_type=自然动态机制; priority=C
vdcr_concept_0177,C,Neural Tube Closure slow motion,biology_living_systems,Neural Tube Closure,biology_living_systems,biology_family_08,"Candidate must show the temporal sequence that instantiates Neural Tube Closure, not merely an object, scene, or static result.",0,30,vdcr_direct_answer; concept_zh=神经管闭合; concept_type=自然动态机制; priority=C
vdcr_concept_0177,C,Neural Tube Closure video,biology_living_systems,Neural Tube Closure,biology_living_systems,biology_family_08,"Candidate must show the temporal sequence that instantiates Neural Tube Closure, not merely an object, scene, or static result.",0,30,vdcr_direct_answer; concept_zh=神经管闭合; concept_type=自然动态机制; priority=C
vdcr_concept_0178,C,Epithelial-Mesenchymal Transition,biology_living_systems,Epithelial-Mesenchymal Transition,biology_living_systems,biology_family_08,"Candidate must show the temporal sequence that instantiates Epithelial-Mesenchymal Transition, not merely an object, scene, or static result.",0,30,vdcr_direct_answer; concept_zh=上皮-间质转化; concept_type=自然动态机制; priority=C
vdcr_concept_0178,C,Epithelial-Mesenchymal Transition demonstration,biology_living_systems,Epithelial-Mesenchymal Transition,biology_living_systems,biology_family_08,"Candidate must show the temporal sequence that instantiates Epithelial-Mesenchymal Transition, not merely an object, scene, or static result.",0,30,vdcr_direct_answer; concept_zh=上皮-间质转化; concept_type=自然动态机制; priority=C
vdcr_concept_0178,C,Epithelial-Mesenchymal Transition slow motion,biology_living_systems,Epithelial-Mesenchymal Transition,biology_living_systems,biology_family_08,"Candidate must show the temporal sequence that instantiates Epithelial-Mesenchymal Transition, not merely an object, scene, or static result.",0,30,vdcr_direct_answer; concept_zh=上皮-间质转化; concept_type=自然动态机制; priority=C
vdcr_concept_0178,C,Epithelial-Mesenchymal Transition video,biology_living_systems,Epithelial-Mesenchymal Transition,biology_living_systems,biology_family_08,"Candidate must show the temporal sequence that instantiates Epithelial-Mesenchymal Transition, not merely an object, scene, or static result.",0,30,vdcr_direct_answer; concept_zh=上皮-间质转化; concept_type=自然动态机制; priority=C
vdcr_concept_0203,C,Longshore Drift,earth_environmental_systems,Longshore Drift,earth_environmental_systems,earth_family_02,"Candidate must show the temporal sequence that instantiates Longshore Drift, not merely an object, scene, or static result.",0,30,vdcr_direct_answer; concept_zh=沿岸漂移; concept_type=自然动态机制; priority=C
vdcr_concept_0203,C,Longshore Drift demonstration,earth_environmental_systems,Longshore Drift,earth_environmental_systems,earth_family_02,"Candidate must show the temporal sequence that instantiates Longshore Drift, not merely an object, scene, or static result.",0,30,vdcr_direct_answer; concept_zh=沿岸漂移; concept_type=自然动态机制; priority=C
vdcr_concept_0203,C,Longshore Drift slow motion,earth_environmental_systems,Longshore Drift,earth_environmental_systems,earth_family_02,"Candidate must show the temporal sequence that instantiates Longshore Drift, not merely an object, scene, or static result.",0,30,vdcr_direct_answer; concept_zh=沿岸漂移; concept_type=自然动态机制; priority=C
vdcr_concept_0203,C,Longshore Drift video,earth_environmental_systems,Longshore Drift,earth_environmental_systems,earth_family_02,"Candidate must show the temporal sequence that instantiates Longshore Drift, not merely an object, scene, or static result.",0,30,vdcr_direct_answer; concept_zh=沿岸漂移; concept_type=自然动态机制; priority=C
vdcr_concept_0205,C,Fault Rupture Propagation,earth_environmental_systems,Fault Rupture Propagation,earth_environmental_systems,earth_family_03,"Candidate must show the temporal sequence that instantiates Fault Rupture Propagation, not merely an object, scene, or static result.",0,30,vdcr_direct_answer; concept_zh=断层破裂传播; concept_type=自然动态机制; priority=C
vdcr_concept_0205,C,Fault Rupture Propagation demonstration,earth_environmental_systems,Fault Rupture Propagation,earth_environmental_systems,earth_family_03,"Candidate must show the temporal sequence that instantiates Fault Rupture Propagation, not merely an object, scene, or static result.",0,30,vdcr_direct_answer; concept_zh=断层破裂传播; concept_type=自然动态机制; priority=C
vdcr_concept_0205,C,Fault Rupture Propagation slow motion,earth_environmental_systems,Fault Rupture Propagation,earth_environmental_systems,earth_family_03,"Candidate must show the temporal sequence that instantiates Fault Rupture Propagation, not merely an object, scene, or static result.",0,30,vdcr_direct_answer; concept_zh=断层破裂传播; concept_type=自然动态机制; priority=C
vdcr_concept_0205,C,Fault Rupture Propagation video,earth_environmental_systems,Fault Rupture Propagation,earth_environmental_systems,earth_family_03,"Candidate must show the temporal sequence that instantiates Fault Rupture Propagation, not merely an object, scene, or static result.",0,30,vdcr_direct_answer; concept_zh=断层破裂传播; concept_type=自然动态机制; priority=C
vdcr_concept_0215,C,Glacier Creep,earth_environmental_systems,Glacier Creep,earth_environmental_systems,earth_family_05,"Candidate must show the temporal sequence that instantiates Glacier Creep, not merely an object, scene, or static result.",0,30,vdcr_direct_answer; concept_zh=冰川塑性蠕变; concept_type=自然动态机制; priority=C
vdcr_concept_0215,C,Glacier Creep demonstration,earth_environmental_systems,Glacier Creep,earth_environmental_systems,earth_family_05,"Candidate must show the temporal sequence that instantiates Glacier Creep, not merely an object, scene, or static result.",0,30,vdcr_direct_answer; concept_zh=冰川塑性蠕变; concept_type=自然动态机制; priority=C
vdcr_concept_0215,C,Glacier Creep slow motion,earth_environmental_systems,Glacier Creep,earth_environmental_systems,earth_family_05,"Candidate must show the temporal sequence that instantiates Glacier Creep, not merely an object, scene, or static result.",0,30,vdcr_direct_answer; concept_zh=冰川塑性蠕变; concept_type=自然动态机制; priority=C
vdcr_concept_0215,C,Glacier Creep video,earth_environmental_systems,Glacier Creep,earth_environmental_systems,earth_family_05,"Candidate must show the temporal sequence that instantiates Glacier Creep, not merely an object, scene, or static result.",0,30,vdcr_direct_answer; concept_zh=冰川塑性蠕变; concept_type=自然动态机制; priority=C
vdcr_concept_0216,C,Basal Sliding,earth_environmental_systems,Basal Sliding,earth_environmental_systems,earth_family_05,"Candidate must show the temporal sequence that instantiates Basal Sliding, not merely an object, scene, or static result.",0,30,vdcr_direct_answer; concept_zh=冰川基底滑动; concept_type=自然动态机制; priority=C
vdcr_concept_0216,C,Basal Sliding demonstration,earth_environmental_systems,Basal Sliding,earth_environmental_systems,earth_family_05,"Candidate must show the temporal sequence that instantiates Basal Sliding, not merely an object, scene, or static result.",0,30,vdcr_direct_answer; concept_zh=冰川基底滑动; concept_type=自然动态机制; priority=C
vdcr_concept_0216,C,Basal Sliding slow motion,earth_environmental_systems,Basal Sliding,earth_environmental_systems,earth_family_05,"Candidate must show the temporal sequence that instantiates Basal Sliding, not merely an object, scene, or static result.",0,30,vdcr_direct_answer; concept_zh=冰川基底滑动; concept_type=自然动态机制; priority=C
vdcr_concept_0216,C,Basal Sliding video,earth_environmental_systems,Basal Sliding,earth_environmental_systems,earth_family_05,"Candidate must show the temporal sequence that instantiates Basal Sliding, not merely an object, scene, or static result.",0,30,vdcr_direct_answer; concept_zh=冰川基底滑动; concept_type=自然动态机制; priority=C
vdcr_concept_0238,C,Wave Refraction,earth_environmental_systems,Wave Refraction,earth_environmental_systems,earth_family_08,"Candidate must show the temporal sequence that instantiates Wave Refraction, not merely an object, scene, or static result.",0,30,vdcr_direct_answer; concept_zh=波浪折射; concept_type=自然动态机制; priority=C
vdcr_concept_0238,C,Wave Refraction demonstration,earth_environmental_systems,Wave Refraction,earth_environmental_systems,earth_family_08,"Candidate must show the temporal sequence that instantiates Wave Refraction, not merely an object, scene, or static result.",0,30,vdcr_direct_answer; concept_zh=波浪折射; concept_type=自然动态机制; priority=C
vdcr_concept_0238,C,Wave Refraction slow motion,earth_environmental_systems,Wave Refraction,earth_environmental_systems,earth_family_08,"Candidate must show the temporal sequence that instantiates Wave Refraction, not merely an object, scene, or static result.",0,30,vdcr_direct_answer; concept_zh=波浪折射; concept_type=自然动态机制; priority=C
vdcr_concept_0238,C,Wave Refraction video,earth_environmental_systems,Wave Refraction,earth_environmental_systems,earth_family_08,"Candidate must show the temporal sequence that instantiates Wave Refraction, not merely an object, scene, or static result.",0,30,vdcr_direct_answer; concept_zh=波浪折射; concept_type=自然动态机制; priority=C
vdcr_concept_0239,C,Sea-Cliff Retreat,earth_environmental_systems,Sea-Cliff Retreat,earth_environmental_systems,earth_family_08,"Candidate must show the temporal sequence that instantiates Sea-Cliff Retreat, not merely an object, scene, or static result.",0,30,vdcr_direct_answer; concept_zh=海蚀崖后退; concept_type=自然动态机制; priority=C
vdcr_concept_0239,C,Sea-Cliff Retreat demonstration,earth_environmental_systems,Sea-Cliff Retreat,earth_environmental_systems,earth_family_08,"Candidate must show the temporal sequence that instantiates Sea-Cliff Retreat, not merely an object, scene, or static result.",0,30,vdcr_direct_answer; concept_zh=海蚀崖后退; concept_type=自然动态机制; priority=C
vdcr_concept_0239,C,Sea-Cliff Retreat slow motion,earth_environmental_systems,Sea-Cliff Retreat,earth_environmental_systems,earth_family_08,"Candidate must show the temporal sequence that instantiates Sea-Cliff Retreat, not merely an object, scene, or static result.",0,30,vdcr_direct_answer; concept_zh=海蚀崖后退; concept_type=自然动态机制; priority=C
vdcr_concept_0239,C,Sea-Cliff Retreat video,earth_environmental_systems,Sea-Cliff Retreat,earth_environmental_systems,earth_family_08,"Candidate must show the temporal sequence that instantiates Sea-Cliff Retreat, not merely an object, scene, or static result.",0,30,vdcr_direct_answer; concept_zh=海蚀崖后退; concept_type=自然动态机制; priority=C
vdcr_concept_0243,C,Spit Progradation,earth_environmental_systems,Spit Progradation,earth_environmental_systems,earth_family_09,"Candidate must show the temporal sequence that instantiates Spit Progradation, not merely an object, scene, or static result.",0,30,vdcr_direct_answer; concept_zh=海岸沙嘴延伸; concept_type=自然动态机制; priority=C
vdcr_concept_0243,C,Spit Progradation demonstration,earth_environmental_systems,Spit Progradation,earth_environmental_systems,earth_family_09,"Candidate must show the temporal sequence that instantiates Spit Progradation, not merely an object, scene, or static result.",0,30,vdcr_direct_answer; concept_zh=海岸沙嘴延伸; concept_type=自然动态机制; priority=C
vdcr_concept_0243,C,Spit Progradation slow motion,earth_environmental_systems,Spit Progradation,earth_environmental_systems,earth_family_09,"Candidate must show the temporal sequence that instantiates Spit Progradation, not merely an object, scene, or static result.",0,30,vdcr_direct_answer; concept_zh=海岸沙嘴延伸; concept_type=自然动态机制; priority=C
vdcr_concept_0243,C,Spit Progradation video,earth_environmental_systems,Spit Progradation,earth_environmental_systems,earth_family_09,"Candidate must show the temporal sequence that instantiates Spit Progradation, not merely an object, scene, or static result.",0,30,vdcr_direct_answer; concept_zh=海岸沙嘴延伸; concept_type=自然动态机制; priority=C
vdcr_concept_0245,C,Stratified Sediment Gravity Flow,earth_environmental_systems,Stratified Sediment Gravity Flow,earth_environmental_systems,earth_family_09,"Candidate must show the temporal sequence that instantiates Stratified Sediment Gravity Flow, not merely an object, scene, or static result.",0,30,vdcr_direct_answer; concept_zh=泥沙重力流分层; concept_type=自然动态机制; priority=C
vdcr_concept_0245,C,Stratified Sediment Gravity Flow demonstration,earth_environmental_systems,Stratified Sediment Gravity Flow,earth_environmental_systems,earth_family_09,"Candidate must show the temporal sequence that instantiates Stratified Sediment Gravity Flow, not merely an object, scene, or static result.",0,30,vdcr_direct_answer; concept_zh=泥沙重力流分层; concept_type=自然动态机制; priority=C
vdcr_concept_0245,C,Stratified Sediment Gravity Flow slow motion,earth_environmental_systems,Stratified Sediment Gravity Flow,earth_environmental_systems,earth_family_09,"Candidate must show the temporal sequence that instantiates Stratified Sediment Gravity Flow, not merely an object, scene, or static result.",0,30,vdcr_direct_answer; concept_zh=泥沙重力流分层; concept_type=自然动态机制; priority=C
vdcr_concept_0245,C,Stratified Sediment Gravity Flow video,earth_environmental_systems,Stratified Sediment Gravity Flow,earth_environmental_systems,earth_family_09,"Candidate must show the temporal sequence that instantiates Stratified Sediment Gravity Flow, not merely an object, scene, or static result.",0,30,vdcr_direct_answer; concept_zh=泥沙重力流分层; concept_type=自然动态机制; priority=C
