id,page_url,title,direct_url,mime,duration_sec,license_short_name,usage_terms
vdcr_archive_only_000001,https://archive.org/details/SVS-97,Images of Earth and Space: The Role of Visualization in NASA Science,https://archive.org/download/SVS-97/a000097_512kb.mp4,video/mp4,1059.5,,
vdcr_archive_only_000002,https://archive.org/details/SVS-44,Rayleigh-Taylor Instabilities in Supernovae Explosions: Oxygen Mass Fraction,https://archive.org/download/SVS-44/a000044.ogv,video/ogg,15.8,,
vdcr_archive_only_000003,https://archive.org/details/SVS-39,Rayleigh-Taylor Instabilities in Supernovae Explosions: Density,https://archive.org/download/SVS-39/a000039.ogv,video/ogg,15.0,,
vdcr_archive_only_000004,https://archive.org/details/SVS-40,Rayleigh-Taylor Instabilities in Supernovae Explosions: Hydrogen Mass Fraction,https://archive.org/download/SVS-40/a000040.ogv,video/ogg,17.3,,
vdcr_archive_only_000005,https://archive.org/details/SVS-42,Rayleigh-Taylor Instabilities in Supernovae Explosions: Helium Mass Fraction,https://archive.org/download/SVS-42/a000042.ogv,video/ogg,15.2,,
vdcr_archive_only_000006,https://archive.org/details/sharware,chestnut-multimedia,https://archive.org/download/sharware/chestnut%2Fmovies%2Fpost.mp4,video/mp4,16.6,,
vdcr_archive_only_000007,https://archive.org/details/C64GVA246-RockNBolt,C64-Gamevideoarchive 246 - Rock`n`Bolt,https://archive.org/download/C64GVA246-RockNBolt/C64GVA246-RockNBolt.ogv,video/ogg,871.9,http://creativecommons.org/licenses/by-nc-nd/3.0/,
vdcr_archive_only_000008,https://archive.org/details/the-ongoing-war-in-the-persian-gulf,The Ongoing War In The Persian Gulf: Why Does It Matter To The US?,https://archive.org/download/the-ongoing-war-in-the-persian-gulf/The%20Ongoing%20War%20in%20the%20Persian%20Gulf%20Why%20Does%20It%20Matter%20to%20the%20US.mp4,video/mp4,4730.2,,
vdcr_archive_only_000009,https://archive.org/details/23294WingsForTheGroundCommanderA,""" WINGS FOR THE GROUND COMMANDER ""  CH-46 SEA KNIGHT HELICOPTER IN VIETNAM WAR    PROMO FILM 23294",https://archive.org/download/23294WingsForTheGroundCommanderA/23294%20Wings%20For%20The%20Ground%20Commander_b_vwr.mp4,video/mp4,838.8,,
vdcr_archive_only_000010,https://archive.org/details/33024flightcharacteristicsofthea20vwr,FLIGHT CHARACTERISTICS OF THE DOUGLAS A-20 HAVOC LIGHT BOMBER 33024,https://archive.org/download/33024flightcharacteristicsofthea20vwr/33024%20Flight%20Characteristics%20Of%20The%20A%2020_vwr.mp4,video/mp4,1164.7,https://creativecommons.org/licenses/by-nc-nd/4.0/,
vdcr_archive_only_000011,https://archive.org/details/0559_Threads_of_Technology,Threads of Technology,https://archive.org/download/0559_Threads_of_Technology/0559_Threads_of_Technology_09_12_29_01_3mb.ogv,video/ogg,1047.1,,
vdcr_archive_only_000012,https://archive.org/details/SkyBillb1935,Sky Billboards,https://archive.org/download/SkyBillb1935/SkyBillb1935.ogv,video/ogg,454.8,http://creativecommons.org/licenses/publicdomain/,
vdcr_archive_only_000013,https://archive.org/details/theworldatwar24thebombfebruarysept1945reel2,"The World at War 24 - The Bomb, February - Sept 1945",https://archive.org/download/theworldatwar24thebombfebruarysept1945reel2/theworldatwar24thebombfebruarysept1945reel1.ogv,video/ogg,1648.8,,
vdcr_archive_only_000014,https://archive.org/details/StarFox64_SS_Expert_100p_12452,Star Fox 64 (N64) - Single-segment Expert mode 100% 1:24:52 - Brett Ables,https://archive.org/download/StarFox64_SS_Expert_100p_12452/StarFox64_SS_Expert_100p_12452_LQ.mp4,video/mp4,5505.9,,
vdcr_archive_only_000015,https://archive.org/details/0819_Oklahoma_Heartland_USA_02_00_56_00,Oklahoma: Heartland USA,https://archive.org/download/0819_Oklahoma_Heartland_USA_02_00_56_00/0819_Oklahoma_Heartland_USA_02_00_56_00.ogv,video/ogg,1760.0,,
vdcr_archive_only_000016,https://archive.org/details/Karl_Westerberg_Physics_Lectures_PHYC4C_Lectures,Karl Westerberg Physics Lectures -- PHYC 4C Lectures,https://archive.org/download/Karl_Westerberg_Physics_Lectures_PHYC4C_Lectures/05emwaves%2Femwaves-A.ogv,video/ogg,496.4,http://creativecommons.org/licenses/by-nc-sa/3.0/,
vdcr_archive_only_000017,https://archive.org/details/scm-340906-c4iforjuly16stewisbaaack,C4I for July 16 Stew is baaack!,https://archive.org/download/scm-340906-c4iforjuly16stewisbaaack/c4i_13_07_16.ogv,video/ogg,3499.0,http://creativecommons.org/licenses/by-nc-nd/3.0/,
vdcr_archive_only_000018,https://archive.org/details/md-46164-the-voice-beneath-the-sea-vwr,BUILDING THE FIRST TRANSATLANTIC TELEPHONE CABLE MD46164,https://archive.org/download/md-46164-the-voice-beneath-the-sea-vwr/MD46164%20The%20Voice%20Beneath%20The%20Sea_vwr.mp4,video/mp4,1629.0,,
vdcr_archive_only_000019,https://archive.org/details/youtube-K62d1yxXUsE,"Ancient jets and Mayan fears, are we the decendants of MU? Chemtrails vs solar warming?",https://archive.org/download/youtube-K62d1yxXUsE/K62d1yxXUsE.webm,video/webm,567.4,,
vdcr_archive_only_000020,https://archive.org/details/youtube-PPnFJ8PeSsY,Block Phone Tracking,https://archive.org/download/youtube-PPnFJ8PeSsY/PPnFJ8PeSsY.mp4,video/mp4,870.5,,
vdcr_archive_only_000021,https://archive.org/details/58834AsTheEarthSpins,PRODUCTION OF SPERRY GYRO-COMPASSES BY DODGE BROTHERS IN WWII 58834,https://archive.org/download/58834AsTheEarthSpins/58834%20As%20The%20Earth%20Spins.ogv,video/ogg,1030.0,,
vdcr_archive_only_000022,https://archive.org/details/youtube-cZfpWD00Hoc,How does the Gyro-X Car work?,https://archive.org/download/youtube-cZfpWD00Hoc/cZfpWD00Hoc.mp4,video/mp4,359.1,,
vdcr_archive_only_000023,https://archive.org/details/gyroscopic-precession-hq,Gyroscopic Precession and Gyroscopes,https://archive.org/download/gyroscopic-precession-hq/Gyroscopic_precession_HQ.ia.mp4,video/mp4,675.7,https://creativecommons.org/licenses/by-nc-nd/4.0/,
vdcr_archive_only_000024,https://archive.org/details/intermediate-axis-theorem,Intuitive Explanation for Intermediate Axis Theorem,https://archive.org/download/intermediate-axis-theorem/Intermediate_Axis_Theorem.ia.mp4,video/mp4,804.2,https://creativecommons.org/licenses/by-nc-nd/4.0/,
vdcr_archive_only_000025,https://archive.org/details/youtube-vklY1bHIi1I,Dzhanibekov Effect not only works in space but also on Earth! Slow Motion,https://archive.org/download/youtube-vklY1bHIi1I/vklY1bHIi1I.mp4,video/mp4,34.0,,
vdcr_archive_only_000026,https://archive.org/details/youtube-Vl07inMRIq8,slinky seems to levitate slow motion,https://archive.org/download/youtube-Vl07inMRIq8/Vl07inMRIq8.mp4,video/mp4,38.8,,
vdcr_archive_only_000027,https://archive.org/details/youtube-_RK-emtrfNs,The Dzhanibekov Effect doesn´t work in space but also on Earth! Slow Motion,https://archive.org/download/youtube-_RK-emtrfNs/_RK-emtrfNs.mp4,video/mp4,59.0,,
vdcr_archive_only_000028,https://archive.org/details/blues-behind-the-hellraising-black-doors-body-horror-by-daniel-fx-staal-ode-to-c_202511,"Black Doors - Blues Behind the Hellraising Black Doors Body-Horror Videodrome Transmission — By Daniel FX Staal (Ode to Clive Barker, Lloyd Kaufman, and David Cronenberg) (2026) (4K  18+ Contains Nudity & Gore)",https://archive.org/download/blues-behind-the-hellraising-black-doors-body-horror-by-daniel-fx-staal-ode-to-c_202511/panoramas%2Fmeaning-of-life-360-by-rudihermannsanddanielfxstaal.mp4,video/mp4,0.0,https://creativecommons.org/licenses/by/4.0/,"Inspired from Characters, Edgar Allan Poe, Child's play, Hellraiser, The Terminator, and Videodrome, all art and sounds by Daniel FX Staal (c)-1998-2026-28-YEARS-IN-THE=MAKING"
vdcr_archive_only_000029,https://archive.org/details/kdamore,KDA All OUT Album with lyrics And POP Stars,https://archive.org/download/kdamore/KDA%20%20ILL%20SHOW%20YOU%20ft%20TWICE%20Bekuh%20BOOM%20Annika%20Wells.ia.mp4,video/mp4,198.7,,
vdcr_archive_only_000030,https://archive.org/details/images-6_202110,"World leader, international leader, great scientist, philosopher, thinker, religious scientist, sociologist, medical scientist, anthropologist, physicist, and cosmologist Fang Ruida (Costa)",https://archive.org/download/images-6_202110/VID20211017131349.ia.mp4,video/mp4,16.7,http://creativecommons.org/publicdomain/mark/1.0/,
vdcr_archive_only_000031,https://archive.org/details/australian-trash-tv-brynne-my-bedazzled-life-full-episode-channel-7-tv-broadcast-ca.2012-vhs-rip,"AUSTRALIAN TRASH TV ""BRYNNE - MY BEDAZZLED LIFE"" FULL EPISODE CHANNEL 7 TV BROADCAST ca.2012 VHS RIP",https://archive.org/download/australian-trash-tv-brynne-my-bedazzled-life-full-episode-channel-7-tv-broadcast-ca.2012-vhs-rip/brynne_edit.mp4,video/mp4,1333.9,,
vdcr_archive_only_000032,https://archive.org/details/Armenian_Genocide_Memorial_Dedicated_at_Sunset_Park,Armenian Genocide Memorial Dedicated at Sunset Park,https://archive.org/download/Armenian_Genocide_Memorial_Dedicated_at_Sunset_Park/Armenian_Genocide_Memorial_Dedicated_at_Sunset_Park.ogv,video/ogg,192.2,,
vdcr_archive_b02_000001,https://archive.org/details/17274industryonparadetimberskinnersvitovwr,INDUSTRY ON PARADE  DEBARKING TREES   CORNING GLASS     EASTMAN KODAK FACTORY ROCHESTER  NY 17274,https://archive.org/download/17274industryonparadetimberskinnersvitovwr/17274%20Industry%20On%20Parade%20Timber%20Skinners%20VITO_vwr.mp4,video/mp4,2407.8,https://creativecommons.org/licenses/by-nc-nd/4.0/,
vdcr_archive_b02_000002,https://archive.org/details/matrix-of-a-deepstate-alice-unfolds-mp4-162-gb,Matrix of a Deepstate Alice Unfolds Goyimtv Warning Gray State,https://archive.org/download/matrix-of-a-deepstate-alice-unfolds-mp4-162-gb/FullSizeRender.mp4,video/mp4,7.0,http://creativecommons.org/publicdomain/mark/1.0/,
vdcr_archive_b02_000003,https://archive.org/details/youtube-U-uGKxTLZ94,The Butterfly Effect and Lorenz Attractor fractal drawn from convection in a thin layer of water,https://archive.org/download/youtube-U-uGKxTLZ94/Logicedges-The_Butterfly_Effect_and_Lorenz_Attractor_fractal_drawn_from_convection_in_a_thin_layer_of_water-U-uGKxTLZ94.mp4,video/mp4,290.0,,
vdcr_archive_b02_000004,https://archive.org/details/youtube-4AxiXS9n0dw,Liquid Ballistic Armor? | Thehacksmith Collab,https://archive.org/download/youtube-4AxiXS9n0dw/4AxiXS9n0dw.mp4,video/mp4,590.9,,
vdcr_archive_b02_000005,https://archive.org/details/vctv7bc-Valemount_LIVE_Episode_75_David_Bouchard_Ralph_Shaw_Valemount_Quilter_s_Guild_RBN10,Valemount LIVE Episode 75 David Bouchard - Ralph Shaw  - Valemount Quilter's Guild - RBN10!,https://archive.org/download/vctv7bc-Valemount_LIVE_Episode_75_David_Bouchard_Ralph_Shaw_Valemount_Quilter_s_Guild_RBN10/Valemount_LIVE_Episode_75_David_Bouchard_Ralph_Shaw_Valemount_Quilter_s_Guild_RBN10.ogv,video/ogg,1619.9,,
vdcr_archive_b02_000006,https://archive.org/details/youtube-f9CVF4yLluY,FANTASTIC Iodine Clock Reaction,https://archive.org/download/youtube-f9CVF4yLluY/f9CVF4yLluY.mp4,video/mp4,300.0,,
vdcr_archive_b02_000007,https://archive.org/details/youtube-r7pijdgK670,Belousov-Zhabotinsky reaction (Reactions only),https://archive.org/download/youtube-r7pijdgK670/r7pijdgK670.webm,video/webm,238.1,,
vdcr_archive_b02_000008,https://archive.org/details/youtube-kw9wF-GNjqs,Everything about the Belousov Zhabotinsky reaction,https://archive.org/download/youtube-kw9wF-GNjqs/kw9wF-GNjqs.webm,video/webm,589.5,,
vdcr_archive_b02_000009,https://archive.org/details/youtube-4rYX4ROqRlg,This is one of the weirdest reactions I've ever seen,https://archive.org/download/youtube-4rYX4ROqRlg/4rYX4ROqRlg.mp4,video/mp4,60.0,,
vdcr_archive_b02_000010,https://archive.org/details/youtube-VjPQA8aXE_M,This reaction is hard to find (Briggs-Rauscher),https://archive.org/download/youtube-VjPQA8aXE_M/VjPQA8aXE_M.mp4,video/mp4,59.9,,
vdcr_archive_b02_000011,https://archive.org/details/scm-410032-c4iforjune3kevinannettstewand,"C4I for June 3, Kevin Annett, Stew and Patricia",https://archive.org/download/scm-410032-c4iforjune3kevinannettstewand/c4i_14_06_03_kevin_annett_webb.ogv,video/ogg,3499.0,http://creativecommons.org/licenses/by-sa/4.0/,
vdcr_archive_b02_000012,https://archive.org/details/scm-377843-c4ifordec17wstewwebbandmikeha,"C4I for Dec 17, w/ Stew Webb and Mike Harris - WOW!!",https://archive.org/download/scm-377843-c4ifordec17wstewwebbandmikeha/c4i_13_12_17_harris_1.ogv,video/ogg,3501.5,http://creativecommons.org/licenses/by-sa/3.0/,
vdcr_archive_b02_000013,https://archive.org/details/GreaterG1953,"Greater Goal: Human Dividends from American Industry, The",https://archive.org/download/GreaterG1953/GreaterG1953_512kb.mp4,video/mp4,1437.3,http://creativecommons.org/licenses/publicdomain/,
vdcr_archive_b02_000014,https://archive.org/details/connections7thelongchainreel1,Connections 7 -- the Long Chain,https://archive.org/download/connections7thelongchainreel1/connections7thelongchainreel2-02.ogv,video/ogg,797.8,,
vdcr_archive_b02_000015,https://archive.org/details/mit2_43s24,"MIT 2.43 Advanced Thermodynamics, Spring 2024",https://archive.org/download/mit2_43s24/mit2_43s24_lec25_360p.mp4,video/mp4,4796.1,https://creativecommons.org/licenses/by-nc-sa/4.0/,
vdcr_archive_b02_000016,https://archive.org/details/M-Rider-5,萌學園5異界對決,https://archive.org/download/M-Rider-5/%E8%90%8C%E5%AD%A6%E5%9B%AD5%EF%BC%9A%E5%BC%82%E7%95%8C%E5%AF%B9%E5%86%B3%20%E7%AC%AC16%E8%AF%9D%20%E9%AB%98%E6%B8%85(480P)-11-617.mp4,video/mp4,2760.0,,
vdcr_archive_b02_000017,https://archive.org/details/unus-annus,Unus Annus,https://archive.org/download/unus-annus/This%20is%20Goodbye.ia.mp4,video/mp4,77.3,,
vdcr_archive_b02_000018,https://archive.org/details/SeriousSamSE_IL,Serious Sam: The Second Encounter (PC) - Individual level runs on Serious skill (Total = 1:03:31) - Drew DeVore,https://archive.org/download/SeriousSamSE_IL/SeriousSamSE_lv12_258_LQ.mp4,video/mp4,187.6,,
vdcr_archive_b02_000019,https://archive.org/details/nazi_concentration_camps,Nazi Concentration Camps,https://archive.org/download/nazi_concentration_camps/nazi_concentration_camps_512kb.mp4,video/mp4,3556.1,http://creativecommons.org/licenses/publicdomain/,
vdcr_archive_b02_000020,https://archive.org/details/CHILD,The Child Molester (1964),https://archive.org/download/CHILD/CHILD_512kb.mp4,video/mp4,1208.6,,
vdcr_archive_b02_000021,https://archive.org/details/tsunami_patong_beach,Tsunami - Patong Beach,https://archive.org/download/tsunami_patong_beach/tsunami_patong_beach.ogv,video/ogg,128.8,,
vdcr_archive_b02_000022,https://archive.org/details/dobba_graphics,graphics,https://archive.org/download/dobba_graphics/How_To_install_a_Build_Using_the_Ares_Wizard.ogv,video/ogg,370.5,,
vdcr_archive_b02_000023,https://archive.org/details/Pbtestfilemp4videotestmp4,test file mp4,https://archive.org/download/Pbtestfilemp4videotestmp4/video_test.ogv,video/ogg,16.3,http://creativecommons.org/licenses/by-nc-sa/2.5/,
vdcr_archive_b02_000024,https://archive.org/details/AboutBan1935,About Bananas,https://archive.org/download/AboutBan1935/AboutBan1935_512kb.mp4,video/mp4,664.0,http://creativecommons.org/licenses/publicdomain/,
vdcr_archive_b02_000025,https://archive.org/details/ical-capcut-template-1,ical-capcut-template-1,https://archive.org/download/ical-capcut-template-1/ical-capcut-template-link-29.mp4,video/mp4,15.0,,
vdcr_archive_b02_000026,https://archive.org/details/vietnam-travel-guide-hanoi-ha-long-bay-ho-chi-minh-1_202101,"Vietnam Travel Guide Hanoi, Ha Long Bay, Ho Chi Minh 1",https://archive.org/download/vietnam-travel-guide-hanoi-ha-long-bay-ho-chi-minh-1_202101/Vietnam%20Travel%20Guide_%20Hanoi%2C%20Ha%20Long%20Bay%2C%20Ho%20Chi%20Minh1.ia.mp4,video/mp4,708.4,,
vdcr_archive_b02_000027,https://archive.org/details/blackhat2010usavideo,Black Hat USA 2010 Video,https://archive.org/download/blackhat2010usavideo/10_bhb_tt4c.ogv,video/ogg,659.5,,
vdcr_archive_b02_000028,https://archive.org/details/y-2matego.net-tiny-giantess-tongue-sizecomparison-tinyfigure-mouth-merged,Y 2matego.net Tiny Giantess Tongue Sizecomparison Tinyfigure Mouth Merged,https://archive.org/download/y-2matego.net-tiny-giantess-tongue-sizecomparison-tinyfigure-mouth-merged/y2matego.net%20-%20tiny%20giantess%20tongue%20sizecomparison%20tinyfigure%20mouth.mp4,video/mp4,3.6,,
vdcr_archive_b02_000029,https://archive.org/details/LegendOfMana_SS_Faerie_23223,Legend of Mana (PS) - Single-segment Faerie's Quest 2:32:23 - Nicholas Hoppe,https://archive.org/download/LegendOfMana_SS_Faerie_23223/LegendOfMana_SS_Faerie_23223_LQ.ogv,video/ogg,9967.2,,
vdcr_archive_b02_000030,https://archive.org/details/brucon2011video,BruCON 2011 Video,https://archive.org/download/brucon2011video/brucon2011-alex-hutton.ogv,video/ogg,3340.6,,
vdcr_archive_b02_000031,https://archive.org/details/nightofthesquidreel1,Night of The Squid ,https://archive.org/download/nightofthesquidreel1/nightofthesquidreel1.ogv,video/ogg,1463.2,,
vdcr_archive_b02_000032,https://archive.org/details/MysteryOctopusIntelligence,Mystery Octopus Intelligence ,https://archive.org/download/MysteryOctopusIntelligence/CmMysteryOctopusIntelligence_512kb.mp4,video/mp4,123.8,http://creativecommons.org/licenses/by/3.0/,
vdcr_archive_b02_000033,https://archive.org/details/backyard-animals_20251123,Backyard Animals,https://archive.org/download/backyard-animals_20251123/Animal%20Flight.mp4,video/mp4,1461.0,,
vdcr_archive_b02_000034,https://archive.org/details/animal-acrobats_202511,Animal Acrobats,https://archive.org/download/animal-acrobats_202511/Animal%20Hunters.mp4,video/mp4,1498.7,,
vdcr_archive_b02_000035,https://archive.org/details/jG7cdqPlP1o4XERJpLhQPpxxEokonS,"""THE BUSY WORLD OF OUTER SPACE”  DISCOVERY ’68 TELEVISION SHOW   APOLLO PROGRAM & SURVEYOR XD3059",https://archive.org/download/jG7cdqPlP1o4XERJpLhQPpxxEokonS/tmp2d9jopl3.mp4,video/mp4,1321.2,,
vdcr_archive_b02_000036,https://archive.org/details/interspeciesio-U_HUiC1dP00,The fascinating world of the humpback whales,https://archive.org/download/interspeciesio-U_HUiC1dP00/The%20fascinating%20world%20of%20the%20humpback%20whales-U_HUiC1dP00.mp4,video/mp4,3084.0,,
vdcr_archive_b02_000037,https://archive.org/details/44-amazing-animals-animal-helpers_202507,Amazing Animals - Animal Helpers,https://archive.org/download/44-amazing-animals-animal-helpers_202507/Amazing%20Animals%20-%20Extinct%20Animals%20-%20S03E12.mp4,video/mp4,1518.2,,
vdcr_archive_b02_000038,https://archive.org/details/the-economic-consequences-of-the-russia-ukraine-war,The Economic Consequences Of The Russia Ukraine War,https://archive.org/download/the-economic-consequences-of-the-russia-ukraine-war/The%20Economic%20Consequences%20of%20the%20Russia-Ukraine%20War.mp4,video/mp4,3900.0,,
vdcr_archive_b02_000039,https://archive.org/details/youtube-U_HUiC1dP00,The fascinating world of the humpback whales,https://archive.org/download/youtube-U_HUiC1dP00/U_HUiC1dP00.mp4,video/mp4,3084.1,,
vdcr_archive_b02_000040,https://archive.org/details/acfrma-The_fascinating_world_of_the_humpback_whales_mp4,The Fascinating World of the Humpback Whales - The Fascinating World of the Humpback Whales,https://archive.org/download/acfrma-The_fascinating_world_of_the_humpback_whales_mp4/The_fascinating_world_of_the_humpback_whales_mp4.mp4,video/mp4,3084.0,,
vdcr_archive_b02_000041,https://archive.org/details/thelivingplanetaportraitoftheearth8sweetfreshater,The Living Planet a Portrait of the Earth 8 Sweet Fresh Water,https://archive.org/download/thelivingplanetaportraitoftheearth8sweetfreshater/thelivingplanetaportraitoftheearth8sweetfreshwaterreel2.ogv,video/ogg,1712.2,,The Living Planet a Portrait of the Earth 8 Sweet Fresh Water Search Educational Film Journals at Media History Project for references to this film
vdcr_archive_b02_000042,https://archive.org/details/frozen-planet,"Frozen Planet ★ BBC Nature Series with Subtitles, MKV, 2 Languages",https://archive.org/download/frozen-planet/9%20Science%20at%20the%20End%20of%20the%20Earth.mp4,video/mp4,1272.3,,"<a href=""https://archive.org/download/metadata-repo/Fair%20Use%20Notice.pdf"" rel=""ugc nofollow"">Fair Use Notice</a>"
vdcr_archive_b02_000043,https://archive.org/details/IngvarBogdahnswarmofbirdsoverRomeat5,swarm of birds over Rome at 5,https://archive.org/download/IngvarBogdahnswarmofbirdsoverRomeat5/uccelli.ogv,video/ogg,82.9,http://creativecommons.org/licenses/by-nc-sa/2.5/,
vdcr_archive_b02_000044,https://archive.org/details/Flickr-5372662688,Murmurs in The Sky: Starling Flock,https://archive.org/download/Flickr-5372662688/Murmurs_in_The_Sky_-_Starling_Flock-5372662688.ogv,video/ogg,90.0,https://creativecommons.org/licenses/by-nc/2.0/,
vdcr_archive_b02_000045,https://archive.org/details/Flickr-38609728842,Starling Murmuration,https://archive.org/download/Flickr-38609728842/Starling_Murmuration-38609728842.ogv,video/ogg,99.8,https://creativecommons.org/licenses/by/2.0/,
vdcr_archive_b02_000046,https://archive.org/details/colctx-Birding_in_League_City_Birds_of_a_Feather,Birding in League City - Birds of a Feather,https://archive.org/download/colctx-Birding_in_League_City_Birds_of_a_Feather/Birding_in_League_City_Birds_of_a_Feather.mp4,video/mp4,182.4,,
vdcr_archive_b02_000047,https://archive.org/details/cmac-Murmuration_-_A_Story_of_a_Mural,Murmuration - A Story of a Mural,https://archive.org/download/cmac-Murmuration_-_A_Story_of_a_Mural/Murmuration_-_A_Story_of_a_Mural.mp4,video/mp4,1394.5,,
vdcr_archive_b02_000048,https://archive.org/details/dscn-3699,Small murmuration,https://archive.org/download/dscn-3699/DSCN3699.mp4,video/mp4,17.1,https://creativecommons.org/publicdomain/mark/1.0/,
vdcr_archive_b02_000049,https://archive.org/details/PorQuuMeVigilanSiNoSoyNadieMartaPeiranoTEDxMadrid_201705,"¿ Por Qué Me Vigilan, Si No Soy Nadie Marta Peirano TEDx Madrid ",https://archive.org/download/PorQuuMeVigilanSiNoSoyNadieMartaPeiranoTEDxMadrid_201705/%C2%BFPor%20qu%C3%A9%20me%20vigilan%2C%20si%20no%20soy%20nadie%20_%20Marta%20Peirano%20_%20TEDxMadrid-NPE7i8wuupk.ogv,video/ogg,572.6,http://creativecommons.org/licenses/by-nd/3.0/,
vdcr_archive_b02_000050,https://archive.org/details/mini-polegar-e-yogui-1978,MINI POLEGAR E YOGUI - 1978,https://archive.org/download/mini-polegar-e-yogui-1978/01%20-%20Rato%20Grande%20e%20Rato%20Mau.mp4,video/mp4,642.0,,
vdcr_archive_b02_000051,https://archive.org/details/youtube-3kYSn6DzOsc,S. America 1985 A22 Buenos Aires (Argentina),https://archive.org/download/youtube-3kYSn6DzOsc/3kYSn6DzOsc.webm,video/webm,194.6,,
vdcr_archive_b02_000052,https://archive.org/details/apresentacao-vinicius-o-menino-elastico,Apresentação Vinícius - O menino elástico,https://archive.org/download/apresentacao-vinicius-o-menino-elastico/Apresenta%C3%A7%C3%A3o%20Vin%C3%ADcius%20-%20O%20menino%20el%C3%A1stico.ia.mp4,video/mp4,56.1,,
vdcr_archive_b02_000053,https://archive.org/details/o-homem-elastico,Contorção - O Homem Elástico.,https://archive.org/download/o-homem-elastico/O%20homem%20el%C3%A1stico.ia.mp4,video/mp4,61.7,,
vdcr_archive_b02_000054,https://archive.org/details/045.-wacky-quackers-partial-episode,Hanna-Barbera - Laurel and Hardy Existing Collection (English Restoration),https://archive.org/download/045.-wacky-quackers-partial-episode/111.%20Gold%20Storage.mp4,video/mp4,288.1,,
vdcr_archive_b02_000055,https://archive.org/details/dafnefetish-a-stinky-day,Dafnefetish A Stinky Day,https://archive.org/download/dafnefetish-a-stinky-day/Dafnefetish%20-%20A%20stinky%20day.mp4,video/mp4,900.1,,
vdcr_archive_b02_000056,https://archive.org/details/flip-flap-and-fly-curious-george-variant-full-hd-1080p-medium-fr-30,Flip Flap And Fly Curious George Version,https://archive.org/download/flip-flap-and-fly-curious-george-variant-full-hd-1080p-medium-fr-30/The%20Land%20Before%20Time%20_The%20Great%20Day%20of%20the%20Flyers_%202006%20DVD%20Trailer%20with%20_Flip%20Flap%20and%20Fly_%20Song.mp4,video/mp4,161.0,https://creativecommons.org/licenses/by-nd/4.0/,
vdcr_archive_b02_000057,https://archive.org/details/Rexona_flipwoman1,The Rexona Backflip Woman,https://archive.org/download/Rexona_flipwoman1/youtube-pgxg2EOFsIk.ia.mp4,video/mp4,15.0,,
vdcr_archive_b02_000058,https://archive.org/details/JapanTechToysTechToysDancing,TechToys Dancing,https://archive.org/download/JapanTechToysTechToysDancing/TechToys_Dancing.ogv,video/ogg,198.2,http://creativecommons.org/licenses/by-nc-sa/2.5/,
vdcr_archive_b02_000059,https://archive.org/details/BitChute-channel-sJFDQtjzuuwx,FreiheitsFreund BitChute channel archive (ID sJFDQtjzuuwx),https://archive.org/download/BitChute-channel-sJFDQtjzuuwx/20200706%20BRUTAL%20-%20Mercedes%20Smashes%202%20Antifa%20dudes%20at%20FULL%20SPEED%2C%20sends%20them%20flying!-uK1EYB7u42uB.mp4,video/mp4,8.5,,
vdcr_archive_b02_000060,https://archive.org/details/embryo_202307,Embryo,https://archive.org/download/embryo_202307/C9D30F48-A3B0-45C9-9DDB-535F0D597910.MP4,video/mp4,6241.9,,
vdcr_archive_b02_000061,https://archive.org/details/filmography-jean-renoir,Filmography: Jean Renoir (French films only),https://archive.org/download/filmography-jean-renoir/1931-1.%20On%20purge%20b%C3%A9b%C3%A9.mp4,video/mp4,2788.1,,
vdcr_archive_b02_000062,https://archive.org/details/delorDMT1,delorDMT1,https://archive.org/download/delorDMT1/delorDMT1.ia.mp4,video/mp4,488.3,http://creativecommons.org/publicdomain/zero/1.0/,
vdcr_archive_b02_000063,https://archive.org/details/blacks-and-muslims-with-voice-and-english-subtitle,Muslims and Blacks ?,https://archive.org/download/blacks-and-muslims-with-voice-and-english-subtitle/BLACKS%20AND%20MUSLIMS%20WITH%20VOICE%20AND%20ENGLISH%20SUBTITLE.ia.mp4,video/mp4,1180.8,,
vdcr_archive_b02_000064,https://archive.org/details/ChronoTrigger_456,Chrono Trigger (SNES) - 4:56 - David Gibbons,https://archive.org/download/ChronoTrigger_456/ChronoTrigger_456_part25.ogv,video/ogg,167.0,,
vdcr_archive_b02_000065,https://archive.org/details/time_pulls_the_trigger_2,Time Pulls the Trigger (Part II),https://archive.org/download/time_pulls_the_trigger_2/time_pulls_the_trigger_2_512kb.mp4,video/mp4,854.4,http://creativecommons.org/licenses/publicdomain/,
vdcr_archive_b02_000066,https://archive.org/details/MonteCarloNights,Monte Carlo Nights,https://archive.org/download/MonteCarloNights/MonteCarloNights_512kb.mp4,video/mp4,3655.8,http://creativecommons.org/publicdomain/mark/1.0/,
vdcr_archive_b02_000067,https://archive.org/details/MarioAllStars_Mario3_SS_100p_12407,Super Mario Bros. 3 [All-Stars] (SNES) - Single-segment 100% 1:24:07 - David Gibbons,https://archive.org/download/MarioAllStars_Mario3_SS_100p_12407/MarioAllStars_Mario3_SS_100p_Bloopers.ogv,video/ogg,239.7,,
vdcr_archive_b02_000068,https://archive.org/details/AchievementHunter_2017,AchievementHunter 2017,https://archive.org/download/AchievementHunter_2017/%5B20170623%5D%20AH%20Animated%20-%20Aladdin's%20Chopping%20Wood-OKEMAjHQviE%20%5B1097291%20views%5D.mp4,video/mp4,116.3,,
vdcr_archive_b02_000069,https://archive.org/details/TheVistaGroup-PlaySoccerLikeALegend1993,1993 VHS • Play Soccer Like A Legend 60 FPS,https://archive.org/download/TheVistaGroup-PlaySoccerLikeALegend1993/1993%20VHS%20%E2%80%A2%20Play%20Soccer%20Like%20A%20Legend%2060%20FPS.ia.mp4,video/mp4,3218.8,,
vdcr_archive_b02_000070,https://archive.org/details/OnceUpon1956,Once Upon a Honeymoon,https://archive.org/download/OnceUpon1956/OnceUpon1956_512kb.mp4,video/mp4,868.5,http://creativecommons.org/licenses/publicdomain/,
vdcr_archive_b02_000071,https://archive.org/details/DrugAbus1969,Drug Abuse: The Chemical Tomb,https://archive.org/download/DrugAbus1969/DrugAbus1969_512kb.mp4,video/mp4,1108.1,http://creativecommons.org/licenses/publicdomain/,
vdcr_archive_b02_000072,https://archive.org/details/geekdrome,Geekdrome - Complete Series,https://archive.org/download/geekdrome/geekdrome--0002--2005-12-03--high.ogg,video/ogg,1722.1,,
vdcr_archive_b02_000073,https://archive.org/details/rold3_the_turning,"Rise of the Living Dead, Episode III: The Turning",https://archive.org/download/rold3_the_turning/rold3_the_turning.ogv,video/ogg,2828.8,,
vdcr_archive_b02_000074,https://archive.org/details/42-amazing-animals-clever-animals_20250330,# 42 Amazing Animals Clever Animals,https://archive.org/download/42-amazing-animals-clever-animals_20250330/%2342%20Amazing%20Animals%20-%20Clever%20Animals.ia.mp4,video/mp4,1496.5,,
vdcr_archive_b02_000075,https://archive.org/details/42-amazing-animals-clever-animals_20250426,# 42 Amazing Animals Clever Animals,https://archive.org/download/42-amazing-animals-clever-animals_20250426/%2342%20Amazing%20Animals%20-%20Clever%20Animals.ia.mp4,video/mp4,1496.5,,
vdcr_archive_b02_000076,https://archive.org/details/archiveteam_videobot_twitter_com_799114868154470400,Worst Onside Kick in NFL History. via @TYTsports https://t.co/vlXGx5meIp,https://archive.org/download/archiveteam_videobot_twitter_com_799114868154470400/1280x720.ogv,video/ogg,524.7,,
vdcr_archive_b02_000077,https://archive.org/details/IRINN_20250325_140000,"IRINN : March 25, 2025 5:30pm-6:01pm IRST",https://archive.org/download/IRINN_20250325_140000/IRINN_20250325_140000.mp4,video/mp4,1860.0,,
vdcr_archive_b02_000078,https://archive.org/details/acidplanet-audio-01101032,rabona,https://archive.org/download/acidplanet-audio-01101032/01101032.ogv,video/ogg,3.0,,
vdcr_archive_b02_000079,https://archive.org/details/The_Absolute_Truth_About_Muhammad_in_the_Bible_With_Arabic_Subtitles,The_Absolute_Truth_About_Muhammad_in_the_Bible_With_Arabic_Subtitles,https://archive.org/download/The_Absolute_Truth_About_Muhammad_in_the_Bible_With_Arabic_Subtitles/The_Absolute_Truth_About_Muhammad_inthe_Bible_With_Arabic_Subtitles_512kb.mp4,video/mp4,1111.5,,
vdcr_archive_b02_000080,https://archive.org/details/blade_202210,Blade,https://archive.org/download/blade_202210/BLADE6.mp4,video/mp4,129.1,,
vdcr_archive_b02_000081,https://archive.org/details/allo-allo,'Allo 'Allo DVD Rip,https://archive.org/download/allo-allo/39%20-%20Allo%20Allo%20S5E12%20-%20Parade%20of%20Prams.mp4,video/mp4,1436.1,,
vdcr_archive_b02_000082,https://archive.org/details/OnTheBuses_201905,On The Buses,https://archive.org/download/OnTheBuses_201905/S6Ep1%20-%20No%20Smoke%20Without%20Fire.ogv,video/ogg,1484.5,,
vdcr_archive_b03_000001,https://archive.org/details/trans-1-9-2010-ramdan-sahab,مواعظ رمضانية -  12- 21,https://archive.org/download/trans-1-9-2010-ramdan-sahab/ramadan_day12_512kb.mp4,video/mp4,411.2,,
vdcr_archive_b03_000002,https://archive.org/details/scrub-me-mama-with-a-boogie-beat-1941-banned-cartoon-march-28-1941,"Scrub Me Mama With A Boogie Beat 1941 Banned Cartoon (March 28, 1941)",https://archive.org/download/scrub-me-mama-with-a-boogie-beat-1941-banned-cartoon-march-28-1941/Scrub%20Me%20Mama%20With%20A%20Boogie%20Beat%20-%201941%20Banned%20Cartoon%20(March%2028%2C%201941).mp4,video/mp4,407.7,,
vdcr_archive_b03_000003,https://archive.org/details/scm-315242-filmedbyjanetchristesenobrien,In reply to Heather Mae Jones Sally Lanham threatened and assaulted me- filmed by Janet Christensen,https://archive.org/download/scm-315242-filmedbyjanetchristesenobrien/filmed_by_janet_christensen_obrien_0.ogv,video/ogg,1681.3,https://creativecommons.org/licenses/by-sa/4.0/,
vdcr_archive_b03_000004,https://archive.org/details/drunken-master-1-and-2-geekjuicemedia,Drunken Master 醉拳 & Drunken Master II 醉拳 2 (GeekJuiceMedia) [Both ENG DUB & SUB],https://archive.org/download/drunken-master-1-and-2-geekjuicemedia/2.%20Drunken%20Master%20%E9%86%89%E6%8B%B3%201978%20Cantonese%20%5BENG%20SUB%5D.ia.mp4,video/mp4,6671.7,https://creativecommons.org/licenses/by-nd/4.0/,
vdcr_archive_b03_000005,https://archive.org/details/DieHardNakatomi_4808,Die Hard: Nakatomi Plaza (PC) - 0:48:08 - Michael 'saxman52' Metcalf,https://archive.org/download/DieHardNakatomi_4808/DieHardNakatomi_4808_LQ_part22.ogv,video/ogg,40.8,,
vdcr_archive_b03_000006,https://archive.org/details/Doom3_20715,Doom 3 (PC) - 2:07:15 - Joseph Wilcox,https://archive.org/download/Doom3_20715/Doom3_20715_part1.ogv,video/ogg,885.8,,
vdcr_archive_b03_000007,https://archive.org/details/FinalFantasy7_PC_741,Final Fantasy VII (PC) - 7:41 - Andrew Farrington,https://archive.org/download/FinalFantasy7_PC_741/FinalFantasy7_PC_741_LQ_part26.mp4,video/mp4,34.5,,
vdcr_archive_b03_000008,https://archive.org/details/PhantomPlanet,The Phantom Planet,https://archive.org/download/PhantomPlanet/phantomplanet2.ogv,video/ogg,2175.8,,
vdcr_archive_b03_000009,https://archive.org/details/ResidentEvil4_20624,Resident Evil 4 (GCN) - 2:06:24 - Tim Bright,https://archive.org/download/ResidentEvil4_20624/ResidentEvil4_20624_LQ_part09.mp4,video/mp4,126.1,,
vdcr_archive_b03_000010,https://archive.org/details/MetroidEchoes_NoSJ_312,Metroid Prime 2: Echoes (GCN) - No Space Jump 3:12,https://archive.org/download/MetroidEchoes_NoSJ_312/MetroidEchoes_NoSJ_312_LQ_part12.mp4,video/mp4,161.7,,
vdcr_archive_b03_000011,https://archive.org/details/MetroidEchoes_138,Metroid Prime 2: Echoes (GCN) - 1:38 - Alastair Campbell,https://archive.org/download/MetroidEchoes_138/MetroidEchoes_138_LQ_part08.mp4,video/mp4,110.4,,
vdcr_archive_b03_000012,https://archive.org/details/unusual-memes-compilation-v174,UNUSUAL MEMES COMPILATION V174,https://archive.org/download/unusual-memes-compilation-v174/UNUSUAL%20MEMES%20COMPILATION%20V174.mp4,video/mp4,450.0,,
vdcr_archive_b03_000013,https://archive.org/details/CastlevaniaCoD_22102,Castlevania: Curse of Darkness (PS2) - 2:21:02 - Damien Moody,https://archive.org/download/CastlevaniaCoD_22102/CastlevaniaCoD_22102_LQ_part13.ogv,video/ogg,331.8,,
vdcr_archive_b03_000014,https://archive.org/details/Experime1940,Experiments in the Revival of Organisms,https://archive.org/download/Experime1940/Experime1940_512kb.mp4,video/mp4,1172.1,http://creativecommons.org/licenses/publicdomain/,
vdcr_archive_b03_000015,https://archive.org/details/MarioRPG_357,Super Mario RPG (SNES) - 3:57 - David Gibbons,https://archive.org/download/MarioRPG_357/MarioRPG_357_part07.ogv,video/ogg,255.4,,
vdcr_archive_b03_000016,https://archive.org/details/JailBait,Jail Bait,https://archive.org/download/JailBait/JailBait_512kb.mp4,video/mp4,4272.3,http://creativecommons.org/licenses/publicdomain/,
vdcr_archive_b03_000017,https://archive.org/details/OriginalFilm,Original Films Of Frank B Gilbreth (Part I),https://archive.org/download/OriginalFilm/OriginalFilm.ogv,video/ogg,923.9,http://creativecommons.org/licenses/publicdomain/,
vdcr_archive_b03_000018,https://archive.org/details/zeppelin_vs_pterodactyls_1936,Zeppelin vs. Pterodactyls,https://archive.org/download/zeppelin_vs_pterodactyls_1936/ZeppelinVsPterodactyls.ogv,video/ogg,401.4,http://creativecommons.org/licenses/publicdomain/,
vdcr_archive_b03_000019,https://archive.org/details/0809_Original_Films_of_Frank_B_Gilbreth_02_12_34_00,Original Films of Frank B. Gilbreth,https://archive.org/download/0809_Original_Films_of_Frank_B_Gilbreth_02_12_34_00/0809_Original_Films_of_Frank_B_Gilbreth_02_12_34_00.ogv,video/ogg,1933.0,,
vdcr_archive_b03_000020,https://archive.org/details/6218_Reactions_in_Plants_and_Animals_01_48_00_11,Reactions in Plants and Animals,https://archive.org/download/6218_Reactions_in_Plants_and_Animals_01_48_00_11/6218_Reactions_in_Plants_and_Animals_01_48_00_11.ogv,video/ogg,603.1,,
vdcr_archive_b03_000021,https://archive.org/details/youtube-iIhEhlRv9H4,Plants kaise pata karte hain ki sunlight kahan hai ?,https://archive.org/download/youtube-iIhEhlRv9H4/iIhEhlRv9H4.webm,video/webm,59.2,,
vdcr_archive_b03_000022,https://archive.org/details/BiliBili-BV1cL57zTER4_p1-1RET3L2VB,【星尘原创】Phototropism. P1 lv_0_20250418170454,https://archive.org/download/BiliBili-BV1cL57zTER4_p1-1RET3L2VB/BV1cL57zTER4_p1.mp4,video/mp4,187.5,,
vdcr_archive_b03_000023,https://archive.org/details/evocalrank_archive_av114358235435187,"【原创摇滚/星尘Infinity】《Phototropism.》""今天也植物般循环着爱的歌曲""",https://archive.org/download/evocalrank_archive_av114358235435187/av114358235435187.ia.mp4,video/mp4,187.6,,
vdcr_archive_b03_000024,https://archive.org/details/youtube-8G3HFTbMLd4,Kya ek patta zinda hai ?  Ek pathar kyun nahi ?,https://archive.org/download/youtube-8G3HFTbMLd4/8G3HFTbMLd4.webm,video/webm,107.8,,
vdcr_archive_b03_000025,https://archive.org/details/wikimedia-org-Mimosa_pudica_leaves_folding_when_touched_1,Mimosa pudica leaves folding when touched 1.ogv - Wikimedia Commons,https://archive.org/download/wikimedia-org-Mimosa_pudica_leaves_folding_when_touched_1/Mimosa_pudica_leaves_folding_when_touched_1.mp4,video/mp4,36.1,,
vdcr_archive_b03_000026,https://archive.org/details/wikimedia-org-Mimosa_pudica_leaves_folding_when_touched_2,Mimosa pudica leaves folding when touched 2.ogv - Wikimedia Commons,https://archive.org/download/wikimedia-org-Mimosa_pudica_leaves_folding_when_touched_2/Mimosa_pudica_leaves_folding_when_touched_2.mp4,video/mp4,21.1,,
vdcr_archive_b03_000027,https://archive.org/details/wikimedia-org-Mimosa_pudica_leaves_folding_when_touched_3,Mimosa pudica leaves folding when touched 3.ogv - Wikimedia Commons,https://archive.org/download/wikimedia-org-Mimosa_pudica_leaves_folding_when_touched_3/Mimosa_pudica_leaves_folding_when_touched_3.mp4,video/mp4,12.9,,
vdcr_archive_b03_000028,https://archive.org/details/ccpamd-amoeba,amoeba,https://archive.org/download/ccpamd-amoeba/amoeba.mp4,video/mp4,134.1,,
vdcr_archive_b03_000029,https://archive.org/details/youtube-bApadjmakKc,Molecular Myths: The Deceptive Discoveries of Cell Biology,https://archive.org/download/youtube-bApadjmakKc/bApadjmakKc.webm,video/webm,3048.2,,
vdcr_archive_b03_000030,https://archive.org/details/endocytosisASL,endocytosis,https://archive.org/download/endocytosisASL/endocytosis.ia.mp4,video/mp4,3.4,,Public Domain
vdcr_archive_b03_000031,https://archive.org/details/youtube-UfiXi9iaLc8,Class 9: The Fundamental Unit of Life,https://archive.org/download/youtube-UfiXi9iaLc8/UfiXi9iaLc8.mp4,video/mp4,3575.3,,
vdcr_archive_b03_000032,https://archive.org/details/yt_0sclkA3hoMk,National Institutes of Health (NIH) - #NIDCR: Endocytosis (YouTube),https://archive.org/download/yt_0sclkA3hoMk/0sclkA3hoMk.mp4,video/mp4,16.4,,
vdcr_archive_b03_000033,https://archive.org/details/exocytosisASL,exocytosis,https://archive.org/download/exocytosisASL/exocytosis.ia.mp4,video/mp4,3.1,,Public Domain
vdcr_archive_b03_000034,https://archive.org/details/yt_YAp1zKMH5BE,National Institutes of Health (NIH) - #NIDCR: Granules in a Salivary Acinar Cell (YouTube),https://archive.org/download/yt_YAp1zKMH5BE/YAp1zKMH5BE.mp4,video/mp4,7.0,,
vdcr_archive_b03_000035,https://archive.org/details/yt_pCpgtHum0oA,National Institutes of Health (NIH) - #NIDCR: Actin During Regulated Exocytosis in a Salivary Acinar Cell (YouTube),https://archive.org/download/yt_pCpgtHum0oA/pCpgtHum0oA.mp4,video/mp4,19.9,,
vdcr_archive_b03_000036,https://archive.org/details/youtube-9IeiqH4LeG0,03121 2017 10 16 Genetics and exocytosis,https://archive.org/download/youtube-9IeiqH4LeG0/9IeiqH4LeG0.mp4,video/mp4,2935.2,https://creativecommons.org/licenses/by/3.0/,
vdcr_archive_b03_000037,https://archive.org/details/4BghbtKzzpLnyd6loTFPlgJRbe0MUQ,"“THE CREATION OF LIFE” 1948 EDUCATIONAL FILM   PREGNANCY, FETAL GROWTH, BIRTH, BREECH BIRTH  4796",https://archive.org/download/4BghbtKzzpLnyd6loTFPlgJRbe0MUQ/tmp5h91d779.mp4,video/mp4,839.6,,
vdcr_archive_b03_000038,https://archive.org/details/af-amphibian-embryo-frog-toad-and-salamander,"Amphibian Embryo: Frog, Toad And Salamander",https://archive.org/download/af-amphibian-embryo-frog-toad-and-salamander/AF_AmphibianEmbryoFrogToadAndSalamander.mp4,video/mp4,950.0,,
vdcr_archive_b03_000039,https://archive.org/details/youtube-H2-_WEGtDPs,Notion de clone -SVT - LA VIE Term spé #2 - Mathrix,https://archive.org/download/youtube-H2-_WEGtDPs/Mathrix-Notion_de_clone_-SVT_-_LA_VIE_Term_spe_2_-_Mathrix-H2-_WEGtDPs.mp4,video/mp4,666.5,,
vdcr_archive_b03_000040,https://archive.org/details/academictorrents_98961a881e8fd4139f4d1e09f0b7a4badfab7c9d,MIT OCW Systems Biology 8.591J Fall 14,https://archive.org/download/academictorrents_98961a881e8fd4139f4d1e09f0b7a4badfab7c9d/MIT8_591JF14_lec01_300k.ogv,video/ogg,4039.1,,
vdcr_archive_b03_000041,https://archive.org/details/idcreationismandbacterialchemotaxis,ID Creationism And Bacterial Chemotaxis,https://archive.org/download/idcreationismandbacterialchemotaxis/ID_Creationism_and_Bacterial_Chemotaxis.ogv,video/ogg,466.8,,
vdcr_archive_b03_000042,https://archive.org/details/dtns20240418,DTNS 20240418,https://archive.org/download/dtns20240418/DTNS20240418.mp4,video/mp4,1717.8,https://creativecommons.org/licenses/by-nd/4.0/,
vdcr_archive_b03_000043,https://archive.org/details/youtube-GtN8kk_Jb-I,TWiM 283: Quorum sensing in the gut,https://archive.org/download/youtube-GtN8kk_Jb-I/GtN8kk_Jb-I.mp4,video/mp4,3502.0,,
vdcr_archive_b03_000044,https://archive.org/details/archive-org_AKyK7kKgI28,"ActInf GuestStream 124.1 ~ Ty Roachford: ""PCT vs. FEP: A Comparison""",https://archive.org/download/archive-org_AKyK7kKgI28/youtube_AKyK7kKgI28.mp4,video/mp4,5793.1,http://creativecommons.org/licenses/by-nc-sa/4.0/,
vdcr_archive_b03_000045,https://archive.org/details/CaliforniaDroughtUpdateApril192015FIVEPROOFSOfHAARPCreatedDrought,California Drought Update April 19 2015 FIVE PROOFS Of HAARP Created Drought,https://archive.org/download/CaliforniaDroughtUpdateApril192015FIVEPROOFSOfHAARPCreatedDrought/California%20Drought%20Update%20April%2019%202015%20FIVE%20PROOFS%20of%20HAARP%20Created%20Drought.ogv,video/ogg,1028.5,,
vdcr_archive_b03_000046,https://archive.org/details/the-hidden-lore-of-the-incredibles-the-nsa-tapes,The Hidden Lore of The Incredibles ( The NSA Tapes),https://archive.org/download/the-hidden-lore-of-the-incredibles-the-nsa-tapes/The%20Hidden%20Lore%20of%20The%20Incredibles%20(The%20NSA%20Tapes).ia.mp4,video/mp4,3228.2,,
vdcr_archive_b03_000047,https://archive.org/details/WJLA_20120628_083000_Good_Morning_Washington_at_430,"Good Morning Washington at 430 : WJLA : June 28, 2012 4:30am-5:00am EDT",https://archive.org/download/WJLA_20120628_083000_Good_Morning_Washington_at_430/WJLA_20120628_083000_Good_Morning_Washington_at_430.mp4,video/mp4,1800.5,,
vdcr_archive_b03_000048,https://archive.org/details/KEIF_MESA_-_Prog_-_PV,Prog,https://archive.org/download/KEIF_MESA_-_Prog_-_PV/KEIF_MESA_Porg_PV.mp4,video/mp4,397.8,http://creativecommons.org/licenses/by/2.1/jp/,
vdcr_archive_b03_000049,https://archive.org/details/nos-news-2024-07-09,NOS Achtuurjournaal 2024-07-09,https://archive.org/download/nos-news-2024-07-09/NOS-Journaal-NPO-12024-07-0920-00.mp4,video/mp4,1870.2,,
vdcr_archive_b03_000050,https://archive.org/details/youtube-6BElu1uqCLc,Colors of Ancient Europe - Roman city of Herculaneum (Villa of the Papyri),https://archive.org/download/youtube-6BElu1uqCLc/6BElu1uqCLc.mp4,video/mp4,220.1,,
vdcr_archive_b03_000051,https://archive.org/details/youtube-YBvYUpHjZ4I,Faces of Ancient Europe Herculaneum (Paintings),https://archive.org/download/youtube-YBvYUpHjZ4I/YBvYUpHjZ4I.mp4,video/mp4,326.9,,
vdcr_archive_b03_000052,https://archive.org/details/youtube-T7WWOlNu3ak,Faces of Ancient Europe: Herculaneum (Marble),https://archive.org/download/youtube-T7WWOlNu3ak/T7WWOlNu3ak.mp4,video/mp4,229.1,,
vdcr_archive_b03_000053,https://archive.org/details/youtube-MYfW_I4Yh7k,Faces of Ancient Europe: Herculaneum (Bronze),https://archive.org/download/youtube-MYfW_I4Yh7k/MYfW_I4Yh7k.mp4,video/mp4,262.1,,
vdcr_archive_b03_000054,https://archive.org/details/WaSeUMCEMC4178AvalancheDynamics,Avalanche Dynamics: Characteristics of Snow Avalanches in Motion,https://archive.org/download/WaSeUMCEMC4178AvalancheDynamics/WaSeUMC_EMC4-178_AvalancheDynamics_uncorrected.ogv,video/ogg,503.4,http://creativecommons.org/licenses/by-nc-sa/3.0/,
vdcr_archive_b03_000055,https://archive.org/details/ChronoTrigger_334,Chrono Trigger (SNES) - 3:34 - Yu Morimoto,https://archive.org/download/ChronoTrigger_334/ChronoTrigger_334_LQ_part06.mp4,video/mp4,72.1,,
vdcr_archive_b03_000056,https://archive.org/details/ClassicClips_170,Classic Clips,https://archive.org/download/ClassicClips_170/The_Andrews_Sisters_-_Boogie_Woogie_Bugle_Boy_Of_Company_B.mp4,video/mp4,141.1,,
vdcr_archive_b03_000057,https://archive.org/details/B.C.FirefighterCapturesVideoOfFireWhirl,B. C. Firefighter Captures Video Of Fire Whirl,https://archive.org/download/B.C.FirefighterCapturesVideoOfFireWhirl/B.C.%20firefighter%20captures%20video%20of%20fire%20whirl-.ogv,video/ogg,60.9,,
vdcr_archive_b03_000058,https://archive.org/details/worldsincollisionreel1,Worlds in Collision,https://archive.org/download/worldsincollisionreel1/worldsincollisionreel2.ogv,video/ogg,1226.5,,
vdcr_archive_b03_000059,https://archive.org/details/the_blue_planet,The Blue Planet I ★ BBC Earth with English Closed Captions and MKV,https://archive.org/download/the_blue_planet/the_blue_planet_13_being_there_between_the_tides.mp4,video/mp4,1742.4,,"<a href=""https://archive.org/download/metadata-repo/Fair%20Use%20Notice.pdf"" rel=""ugc nofollow"">Fair Use Notice</a>"
vdcr_archive_b03_000060,https://archive.org/details/tidesoftheocean,"Business, government and public policy",https://archive.org/download/tidesoftheocean/tidesoftheocean.ogv,video/ogg,957.8,,
vdcr_archive_b03_000061,https://archive.org/details/79534ThisIsCanadaR1,1940s CANADA TOURISM MOVIE THIS IS CANADA QUEBEC ONTARIO NEW FOUNDLAND NEW BRUNSWICK 79534,https://archive.org/download/79534ThisIsCanadaR1/79534%20This%20Is%20Canada%20R1.ogv,video/ogg,1125.1,,
vdcr_archive_b04_000001,https://archive.org/details/the-mummy-collection-1959-1971,The Mummy Collection - 1959 - 1971,https://archive.org/download/the-mummy-collection-1959-1971/02%20-%20The%20Curse%20of%20the%20Mummys%20Tomb%201964.mp4,video/mp4,4813.8,,
vdcr_archive_b04_000002,https://archive.org/details/LaunchpadTheLighterSide,Launchpad: The Lighter Side,https://archive.org/download/LaunchpadTheLighterSide/NASA_Launchpad_Lighter_Side_cropped_medium.ogv,video/ogg,447.4,,
vdcr_archive_b04_000003,https://archive.org/details/sinema-trailer_demons-of-the-mind,Demons of the Mind [1974] - Trailer,https://archive.org/download/sinema-trailer_demons-of-the-mind/Demons%20Of%20The%20Mind%20_%20Original%20Theatrical%20Trailer%20(1972)%20(480p_25fps_H264-128kbit_AAC).ogv,video/ogg,168.0,,
vdcr_archive_b04_000004,https://archive.org/details/sinema-trailer_blood-from-the-mummys-tomb,Blood from the Mummy's Tomb [1972] - Trailer,https://archive.org/download/sinema-trailer_blood-from-the-mummys-tomb/Blood%20from%20the%20Mummy's%20Tomb%20-%20Trailer%20(480p_30fps_H264-128kbit_AAC).ogv,video/ogg,153.4,,
vdcr_archive_b04_000005,https://archive.org/details/3-c-10137-b-09-a-59-f-11478-ae-6-d-55-e-6-aae-250-c-54-fd-80,Nature of Matters,https://archive.org/download/3-c-10137-b-09-a-59-f-11478-ae-6-d-55-e-6-aae-250-c-54-fd-80/TTC%20-%20The%20Nature%20of%20Matter%2FTGC_1227_Lect02_NatureofMatter.mp4,video/mp4,1667.6,,
vdcr_archive_b04_000006,https://archive.org/details/Sora_and_Signal_Processing_-_The_Quest_Story_Line,Sora and Signal Processing - The Quest Story Line,https://archive.org/download/Sora_and_Signal_Processing_-_The_Quest_Story_Line/Sora_and_Signal_Processing_-_The_Quest_Story_Line.mp4,video/mp4,5.1,,
vdcr_archive_b04_000007,https://archive.org/details/parametric-excitation-of-electric-oscillations,Parametric Excitation Of Electric Oscillations,https://archive.org/download/parametric-excitation-of-electric-oscillations/Parametric%20Excitation%20of%20Electric%20Oscillations.ia.mp4,video/mp4,1199.5,,
vdcr_archive_b04_000008,https://archive.org/details/AssemblyLinesPodcast151,Assembly Lines #151: I Fixed the Sound in my Apple II Emulator,https://archive.org/download/AssemblyLinesPodcast151/AssemblyLinesPodcast151.mp4,video/mp4,1002.6,http://creativecommons.org/licenses/by-nc-sa/3.0/,
vdcr_archive_b04_000009,https://archive.org/details/MagnetOscillatingNearACoilWillItBeADamptedOscillation2Answer,Magnet Oscillating Near A Coil Will It Be A Dampted Oscillation 2 Answer,https://archive.org/download/MagnetOscillatingNearACoilWillItBeADamptedOscillation2Answer/Magnet%20oscillating%20near%20a%20coil%20will%20it%20be%20a%20dampted%20Oscillation%201%20Question.ogv,video/ogg,93.1,,
vdcr_archive_b04_000010,https://archive.org/details/vimeo-415215812,damped oscillation,https://archive.org/download/vimeo-415215812/damped_oscillation-415215812.ia.mp4,video/mp4,1205.5,,
vdcr_archive_b04_000011,https://archive.org/details/whats-up-prof-walter-veith-martin-smith-amazing-discoveries-africa,What's Up Prof? (Walter Veith and Martin Smith) Series Episodes - Clash of Minds (formerly Amazing Discoveries Africa),https://archive.org/download/whats-up-prof-walter-veith-martin-smith-amazing-discoveries-africa/Whats_Up_Prof_1_America_Election_Campaign_Walter_Veith_Martin_Smith.mp4,video/mp4,1681.6,https://creativecommons.org/licenses/by-nd/4.0/,
vdcr_archive_b04_000012,https://archive.org/details/trollop-rullez-the-day-you-killed-yourself,TROLLOP RULLEZ - THE DAY YOU KILLED YOURSELF,https://archive.org/download/trollop-rullez-the-day-you-killed-yourself/TROLLOP%20RULLEZ%2C%20THE%20DAY%20YOU%20KILLED%20YOURSELF.ia.mp4,video/mp4,123.0,,
vdcr_archive_b04_000013,https://archive.org/details/theplanardoublependulum,The Planar Double Pendulum,https://archive.org/download/theplanardoublependulum/theplanardoublependulum.ogv,video/ogg,1695.2,,Title from data sheet
vdcr_archive_b04_000014,https://archive.org/details/DoublePendulum,Double Pendulum,https://archive.org/download/DoublePendulum/DoublePendulum_512kb.mp4,video/mp4,144.6,http://creativecommons.org/licenses/by-sa/3.0/us/,
vdcr_archive_b04_000015,https://archive.org/details/chaos_20250331,Beauty from Chaos,https://archive.org/download/chaos_20250331/Chaos.ia.mp4,video/mp4,234.3,https://creativecommons.org/licenses/by-nc-nd/4.0/,
vdcr_archive_b04_000016,https://archive.org/details/youtube-UqnPRProXJg,DISQUE EULER / étrange objet,https://archive.org/download/youtube-UqnPRProXJg/UqnPRProXJg.mp4,video/mp4,432.0,,
vdcr_archive_b04_000017,https://archive.org/details/blmtwpmiv-Try_This_at_Home,Try This at Home,https://archive.org/download/blmtwpmiv-Try_This_at_Home/Try_This_at_Home.ogv,video/ogg,1647.6,,
vdcr_archive_b04_000018,https://archive.org/details/bigclive_20221202,"Updating a 70,000 hour LED lamp",https://archive.org/download/bigclive_20221202/bigclive_20221202.mp4,video/mp4,861.4,https://creativecommons.org/licenses/by-nc-nd/4.0/,
vdcr_archive_b04_000019,https://archive.org/details/my_favorite_brunette,My Favorite Brunette,https://archive.org/download/my_favorite_brunette/my_favorite_brunette.ogv,video/ogg,5212.4,http://creativecommons.org/licenses/publicdomain/,
vdcr_archive_b04_000020,https://archive.org/details/MartialLaw911,Martial Law 9/11: Rise Of The Police State,https://archive.org/download/MartialLaw911/martial_law_p01_bb.ogv,video/ogg,2634.3,,
vdcr_archive_b04_000021,https://archive.org/details/thief1_gold,Thief - The Dark Project Gold,https://archive.org/download/thief1_gold/thief1_gold_sample_HQ.ogv,video/ogg,48.2,,
vdcr_archive_b04_000022,https://archive.org/details/SecretEvilOf911,Secret Evil Of 911,https://archive.org/download/SecretEvilOf911/SecretEvilOf911-80kb.ogv,video/ogg,1185.1,,
vdcr_archive_b04_000023,https://archive.org/details/c-19-propaganda-war-ade-to-avengers-sleepy-joe-5-months,C-19 Propaganda War: ADE to Avengers Sleepy Joe 5 Months,https://archive.org/download/c-19-propaganda-war-ade-to-avengers-sleepy-joe-5-months/C19%20Propaganda%20War%20Avengers%20to%20%20ADE%20Sleepy%20Joe%205%20months.mp4,video/mp4,3736.5,http://creativecommons.org/publicdomain/mark/1.0/,
vdcr_archive_b04_000024,https://archive.org/details/paramount-pictures-skydance-media-skydance-animation-2024,"Paramount Pictures, Skydance Media, Skydance Animation ( 2024 )",https://archive.org/download/paramount-pictures-skydance-media-skydance-animation-2024/Paramount%20Pictures%2C%20Skydance%20Media%2C%20Skydance%20Animation%20(2024-).ia.mp4,video/mp4,66.1,,
vdcr_archive_b04_000025,https://archive.org/details/skydance-animation-skydance-media-paramount-pictures-2024,Skydance Animation / Skydance Media / Paramount Pictures ( 2024 ),https://archive.org/download/skydance-animation-skydance-media-paramount-pictures-2024/Skydance%20Animation%2C%20Skydance%20Media%2C%20Paramount%20Pictures%20(2024-).ia.mp4,video/mp4,32.1,,
vdcr_archive_b04_000026,https://archive.org/details/skydance-animation-skydance-media-paramount-pictures-2024-low-tone,"Skydance Animation, Skydance Media, Paramount Pictures ( 2024 ) ( Low Tone)",https://archive.org/download/skydance-animation-skydance-media-paramount-pictures-2024-low-tone/Skydance%20Animation%2C%20Skydance%20Media%2C%20Paramount%20Pictures%20(2024-)%20(Low%20Tone).ia.mp4,video/mp4,35.6,,
vdcr_archive_b04_000027,https://archive.org/details/skydance-animation-skydance-media-paramount-pictures-2024-high-tone,"Skydance Animation, Skydance Media, Paramount Pictures ( 2024 ) ( High Tone)",https://archive.org/download/skydance-animation-skydance-media-paramount-pictures-2024-high-tone/Skydance%20Animation%2C%20Skydance%20Media%2C%20Paramount%20Pictures%20(2024-)%20(High%20Tone).ia.mp4,video/mp4,27.8,,
vdcr_archive_b04_000028,https://archive.org/details/skydance-animation-skydance-media-paramount-pictures-2024-open-matte,"Skydance Animation, Skydance Media, Paramount Pictures ( 2024 ) ( Open Matte)",https://archive.org/download/skydance-animation-skydance-media-paramount-pictures-2024-open-matte/Skydance%20Animation%2C%20Skydance%20Media%2C%20Paramount%20Pictures%20(2024-)%20(Open%20Matte).ia.mp4,video/mp4,32.2,,
vdcr_archive_b04_000029,https://archive.org/details/boys_beware,Boys Beware,https://archive.org/download/boys_beware/boys_beware_512kb.mp4,video/mp4,612.4,http://creativecommons.org/licenses/publicdomain/,
vdcr_archive_b04_000030,https://archive.org/details/operation_ivy,Operation Ivy,https://archive.org/download/operation_ivy/operation_ivy.ogv,video/ogg,1667.9,,
vdcr_archive_b04_000031,https://archive.org/details/InsideIn1941,Inside Information,https://archive.org/download/InsideIn1941/InsideIn1941_512kb.mp4,video/mp4,478.7,http://creativecommons.org/licenses/publicdomain/,
vdcr_archive_b04_000032,https://archive.org/details/AchievementHunter_2018,AchievementHunter 2018,https://archive.org/download/AchievementHunter_2018/%5B20180316%5D%20AH%20Animated%20-%20Jack's%20Pirate%20Parking%20Problem-c1lBO0o7Sdo%20%5B837862%20views%5D.mp4,video/mp4,92.1,,
vdcr_archive_b04_000033,https://archive.org/details/Television_Commercials_Folgers_Coffee,[Television Commercials: Folger's Coffee],https://archive.org/download/Television_Commercials_Folgers_Coffee/0577_Television_Commercials_Folgers_Coffee_15_30_30_00_3mb.ogv,video/ogg,1890.0,,
vdcr_archive_b04_000034,https://archive.org/details/JoanAvoi1947,Joan Avoids a Cold,https://archive.org/download/JoanAvoi1947/JoanAvoi1947_512kb.mp4,video/mp4,625.4,http://creativecommons.org/licenses/publicdomain/,
vdcr_archive_b04_000035,https://archive.org/details/Sita_Sings_the_Blues,Sita Sings the Blues,https://archive.org/download/Sita_Sings_the_Blues/Sita_Sings_the_Blues_DVD_NTSC4.mp4,video/mp4,105.3,http://creativecommons.org/publicdomain/zero/1.0/,
vdcr_archive_b04_000036,https://archive.org/details/ken.-burns.-the.-civil.-war.,Ken. Burns. The. Civil. War.,https://archive.org/download/ken.-burns.-the.-civil.-war./Ken.Burns.The.Civil.War.4of9.Simply.Murder.mp4,video/mp4,3711.4,,
vdcr_archive_b04_000037,https://archive.org/details/MyJapan1945,My Japan,https://archive.org/download/MyJapan1945/MyJapan1945_512kb.mp4,video/mp4,963.5,http://creativecommons.org/licenses/publicdomain/,
vdcr_archive_b04_000038,https://archive.org/details/The_Sadist,The Sadist,https://archive.org/download/The_Sadist/THE_SADIST.ogv,video/ogg,5497.8,http://creativecommons.org/licenses/publicdomain/,
vdcr_archive_b04_000039,https://archive.org/details/youtube-24TB1vPuzIU,Science Doesn't Understand How Ice Forms,https://archive.org/download/youtube-24TB1vPuzIU/24TB1vPuzIU.mp4,video/mp4,631.8,,
vdcr_archive_b04_000040,https://archive.org/details/adam-ragusea-how-flash-freezing-preserves-food-quality,How flash-freezing preserves food quality,https://archive.org/download/adam-ragusea-how-flash-freezing-preserves-food-quality/how-flash-freezing-preserves-food-quality.webm,video/webm,820.2,,
vdcr_archive_b04_000041,https://archive.org/details/MakeMine1948,Make Mine Freedom,https://archive.org/download/MakeMine1948/MakeMine1948.ogv,video/ogg,570.1,,
vdcr_archive_b04_000042,https://archive.org/details/Gregg_Arthur_Subic_Bay_1966,"[Vietnam War home movie of Subic Bay, Philippines re-supply trip, 1966-67]",https://archive.org/download/Gregg_Arthur_Subic_Bay_1966/Gregg_Arthur_Subic_Bay_1966.ogv,video/ogg,361.3,,
vdcr_archive_b04_000043,https://archive.org/details/lifeinthe30sreel1,Life in the 30's,https://archive.org/download/lifeinthe30sreel1/lifeinthe30sreel2.ogv,video/ogg,1564.9,,
vdcr_archive_b04_000044,https://archive.org/details/hollywoodthegoldenyears,Hollywood: The Golden Years,https://archive.org/download/hollywoodthegoldenyears/hollywoodthegoldenyearsreel1.ogv,video/ogg,1496.8,,
vdcr_archive_b04_000045,https://archive.org/details/thosewonderfuldogs,Those Wonderful Dogs,https://archive.org/download/thosewonderfuldogs/thosewonderfuldogsreel1.ogv,video/ogg,1692.2,,
vdcr_archive_b05_000001,https://archive.org/details/ClaudiusMaximus_-_rdex_2010-05-22,rdex 2010-05-22,https://archive.org/download/ClaudiusMaximus_-_rdex_2010-05-22/ClaudiusMaximus_-_rdex_2010-05-22_512kb.mp4,video/mp4,900.0,http://creativecommons.org/licenses/by/3.0/,
vdcr_archive_b05_000002,https://archive.org/details/don-c.-workflow-compilation,Excerpt from an Artist's Diary,https://archive.org/download/don-c.-workflow-compilation/Don%20C.%20workflow%20compilation.mp4,video/mp4,31.4,https://creativecommons.org/licenses/by-nc-nd/4.0/,
vdcr_archive_b05_000003,https://archive.org/details/lifeinaweaverbirdcoloythevillageweaverbird,Life in a weaverbird colony.: the village waeverbird (Ploceus Cucullatus),https://archive.org/download/lifeinaweaverbirdcoloythevillageweaverbird/lifeinaweaverbirdcoloythevillageweaverbird.ogv,video/ogg,1164.0,,
vdcr_archive_b05_000004,https://archive.org/details/e_history_StreamRoot_DH_0325_19610804_01,e_history_StreamRoot_DH_0325_19610804_01,https://archive.org/download/e_history_StreamRoot_DH_0325_19610804_01/e_history_StreamRoot_DH_0325_19610804_01.ogv,video/ogg,516.0,,
vdcr_archive_b05_000005,https://archive.org/details/excretorysystemsinanimals,Excretory systems in animals. ,https://archive.org/download/excretorysystemsinanimals/excretorysystemsinanimals.ogv,video/ogg,961.5,,
vdcr_archive_b05_000006,https://archive.org/details/70464-us-army-the-cbr-story-vwr,"U.S. ARMY CHEMICAL CORPS ""THE CHEMICAL BIOLOGICAL RADIOLOGICAL STORY""  CHEMICAL WARFARE  70464",https://archive.org/download/70464-us-army-the-cbr-story-vwr/70464%20US%20Army%20The%20CBR%20Story_vwr.mp4,video/mp4,2224.9,,
vdcr_archive_b05_000007,https://archive.org/details/MSFC-0300183,Burning Laminar Jet Diffusion Flame,https://archive.org/download/MSFC-0300183/0300183.ogv,video/ogg,21.0,,Public Domain
vdcr_archive_b05_000008,https://archive.org/details/MSFC-0300185,Laminar Jet Diffusion Flame Burning,https://archive.org/download/MSFC-0300185/0300185.ogv,video/ogg,10.0,,Public Domain
vdcr_archive_b05_000009,https://archive.org/details/Dragon_Quest_4_PS1-Red_Scarlet,Dragon Quest 4 (PS1) - 'Red Scarlet',https://archive.org/download/Dragon_Quest_4_PS1-Red_Scarlet/Dragon_Quest_4_PS1_Chapter_4.ogv,video/ogg,4228.5,,
vdcr_archive_b05_000010,https://archive.org/details/FinalFantasy3_SS_448,Final Fantasy III (SNES) - Single-segment 4:48 - Kari Johnson,https://archive.org/download/FinalFantasy3_SS_448/FinalFantasy3_SS_448_LQ.mp4,video/mp4,20074.8,,
vdcr_archive_b05_000011,https://archive.org/details/FirePat1951,Fire! Patty Learns What to Do,https://archive.org/download/FirePat1951/FirePat1951_512kb.mp4,video/mp4,985.3,http://creativecommons.org/licenses/publicdomain/,
vdcr_archive_b05_000012,https://archive.org/details/JetGrindRadio_SS_10339,Jet Grind Radio (DC) - Single-segment 1:03:39 - Mandela Shabazz,https://archive.org/download/JetGrindRadio_SS_10339/JetGrindRadio_SS_10339_LQ.mp4,video/mp4,4383.3,,
vdcr_archive_b05_000013,https://archive.org/details/DonkeyKong64_101p_902,Donkey Kong 64 (N64) - 100% 9:02 - Joe Wiewel,https://archive.org/download/DonkeyKong64_101p_902/DonkeyKong64_101p_902_LQ_part12.mp4,video/mp4,111.9,,
vdcr_archive_b05_000014,https://archive.org/details/buttocks-gluteal-implants-insertion,Buttocks Gluteal Implants Insertion,https://archive.org/download/buttocks-gluteal-implants-insertion/Buttocks%20Gluteal%20Implants%20Insertion.ia.mp4,video/mp4,284.3,,
vdcr_archive_b05_000015,https://archive.org/details/thrombopheblits-vd,How to Treat Superficial Thrombophlebitis,https://archive.org/download/thrombopheblits-vd/thrombopheblits%20vd.mp4,video/mp4,34.0,https://creativecommons.org/publicdomain/zero/1.0/,
vdcr_archive_b05_000016,https://archive.org/details/yt__D6Yku4uEFc,U.S. Food and Drug Administration - FDA Advises Health Care Providers about Breast Implants and ALCL (YouTube),https://archive.org/download/yt__D6Yku4uEFc/_D6Yku4uEFc.mp4,video/mp4,193.6,,
vdcr_archive_b05_000017,https://archive.org/details/superredgames-collection,SuperRedGames Collection,https://archive.org/download/superredgames-collection/Video%20Game%20Music%20Remixes%201.mp4,video/mp4,3649.7,,
vdcr_archive_b05_000018,https://archive.org/details/KingdomHearts2_Beginner_439,Kingdom Hearts II (PS2) - Beginner mode 4:39 - Asa Tims,https://archive.org/download/KingdomHearts2_Beginner_439/KingdomHearts2_Beginner_439_LQ_part14.mp4,video/mp4,229.1,,
vdcr_archive_b05_000019,https://archive.org/details/jazzwoche-burghausen,Internationale Jazzwoche Burghausen 1987 ~ 2019,https://archive.org/download/jazzwoche-burghausen/Jazzwoche%20Burghausen%201997%EF%BC%9AKenny%20Barron%2C%20Gary%20Bartz%20Quartet.ia.mp4,video/mp4,1351.0,,
vdcr_archive_b05_000020,https://archive.org/details/EcheniqueMixPres.RockinBeatsMedley2016,Echenique Mix Pres. Rockin' Beats Medley ( 2016),https://archive.org/download/EcheniqueMixPres.RockinBeatsMedley2016/Echenique%20Mix%20Pres.%20-%20Rockin'%20Beats%20Medley%20(2016).ogv,video/ogg,455.2,,
vdcr_archive_b05_000021,https://archive.org/details/yX7d0foNhO1tjePMLHWdB21IxHbbIS,"""RHYTHM ON WHEELS"" 1944 GRANTLAND RICE SPORTLIGHT   ROLLER SKATES & ROLLER SKATING XD5151",https://archive.org/download/yX7d0foNhO1tjePMLHWdB21IxHbbIS/tmplhgfoxom.mp4,video/mp4,576.4,,
vdcr_archive_b05_000022,https://archive.org/details/deepdance50anniversaryvideomixpart2,Deep Dance 50 Anniversary Videomix Part 2,https://archive.org/download/deepdance50anniversaryvideomixpart2/Deep%20Dance%2050%20-%20Anniversary%20Videomix%20Part%202.mp4,video/mp4,3272.5,,
vdcr_archive_b05_000023,https://archive.org/details/npo-op1-2021-08-02,OP1 Talk Show 2021-08-02,https://archive.org/download/npo-op1-2021-08-02/Op1-NPO-12021-08-0222-20.mp4,video/mp4,4680.2,,
vdcr_archive_b05_000024,https://archive.org/details/nos-jeugdjournaal-2021-09-12,NOS Jeugdjournaal 2021-09-12,https://archive.org/download/nos-jeugdjournaal-2021-09-12/NOS-Jeugdjournaal-NPO-32021-09-1219-00.mp4,video/mp4,1319.4,,
vdcr_archive_b05_000025,https://archive.org/details/bnnvara-vooravond-2021-05-24,De Vooravond Talk Show 2021-05-24,https://archive.org/download/bnnvara-vooravond-2021-05-24/De-Vooravond-NPO-12021-05-2419-00.mp4,video/mp4,3780.7,,
vdcr_archive_b05_000026,https://archive.org/details/nos-news-2023-01-01,NOS Achtuurjournaal 2023-01-01,https://archive.org/download/nos-news-2023-01-01/NOS-Journaal-NPO-12023-01-0120-00.mp4,video/mp4,1808.4,,
vdcr_archive_b05_000027,https://archive.org/details/dvd-transfer-164,DVD Transfer 164 (Mostly July-August 1989 Recordings),https://archive.org/download/dvd-transfer-164/VTS_01_5.ia.mp4,video/mp4,1985.4,,
vdcr_archive_b05_000028,https://archive.org/details/olympiakisat-ateena-2004-miesten-seivashyppy-finaali,Olympiakisat Ateena 2004 Miesten Seiväshyppy Finaali,https://archive.org/download/olympiakisat-ateena-2004-miesten-seivashyppy-finaali/Olympiakisat%20Ateena%202004%20Miesten%20Seiv%C3%A4shyppy%20Finaali.mp4,video/mp4,301.2,,
vdcr_archive_b05_000029,https://archive.org/details/the_gorilla,"Gorilla, The",https://archive.org/download/the_gorilla/the_gorilla.ogv,video/ogg,3963.0,http://creativecommons.org/licenses/publicdomain/,
vdcr_archive_b05_000030,https://archive.org/details/Pure_Pwnage_Episode_1,Pure Pwnage Episode 1 - The Life of a Pro Gamer,https://archive.org/download/Pure_Pwnage_Episode_1/Pure_Pwnage_101.ogv,video/ogg,696.3,,Copyright 2004-2006 ROFLMAO Productions Inc.
vdcr_archive_b05_000031,https://archive.org/details/Pure_Pwnage_Episode_3,Pure Pwnage Episode 3 - FPS Doug,https://archive.org/download/Pure_Pwnage_Episode_3/Pure_Pwnage_Episode_3.ogv,video/ogg,719.9,,Copyright 2004-2006 ROFLMAO Productions Inc.
vdcr_archive_b05_000032,https://archive.org/details/Pure_Pwnage_Episode_9,Pure Pwnage Episode 9 - The Story of Dave,https://archive.org/download/Pure_Pwnage_Episode_9/Pure_Pwnage_ep9_premiere.ogv,video/ogg,245.1,,Copyright 2004-2006 ROFLMAO Productions Inc.
vdcr_archive_b05_000033,https://archive.org/details/Pure_Pwnage_Episode_6,Pure Pwnage Episode 6 - Imapwnu of Azeroth,https://archive.org/download/Pure_Pwnage_Episode_6/Pure_Pwnage_-_World_of_Warcraft_is_a_Feeling.ogg,video/ogg,189.1,,Copyright 2004-2006 ROFLMAO Productions Inc.
vdcr_archive_b05_000034,https://archive.org/details/rebeliaosamurai,Rebelião [Rebelião Samurai] (1967),https://archive.org/download/rebeliaosamurai/1967%20-%20Samurai%20Rebellion%20(Joi%20uchi%20Hairyo%20Tsuma%20Shimatsu)%20%5B1080p%5D.mp4,video/mp4,7249.7,,
vdcr_archive_b05_000035,https://archive.org/details/youtube-8vtfW7rdVAk,5 QUEDAS DE JUDÔ NO MMA DE FORMA EFICIÊNTE (MMA THROWS) (REACT),https://archive.org/download/youtube-8vtfW7rdVAk/8vtfW7rdVAk.mp4,video/mp4,476.9,,
vdcr_archive_b05_000036,https://archive.org/details/drugs_are_like_that,Drugs Are Like That,https://archive.org/download/drugs_are_like_that/drugs_are_like_that.ogv,video/ogg,976.9,,
vdcr_archive_b05_000037,https://archive.org/details/0767_Incredible_Machine_The_20_26_47_00,"Incredible Machine, The",https://archive.org/download/0767_Incredible_Machine_The_20_26_47_00/0767_Incredible_Machine_The_20_26_47_00_3mb.ogv,video/ogg,899.0,,
vdcr_archive_b05_000038,https://archive.org/details/IndianaJonesEmperorsTomb_14643,Indiana Jones and the Emperor's Tomb (PC) - 1:46:43 - Erik Krug Aase,https://archive.org/download/IndianaJonesEmperorsTomb_14643/IndianaJonesEmperorsTomb_14643_IQ_part09_cutscene.ogv,video/ogg,54.5,,
vdcr_archive_b05_000039,https://archive.org/details/Mario64_SS_100p_20940,Super Mario 64 (N64) - Single-segment 100% 2:09:40 - Peter Branam-Lefkove,https://archive.org/download/Mario64_SS_100p_20940/Mario64_SS_100p_20940_LQ.mp4,video/mp4,8199.4,,
vdcr_archive_b05_000040,https://archive.org/details/Spyro3_eu_100p_439,Spyro: Year of the Dragon [eu] (PS) - 100% 4:39 - Daniel Burns,https://archive.org/download/Spyro3_eu_100p_439/Spyro3_eu_100p_439_LQ_part10.mp4,video/mp4,882.4,,
vdcr_archive_b05_000041,https://archive.org/details/montyoumthemakingofhaloidcomplete,Monty Oum The Making Of Haloid Complete,https://archive.org/download/montyoumthemakingofhaloidcomplete/Monty%20Oum%20-%20The%20Making%20of%20Haloid%20-%20Complete.mp4,video/mp4,1133.6,,
vdcr_archive_b05_000042,https://archive.org/details/64584EncylopaediaBritiannicaFirstFiftyVwr,50th ANNIVERSARY CELEBRATION OF ENCYCLOPAEDIA BRITTANICA EDUCATIONAL EBE FILMS 64584,https://archive.org/download/64584EncylopaediaBritiannicaFirstFiftyVwr/64584%2BEncylopaedia%2BBritiannica%2BFirst%2BFifty_vwr.ogv,video/ogg,1042.9,,
vdcr_archive_b05_000043,https://archive.org/details/RadioOrphansPodcast230,Radio Orphans Podcast 230,https://archive.org/download/RadioOrphansPodcast230/RadioOrphansPodcast230.ogv,video/ogg,2055.8,,
vdcr_archive_b05_000044,https://archive.org/details/202425_Tomorrow_Housing,Tomorrow Housing,https://archive.org/download/202425_Tomorrow_Housing/202425_Tomorrow_Housing_master.intros.mp4,video/mp4,388.5,,
vdcr_archive_b05_000045,https://archive.org/details/TheVistaGroup-KayakingBasics1991,1991 VHS • Kayaking Basics 60 FPS,https://archive.org/download/TheVistaGroup-KayakingBasics1991/Kayaking%20Basics%201991.mp4,video/mp4,2012.1,,
vdcr_archive_b05_000046,https://archive.org/details/RobertsonLMurrayKayak2,Kayak2,https://archive.org/download/RobertsonLMurrayKayak2/kayaking2_512kb.mp4,video/mp4,57.2,http://creativecommons.org/licenses/by-nc-sa/2.5/,
vdcr_archive_b05_000047,https://archive.org/details/RobertsonLMurrayFirstRoll,First Roll,https://archive.org/download/RobertsonLMurrayFirstRoll/kayaking.ogv,video/ogg,49.5,http://creativecommons.org/licenses/by-nc-sa/2.5/,
vdcr_archive_b06_000001,https://archive.org/details/internet-outage,Internet Outage,https://archive.org/download/internet-outage/Internet%20Outage.mp4,video/mp4,7015.9,http://creativecommons.org/publicdomain/mark/1.0/,
vdcr_archive_b06_000002,https://archive.org/details/89284-letter-from-paris-1946,"PARIS FRANCE 1946 POST-WWII TRAVELOGUE  ""LETTER FROM PARIS"" 89284",https://archive.org/download/89284-letter-from-paris-1946/89284%20Letter%20From%20Paris%201946.mp4,video/mp4,1164.4,,
vdcr_archive_b06_000003,https://archive.org/details/md-86444-land-of-alice-vwr,""" LAND OF WHITE ALICE ""  ALASKA RADIO TELEPHONE & DISTANT EARLY WARNING SYSTEM / DEW LINE MD86444",https://archive.org/download/md-86444-land-of-alice-vwr/MD86444%20Land%20Of%20Alice_vwr.mp4,video/mp4,1643.6,,
vdcr_archive_b06_000004,https://archive.org/details/flint-center-event,Apple Special Event October 1999,https://archive.org/download/flint-center-event/imovie.mp4,video/mp4,230.9,,
vdcr_archive_b06_000005,https://archive.org/details/tama-hero,How to 100% Pokemon Gen 1-3 Plus Checklist by Tama Hero,https://archive.org/download/tama-hero/Feral%20Woman's%20Walkthrough%20to%20100%25ing%20Pokemon%20Gen%203%20PART%202%20-%20Tama%20Hero.mp4,video/mp4,6405.0,,
vdcr_archive_b06_000006,https://archive.org/details/winning-battles-losing-wars,"Winning Battles, Losing Wars: Rethinking U.S. Strategy In The Middle East",https://archive.org/download/winning-battles-losing-wars/Winning%20Battles%2C%20Losing%20Wars%20Rethinking%20U.S.%20Strategy%20in%20the%20Middle%20East.mp4,video/mp4,4650.1,,
vdcr_archive_b06_000007,https://archive.org/details/corcl_000150,San Onofre Family,https://archive.org/download/corcl_000150/corcl_000150_access.HD.mp4,video/mp4,474.0,,"Creative Commons Attribution 4.0 International license: https://creativecommons.org/licenses/by/4.0/ 
This item may be used for non-commercial and educational purposes.
The opinions expressed in OC Stories do not necessarily reflect the position or policies of OC Public Libraries or its partners and no official endorsement should be inferred.
Images are courtesy of story tellers and affiliate organizations or used in accordance with fair use and Creative Commons.
Music and sound in accordance with fair use and Creative Commons [ http://creativecommons.org ]."
vdcr_archive_b06_000008,https://archive.org/details/Chickeno1948,"Chicken of Tomorrow, The",https://archive.org/download/Chickeno1948/Chickeno1948_512kb.mp4,video/mp4,1032.1,http://creativecommons.org/licenses/publicdomain/,
vdcr_archive_b06_000009,https://archive.org/details/ActYourA1949,Act Your Age,https://archive.org/download/ActYourA1949/ActYourA1949_512kb.mp4,video/mp4,801.7,http://creativecommons.org/licenses/publicdomain/,
vdcr_archive_b06_000010,https://archive.org/details/HalfLife2_13657,Half-Life 2 (PC) - 1:36:57,https://archive.org/download/HalfLife2_13657/HalfLife2_13657_LQ.ogv,video/ogg,6138.9,,
vdcr_archive_b06_000011,https://archive.org/details/discoveringdarkandlight,Discovering dark and light. ,https://archive.org/download/discoveringdarkandlight/discoveringdarkandlight.ogv,video/ogg,1084.8,,
vdcr_archive_b06_000012,https://archive.org/details/stuartlittle,Stuart Little,https://archive.org/download/stuartlittle/stuartlittlereel1.ogv,video/ogg,1195.8,,
vdcr_archive_b06_000013,https://archive.org/details/193-PowerCarvingWithTheArbortechTURBOPlane,193 – Power Carving With The Arbortech TURBOPlane,https://archive.org/download/193-PowerCarvingWithTheArbortechTURBOPlane/TheWoodWhisperer-193621.mp4,video/mp4,1006.3,http://creativecommons.org/licenses/by-nc-nd/3.0/,
vdcr_archive_b06_000014,https://archive.org/details/utopia,Utopia,https://archive.org/download/utopia/Utopia.ogv,video/ogg,8519.3,,
vdcr_archive_b06_000015,https://archive.org/details/TheFlyingDeuces,The Flying Deuces,https://archive.org/download/TheFlyingDeuces/The_Flying_Deuces.ogv,video/ogg,4077.6,http://creativecommons.org/licenses/publicdomain/,
vdcr_archive_b06_000016,https://archive.org/details/machine_gun_mama_1944,Machine Gun Mama,https://archive.org/download/machine_gun_mama_1944/machine_gun_mama_1944.ogv,video/ogg,3603.6,http://creativecommons.org/licenses/publicdomain/,
vdcr_archive_b06_000017,https://archive.org/details/MudandSand,Mud and Sand,https://archive.org/download/MudandSand/MudandSand_512kb.mp4,video/mp4,2386.0,http://creativecommons.org/licenses/publicdomain/,
vdcr_archive_b06_000018,https://archive.org/details/ADriveThroughBunkerHillAndDowntownLosAngelesCa.1940s,"A Drive Through Bunker Hill and Downtown Los Angeles, ca. 1940s",https://archive.org/download/ADriveThroughBunkerHillAndDowntownLosAngelesCa.1940s/BunkerHill1940s.ogv,video/ogg,371.8,http://creativecommons.org/licenses/by/3.0/,
vdcr_archive_b06_000019,https://archive.org/details/thelivingplanetaportraitoftheearth9themarginsoftheland,The Living Planet A Portrait of the Earth: 9 - the Margins of the Land,https://archive.org/download/thelivingplanetaportraitoftheearth9themarginsoftheland/thelivingplanetaportraitoftheearth9themarginsofthelandreel2.ogv,video/ogg,1656.5,,The Living Planet A Portrait of the Earth: 9 - the Margins of the Land
vdcr_archive_b06_000020,https://archive.org/details/unusual-memes-compilation-v227,UNUSUAL MEMES COMPILATION V227,https://archive.org/download/unusual-memes-compilation-v227/UNUSUAL%20MEMES%20COMPILATION%20V227.mp4,video/mp4,450.0,,
vdcr_archive_b06_000021,https://archive.org/details/it-figures-math,"It Figures ★ ""Lost"" Elementary Mathematics series",https://archive.org/download/it-figures-math/It%20Figures%2006%20Deciding%20When%20To%20Use%20Multiplication.mp4,video/mp4,872.5,,"<a href=""https://archive.org/download/metadata-repo/Fair%20Use%20Notice.pdf"" rel=""ugc nofollow"">Fair Use Notice</a>"
vdcr_archive_b06_000022,https://archive.org/details/tomasparks-watched.201712,tomasparks-watched.201712,https://archive.org/download/tomasparks-watched.201712/20171222-Jeff%20Geerling-PuDxASIVsqE-2011%20MacBook%20Pro%20with%20Radeon%20GPU%20glitch%20rebooting%20constantly.mp4,video/mp4,11.6,,
vdcr_archive_b06_000023,https://archive.org/details/dvd-transfer-224,DVD Transfer 224 (Super Bowl X: NFL Network Rebroadcast Plus NFL Films Highlight Film,https://archive.org/download/dvd-transfer-224/Super%20Bowl%20Highlights%20(Super%20Bowl%20X%20-%20The%20Best%20Ever%20-%20ESPN%20Recording).ia.mp4,video/mp4,1434.1,https://creativecommons.org/licenses/by-nd/4.0/,
vdcr_archive_b06_000024,https://archive.org/details/senseandnonsense1954,"Episode of Classic TV show ""Sense and Nonsense""",https://archive.org/download/senseandnonsense1954/SenseAndNonsense1954.mp4,video/mp4,1769.0,http://creativecommons.org/publicdomain/mark/1.0/,
vdcr_archive_b06_000025,https://archive.org/details/WGNChannel9NightBeatCompleteBroadcast1311983,"WGN Channel 9 Night Beat ( Complete Broadcast, 1311983)",https://archive.org/download/WGNChannel9NightBeatCompleteBroadcast1311983/WGN%20Channel%209%20-%20Night%20Beat%20(Complete%20Broadcast%2C%201311983).mp4,video/mp4,1753.3,,
vdcr_archive_b06_000026,https://archive.org/details/youtube-4aSf3IlDbIM,"WGN Channel 9 - Night Beat (Complete Broadcast, 1/31/1983) 📺",https://archive.org/download/youtube-4aSf3IlDbIM/4aSf3IlDbIM.webm,video/webm,1753.3,,
vdcr_archive_b06_000027,https://archive.org/details/WJZ-EYE-001-013,"Eyewitness News Library: November 26, 1977",https://archive.org/download/WJZ-EYE-001-013/WJZ-EYE-001-013.ogv,video/ogg,3405.7,http://creativecommons.org/licenses/by-nc-sa/4.0/,
vdcr_archive_b06_000028,https://archive.org/details/youtube-Gpwe-RUpr1s,"KCOP Channel 13 [Los Angeles, CA] - News 13 (Last 21 Minutes, 11/13/1987)",https://archive.org/download/youtube-Gpwe-RUpr1s/Gpwe-RUpr1s.mp4,video/mp4,1428.9,,
vdcr_archive_b06_000029,https://archive.org/details/bliptv-20131014-071453-Ballislife-5Foot7JordanWilsonCannotBeGuardedAnthonyJanuaryJeremy707,"5 foot 7 Jordan Wilson Cannot Be Guarded, Anthony January & Jeremy Grant Put On A Show; Day 2 Highli",https://archive.org/download/bliptv-20131014-071453-Ballislife-5Foot7JordanWilsonCannotBeGuardedAnthonyJanuaryJeremy707/bliptv-20131014-071453-Ballislife-5Foot7JordanWilsonCannotBeGuardedAnthonyJanuaryJeremy707.ogv,video/ogg,194.0,,
vdcr_archive_b06_000030,https://archive.org/details/tccca-The_Sportsdesk_35.19_-_October_14_-_21_2019,"The Sportsdesk 35.19 - October 14 - 21, 2019",https://archive.org/download/tccca-The_Sportsdesk_35.19_-_October_14_-_21_2019/The_Sportsdesk_35.19_-_October_14_-_21_2019.ogv,video/ogg,1613.5,,
vdcr_archive_b06_000031,https://archive.org/details/dvd-transfer-30,DVD Transfer 31 (Super Bowl XXX & 1996 NCAA Final Four),https://archive.org/download/dvd-transfer-30/VTS_01_5.ia.mp4,video/mp4,1152.4,,
vdcr_archive_b06_000032,https://archive.org/details/dvd-transfer-108,DVD Transfer 108 (Odds and Ends - Mostly DVR Recordings),https://archive.org/download/dvd-transfer-108/2022%20MeTV%20Recording%20(Leave%20It%20to%20Beaver%20%7BIn%20the%20Soup%20-%20S4E32%7D).mp4,video/mp4,1801.8,,
vdcr_archive_b06_000033,https://archive.org/details/KGO_20150716_063500_Jimmy_Kimmel_Live,"Jimmy Kimmel Live : KGO : July 15, 2015 11:35pm-12:38am PDT",https://archive.org/download/KGO_20150716_063500_Jimmy_Kimmel_Live/KGO_20150716_063500_Jimmy_Kimmel_Live.mp4,video/mp4,3780.0,,
vdcr_archive_b06_000034,https://archive.org/details/KGO_20140730_084200_ABC_World_News_Now,"ABC World News Now : KGO : July 30, 2014 1:42am-4:01am PDT",https://archive.org/download/KGO_20140730_084200_ABC_World_News_Now/KGO_20140730_084200_ABC_World_News_Now.mp4,video/mp4,8340.7,,
vdcr_archive_b06_000035,https://archive.org/details/un-un-12-941-1-2a-b-c,"Universal Newsreel Volume 12, Release 941",https://archive.org/download/un-un-12-941-1-2a-b-c/un-un-12-941-1-2a-b-c.mp4,video/mp4,375.8,,
vdcr_archive_b06_000036,https://archive.org/details/youtube-nqNEtdHVUjM,Dr. Gary Steinberg: How to Improve Brain Health & Offset Neurodegeneration,https://archive.org/download/youtube-nqNEtdHVUjM/nqNEtdHVUjM.mp4,video/mp4,6903.8,,
vdcr_archive_b06_000037,https://archive.org/details/YoungPharoahWhitePeopleMonkeyBlood,White People Monkey Blood,https://archive.org/download/YoungPharoahWhitePeopleMonkeyBlood/Young%20Pharoah-%20White%20People%20%20Monkey%20Blood.mp4,video/mp4,330.8,,
vdcr_archive_b06_000038,https://archive.org/details/0055-0000-7574-0000-0-0000-0000-0,Strangeways Research Laboratory compilation reel,https://archive.org/download/0055-0000-7574-0000-0-0000-0000-0/0055-0000-7574-0000-0-0000-0000-0.ogv,video/ogg,1055.0,http://creativecommons.org/licenses/by-nc/3.0/us/,
vdcr_archive_b06_000039,https://archive.org/details/PaulEhrlichElieMetchnikoffTheImmuneSystem,The Immune System ~ Paul Ehrlich & Elie Metchnikoff,https://archive.org/download/PaulEhrlichElieMetchnikoffTheImmuneSystem/Paul%20Ehrlich%20&%20Elie%20Metchnikoff%20-%20The%20Immune%20System.mp4,video/mp4,889.5,,
vdcr_archive_b06_000040,https://archive.org/details/biorxiv-10.1101-003616,The HVCN1 channel conducts protons into the phagocytic vacuole of neutrophils to produce a physiologically alkaline pH,https://archive.org/download/biorxiv-10.1101-003616/003616-2.ogv,video/ogg,23.6,,"© 2014, Published by Cold Spring Harbor Laboratory Press. The copyright holder for this pre-print is the author. All rights reserved. The material may not be redistributed, re-used or adapted without the author's permission."
vdcr_archive_b06_000041,https://archive.org/details/0055-0000-7564-0000-0-0000-0000-0,Cultivation of living tissue  Part 1,https://archive.org/download/0055-0000-7564-0000-0-0000-0000-0/0055-0000-7564-0000-0-0000-0000-0.ogv,video/ogg,996.7,,
vdcr_archive_b06_000042,https://archive.org/details/m-4-h-00393,"The World ledaer,Great sun---Fangruida/ Cord Rossi 2020v1.3 2021 v1.2 modified version)",https://archive.org/download/m-4-h-00393/VID20211113112206.ia.mp4,video/mp4,22.9,http://creativecommons.org/publicdomain/mark/1.0/,
vdcr_archive_b06_000043,https://archive.org/details/2019-nCoV,"Files pertaining to the 2019-20 Wuhan, China Coronavirus outbreak",https://archive.org/download/2019-nCoV/nothingburger%2FInfected%20or%20Dead%2FIran%20-%201234737472866803712.ia.mp4,video/mp4,5.1,,
vdcr_archive_b06_000044,https://archive.org/details/bb_poor_cinderella,Betty Boop: Poor Cinderella (1934),https://archive.org/download/bb_poor_cinderella/bb_poor_cinderella.ogv,video/ogg,621.1,http://creativecommons.org/licenses/publicdomain/,
vdcr_archive_b06_000045,https://archive.org/details/hermione-growth-spurt,Hermione Growth Spurt,https://archive.org/download/hermione-growth-spurt/Hermione%20Growth%20Spurt%20%20SNL_1080p.ia.mp4,video/mp4,343.8,,
vdcr_archive_b06_000046,https://archive.org/details/Reboot-HD,ReBoot Hd,https://archive.org/download/Reboot-HD/Reboot%20HD%2FReBoot%20-%20Season%201%20Episode%2013%20-%20Identity%20Crisis%20Part%202%20(4K%20Upscale)%20(720p_24fps_H264-128kbit_AAC).ia.mp4,video/mp4,1421.0,,
vdcr_archive_b06_000047,https://archive.org/details/goddess-zenova-bimbo-fuck-toy,Goddess Zenova – Bimbo Fuck Toy,https://archive.org/download/goddess-zenova-bimbo-fuck-toy/Goddess%20Zenova%20%E2%80%93%20Bimbo%20Fuck%20Toy.mp4,video/mp4,1220.7,http://creativecommons.org/publicdomain/zero/1.0/,
vdcr_archive_b06_000048,https://archive.org/details/upenn-f16-0512_Llanos_Venezuela,The Llanos of Venezuela,https://archive.org/download/upenn-f16-0512_Llanos_Venezuela/upenn-f16-0512_Llanos_Venezuela_512kb.mp4,video/mp4,452.9,,
vdcr_archive_b06_000049,https://archive.org/details/hair-serum-video,Hair Serum Video,https://archive.org/download/hair-serum-video/hair%20serum%20video.mp4,video/mp4,44.7,,
vdcr_archive_b06_000050,https://archive.org/details/lftvfl-Leesburg_Turnpike_Wasterwater-The_Nuvoda_Biofilm_Pilot_Study,Leesburg Turnpike Wasterwater-The Nuvoda Biofilm Pilot Study,https://archive.org/download/lftvfl-Leesburg_Turnpike_Wasterwater-The_Nuvoda_Biofilm_Pilot_Study/Leesburg_Turnpike_Wasterwater-The_Nuvoda_Biofilm_Pilot_Study.mp4,video/mp4,180.1,,
vdcr_archive_b07_000001,https://archive.org/details/schoolhouse-rock-30th,Schoolhouse Rock ★ Emmy Award Winning TV Series - with Subtitles and MKV,https://archive.org/download/schoolhouse-rock-30th/73%20Nike%20Commercial%20Three%20is%20a%20Magic%20Number.mp4,video/mp4,33.2,,"<a href=""https://archive.org/download/metadata-repo/Fair%20Use%20Notice.pdf"" rel=""ugc nofollow"">Fair Use Notice</a>"
vdcr_archive_b07_000002,https://archive.org/details/sm4c-urlfest,SM4C SH1TTTYYY MUSIC4444 CHARITY URLFEST (PRESENTED BY GOD?AWFUL & EXPERIMENT 9),https://archive.org/download/sm4c-urlfest/the%20entire%20mf%20show.mp4,video/mp4,27533.7,,
vdcr_archive_b07_000003,https://archive.org/details/Flickr-2558636981,supercell,https://archive.org/download/Flickr-2558636981/supercell-2558636981.ogv,video/ogg,30.0,https://creativecommons.org/licenses/by-nd/2.0/,
vdcr_archive_b07_000004,https://archive.org/details/ZeldaMajorasMask_100p_655,Zelda: Majora's Mask (N64) - 100% 6:55 - Peter Branam-Lefkove,https://archive.org/download/ZeldaMajorasMask_100p_655/ZeldaMajorasMask_100p_655_LQ_part13.ogv,video/ogg,267.9,,
vdcr_archive_b07_000005,https://archive.org/details/FranklynMonkPodcast61Video,Avulsion (video),https://archive.org/download/FranklynMonkPodcast61Video/ConstituentVids%2Fabby_slide.mp4,video/mp4,1000.1,https://creativecommons.org/licenses/by-nc-sa/4.0/,
vdcr_archive_b07_000006,https://archive.org/details/corcl_000121,"Once a Laguna Lifeguard, Always a Laguna Lifeguard",https://archive.org/download/corcl_000121/corcl_000121_access.HD.mp4,video/mp4,258.1,,"Creative Commons Attribution 4.0 International license: https://creativecommons.org/licenses/by/4.0/ 
This item may be used for non-commercial and educational purposes.
The opinions expressed in OC Stories do not necessarily reflect the position or policies of OC Public Libraries or its partners and no official endorsement should be inferred.
Images are courtesy of story tellers and affiliate organizations or used in accordance with fair use and Creative Commons.
Music and sound in accordance with fair use and Creative Commons [ http://creativecommons.org ]."
vdcr_archive_b07_000007,https://archive.org/details/papua-new-guinea-tidal-wave-tragedy-situation-update-360p,PAPUA NEW GUINEA TIDAL WAVE TRAGEDY SITUATION UPDATE(,https://archive.org/download/papua-new-guinea-tidal-wave-tragedy-situation-update-360p/PAPUA_NEW_GUINEA__TIDAL_WAVE_TRAGEDY_SITUATION_UPDATE(360p).mp4,video/mp4,193.0,http://creativecommons.org/publicdomain/mark/1.0/,
vdcr_archive_b07_000008,https://archive.org/details/reflectionandrefraction,"Reflection, refraction, dispersion",https://archive.org/download/reflectionandrefraction/reflectionandrefraction.ogv,video/ogg,1032.1,,
vdcr_archive_b07_000009,https://archive.org/details/UC_Berkeley_FOM_2014_05_02_Walter_Freeman,"Walter Freeman: The evolution and neurodynamics of the action perception cycle - When, where and how consciousness and quantum field theory enter",https://archive.org/download/UC_Berkeley_FOM_2014_05_02_Walter_Freeman/UC_Berkeley_FOM_2014_05_02_Walter_Freeman.ogv,video/ogg,5500.4,,
vdcr_archive_b07_000010,https://archive.org/details/thegrandcanyonchronicles,The Grand Canyon chronicles,https://archive.org/download/thegrandcanyonchronicles/thegrandcanyonchroniclesreel1.ogv,video/ogg,1409.2,,
vdcr_archive_b07_000011,https://archive.org/details/kidchameleon-timeattackv2-truncated,"Kid Chameleon (Genesis) - 14:18 (Any version, emulated run) - A. Berglin (aka. Truncated)",https://archive.org/download/kidchameleon-timeattackv2-truncated/kidchameleon-timeattackv2-truncated.ogv,video/ogg,958.8,,
vdcr_archive_b07_000012,https://archive.org/details/sociobiologythehumananimalreel1,Sociobiology: The Human Animal ,https://archive.org/download/sociobiologythehumananimalreel1/sociobiologythehumananimalreel1.ogv,video/ogg,1647.0,,
vdcr_archive_b07_000013,https://archive.org/details/PC_Longplay_373_StarCraft_2_Wings_of_Liberty,PC Longplay 373 StarCraft 2 Wings of Liberty,https://archive.org/download/PC_Longplay_373_StarCraft_2_Wings_of_Liberty/PC_Longplay_373_StarCraft_2_Wings_of_Liberty_Part_3_of_5.ogv,video/ogg,9143.6,,
vdcr_archive_b07_000014,https://archive.org/details/dahboo77,DAHBOO77,https://archive.org/download/dahboo77/20170712-MANHUNT%20IN%20ALABAMA%20FOR%20MAN%20THAT%20KILLED%203%20IN%20MOBILE%20HOME%20PARK.ia.mp4,video/mp4,60.0,,
vdcr_archive_b07_000015,https://archive.org/details/PBS-TERRA-Weathered,PBS TERRA: Weathered,https://archive.org/download/PBS-TERRA-Weathered/7.09%20Is%20This%20the%20ABSOLUTE%20Worst%20CaseTipping%20Point%3F.ia.mp4,video/mp4,650.7,,
vdcr_archive_b07_000016,https://archive.org/details/SEVENSEALRISEOFDIVIDEDROMANEMPIREBABYLONANDPERSIAUPDATEDLATEST6IRANDESTROYMpeg2video,SEVEN SEAL RISE OF DIVIDED ROMAN EMPIRE BABYLON AND PERSIA UPDATED LATEST 6 IRAN DESTROY Mpeg 2video,https://archive.org/download/SEVENSEALRISEOFDIVIDEDROMANEMPIREBABYLONANDPERSIAUPDATEDLATEST6IRANDESTROYMpeg2video/SEVEN%20SEAL%20%20RISE%20OF%20DIVIDED%20ROMAN%20EMPIRE%20BABYLON%20AND%20PERSIA%20UPDATED%20LATEST%206%20IRAN%20DESTROY_mpeg2video.ogv,video/ogg,5126.1,,
vdcr_archive_b07_000017,https://archive.org/details/SEVENSEALRISEOFDIVIDEDROMANEMPIREBABYLONANDPERSIAUPDATEDLATEST6IRANDESTROYMpeg2video_201812,SEVEN SEAL RISE OF DIVIDED ROMAN EMPIRE BABYLON AND PERSIA UPDATED LATEST 6 IRAN DESTROY Mpeg 2video,https://archive.org/download/SEVENSEALRISEOFDIVIDEDROMANEMPIREBABYLONANDPERSIAUPDATEDLATEST6IRANDESTROYMpeg2video_201812/SEVEN%20SEAL%20%20RISE%20OF%20DIVIDED%20ROMAN%20EMPIRE%20BABYLON%20AND%20PERSIA%20UPDATED%20LATEST%206%20IRAN%20DESTROY_mpeg2video.ogv,video/ogg,5126.1,,
vdcr_archive_b07_000018,https://archive.org/details/saudi-arabias-unpredictable-future,Saudi Arabia's Unpredictable Future,https://archive.org/download/saudi-arabias-unpredictable-future/Saudi%20Arabia's%20Unpredictable%20Future.mp4,video/mp4,4402.2,,
vdcr_archive_b07_000019,https://archive.org/details/the-fertile-crescent,"The Fertile Crescent – Between Russia, Iran And Israel",https://archive.org/download/the-fertile-crescent/The%20Fertile%20Crescent%20%E2%80%93%20Between%20Russia%2C%20Iran%20and%20Israel.mp4,video/mp4,4318.1,,
vdcr_archive_b07_000020,https://archive.org/details/AssemblyLinesPodcast74,Assembly Lines #74 Roger Wagner KansasFest 2018,https://archive.org/download/AssemblyLinesPodcast74/AssemblyLinesPodcast74.ogv,video/ogg,892.4,http://creativecommons.org/licenses/by-nc/4.0/,
vdcr_archive_b07_000021,https://archive.org/details/new-coronavirusresearch-2021v-1.5,Major findings in the research of new coronavirus pneumonia: The mechanism of mutual mutagenesis and mutation of new coronavirus pneumonia bacteria (Fangruida),https://archive.org/download/new-coronavirusresearch-2021v-1.5/th%20(1).mp4,video/mp4,0.0,http://creativecommons.org/publicdomain/mark/1.0/,
vdcr_archive_b07_000022,https://archive.org/details/new-coronavirusresearch,The mechanism of mutual mutagenesis and mutation of new coronavirus pneumonia bacteria (Fangruida) Medical virologist Fang Ruida's new coronavirus research) Besque compiles 2020v3.1 online version e-book,https://archive.org/download/new-coronavirusresearch/VID20210108113518.ia.mp4,video/mp4,12.2,http://creativecommons.org/publicdomain/mark/1.0/,
vdcr_archive_b07_000023,https://archive.org/details/the-endless-voyage-01-the-water-planet,"The Endless Voyage ★ ""Lost"" Telecourse on Oceanography",https://archive.org/download/the-endless-voyage-01-the-water-planet/The%20Endless%20Voyage%2018%20Building%20Blocks.mp4,video/mp4,1604.3,http://creativecommons.org/publicdomain/mark/1.0/,"<a href=""https://archive.org/download/metadata-repo/Fair%20Use%20Notice.pdf"" rel=""ugc nofollow"">Fair Use Notice</a>"
vdcr_archive_b07_000024,https://archive.org/details/viewfromspace,View From Space,https://archive.org/download/viewfromspace/viewfromspacereel2.ogv,video/ogg,1468.9,,
vdcr_archive_b07_000025,https://archive.org/details/MIT8.03F04,"MIT 8.03 Physics III: Vibrations and Waves, Fall 2004",https://archive.org/download/MIT8.03F04/OCW-8.03-Course-Intro-Lewin-220k.mp4,video/mp4,459.0,http://creativecommons.org/licenses/by-nc-sa/3.0/us/,
vdcr_archive_b07_000026,https://archive.org/details/MIT8.03SCF16,"MIT 8.03SC Physics III: Vibrations and Waves, Fall 2016",https://archive.org/download/MIT8.03SCF16/MIT8_03SCF16_Educator02_Taking_Breaks_300k.mp4,video/mp4,77.3,http://creativecommons.org/licenses/by-nc-sa/3.0/,
vdcr_archive_b07_000027,https://archive.org/details/MIT8.03SCF12,"MIT 8.03SC Vibrations and Waves Problem Solving Help Videos, Fall 2012",https://archive.org/download/MIT8.03SCF12/MIT8_03SCF12_ses06_300k.ogv,video/ogg,2079.6,http://creativecommons.org/licenses/by-nc-sa/3.0/,
vdcr_archive_b07_000028,https://archive.org/details/the-most-beautifull-plasma-of-cosmos,Most Beautiful Plasma of the Cosmos,https://archive.org/download/the-most-beautifull-plasma-of-cosmos/The%20Most%20Beautifull%20Plasma%20of%20Cosmos.ia.mp4,video/mp4,1812.6,http://creativecommons.org/licenses/by-nc-nd/4.0/,
vdcr_archive_b08_000001,https://archive.org/details/CIL-10110,Magnetic Reconnection 2,https://archive.org/download/CIL-10110/reconnectionAng.ogv,video/ogg,44.3,,
vdcr_archive_b08_000002,https://archive.org/details/CIL-10072,Magnetic Reconnection,https://archive.org/download/CIL-10072/reconnection.ogv,video/ogg,15.6,,
vdcr_archive_b08_000003,https://archive.org/details/CIL-10059,A CME Generates Reconnection in Earth's Magnetic Field,https://archive.org/download/CIL-10059/what_is_a_cme1.ogv,video/ogg,30.9,,
vdcr_archive_b08_000004,https://archive.org/details/CIL-10267,THEMIS Sees Magnetic Reconnection,https://archive.org/download/CIL-10267/themisRecon_720p.ogv,video/ogg,41.7,,
vdcr_archive_b08_000005,https://archive.org/details/CIL-10105,MMS orbit animation,https://archive.org/download/CIL-10105/MMSOrbit.ogv,video/ogg,75.0,,
vdcr_archive_b08_000006,https://archive.org/details/youtube-L1X8oEbuCUA,Sol,https://archive.org/download/youtube-L1X8oEbuCUA/L1X8oEbuCUA.mp4,video/mp4,67.0,,
vdcr_archive_b08_000007,https://archive.org/details/youtube-XVINKRi-eUo,Amazing video of massive solar flare erupting from surface of Sun,https://archive.org/download/youtube-XVINKRi-eUo/XVINKRi-eUo.mp4,video/mp4,53.9,,
vdcr_archive_b08_000008,https://archive.org/details/NasaConnect-DancingInTheNightSky,NASA Connect - Dancing In The Night Sky,https://archive.org/download/NasaConnect-DancingInTheNightSky/NASAConnect-DancingInTheNightSky.ogv,video/ogg,1710.1,,Public Domain
vdcr_archive_b08_000009,https://archive.org/details/VE-VID-16618,Massive Solar Flare,https://archive.org/download/VE-VID-16618/flare_soh_2003301_512kb.mp4,video/mp4,5.2,,
vdcr_archive_b08_000010,https://archive.org/details/NasaConnect-Ditns-Sun-earthConnection,NASA Connect - DITNS - Sun-Earth Connection,https://archive.org/download/NasaConnect-Ditns-Sun-earthConnection/NASADITNS-SunEarthConnection.ogv,video/ogg,387.0,,Public Domain
vdcr_archive_b08_000011,https://archive.org/details/CIL-10076,Magnetic Fields,https://archive.org/download/CIL-10076/Magfields_512kb.mp4,video/mp4,27.7,,
vdcr_archive_b08_000012,https://archive.org/details/MediaMonarchyEpisode218b,media monarchy episode218b (multimedia),https://archive.org/download/MediaMonarchyEpisode218b/20110514_mediamonarchy_episode218b-56kbps.ogg,video/ogg,2816.6,http://creativecommons.org/publicdomain/zero/1.0/,
vdcr_archive_b08_000013,https://archive.org/details/YouniverseMoblogMovies,YOuniverse Moblog Movies,https://archive.org/download/YouniverseMoblogMovies/YOUmoblogGirlfriends420.ogv,video/ogg,15.3,,
vdcr_archive_b08_000014,https://archive.org/details/fronto-nasal-encephalocele-encephalocele-of-the-anterior-cranial-base,Fronto Nasal Encephalocele ( Encephalocele Of The Anterior Cranial Base),https://archive.org/download/fronto-nasal-encephalocele-encephalocele-of-the-anterior-cranial-base/Fronto-Nasal%20Encephalocele%20(Encephalocele%20of%20the%20Anterior%20Cranial%20Base).mp4,video/mp4,315.0,,
vdcr_archive_b08_000015,https://archive.org/details/yt_zgLovgnDA6A,U.S. Food and Drug Administration - FDA D.I.S.C.O. Burst Edition: Tepmetko (tepotinib) and Ukoniq (umbralisib) (YouTube),https://archive.org/download/yt_zgLovgnDA6A/zgLovgnDA6A.ia.mp4,video/mp4,300.1,,
vdcr_archive_b08_000016,https://archive.org/details/Remarque88-olQAuFtFPRsT,"""TURBO CANCER"" AND GRAPHENE OXIDE POISONATION - REBOOT (SHARE) CENSORED BY YOUR GOVERNMENT",https://archive.org/download/Remarque88-olQAuFtFPRsT/Remarque88-olQAuFtFPRsT.ia.mp4,video/mp4,701.7,https://creativecommons.org/licenses/by-nc-nd/4.0/,
vdcr_archive_b08_000017,https://archive.org/details/Remarque88-FjRDANQQj4wT,GRAPHENE OXIDE POISONATION REAPER - EMT (SHARE),https://archive.org/download/Remarque88-FjRDANQQj4wT/Remarque88-FjRDANQQj4wT.ia.mp4,video/mp4,701.7,https://creativecommons.org/licenses/by-nc-nd/4.0/,
vdcr_archive_b08_000018,https://archive.org/details/youtube-dbEYe65eDdw,Pulse-like rupture and curved slip - Analysis of Myanmar earthquake rupture,https://archive.org/download/youtube-dbEYe65eDdw/dbEYe65eDdw.ia.mp4,video/mp4,192.3,,
vdcr_archive_b08_000019,https://archive.org/details/tributeskyking_202204,tributeskyking   ,https://archive.org/download/tributeskyking_202204/Stepbrother%20of%20Richard%20_Beebo_%20Russell%20talks%20about%20stolen%20plane%20incident_360p.ia.mp4,video/mp4,116.7,,
vdcr_archive_b08_000020,https://archive.org/details/45984-castle-films-glacier-national-park_202103,1945 CASTLE FILMS TRAVELOGUE “ GLACIER NATIONAL PARK ”  MONTANA  ROCKY MOUNTAINS 45984,https://archive.org/download/45984-castle-films-glacier-national-park_202103/45984%20Castle%20Films%20Glacier%20National%20Park.mp4,video/mp4,585.0,,
vdcr_archive_b08_000021,https://archive.org/details/planet_earth_2_bbc,Planet Earth II BBC ★ Nature Series with Subtitles and MKV,https://archive.org/download/planet_earth_2_bbc/planet_earth_ii_06_cities.mp4,video/mp4,3669.8,,"<a href=""https://archive.org/download/metadata-repo/Fair%20Use%20Notice.pdf"" rel=""ugc nofollow"">Fair Use Notice</a>"
vdcr_archive_b08_000022,https://archive.org/details/america13themoreabundantlifereel2,America:13 the More Abundant Life,https://archive.org/download/america13themoreabundantlifereel2/america13themoreabundantlifereel1.ogv,video/ogg,1433.8,,America :13 the More Abundant Life Search Educational Film Journals at Media History Project for references to this film
vdcr_archive_b08_000023,https://archive.org/details/gullivers-travels-1939,Gulliver's Travels (1939),https://archive.org/download/gullivers-travels-1939/Gulliver's%20Travels%20(1939).ia.mp4,video/mp4,4581.2,http://creativecommons.org/publicdomain/mark/1.0/,
vdcr_archive_b08_000024,https://archive.org/details/scm-191974-c4iforjan78am-newyear-oldyear,C4I for Jan 7 8 AM - New Year - Stew Webb,https://archive.org/download/scm-191974-c4iforjan78am-newyear-oldyear/c4i_13-_01-07_newyear.ogv,video/ogg,3499.6,http://creativecommons.org/licenses/by-nc-nd/3.0/,
vdcr_archive_earth_000008,https://archive.org/details/erputive-phenomea,Eruptive Phenomena of Kilauea's East Rift Zone,https://archive.org/download/erputive-phenomea/erputive-phenomea.mp4,video/mp4,2596.1,,
vdcr_archive_earth_000010,https://archive.org/details/volcanoes,Volcanoes,https://archive.org/download/volcanoes/volcanoes.ogv,video/ogg,1007.4,http://creativecommons.org/licenses/publicdomain/,
vdcr_archive_earth_000014,https://archive.org/details/vimeo-303438254,GREENLAND - THE MELTING ISLAND 4K,https://archive.org/download/vimeo-303438254/GREENLAND_-_THE_MELTING_ISLAND_4K-303438254.mp4,video/mp4,732.0,,
vdcr_commons_mr1_000001,https://commons.wikimedia.org/wiki/File:Chemical_garden_growing.webm,Chemical garden growing,https://upload.wikimedia.org/wikipedia/commons/b/b5/Chemical_garden_growing.webm,video/webm,59.0,CC-BY-3.0,reviewed YouTube CC source on Commons
vdcr_commons_mr1_000002,https://commons.wikimedia.org/wiki/File:Blue_bottle_(chemical_reaction).webm,Blue bottle chemical reaction,https://upload.wikimedia.org/wikipedia/commons/9/96/Blue_bottle_%28chemical_reaction%29.webm,video/webm,152.2,CC-BY-3.0,reviewed YouTube CC source on Commons
vdcr_commons_mr1_000003,https://commons.wikimedia.org/wiki/File:Phototropism_in_Solanum_lycopersicum.webm,Phototropism in Solanum lycopersicum,https://upload.wikimedia.org/wikipedia/commons/a/aa/Phototropism_in_Solanum_lycopersicum.webm,video/webm,18.0,CC-BY,reviewed YouTube CC source on Commons
vdcr_commons_mr1_000004,https://commons.wikimedia.org/wiki/File:Arnside_bore.ogv,Arnside bore,https://upload.wikimedia.org/wikipedia/commons/3/3e/Arnside_bore.ogv,video/ogg,146.0,CC-BY-SA-3.0,own work on Commons
vdcr_commons_mr1_000005,https://commons.wikimedia.org/wiki/File:Ciliary-Beating-Recovery-in-Deficient-Human-Airway-Epithelial-Cells-after-Lentivirus-Ex-Vivo-Gene-pgen.1000422.s004.ogv,Ciliary beating recovery,https://upload.wikimedia.org/wikipedia/commons/c/c2/Ciliary-Beating-Recovery-in-Deficient-Human-Airway-Epithelial-Cells-after-Lentivirus-Ex-Vivo-Gene-pgen.1000422.s004.ogv,video/ogg,20.1,CC-BY,PLOS open-access media imported to Commons
vdcr_commons_mr1_000006,https://commons.wikimedia.org/wiki/File:%D0%93%D0%B8%D0%B4%D1%80%D0%B0%D0%B2%D0%BB%D0%B8%D1%87%D0%B5%D1%81%D0%BA%D0%B8%D0%B9_%D0%BF%D1%80%D1%8B%D0%B6%D0%BE%D0%BA.webm,Hydraulic jump,https://upload.wikimedia.org/wikipedia/commons/0/0b/%D0%93%D0%B8%D0%B4%D1%80%D0%B0%D0%B2%D0%BB%D0%B8%D1%87%D0%B5%D1%81%D0%BA%D0%B8%D0%B9_%D0%BF%D1%80%D1%8B%D0%B6%D0%BE%D0%BA.webm,video/webm,239.0,CC-BY-3.0,GetAClass/Wikimedia RU project
vdcr_commons_mr2_000001,https://commons.wikimedia.org/wiki/File:K-V_Street_Video1.ogv,K-V Street Video1,https://upload.wikimedia.org/wikipedia/commons/f/fc/K-V_Street_Video1.ogv,video/ogg,5.2,Public domain,Commons page states public domain release
vdcr_commons_mr2_000002,https://commons.wikimedia.org/wiki/File:Effet_Leidenfrost.webm,Effet Leidenfrost,https://upload.wikimedia.org/wikipedia/commons/b/b1/Effet_Leidenfrost.webm,video/webm,18.0,CC-BY-SA-4.0,Commons own work under CC BY-SA 4.0
vdcr_commons_mr2_000003,https://commons.wikimedia.org/wiki/File:Capillary_breakup.webm,Capillary breakup,https://upload.wikimedia.org/wikipedia/commons/2/28/Capillary_breakup.webm,video/webm,9.4,CC-BY-SA-4.0,Commons own work under CC BY-SA 4.0
vdcr_commons_mr2_000004,https://commons.wikimedia.org/wiki/File:A_supercell_with_rotating_updraft_in_SE_Colorado_and_SW_Kansas_(CIRA_2019-05-03).webm,A supercell with rotating updraft in SE Colorado and SW Kansas,https://upload.wikimedia.org/wikipedia/commons/5/50/A_supercell_with_rotating_updraft_in_SE_Colorado_and_SW_Kansas_%28CIRA_2019-05-03%29.webm,video/webm,10.0,Public domain,NOAA/CSU-CIRA material marked public domain on Commons
vdcr_commons_mr2_000005,https://commons.wikimedia.org/wiki/File:Tornado_time_lapse.webm,Tornado time lapse,https://upload.wikimedia.org/wikipedia/commons/f/fa/Tornado_time_lapse.webm,video/webm,36.0,CC-BY-SA-4.0,Commons own work under CC BY-SA 4.0
vdcr_commons_mr2_000006,https://commons.wikimedia.org/wiki/File:Slow-moving-and-far-travelled-dense-pyroclastic-flows-during-the-Peach-Spring-super-eruption-ncomms10890-s4.ogv,Slow-moving dense pyroclastic flows supplementary movie,https://upload.wikimedia.org/wikipedia/commons/0/0b/Slow-moving-and-far-travelled-dense-pyroclastic-flows-during-the-Peach-Spring-super-eruption-ncomms10890-s4.ogv,video/ogg,4.6,CC-BY-4.0,Commons import from Nature Communications supplementary movie under CC BY 4.0
vdcr_commons_mr3_000001,https://commons.wikimedia.org/wiki/File:32._%D0%9A%D1%80%D0%B8%D1%81%D1%82%D0%B0%D0%BB%D0%B8%D0%B7%D0%B0%D1%86%D0%B8%D1%98%D0%B0_%D0%BD%D0%B0_%D0%BD%D0%B0%D1%82%D1%80%D0%B8%D1%83%D0%BC_%D0%B0%D1%86%D0%B5%D1%82%D0%B0%D1%82.ogv,Sodium acetate crystallization,https://upload.wikimedia.org/wikipedia/commons/c/cc/32._%D0%9A%D1%80%D0%B8%D1%81%D1%82%D0%B0%D0%BB%D0%B8%D0%B7%D0%B0%D1%86%D0%B8%D1%98%D0%B0_%D0%BD%D0%B0_%D0%BD%D0%B0%D1%82%D1%80%D0%B8%D1%83%D0%BC_%D0%B0%D1%86%D0%B5%D1%82%D0%B0%D1%82.ogv,video/ogg,45.0,CC-BY-SA-4.0,Commons own work under CC BY-SA 4.0
vdcr_commons_mr3_000002,https://commons.wikimedia.org/wiki/File:Liesegang_band_experiment.webm,Liesegang band experiment,https://upload.wikimedia.org/wikipedia/commons/d/d4/Liesegang_band_experiment.webm,video/webm,31.0,CC-BY-3.0,YouTube CC source reviewed on Commons
vdcr_commons_mr3_000003,https://commons.wikimedia.org/wiki/File:Electrodeposition_of_copper_crystals.webm,Electrodeposition of copper crystals,https://upload.wikimedia.org/wikipedia/commons/a/ae/Electrodeposition_of_copper_crystals.webm,video/webm,12.0,CC-BY-2.0,Flickr-sourced media with Commons review pending
vdcr_commons_mr3_000004,https://commons.wikimedia.org/wiki/File:Multiplex-lithography-for-multilevel-multiscale-architectures-and-its-application-to-polymer-ncomms9484-s3.ogv,PUA droplet dewetting supplementary movie,https://upload.wikimedia.org/wikipedia/commons/9/94/Multiplex-lithography-for-multilevel-multiscale-architectures-and-its-application-to-polymer-ncomms9484-s3.ogv,video/ogg,18.0,CC-BY-4.0,Commons import from Nature Communications supplementary movie under CC BY 4.0
vdcr_commons_mr3_000005,https://commons.wikimedia.org/wiki/File:Venus_Flytrap_(time_lapse).webm,Venus Flytrap time lapse,https://upload.wikimedia.org/wikipedia/commons/6/6e/Venus_Flytrap_%28time_lapse%29.webm,video/webm,88.0,CC-BY-3.0,YouTube CC source reviewed on Commons
vdcr_commons_mr3_000006,https://commons.wikimedia.org/wiki/File:Bubble_net_feeding.webm,Bubble net feeding,https://upload.wikimedia.org/wikipedia/commons/f/fe/Bubble_net_feeding.webm,video/webm,43.0,CC-BY-4.0,External source license review needed on Commons
vdcr_commons_mr3_000007,https://commons.wikimedia.org/wiki/File:Gust_Front_Expands_From_Storms_Over_the_Gulf_of_Mexico_(CIRA_2024-04-29_-_nolabels_portrait).webm,Gust Front Expands From Storms Over the Gulf of Mexico,https://upload.wikimedia.org/wikipedia/commons/a/a8/Gust_Front_Expands_From_Storms_Over_the_Gulf_of_Mexico_%28CIRA_2024-04-29_-_nolabels_portrait%29.webm,video/webm,5.1,Public domain,NOAA/CSU-CIRA material marked public domain on Commons
vdcr_commons_mr3_000008,https://commons.wikimedia.org/wiki/File:Downburst_Piracicaba_2025.webm,Downburst Piracicaba 2025,https://upload.wikimedia.org/wikipedia/commons/d/d8/Downburst_Piracicaba_2025.webm,video/webm,30.0,CC-BY-4.0,Commons own work under CC BY 4.0
vdcr_commons_mr3_000009,https://commons.wikimedia.org/wiki/File:CH3NH3PbI3_crystal_growth.webm,CH3NH3PbI3 crystal growth,https://upload.wikimedia.org/wikipedia/commons/c/cf/CH3NH3PbI3_crystal_growth.webm,video/webm,24.0,CC-BY-4.0,Commons import from Nature Communications under CC BY 4.0
vdcr_commons_mr4_000001,https://commons.wikimedia.org/wiki/File:Vorticella_vortex_DSC_1703.webm,Vorticella vortex formed by ciliary beating,https://upload.wikimedia.org/wikipedia/commons/0/00/Vorticella_vortex_DSC_1703.webm,video/webm,0.0,Commons review needed,Commons page says ciliary-beating water current; verify license on page
vdcr_commons_mr4_000002,https://commons.wikimedia.org/wiki/File:MicrotubuleDynamicInstability.ogv,Microtubule dynamic instability,https://upload.wikimedia.org/wikipedia/commons/a/a0/MicrotubuleDynamicInstability.ogv,video/ogg,0.0,Commons review needed,Commons scientific animation; verify no text leakage
vdcr_commons_mr4_000003,https://commons.wikimedia.org/wiki/File:Calcium-Wave-Propagation-in-Networks-of-Endothelial-Cells-Model-based-Theoretical-and-Experimental-pcbi.1002847.s006.ogv,Calcium wave propagation in endothelial cells,https://upload.wikimedia.org/wikipedia/commons/3/33/Calcium-Wave-Propagation-in-Networks-of-Endothelial-Cells-Model-based-Theoretical-and-Experimental-pcbi.1002847.s006.ogv,video/ogg,0.0,CC-BY likely via PLOS,Commons import from PLOS supplementary movie; verify on page
vdcr_commons_mr4_000004,https://commons.wikimedia.org/wiki/File:Calcium-spikes-waves-and-oscillations-in-a-large-patterned-epithelial-tissue-srep42786-s2.ogv,Calcium spikes waves and oscillations in epithelial tissue,https://upload.wikimedia.org/wikipedia/commons/a/a6/Calcium-spikes-waves-and-oscillations-in-a-large-patterned-epithelial-tissue-srep42786-s2.ogv,video/ogg,0.0,CC-BY likely via Scientific Reports,Duplicate candidate for calcium-wave concept; verify visual quality
vdcr_commons_mr4_000005,https://commons.wikimedia.org/wiki/File:PIAS%CE%B3-Is-Required-for-Faithful-Chromosome-Segregation-in-Human-Cells-pone.0000053.s006.ogv,Chromosome segregation in human cells,https://upload.wikimedia.org/wikipedia/commons/a/ab/PIAS%CE%B3-Is-Required-for-Faithful-Chromosome-Segregation-in-Human-Cells-pone.0000053.s006.ogv,video/ogg,0.0,CC-BY likely via PLOS,Commons import from PLOS supplementary movie; verify no text leakage
vdcr_commons_mr4_000006,https://commons.wikimedia.org/wiki/File:Cell_in_mitosis_(real_time).ogv,Cell in mitosis real time,https://upload.wikimedia.org/wikipedia/commons/d/d7/Cell_in_mitosis_%28real_time%29.ogv,video/ogg,0.0,Commons review needed,Duplicate candidate for mitotic chromosome segregation; verify visual quality
vdcr_commons_mr4_000007,https://commons.wikimedia.org/wiki/File:Phoenix_DustStorm.webm,Phoenix dust storm,https://upload.wikimedia.org/wikipedia/commons/7/70/Phoenix_DustStorm.webm,video/webm,0.0,Commons review needed,Candidate for dust storm front propagation; reject if just generic dust cloud
vdcr_commons_mr4_000008,https://commons.wikimedia.org/wiki/File:Pyrocumulonimbus_Billow_From_Alberta_Wildfires_(CIRA_2025-05-30_-_nolabels).webm,Pyrocumulonimbus billow from Alberta wildfires,https://upload.wikimedia.org/wikipedia/commons/5/53/Pyrocumulonimbus_Billow_From_Alberta_Wildfires_%28CIRA_2025-05-30_-_nolabels%29.webm,video/webm,0.0,NOAA/CIRA public-domain likely,Satellite loop candidate for pyrocumulus development; verify no labels and no title text
vdcr_commons_mr4_000009,https://commons.wikimedia.org/wiki/File:A_%22bomb_cyclone%22_creates_a_dust_storm_in_New_Mexico_and_Texas_(CIRA_2019-04-11).webm,Bomb cyclone dust storm in New Mexico and Texas,https://upload.wikimedia.org/wikipedia/commons/f/f3/A_%22bomb_cyclone%22_creates_a_dust_storm_in_New_Mexico_and_Texas_%28CIRA_2019-04-11%29.webm,video/webm,0.0,NOAA/CIRA public-domain likely,Duplicate candidate for dust storm front propagation; verify dynamic front
vdcr_commons_mr4_000010,https://commons.wikimedia.org/wiki/File:Fires_Billow_Smoke_Across_the_Pacific_Northwest_(CIRA_2024-09-05_-_nolabels).webm,Fires billow smoke across the Pacific Northwest,https://upload.wikimedia.org/wikipedia/commons/9/94/Fires_Billow_Smoke_Across_the_Pacific_Northwest_%28CIRA_2024-09-05_-_nolabels%29.webm,video/webm,0.0,NOAA/CIRA public-domain likely,Candidate for convective smoke plume rise; verify no labels and no title text
vdcr_commons_mr5_000001,https://commons.wikimedia.org/wiki/File:Paranuss-Effekt_Brazil_Nut_Effect_Granular_Convection.webm,Brazil nut effect granular convection,https://upload.wikimedia.org/wikipedia/commons/d/d9/Paranuss-Effekt_Brazil_Nut_Effect_Granular_Convection.webm,video/webm,18.0,CC-BY-SA-4.0,Commons own work; page describes Brazil nut effect example in transparent neutral muesli bag
vdcr_commons_mr5_000002,https://commons.wikimedia.org/wiki/File:Marangoni_effect_experimental_demonstration.ogv,Marangoni effect experimental demonstration,https://upload.wikimedia.org/wikipedia/commons/3/38/Marangoni_effect_experimental_demonstration.ogv,video/ogg,29.1,CC-BY-3.0,Commons own work under CC BY 3.0; verify no title/text leakage
vdcr_commons_mr5_000003,https://commons.wikimedia.org/wiki/File:Pinch-off_in_two-fluid_systems.webm,Pinch-off in two-fluid systems,https://upload.wikimedia.org/wikipedia/commons/3/3e/Pinch-off_in_two-fluid_systems.webm,video/webm,7.5,CC-BY-3.0,YouTube CC source reviewed on Commons; no text expected
vdcr_commons_mr6_000001,https://commons.wikimedia.org/wiki/File:Entropy-driven-formation-of-chiral-nematic-phases-by-computer-simulations-ncomms11175-s4.ogv,Spinodal decomposition for chiral short rods,https://upload.wikimedia.org/wikipedia/commons/7/7d/Entropy-driven-formation-of-chiral-nematic-phases-by-computer-simulations-ncomms11175-s4.ogv,video/ogg,23.8,CC-BY-4.0,Commons import from Nature Communications supplementary movie under CC BY 4.0
vdcr_commons_mr6_000002,https://commons.wikimedia.org/wiki/File:Synucleins-Antagonize-Endoplasmic-Reticulum-Function-to-Modulate-Dopamine-Transporter-Trafficking-pone.0070872.s008.ogv,DAT-mCherry FRAP time series,https://upload.wikimedia.org/wikipedia/commons/f/fc/Synucleins-Antagonize-Endoplasmic-Reticulum-Function-to-Modulate-Dopamine-Transporter-Trafficking-pone.0070872.s008.ogv,video/ogg,7.1,CC-BY-2.5/3.0,Commons/PLOS supplementary movie; verify no panel labels or answer leakage
vdcr_commons_mr6_000003,https://commons.wikimedia.org/wiki/File:Growth_of_mung_bean_seedlings.webm,Growth of mung bean seedlings,https://upload.wikimedia.org/wikipedia/commons/4/40/Growth_of_mung_bean_seedlings.webm,video/webm,32.0,CC-BY-SA-4.0,Commons own work; source describes competition between gravitropism and phototropism
vdcr_commons_mr7_000001,https://commons.wikimedia.org/wiki/File:The-Behaviour-of-Both-Listeria-monocytogenes-and-Rat-Ciliated-Ependymal-Cells-Is-Altered-during-pone.0010450.s001.ogv,Rat ependymal cilia beating slow-motion microscopy,https://upload.wikimedia.org/wikipedia/commons/6/63/The-Behaviour-of-Both-Listeria-monocytogenes-and-Rat-Ciliated-Ependymal-Cells-Is-Altered-during-pone.0010450.s001.ogv,video/ogg,13.0,CC-BY-2.5,Commons/PLOS supplementary movie; source describes high-speed slow-motion beating cilia on rat ependymal cells
vdcr_commons_mr7_000002,https://commons.wikimedia.org/wiki/File:Animation_of_swimming_ciliate.webm,Animation of swimming ciliate,https://upload.wikimedia.org/wikipedia/commons/f/f0/Animation_of_swimming_ciliate.webm,video/webm,14.0,CC-BY-SA-4.0,Commons reviewed media from EPJ E; source describes cilia beating in a multi-ciliated microswimmer and beat-cycle phase coloring
vdcr_commons_mr7_000003,https://commons.wikimedia.org/wiki/File:OxbowAnimation.gif,Oxbow lake formation animation,https://upload.wikimedia.org/wikipedia/commons/8/84/OxbowAnimation.gif,image/gif,13.0,CC-BY-SA-3.0/GFDL,Commons animated GIF; source describes animation of the creation of an oxbow lake
vdcr_commons_mr8_000001,"https://commons.wikimedia.org/wiki/File:An_explosive_eruption_occurred_at_Kanlaon_Volcano_on_December_9,_2024.webm",Kanlaon explosive eruption December 9 2024,https://upload.wikimedia.org/wikipedia/commons/5/57/An_explosive_eruption_occurred_at_Kanlaon_Volcano_on_December_9%2C_2024.webm,video/webm,25.0,Public domain PhilippinesGov,Commons/PHIVOLCS-DOST video; source describes explosive summit eruption and categories include pyroclastic flows/collapsing eruption columns
vdcr_commons_mr8_000002,https://commons.wikimedia.org/wiki/File:Slow-moving-and-far-travelled-dense-pyroclastic-flows-during-the-Peach-Spring-super-eruption-ncomms10890-s4.ogv,Dense pyroclastic-flow laboratory experiment C5,https://upload.wikimedia.org/wikipedia/commons/0/0b/Slow-moving-and-far-travelled-dense-pyroclastic-flows-during-the-Peach-Spring-super-eruption-ncomms10890-s4.ogv,video/ogg,4.6,CC-BY-4.0,Commons/Nature Communications supplementary movie; air-particle flow laboratory analogue with graph-paper scale
vdcr_commons_mr8_000003,https://commons.wikimedia.org/wiki/File:Meandering_on_Ucayali_River.gif,Meandering on Ucayali River,https://upload.wikimedia.org/wikipedia/commons/b/b7/Meandering_on_Ucayali_River.gif,image/gif,5.6,CC-BY-SA-4.0,Commons own-work animated satellite/map sequence of Ucayali river dynamics
vdcr_commons_mr9_000001,https://commons.wikimedia.org/wiki/File:Kelvin-Helmholtz_Instability.ogv,Kelvin-Helmholtz instability numerical simulation,https://upload.wikimedia.org/wikipedia/commons/d/d8/Kelvin-Helmholtz_Instability.ogv,video/ogg,8.3,Public domain,Commons featured public-domain numerical simulation of Kelvin-Helmholtz instability
vdcr_commons_mr9_000002,https://commons.wikimedia.org/wiki/File:Origin-and-dynamics-of-vortex-rings-in-drop-splashing-ncomms9187-s3.ogv,X-ray vortex ring formation during drop splashing,https://upload.wikimedia.org/wikipedia/commons/4/40/Origin-and-dynamics-of-vortex-rings-in-drop-splashing-ncomms9187-s3.ogv,video/ogg,36.0,CC-BY-4.0,Commons/Nature Communications supplementary movie showing vortex ring formation during drop impact
vdcr_commons_mr9_000003,https://commons.wikimedia.org/wiki/File:Electrodeposition_of_copper_crystals.webm,Electrodeposition of copper crystals,https://upload.wikimedia.org/wikipedia/commons/a/ae/Electrodeposition_of_copper_crystals.webm,video/webm,12.0,CC-BY-2.0 Flickr review needed,Commons imported Flickr video; page describes electrodeposition of copper crystals and still needs Flickr license review
vdcr_commons_mr9_000004,https://commons.wikimedia.org/wiki/File:Bubble_net_feeding.webm,Bubble net feeding whale video,https://upload.wikimedia.org/wikipedia/commons/f/fe/Bubble_net_feeding.webm,video/webm,43.0,CC-BY-4.0 license review needed,Commons imported external video; page describes whale bubble net feeding and license review is needed
vdcr_commons_mr9_000005,https://commons.wikimedia.org/wiki/File:Monomeric-and-Dimeric-CXCL8-Are-Both-Essential-for-In-Vivo-Neutrophil-Recruitment-pone.0011754.s003.ogv,Neutrophil chemotaxis monomer CXCL8 movie,https://upload.wikimedia.org/wikipedia/commons/0/05/Monomeric-and-Dimeric-CXCL8-Are-Both-Essential-for-In-Vivo-Neutrophil-Recruitment-pone.0011754.s003.ogv,video/ogg,12.0,CC-BY-2.5,Commons/PLOS supplementary movie showing neutrophil chemotaxis
vdcr_commons_mr9_000006,https://commons.wikimedia.org/wiki/File:Swarming-bacteria-migrate-by-L%C3%A9vy-Walk-ncomms9396-s2.ogv,Bacterial swarming motility microscopy,https://upload.wikimedia.org/wikipedia/commons/a/a4/Swarming-bacteria-migrate-by-L%C3%A9vy-Walk-ncomms9396-s2.ogv,video/ogg,13.0,CC-BY-4.0,Commons/Nature Communications supplementary movie showing B. subtilis swarming
vdcr_commons_mr10_000001,https://commons.wikimedia.org/wiki/File:CH3NH3PbI3_crystal_growth.webm,MAPbI3 crystal growth time-lapse,https://upload.wikimedia.org/wikipedia/commons/c/cf/CH3NH3PbI3_crystal_growth.webm,video/webm,24.0,CC-BY-SA-4.0,Commons time-accelerated video of MAPbI3 crystal growth by inverse temperature crystallization
vdcr_commons_mr10_000002,https://commons.wikimedia.org/wiki/File:Dendrite_formation.gif,Dendrite formation animation,https://upload.wikimedia.org/wikipedia/commons/4/4d/Dendrite_formation.gif,image/gif,10.0,Public domain,Commons animated GIF of dendrite formation in crystal growth
vdcr_commons_mr10_000003,https://commons.wikimedia.org/wiki/File:Marangoni_effect_experimental_demonstration.ogv,Marangoni effect experimental demonstration,https://upload.wikimedia.org/wikipedia/commons/3/38/Marangoni_effect_experimental_demonstration.ogv,video/ogg,29.0,CC-BY-3.0,Commons self-published experimental demonstration of Marangoni effect
vdcr_commons_mr10_000004,https://commons.wikimedia.org/wiki/File:A-general-patterning-approach-by-manipulating-the-evolution-of-two-dimensional-liquid-foams-ncomms14110-s2.ogv,2D foam evolution with Ostwald ripening,https://upload.wikimedia.org/wikipedia/commons/b/bc/A-general-patterning-approach-by-manipulating-the-evolution-of-two-dimensional-liquid-foams-ncomms14110-s2.ogv,video/ogg,46.0,CC-BY-4.0,Commons/Nature Communications supplementary movie; category/source describes Ostwald ripening in evolving 2D foams
vdcr_commons_mr10_000005,https://commons.wikimedia.org/wiki/File:The-dynamic-nature-of-crystal-growth-in-pores-srep33086-s3.ogv,Crystal growth in pores supplementary video,https://upload.wikimedia.org/wikipedia/commons/5/52/The-dynamic-nature-of-crystal-growth-in-pores-srep33086-s3.ogv,video/ogg,15.0,CC-BY-4.0,Commons/Scientific Reports supplementary video from study of crystal growth in pores
vdcr_commons_mr11_000001,https://commons.wikimedia.org/wiki/File:Downburst_Piracicaba_2025.webm,Downburst Piracicaba 2025.webm,https://upload.wikimedia.org/wikipedia/commons/d/d8/Downburst_Piracicaba_2025.webm,video/webm,30,CC BY 4.0,https://creativecommons.org/licenses/by/4.0/
vdcr_commons_mr11_000002,https://commons.wikimedia.org/wiki/File:Tornado_time_lapse.webm,Tornado time lapse.webm,https://upload.wikimedia.org/wikipedia/commons/f/fa/Tornado_time_lapse.webm,video/webm,36,CC BY-SA 4.0,https://creativecommons.org/licenses/by-sa/4.0/
vdcr_commons_mr11_000003,https://commons.wikimedia.org/wiki/File:Rabies-Virus-Hijacks-and-Accelerates-the-p75NTR-Retrograde-Axonal-Transport-Machinery-ppat.1004348.s005.ogv,Rabies-Virus-Hijacks-and-Accelerates-the-p75NTR-Retrograde-Axonal-Transport-Machinery-ppat.1004348.s005.ogv,https://upload.wikimedia.org/wikipedia/commons/1/1a/Rabies-Virus-Hijacks-and-Accelerates-the-p75NTR-Retrograde-Axonal-Transport-Machinery-ppat.1004348.s005.ogv,video/ogg,20,CC BY 4.0,https://creativecommons.org/licenses/by/4.0/
vdcr_commons_mr11_000004,https://commons.wikimedia.org/wiki/File:%D0%9D%D0%B5%D0%B9%D1%82%D1%80%D0%BE%D1%84%D0%B8%D0%BB_%D0%BA%D1%80%D0%BE%D0%B2%D0%B8_%D1%87%D0%B5%D0%BB%D0%BE%D0%B2%D0%B5%D0%BA%D0%B0_%D1%84%D0%B0%D0%B3%D0%BE%D1%86%D0%B8%D1%82%D0%B8%D1%80%D1%83%D0%B5%D1%82_%D0%B1%D0%B0%D0%BA%D1%82%D0%B5%D1%80%D0%B8%D1%8E.webm,Нейтрофил крови человека фагоцитирует бактерию.webm,https://upload.wikimedia.org/wikipedia/commons/0/0a/%D0%9D%D0%B5%D0%B9%D1%82%D1%80%D0%BE%D1%84%D0%B8%D0%BB_%D0%BA%D1%80%D0%BE%D0%B2%D0%B8_%D1%87%D0%B5%D0%BB%D0%BE%D0%B2%D0%B5%D0%BA%D0%B0_%D1%84%D0%B0%D0%B3%D0%BE%D1%86%D0%B8%D1%82%D0%B8%D1%80%D1%83%D0%B5%D1%82_%D0%B1%D0%B0%D0%BA%D1%82%D0%B5%D1%80%D0%B8%D1%8E.webm,video/webm,58,CC BY 4.0,https://creativecommons.org/licenses/by/4.0/
vdcr_commons_mr12_000001,https://commons.wikimedia.org/wiki/File:Debris_flow_-_22_juillet_2013_-_Crue_torrentielle_a_Saint_Julien_Montdenis.webm,Debris flow - 22 juillet 2013 - Crue torrentielle a Saint Julien Montdenis.webm,https://upload.wikimedia.org/wikipedia/commons/2/2a/Debris_flow_-_22_juillet_2013_-_Crue_torrentielle_a_Saint_Julien_Montdenis.webm,video/webm,1737.9,CC BY-SA 3.0,Commons VRTS-confirmed debris-flow source
vdcr_commons_mr12_000002,https://commons.wikimedia.org/wiki/File:Bondo_Aug_2017.webm,Bondo Aug 2017.webm,https://upload.wikimedia.org/wikipedia/commons/c/c1/Bondo_Aug_2017.webm,video/webm,83,CC0,Commons own-work debris-flow video
vdcr_commons_mr12_000003,https://commons.wikimedia.org/wiki/File:Plunging_breaker_single.gif,Plunging breaker single.gif,https://upload.wikimedia.org/wikipedia/commons/7/7f/Plunging_breaker_single.gif,image/gif,8.8,CC BY-SA 2.0 DE,Commons wave-flume-derived animation
vdcr_commons_mr12_000004,https://commons.wikimedia.org/wiki/File:Brandungsr%C3%BCckstrom_(Wangerooge).webm,Brandungsrückstrom (Wangerooge).webm,https://upload.wikimedia.org/wikipedia/commons/c/cb/Brandungsr%C3%BCckstrom_%28Wangerooge%29.webm,video/webm,33,CC BY-SA 4.0,Commons own-work rip-current formation video
vdcr_commons_mr12_000005,https://commons.wikimedia.org/wiki/File:Pyrocumulonimbus_Billow_From_Alberta_Wildfires_(CIRA_2025-05-30_-_nolabels).webm,Pyrocumulonimbus Billow From Alberta Wildfires nolabels.webm,https://upload.wikimedia.org/wikipedia/commons/5/53/Pyrocumulonimbus_Billow_From_Alberta_Wildfires_%28CIRA_2025-05-30_-_nolabels%29.webm,video/webm,5.3,Public domain NOAA,Commons/NOAA/CIRA no-label satellite loop
vdcr_commons_mr12_000006,https://commons.wikimedia.org/wiki/File:Liquefaction.gif,Liquefaction.gif,https://upload.wikimedia.org/wikipedia/commons/c/c0/Liquefaction.gif,image/gif,0,verify_on_source_page,Commons animated GIF of soil liquefaction
vdcr_commons_mr12_000007,https://commons.wikimedia.org/wiki/File:Barchan_Dunes_on_Mars_(48488695711).webm,Barchan Dunes on Mars.webm,https://upload.wikimedia.org/wikipedia/commons/e/eb/Barchan_Dunes_on_Mars_%2848488695711%29.webm,video/webm,60,NASA/USGS public-source verify,Commons imported Mars barchan dunes video
vdcr_commons_mr13_000001,https://commons.wikimedia.org/wiki/File:Cavitation_in_a_gear_pump.ogv,Cavitation in a gear pump.ogv,https://upload.wikimedia.org/wikipedia/commons/6/67/Cavitation_in_a_gear_pump.ogv,video/ogg,56,CC0,Commons own-work transparent gear-pump cavitation video
vdcr_commons_mr13_000002,https://commons.wikimedia.org/wiki/File:Assembly_of_microscale_beads_on_Faraday_waves.gif,Assembly of microscale beads on Faraday waves.gif,https://upload.wikimedia.org/wikipedia/commons/4/40/Assembly_of_microscale_beads_on_Faraday_waves.gif,image/gif,0,CC BY-SA 3.0,Commons Faraday-wave bead assembly GIF
vdcr_commons_mr13_000003,https://commons.wikimedia.org/wiki/File:Chemical_traffic_light_reaction_time-lapse.webm,Chemical traffic light reaction time-lapse.webm,https://upload.wikimedia.org/wikipedia/commons/0/00/Chemical_traffic_light_reaction_time-lapse.webm,video/webm,56.6,CC BY-SA 4.0/GFDL,Commons own-work chemical traffic light reaction time-lapse
vdcr_commons_mr13_000004,https://commons.wikimedia.org/wiki/File:A-reversible-dendrite-free-high-areal-capacity-lithium-metal-electrode-ncomms15106-s5.ogv,Lithium metal electrodeposition supplementary movie s5.ogv,https://upload.wikimedia.org/wikipedia/commons/6/65/A-reversible-dendrite-free-high-areal-capacity-lithium-metal-electrode-ncomms15106-s5.ogv,video/ogg,91,CC BY 4.0,Commons/Nature Communications in-situ electrodeposition movie
vdcr_commons_mr13_000005,https://commons.wikimedia.org/wiki/File:HD-Rayleigh-Taylor.gif,HD-Rayleigh-Taylor.gif,https://upload.wikimedia.org/wikipedia/commons/d/d6/HD-Rayleigh-Taylor.gif,image/gif,0.1,Public domain USGov,Commons hydrodynamic Rayleigh-Taylor simulation GIF
vdcr_commons_mr13_000006,https://commons.wikimedia.org/wiki/File:Compactification.ogg,Compactification.ogg,https://upload.wikimedia.org/wikipedia/commons/8/85/Compactification.ogg,video/ogg,26,CC0,Commons cavitation-collapse animation
vdcr_commons_mr14_000001,https://commons.wikimedia.org/wiki/File:Separating-hydrogen-and-oxygen-evolution-in-alkaline-water-electrolysis-using-nickel-hydroxide-ncomms11741-s4.ogv,Separating-hydrogen-and-oxygen-evolution-in-alkaline-water-electrolysis-using-nickel-hydroxide-ncomms11741-s4.ogv,https://upload.wikimedia.org/wikipedia/commons/0/0a/Separating-hydrogen-and-oxygen-evolution-in-alkaline-water-electrolysis-using-nickel-hydroxide-ncomms11741-s4.ogv,video/ogg,31.27,CC BY 4.0,Commons/Nature Communications supplementary movie; hydrogen bubbles evolve and release from HER electrode surface
vdcr_commons_mr14_000002,https://commons.wikimedia.org/wiki/File:Role-of-the-Number-of-Microtubules-in-Chromosome-Segregation-during-Cell-Division-pone.0141305.s007.ogv,Role-of-the-Number-of-Microtubules-in-Chromosome-Segregation-during-Cell-Division-pone.0141305.s007.ogv,https://upload.wikimedia.org/wikipedia/commons/e/e5/Role-of-the-Number-of-Microtubules-in-Chromosome-Segregation-during-Cell-Division-pone.0141305.s007.ogv,video/ogg,3.2,CC BY 4.0,Commons/PLOS ONE supplementary movie; congression process with many microtubules per kinetochore
vdcr_commons_mr14_000003,https://commons.wikimedia.org/wiki/File:Mitotic-Spindle-Disruption-by-Alternating-Electric-Fields-Leads-to-Improper-Chromosome-Segregation-srep18046-s3.ogv,Mitotic-Spindle-Disruption-by-Alternating-Electric-Fields-Leads-to-Improper-Chromosome-Segregation-srep18046-s3.ogv,https://upload.wikimedia.org/wikipedia/commons/b/b2/Mitotic-Spindle-Disruption-by-Alternating-Electric-Fields-Leads-to-Improper-Chromosome-Segregation-srep18046-s3.ogv,video/ogg,35.6,CC BY 4.0,Commons/Scientific Reports supplementary movie; chromosome segregation and mitotic catastrophe source context
vdcr_commons_mr14_000004,https://commons.wikimedia.org/wiki/File:Mutation-of-Growth-Arrest-Specific-8-Reveals-a-Role-in-Motile-Cilia-Function-and-Human-Disease-pgen.1006220.s002.ogv,Mutation-of-Growth-Arrest-Specific-8-Reveals-a-Role-in-Motile-Cilia-Function-and-Human-Disease-pgen.1006220.s002.ogv,https://upload.wikimedia.org/wikipedia/commons/1/11/Mutation-of-Growth-Arrest-Specific-8-Reveals-a-Role-in-Motile-Cilia-Function-and-Human-Disease-pgen.1006220.s002.ogv,video/ogg,13.3,CC BY 4.0,Commons/PLOS Genetics supplementary movie; motile cilia with normal beat frequency and waveform captured high-speed
vdcr_commons_mr15_000001,https://commons.wikimedia.org/wiki/File:Gyroscope_precession.gif,Gyroscope precession.gif,https://upload.wikimedia.org/wikipedia/commons/8/82/Gyroscope_precession.gif,image/gif,2.1,Public domain,Commons public-domain gyroscope precession animation
vdcr_commons_mr15_000002,https://commons.wikimedia.org/wiki/File:Altering-the-coffee-ring-effect-by-adding-a-surfactant-like-viscous-polymer-solution-41598_2017_497_MOESM3_ESM.ogv,Altering-the-coffee-ring-effect-by-adding-a-surfactant-like-viscous-polymer-solution-41598_2017_497_MOESM3_ESM.ogv,https://upload.wikimedia.org/wikipedia/commons/d/d9/Altering-the-coffee-ring-effect-by-adding-a-surfactant-like-viscous-polymer-solution-41598_2017_497_MOESM3_ESM.ogv,video/ogg,26.727,CC BY 4.0,Commons/Scientific Reports supplementary movie for coffee-ring-effect alteration
vdcr_commons_mr15_000003,https://commons.wikimedia.org/wiki/File:Synucleins-Antagonize-Endoplasmic-Reticulum-Function-to-Modulate-Dopamine-Transporter-Trafficking-pone.0070872.s008.ogv,Synucleins-Antagonize-Endoplasmic-Reticulum-Function-to-Modulate-Dopamine-Transporter-Trafficking-pone.0070872.s008.ogv,https://upload.wikimedia.org/wikipedia/commons/f/fc/Synucleins-Antagonize-Endoplasmic-Reticulum-Function-to-Modulate-Dopamine-Transporter-Trafficking-pone.0070872.s008.ogv,video/ogg,7.1,CC BY 2.5,Commons/PLOS ONE DAT-mCherry FRAP time series
vdcr_commons_mr15_000004,https://serc.carleton.edu/details/files/31382.html,Turbidity Currents,https://serc.carleton.edu/download/files/31382/turbidity_currents.mp4,video/mp4,130,CC BY-NC-SA 3.0,SERC/Carleton turbidity current movie; noncommercial license requires final release audit
vdcr_commons_mr15_000005,https://commons.wikimedia.org/wiki/File:Nachtkerze02-50p.ogv,Nachtkerze02-50p.ogv,https://upload.wikimedia.org/wikipedia/commons/6/65/Nachtkerze02-50p.ogv,video/ogg,51,CC BY-SA 3.0,Commons real-time evening primrose flower opening categorized as Nyctinasty
vdcr_commons_mr16_000001,https://commons.wikimedia.org/wiki/File:Slow-motion_video_of_flame_front_extending_along_a_channel.webm,Slow-motion video of flame front extending along a channel.webm,https://upload.wikimedia.org/wikipedia/commons/c/c2/Slow-motion_video_of_flame_front_extending_along_a_channel.webm,video/webm,15,CC BY-SA 4.0,Commons own-work video by Pittigrilli; final derivative requires attribution and share-alike handling
vdcr_commons_mr16_000002,https://commons.wikimedia.org/wiki/File:Natriumsulfat_(F%C3%A4llung).webm,Natriumsulfat (Faellung).webm,https://upload.wikimedia.org/wikipedia/commons/8/87/Natriumsulfat_%28F%C3%A4llung%29.webm,video/webm,66,verify_on_source_page,Commons sodium sulfate precipitation video; candidate kept for review and final license audit
vdcr_commons_mr17_000001,https://commons.wikimedia.org/wiki/File:Valspar_The_Future_of_Paint.webm,Valspar The Future of Paint.webm,https://upload.wikimedia.org/wikipedia/commons/d/d8/Valspar_The_Future_of_Paint.webm,video/webm,30,CC BY 3.0,Commons/Vimeo-imported slow-motion crown-splash simulation; final derivative requires attribution
vdcr_commons_mr17_000002,https://commons.wikimedia.org/wiki/File:Silver.webm,Silver.webm,https://upload.wikimedia.org/wikipedia/commons/e/ef/Silver.webm,video/webm,31,CC BY 4.0,Commons own-work microscopy video of silver crystal growth on copper from silver nitrate
vdcr_commons_mr17_000003,https://commons.wikimedia.org/wiki/File:Kinetochore-independent-chromosome-segregation-driven-by-lateral-microtubule-bundles-elife06462v001.ogv,Kinetochore-independent-chromosome-segregation-driven-by-lateral-microtubule-bundles-elife06462v001.ogv,https://upload.wikimedia.org/wikipedia/commons/5/54/Kinetochore-independent-chromosome-segregation-driven-by-lateral-microtubule-bundles-elife06462v001.ogv,video/ogg,15,verify_on_source_page,Commons/open-access microscopy movie; candidate kept for visual gate and final license audit
vdcr_commons_mr17_000004,https://commons.wikimedia.org/wiki/File:Gravitropism_in_Roots.gif,Gravitropism in Roots.gif,https://upload.wikimedia.org/wikipedia/commons/b/bc/Gravitropism_in_Roots.gif,image/gif,1.6,CC BY-SA 4.0,Commons own-work gravitropism animation; candidate kept as biology backup after static-shortcut review
vdcr_commons_mr17_000005,https://commons.wikimedia.org/wiki/File:Downburst_Piracicaba_2025.webm,Downburst Piracicaba 2025.webm,https://upload.wikimedia.org/wikipedia/commons/d/d8/Downburst_Piracicaba_2025.webm,video/webm,30,CC BY 4.0,Commons own-work downburst video from Piracicaba; final derivative requires attribution
vdcr_commons_mr17_000006,https://commons.wikimedia.org/wiki/File:Tornado_time_lapse.webm,Tornado time lapse.webm,https://upload.wikimedia.org/wikipedia/commons/f/fa/Tornado_time_lapse.webm,video/webm,36,CC BY-SA 4.0,Commons own-work tornado life-cycle time-lapse; final derivative requires attribution and share-alike handling
vdcr_commons_mr17_000007,https://commons.wikimedia.org/wiki/File:Water_drop_animation_enhanced.ogv,Water drop animation enhanced.ogv,https://upload.wikimedia.org/wikipedia/commons/5/57/Water_drop_animation_enhanced.ogv,video/ogg,5,CC BY-SA 3.0,Commons slow-motion water-drop animation; candidate kept for Rayleigh-Plateau breakup visual gate and license audit
vdcr_commons_mr18_000001,https://commons.wikimedia.org/wiki/File:Marangoni-effect-visualized-in-two-dimensions-Optical-tweezers-for-gas-bubbles-srep34787-s6.ogv,Marangoni-effect-visualized-in-two-dimensions-Optical-tweezers-for-gas-bubbles-srep34787-s6.ogv,https://upload.wikimedia.org/wikipedia/commons/9/91/Marangoni-effect-visualized-in-two-dimensions-Optical-tweezers-for-gas-bubbles-srep34787-s6.ogv,video/ogg,5.6,CC BY 4.0,Commons/Scientific Reports supplementary video for two-dimensional Marangoni effect visualization
vdcr_commons_mr18_000002,"https://commons.wikimedia.org/wiki/File:A_freezing_soap_bubble_in_McGregor,_Minnesota.webm","A freezing soap bubble in McGregor, Minnesota.webm",https://upload.wikimedia.org/wikipedia/commons/8/88/A_freezing_soap_bubble_in_McGregor%2C_Minnesota.webm,video/webm,24,CC BY 2.0,Commons/Flickr video of freezing soap-bubble crystals moving due to Marangoni effect; final derivative requires attribution
vdcr_commons_mr18_000003,https://web.mit.edu/nnf/research/phenomena/rodclimbing.html,rod_climbing.avi,https://web.mit.edu/nnf/research/phenomena/rod_climbing.avi,video/avi,0,license_audit_required,MIT Non-Newtonian Fluid Dynamics Group educational rod-climbing video; final release needs source-permission audit
vdcr_commons_mr18_000004,https://commons.wikimedia.org/wiki/File:Plazmoliz_and_deplazmoliz.ogv,Plazmoliz and deplazmoliz.ogv,https://upload.wikimedia.org/wikipedia/commons/7/79/Plazmoliz_and_deplazmoliz.ogv,video/ogg,59,CC BY-SA 4.0,Commons timelapse of onion epidermal plasmolysis and deplasmolysis
vdcr_commons_mr18_000005,https://developers.google.com/earth-engine/timelapse/videos#kosi-river-bihar-india,Kosi River Bihar India no-label MP4,https://storage.googleapis.com/earthengine-timelapse/2023/curated/mp4/src/kosi-river-bihar-india.mp4,video/mp4,0,CC BY 4.0,Google Earth Timelapse no-label Kosi River video; attribution required to Google Earth Timelapse (Google Landsat Copernicus)
vdcr_commons_mr19_000001,https://commons.wikimedia.org/wiki/File:Assembly_of_microscale_beads_on_Faraday_waves.gif,Assembly of microscale beads on Faraday waves.gif,https://upload.wikimedia.org/wikipedia/commons/4/40/Assembly_of_microscale_beads_on_Faraday_waves.gif,image/gif,0,CC BY-SA 3.0,Commons GIF of microscale beads assembling on Faraday-wave nodal regions
vdcr_commons_mr19_000002,https://commons.wikimedia.org/wiki/File:Electrodeposition_of_copper_crystals.webm,Electrodeposition of copper crystals.webm,https://upload.wikimedia.org/wikipedia/commons/a/ae/Electrodeposition_of_copper_crystals.webm,video/webm,11.74,CC BY 2.0,Commons/Flickr video by Francois Nguyen showing electrodeposition of copper crystals
vdcr_commons_mr19_000003,https://commons.wikimedia.org/wiki/File:NMDA-Receptor-Stimulation-Induces-Reversible-Fission-of-the-Neuronal-Endoplasmic-Reticulum-pone.0005250.s006.ogv,NMDA receptor FRAP experiment s006,https://upload.wikimedia.org/wikipedia/commons/7/7c/NMDA-Receptor-Stimulation-Induces-Reversible-Fission-of-the-Neuronal-Endoplasmic-Reticulum-pone.0005250.s006.ogv,video/ogg,3.0,CC BY 2.5,Commons/PLOS ONE FRAP experiment on glutamate treated CA1 neuron
vdcr_commons_mr19_000004,https://www.nps.gov/media/video/view.htm?id=3891AE87-2739-4586-BA36-E57FCE285B37,Muldrow Surge Time-lapse May 8 to July 1 2021,https://www.nps.gov/nps-audiovideo/audiovideo/21e11180-1338-40bd-a9c8-83eacf97a0fd720p.mp4,video/mp4,30,Public domain,NPS Video by Chad Hults and Matt Harrington showing Muldrow Glacier surge toe advance
vdcr_commons_mr19_000005,https://commons.wikimedia.org/wiki/File:Magnetic-field-induced-flow-pattern-reversal-in-a-ferrofluidic-Taylor-Couette-system-srep18589-s8.ogv,Magnetic-field induced flow pattern reversal in a ferrofluidic Taylor-Couette system s8,https://upload.wikimedia.org/wikipedia/commons/4/48/Magnetic-field-induced-flow-pattern-reversal-in-a-ferrofluidic-Taylor-Couette-system-srep18589-s8.ogv,video/ogg,0,CC BY 4.0,Commons/Scientific Reports supplementary video of Taylor-Couette flow pattern reversal
vdcr_commons_mr19_000006,https://commons.wikimedia.org/wiki/File:Potassium_permanganate_-_KMnO4_-_crystallization_of_aqueous_solution.webm,Potassium permanganate KMnO4 crystallization of aqueous solution,https://upload.wikimedia.org/wikipedia/commons/5/56/Potassium_permanganate_-_KMnO4_-_crystallization_of_aqueous_solution.webm,video/webm,26,CC BY-SA 4.0,Commons video of potassium permanganate crystallization from aqueous solution
vdcr_commons_mr19_000007,https://commons.wikimedia.org/wiki/File:Reed-Sternberg-Cells-Form-by-Abscission-Failure-in-the-Presence-of-Functional-Aurora-B-Kinase-pone.0124629.s006.ogv,Reed-Sternberg cells cytokinetic furrow ingression movie,https://upload.wikimedia.org/wikipedia/commons/e/e7/Reed-Sternberg-Cells-Form-by-Abscission-Failure-in-the-Presence-of-Functional-Aurora-B-Kinase-pone.0124629.s006.ogv,video/ogg,36,CC BY 4.0,Commons/PLOS ONE DIC time-lapse of cytokinetic furrow ingression and abscission failure
vdcr_commons_mr20_000001,https://commons.wikimedia.org/wiki/File:Magnus_effect.gif,File:Magnus effect.gif,https://upload.wikimedia.org/wikipedia/commons/b/b6/Magnus_effect.gif,,,,
vdcr_commons_mr20_000002,https://commons.wikimedia.org/wiki/File:Hydrogel_micropump.webm,File:Hydrogel micropump.webm,https://upload.wikimedia.org/wikipedia/commons/d/d4/Hydrogel_micropump.webm,video/webm,,,
vdcr_commons_mr20_000003,https://commons.wikimedia.org/wiki/File:Crystal_growth.webm,File:Crystal growth.webm,https://upload.wikimedia.org/wikipedia/commons/a/ad/Crystal_growth.webm,video/webm,,,
vdcr_commons_mr20_000004,https://commons.wikimedia.org/wiki/File:Natural-Variation-in-Arabidopsis-Cvi-0-Accession-Reveals-an-Important-Role-of-MPK12-in-Guard-Cell-pbio.2000322.s012.ogv,File:Natural-Variation-in-Arabidopsis-Cvi-0-Accession-Reveals-an-Important-Role-of-MPK12-in-Guard-Cell-pbio.2000322.s012.ogv,https://upload.wikimedia.org/wikipedia/commons/b/bd/Natural-Variation-in-Arabidopsis-Cvi-0-Accession-Reveals-an-Important-Role-of-MPK12-in-Guard-Cell-pbio.2000322.s012.ogv,video/ogg,,,
vdcr_commons_mr20_000005,https://commons.wikimedia.org/wiki/File:Timelapse_of_Slime_Mould.webm,File:Timelapse of Slime Mould.webm,https://upload.wikimedia.org/wikipedia/commons/5/57/Timelapse_of_Slime_Mould.webm,video/webm,,,
vdcr_commons_mr20_000006,https://commons.wikimedia.org/wiki/File:Onset-of-sediment-transport-is-a-continuous-transition-driven-by-fluid-shear-and-granular-creep-ncomms7527-s2.ogv,File:Onset-of-sediment-transport-is-a-continuous-transition-driven-by-fluid-shear-and-granular-creep-ncomms7527-s2.ogv,https://upload.wikimedia.org/wikipedia/commons/4/4d/Onset-of-sediment-transport-is-a-continuous-transition-driven-by-fluid-shear-and-granular-creep-ncomms7527-s2.ogv,video/ogg,,,
vdcr_commons_mr20_000007,https://commons.wikimedia.org/wiki/File:Onset-of-sediment-transport-is-a-continuous-transition-driven-by-fluid-shear-and-granular-creep-ncomms7527-s3.ogv,File:Onset-of-sediment-transport-is-a-continuous-transition-driven-by-fluid-shear-and-granular-creep-ncomms7527-s3.ogv,https://upload.wikimedia.org/wikipedia/commons/5/56/Onset-of-sediment-transport-is-a-continuous-transition-driven-by-fluid-shear-and-granular-creep-ncomms7527-s3.ogv,video/ogg,,,
vdcr_commons_mr20_000008,https://commons.wikimedia.org/wiki/File:Hydraulic-hydrogel-actuators-and-robots-optically-and-sonically-camouflaged-in-water-ncomms14230-s6.ogv,File:Hydraulic-hydrogel-actuators-and-robots-optically-and-sonically-camouflaged-in-water-ncomms14230-s6.ogv,https://upload.wikimedia.org/wikipedia/commons/5/5f/Hydraulic-hydrogel-actuators-and-robots-optically-and-sonically-camouflaged-in-water-ncomms14230-s6.ogv,video/ogg,,,
vdcr_commons_mr20_000009,https://commons.wikimedia.org/wiki/File:Membrane-Blebbing-Is-Required-for-Mesenchymal-Precursor-Migration-pone.0150004.s007.ogv,File:Membrane-Blebbing-Is-Required-for-Mesenchymal-Precursor-Migration-pone.0150004.s007.ogv,https://upload.wikimedia.org/wikipedia/commons/3/3f/Membrane-Blebbing-Is-Required-for-Mesenchymal-Precursor-Migration-pone.0150004.s007.ogv,video/ogg,,,
vdcr_commons_mr20_000010,https://commons.wikimedia.org/wiki/File:Upward-erosion.ogv,File:Upward-erosion.ogv,https://upload.wikimedia.org/wikipedia/commons/4/4b/Upward-erosion.ogv,video/ogg,,,
vdcr_commons_mr21_000001,https://commons.wikimedia.org/wiki/File:Dynamics-and-universal-scaling-law-in-geometrically-controlled-sessile-drop-evaporation-ncomms14783-s5.ogv,File:Dynamics-and-universal-scaling-law-in-geometrically-controlled-sessile-drop-evaporation-ncomms14783-s5.ogv,https://upload.wikimedia.org/wikipedia/commons/9/91/Dynamics-and-universal-scaling-law-in-geometrically-controlled-sessile-drop-evaporation-ncomms14783-s5.ogv,video/ogg,,,
vdcr_commons_mr21_000002,https://commons.wikimedia.org/wiki/File:Electrical_arc_flash.webm,File:Electrical arc flash.webm,https://upload.wikimedia.org/wikipedia/commons/f/f6/Electrical_arc_flash.webm,video/webm,,,
vdcr_commons_mr21_000003,https://commons.wikimedia.org/wiki/File:Taming-contact-line-instability-for-pattern-formation-ncomms12458-s2.ogv,File:Taming-contact-line-instability-for-pattern-formation-ncomms12458-s2.ogv,https://upload.wikimedia.org/wikipedia/commons/0/0e/Taming-contact-line-instability-for-pattern-formation-ncomms12458-s2.ogv,video/ogg,,,
vdcr_commons_mr21_000004,https://commons.wikimedia.org/wiki/File:Taming-contact-line-instability-for-pattern-formation-ncomms12458-s4.ogv,File:Taming-contact-line-instability-for-pattern-formation-ncomms12458-s4.ogv,https://upload.wikimedia.org/wikipedia/commons/5/53/Taming-contact-line-instability-for-pattern-formation-ncomms12458-s4.ogv,video/ogg,,,
vdcr_commons_mr21_000005,https://commons.wikimedia.org/wiki/File:An-Actin-Based-Wave-Generator-Organizes-Cell-Motility-pbio.0050221.sv013.ogv,File:An-Actin-Based-Wave-Generator-Organizes-Cell-Motility-pbio.0050221.sv013.ogv,https://upload.wikimedia.org/wikipedia/commons/e/e5/An-Actin-Based-Wave-Generator-Organizes-Cell-Motility-pbio.0050221.sv013.ogv,video/ogg,,,
vdcr_commons_mr21_000006,https://commons.wikimedia.org/wiki/File:An-Actin-Based-Wave-Generator-Organizes-Cell-Motility-pbio.0050221.sv007.ogv,File:An-Actin-Based-Wave-Generator-Organizes-Cell-Motility-pbio.0050221.sv007.ogv,https://upload.wikimedia.org/wikipedia/commons/c/c9/An-Actin-Based-Wave-Generator-Organizes-Cell-Motility-pbio.0050221.sv007.ogv,video/ogg,,,
vdcr_commons_mr21_000007,https://commons.wikimedia.org/wiki/File:Multi-Patterned-Dynamics-of-Mitochondrial-Fission-and-Fusion-in-a-Living-Cell-pone.0019879.s011.ogv,File:Multi-Patterned-Dynamics-of-Mitochondrial-Fission-and-Fusion-in-a-Living-Cell-pone.0019879.s011.ogv,https://upload.wikimedia.org/wikipedia/commons/c/c2/Multi-Patterned-Dynamics-of-Mitochondrial-Fission-and-Fusion-in-a-Living-Cell-pone.0019879.s011.ogv,video/ogg,,,
vdcr_commons_mr21_000008,https://commons.wikimedia.org/wiki/File:Braided_River_in_Tibet_Redraws_Its_Channels_(154747).webm,File:Braided River in Tibet Redraws Its Channels (154747).webm,https://upload.wikimedia.org/wikipedia/commons/5/51/Braided_River_in_Tibet_Redraws_Its_Channels_(154747).webm,video/webm,,,
vdcr_commons_mr22_000001,https://commons.wikimedia.org/wiki/File:Watching_Tibetan_bowls_sing.webm,File:Watching Tibetan bowls sing.webm,https://upload.wikimedia.org/wikipedia/commons/5/54/Watching_Tibetan_bowls_sing.webm,video/webm,,,
vdcr_commons_mr22_000002,https://commons.wikimedia.org/wiki/File:Assembly_of_microscale_beads_on_Faraday_waves.gif,File:Assembly of microscale beads on Faraday waves.gif,https://upload.wikimedia.org/wikipedia/commons/4/40/Assembly_of_microscale_beads_on_Faraday_waves.gif,,,,
vdcr_commons_mr22_000003,https://commons.wikimedia.org/wiki/File:Standing_wave.gif,File:Standing wave.gif,https://upload.wikimedia.org/wikipedia/commons/8/8c/Standing_wave.gif,,,,
vdcr_commons_mr22_000004,https://commons.wikimedia.org/wiki/File:Electrodeposition_of_copper_crystals.webm,File:Electrodeposition of copper crystals.webm,https://upload.wikimedia.org/wikipedia/commons/a/ae/Electrodeposition_of_copper_crystals.webm,video/webm,,,
vdcr_commons_mr22_000005,https://commons.wikimedia.org/wiki/File:Altering-the-coffee-ring-effect-by-adding-a-surfactant-like-viscous-polymer-solution-41598_2017_497_MOESM3_ESM.ogv,File:Altering-the-coffee-ring-effect-by-adding-a-surfactant-like-viscous-polymer-solution-41598 2017 497 MOESM3 ESM.ogv,https://upload.wikimedia.org/wikipedia/commons/d/d9/Altering-the-coffee-ring-effect-by-adding-a-surfactant-like-viscous-polymer-solution-41598_2017_497_MOESM3_ESM.ogv,video/ogg,,,
vdcr_commons_mr22_000006,https://commons.wikimedia.org/wiki/File:Born-Knowing-Tentacled-Snakes-Innately-Predict-Future-Prey-Behavior-pone.0010953.s002.ogv,File:Born-Knowing-Tentacled-Snakes-Innately-Predict-Future-Prey-Behavior-pone.0010953.s002.ogv,https://upload.wikimedia.org/wikipedia/commons/3/3b/Born-Knowing-Tentacled-Snakes-Innately-Predict-Future-Prey-Behavior-pone.0010953.s002.ogv,video/ogg,,,
vdcr_commons_mr22_000007,https://commons.wikimedia.org/wiki/File:Saltation-mechanics.gif,File:Saltation-mechanics.gif,https://upload.wikimedia.org/wikipedia/commons/d/de/Saltation-mechanics.gif,,,,
vdcr_commons_mr22_000008,https://commons.wikimedia.org/wiki/File:Barchan_Dunes_on_Mars_(48488695711).webm,File:Barchan Dunes on Mars (48488695711).webm,https://upload.wikimedia.org/wikipedia/commons/e/eb/Barchan_Dunes_on_Mars_(48488695711).webm,video/webm,,,
vdcr_commons_mr22_000009,https://commons.wikimedia.org/wiki/File:Thunder_and_wind_during_a_thunderstorm.webm,File:Thunder and wind during a thunderstorm.webm,https://upload.wikimedia.org/wikipedia/commons/4/46/Thunder_and_wind_during_a_thunderstorm.webm,video/webm,,,
vdcr_commons_mr23_000001,https://commons.wikimedia.org/wiki/File:CH3NH3PbI3_crystal_growth.webm,File:CH3NH3PbI3 crystal growth.webm,https://upload.wikimedia.org/wikipedia/commons/c/cf/CH3NH3PbI3_crystal_growth.webm,video/webm,,,
vdcr_commons_mr23_000002,https://commons.wikimedia.org/wiki/File:Nanoscale-size-effects-in-crystallization-of-metallic-glass-nanorods-ncomms9157-s4.ogv,File:Nanoscale-size-effects-in-crystallization-of-metallic-glass-nanorods-ncomms9157-s4.ogv,https://upload.wikimedia.org/wikipedia/commons/2/23/Nanoscale-size-effects-in-crystallization-of-metallic-glass-nanorods-ncomms9157-s4.ogv,video/ogg,,,
vdcr_commons_mr23_000003,https://commons.wikimedia.org/wiki/File:Internal_wave_motion_at_the_Coriolis_Platform_(M%C3%A9diHAL_1153168_-_CAO).webm,File:Internal wave motion at the Coriolis Platform (MédiHAL 1153168 - CAO).webm,https://upload.wikimedia.org/wikipedia/commons/e/e3/Internal_wave_motion_at_the_Coriolis_Platform_(M%C3%A9diHAL_1153168_-_CAO).webm,video/webm,,,
vdcr_commons_mr23_000004,https://commons.wikimedia.org/wiki/File:A-swarm-of-autonomous-miniature-underwater-robot-drifters-for-exploring-submesoscale-ocean-dynamics-ncomms14189-s5.ogv,File:A-swarm-of-autonomous-miniature-underwater-robot-drifters-for-exploring-submesoscale-ocean-dynamics-ncomms14189-s5.ogv,https://upload.wikimedia.org/wikipedia/commons/a/ae/A-swarm-of-autonomous-miniature-underwater-robot-drifters-for-exploring-submesoscale-ocean-dynamics-ncomms14189-s5.ogv,video/ogg,,,
vdcr_commons_mr23_000005,https://commons.wikimedia.org/wiki/File:Brandungsr%C3%BCckstrom_(Rip_current%2C_Wangerooge).webm,"File:Brandungsrückstrom (Rip current, Wangerooge).webm",https://upload.wikimedia.org/wikipedia/commons/0/0b/Brandungsr%C3%BCckstrom_(Rip_current%2C_Wangerooge).webm,video/webm,,,
vdcr_commons_mr23_000006,https://commons.wikimedia.org/wiki/File:Brandungsr%C3%BCckstrom_(Entstehung).webm,File:Brandungsrückstrom (Entstehung).webm,https://upload.wikimedia.org/wikipedia/commons/5/5c/Brandungsr%C3%BCckstrom_(Entstehung).webm,video/webm,,,
vdcr_commons_mr24_000001,https://commons.wikimedia.org/wiki/File:Euler%E2%80%99s_disk.webm,File:Euler’s disk.webm,https://upload.wikimedia.org/wikipedia/commons/b/b4/Euler%E2%80%99s_disk.webm,video/webm,,,
vdcr_commons_mr24_000002,https://commons.wikimedia.org/wiki/File:Enhancing-droplet-deposition-through-in-situ-precipitation-ncomms12560-s6.ogv,File:Enhancing-droplet-deposition-through-in-situ-precipitation-ncomms12560-s6.ogv,https://upload.wikimedia.org/wikipedia/commons/8/8a/Enhancing-droplet-deposition-through-in-situ-precipitation-ncomms12560-s6.ogv,video/ogg,,,
vdcr_commons_mr24_000003,https://commons.wikimedia.org/wiki/File:Drosophila-Xpd-Regulates-Cdk7-Localization-Mitotic-Kinase-Activity-Spindle-Dynamics-and-Chromosome-pgen.1000876.s003.ogv,File:Drosophila-Xpd-Regulates-Cdk7-Localization-Mitotic-Kinase-Activity-Spindle-Dynamics-and-Chromosome-pgen.1000876.s003.ogv,https://upload.wikimedia.org/wikipedia/commons/2/24/Drosophila-Xpd-Regulates-Cdk7-Localization-Mitotic-Kinase-Activity-Spindle-Dynamics-and-Chromosome-pgen.1000876.s003.ogv,video/ogg,,,
vdcr_commons_mr24_000004,https://commons.wikimedia.org/wiki/File:Confocal_microscopy_of_normal_mitosis_and_anaphase_bridging_in_Caenorhabditis_elegans_-_1747-1028-3-6-S2.ogv,File:Confocal microscopy of normal mitosis and anaphase bridging in Caenorhabditis elegans - 1747-1028-3-6-S2.ogv,https://upload.wikimedia.org/wikipedia/commons/b/b4/Confocal_microscopy_of_normal_mitosis_and_anaphase_bridging_in_Caenorhabditis_elegans_-_1747-1028-3-6-S2.ogv,video/ogg,,,
vdcr_commons_mr24_000005,https://commons.wikimedia.org/wiki/File:Brandungsr%C3%BCckstrom_(Rip_current%2C_Wangerooge).webm,"File:Brandungsrückstrom (Rip current, Wangerooge).webm",https://upload.wikimedia.org/wikipedia/commons/0/0b/Brandungsr%C3%BCckstrom_(Rip_current%2C_Wangerooge).webm,video/webm,,,
vdcr_commons_mr25_000001,https://commons.wikimedia.org/wiki/File:Cannonball_jellyfish_(Stomolophus_meleagris).webm,File:Cannonball jellyfish (Stomolophus meleagris).webm,https://upload.wikimedia.org/wikipedia/commons/6/6b/Cannonball_jellyfish_(Stomolophus_meleagris).webm,video/webm,,,
vdcr_commons_mr25_000002,https://commons.wikimedia.org/wiki/File:A-Customized-Light-Sheet-Microscope-to-Measure-Spatio-Temporal-Protein-Dynamics-in-Small-Model-pone.0127869.s010.ogv,File:A-Customized-Light-Sheet-Microscope-to-Measure-Spatio-Temporal-Protein-Dynamics-in-Small-Model-pone.0127869.s010.ogv,https://upload.wikimedia.org/wikipedia/commons/e/e7/A-Customized-Light-Sheet-Microscope-to-Measure-Spatio-Temporal-Protein-Dynamics-in-Small-Model-pone.0127869.s010.ogv,video/ogg,,,
vdcr_commons_mr25_000003,https://commons.wikimedia.org/wiki/File:GmSAL1-Hydrolyzes-Inositol-145-Trisphosphate-and-Regulates-Stomatal-Closure-in-Detached-Leaves-and-pone.0078181.s002.ogv,File:GmSAL1-Hydrolyzes-Inositol-145-Trisphosphate-and-Regulates-Stomatal-Closure-in-Detached-Leaves-and-pone.0078181.s002.ogv,https://upload.wikimedia.org/wikipedia/commons/7/74/GmSAL1-Hydrolyzes-Inositol-145-Trisphosphate-and-Regulates-Stomatal-Closure-in-Detached-Leaves-and-pone.0078181.s002.ogv,video/ogg,,,
vdcr_commons_mr25_000004,https://commons.wikimedia.org/wiki/File:Liquefaction.gif,File:Liquefaction.gif,https://upload.wikimedia.org/wikipedia/commons/c/c0/Liquefaction.gif,,,,
vdcr_commons_mr25_000005,https://commons.wikimedia.org/wiki/File:Soufriere_Hills_Volcano_dome_collapse.gif,File:Soufriere Hills Volcano dome collapse.gif,https://upload.wikimedia.org/wikipedia/commons/0/0b/Soufriere_Hills_Volcano_dome_collapse.gif,,,,
vdcr_commons_mr25_000006,https://commons.wikimedia.org/wiki/File:An_explosive_eruption_occurred_at_Kanlaon_Volcano_on_December_9%2C_2024.webm,"File:An explosive eruption occurred at Kanlaon Volcano on December 9, 2024.webm",https://upload.wikimedia.org/wikipedia/commons/5/57/An_explosive_eruption_occurred_at_Kanlaon_Volcano_on_December_9%2C_2024.webm,video/webm,,,
vdcr_commons_mr25_000007,https://commons.wikimedia.org/wiki/File:Photoswitching-Free-FRAP-Analysis-with-a-Genetically-Encoded-Fluorescent-Tag-pone.0107730.s001.ogv,File:Photoswitching-Free-FRAP-Analysis-with-a-Genetically-Encoded-Fluorescent-Tag-pone.0107730.s001.ogv,https://upload.wikimedia.org/wikipedia/commons/f/fe/Photoswitching-Free-FRAP-Analysis-with-a-Genetically-Encoded-Fluorescent-Tag-pone.0107730.s001.ogv,video/ogg,,,
vdcr_commons_mr25_000008,https://commons.wikimedia.org/wiki/File:Local-3D-matrix-microenvironment-regulates-cell-migration-through-spatiotemporal-dynamics-of-ncomms9720-s8.ogv,File:Local-3D-matrix-microenvironment-regulates-cell-migration-through-spatiotemporal-dynamics-of-ncomms9720-s8.ogv,https://upload.wikimedia.org/wikipedia/commons/1/17/Local-3D-matrix-microenvironment-regulates-cell-migration-through-spatiotemporal-dynamics-of-ncomms9720-s8.ogv,video/ogg,,,
vdcr_commons_mr26_000001,https://commons.wikimedia.org/wiki/File:Overflowing_%28steady_overtopping%29_simulator_for_river_dikes_to_quantify_the_external_soil_erosion_resistance_%28M%C3%A9diHAL_3263522%29.webm,File:Overflowing (steady overtopping) simulator for river dikes to quantify the external soil erosion resistance (MédiHAL 3263522).webm,https://upload.wikimedia.org/wikipedia/commons/0/0b/Overflowing_(steady_overtopping)_simulator_for_river_dikes_to_quantify_the_external_soil_erosion_resistance_(M%C3%A9diHAL_3263522).webm,video/webm,,,
vdcr_commons_mr26_000002,https://commons.wikimedia.org/wiki/File:Barchan_Dunes_on_Mars_%2848488695711%29.webm,File:Barchan Dunes on Mars (48488695711).webm,https://upload.wikimedia.org/wikipedia/commons/e/eb/Barchan_Dunes_on_Mars_(48488695711).webm,video/webm,,,
vdcr_commons_mr26_000003,https://commons.wikimedia.org/wiki/File:First_US_tornado_in_2025.webm,File:First US tornado in 2025.webm,https://upload.wikimedia.org/wikipedia/commons/8/8e/First_US_tornado_in_2025.webm,video/webm,,,
vdcr_commons_mr26_000004,https://commons.wikimedia.org/wiki/File:Brandungsr%C3%BCckstrom_%28Entstehung%29.webm,File:Brandungsrückstrom (Entstehung).webm,https://upload.wikimedia.org/wikipedia/commons/5/5c/Brandungsr%C3%BCckstrom_(Entstehung).webm,video/webm,,,
vdcr_commons_mr27_000001,https://commons.wikimedia.org/wiki/File:Rayleigh%E2%80%93B%C3%A9nard_convection.webm,File:Rayleigh–Bénard convection.webm,https://upload.wikimedia.org/wikipedia/commons/a/a3/Rayleigh%E2%80%93B%C3%A9nard_convection.webm,video/webm,,,
vdcr_commons_mr27_000002,https://commons.wikimedia.org/wiki/File:B%C3%A9nard_cells_convection.ogv,File:Bénard cells convection.ogv,https://upload.wikimedia.org/wikipedia/commons/3/37/B%C3%A9nard_cells_convection.ogv,video/ogg,,,
vdcr_commons_mr27_000003,https://commons.wikimedia.org/wiki/File:XKMcIqtw7dw-Rayleigh%E2%80%93B%C3%A9nard_convection_-_4x_speed_up_II.webm,File:XKMcIqtw7dw-Rayleigh–Bénard convection - 4x speed up II.webm,https://upload.wikimedia.org/wikipedia/commons/6/6e/XKMcIqtw7dw-Rayleigh%E2%80%93B%C3%A9nard_convection_-_4x_speed_up_II.webm,video/webm,,,
vdcr_commons_mr27_000004,https://commons.wikimedia.org/wiki/File:Reaction-Diffusion.gif,File:Reaction-Diffusion.gif,https://upload.wikimedia.org/wikipedia/commons/8/8a/Reaction-Diffusion.gif,,,,
vdcr_commons_mr27_000005,https://commons.wikimedia.org/wiki/File:Improved-Tracking-and-Resolution-of-Bacteria-in-Holographic-Microscopy-Using-Dye-and-Fluorescent-Video7.ogv,File:Improved-Tracking-and-Resolution-of-Bacteria-in-Holographic-Microscopy-Using-Dye-and-Fluorescent-Video7.ogv,https://upload.wikimedia.org/wikipedia/commons/5/5f/Improved-Tracking-and-Resolution-of-Bacteria-in-Holographic-Microscopy-Using-Dye-and-Fluorescent-Video7.ogv,video/ogg,,,
vdcr_commons_mr27_000006,https://commons.wikimedia.org/wiki/File:Regulation-of-multiple-tip-formation-by-caffeine-in-cellular-slime-molds-1471-213X-12-26-S1.ogv,File:Regulation-of-multiple-tip-formation-by-caffeine-in-cellular-slime-molds-1471-213X-12-26-S1.ogv,https://upload.wikimedia.org/wikipedia/commons/1/13/Regulation-of-multiple-tip-formation-by-caffeine-in-cellular-slime-molds-1471-213X-12-26-S1.ogv,video/ogg,,,
vdcr_commons_mr28_000001,https://commons.wikimedia.org/wiki/File:Monomeric-and-Dimeric-CXCL8-Are-Both-Essential-for-In-Vivo-Neutrophil-Recruitment-pone.0011754.s003.ogv,File:Monomeric-and-Dimeric-CXCL8-Are-Both-Essential-for-In-Vivo-Neutrophil-Recruitment-pone.0011754.s003.ogv,https://upload.wikimedia.org/wikipedia/commons/0/05/Monomeric-and-Dimeric-CXCL8-Are-Both-Essential-for-In-Vivo-Neutrophil-Recruitment-pone.0011754.s003.ogv,video/ogg,,,
vdcr_commons_mr28_000002,https://commons.wikimedia.org/wiki/File:A-Worldwide-Competition-to-Compare-the-Speed-and-Chemotactic-Accuracy-of-Neutrophil-Like-Cells-pone.0154491.s004.ogv,File:A-Worldwide-Competition-to-Compare-the-Speed-and-Chemotactic-Accuracy-of-Neutrophil-Like-Cells-pone.0154491.s004.ogv,https://upload.wikimedia.org/wikipedia/commons/e/ec/A-Worldwide-Competition-to-Compare-the-Speed-and-Chemotactic-Accuracy-of-Neutrophil-Like-Cells-pone.0154491.s004.ogv,video/ogg,,,
vdcr_commons_mr28_000003,https://commons.wikimedia.org/wiki/File:Geometry-Driven-Polarity-in-Motile-Amoeboid-Cells-pone.0113382.s008.ogv,File:Geometry-Driven-Polarity-in-Motile-Amoeboid-Cells-pone.0113382.s008.ogv,https://upload.wikimedia.org/wikipedia/commons/e/e4/Geometry-Driven-Polarity-in-Motile-Amoeboid-Cells-pone.0113382.s008.ogv,video/ogg,,,
vdcr_commons_mr28_000004,https://commons.wikimedia.org/wiki/File:An-apicobasal-gradient-of-Rac-activity-determines-protrusion-form-and-position-ncomms15385-s6.ogv,File:An-apicobasal-gradient-of-Rac-activity-determines-protrusion-form-and-position-ncomms15385-s6.ogv,https://upload.wikimedia.org/wikipedia/commons/5/59/An-apicobasal-gradient-of-Rac-activity-determines-protrusion-form-and-position-ncomms15385-s6.ogv,video/ogg,,,
vdcr_commons_mr28_000005,https://commons.wikimedia.org/wiki/File:Spread_of_the_Dixie_Fire_-_2021_%28SVS4993_-_Dixie_fire_2021_p30_1080p30%29.webm,File:Spread of the Dixie Fire - 2021 (SVS4993 - Dixie fire 2021 p30 1080p30).webm,https://upload.wikimedia.org/wikipedia/commons/0/0f/Spread_of_the_Dixie_Fire_-_2021_(SVS4993_-_Dixie_fire_2021_p30_1080p30).webm,video/webm,,,
vdcr_commons_mr29_000001,https://commons.wikimedia.org/wiki/File:Downburst_Piracicaba_2025.webm,File:Downburst Piracicaba 2025.webm,https://upload.wikimedia.org/wikipedia/commons/d/d8/Downburst_Piracicaba_2025.webm,video/webm,,,
vdcr_commons_mr29_000002,https://commons.wikimedia.org/wiki/File:Microexplos%C3%A3o_Piracicaba_12-08-2023.webm,File:Microexplosão Piracicaba 12-08-2023.webm,https://upload.wikimedia.org/wikipedia/commons/a/ac/Microexplos%C3%A3o_Piracicaba_12-08-2023.webm,video/webm,,,
vdcr_commons_mr30_000001,https://commons.wikimedia.org/wiki/File:Plein_de_bulles_entier_grand.gif,File:Plein de bulles entier grand.gif,https://upload.wikimedia.org/wikipedia/commons/7/78/Plein_de_bulles_entier_grand.gif,,,,
vdcr_commons_mr30_000002,https://commons.wikimedia.org/wiki/File:Altering-the-coffee-ring-effect-by-adding-a-surfactant-like-viscous-polymer-solution-41598_2017_497_MOESM3_ESM.ogv,File:Altering-the-coffee-ring-effect-by-adding-a-surfactant-like-viscous-polymer-solution-41598 2017 497 MOESM3 ESM.ogv,https://upload.wikimedia.org/wikipedia/commons/d/d9/Altering-the-coffee-ring-effect-by-adding-a-surfactant-like-viscous-polymer-solution-41598_2017_497_MOESM3_ESM.ogv,video/ogg,,,
vdcr_commons_mr30_000003,https://commons.wikimedia.org/wiki/File:A-reversible-dendrite-free-high-areal-capacity-lithium-metal-electrode-ncomms15106-s2.ogv,File:A-reversible-dendrite-free-high-areal-capacity-lithium-metal-electrode-ncomms15106-s2.ogv,https://upload.wikimedia.org/wikipedia/commons/3/3b/A-reversible-dendrite-free-high-areal-capacity-lithium-metal-electrode-ncomms15106-s2.ogv,video/ogg,,,
vdcr_commons_mr30_000004,https://commons.wikimedia.org/wiki/File:Synucleins-Antagonize-Endoplasmic-Reticulum-Function-to-Modulate-Dopamine-Transporter-Trafficking-pone.0070872.s008.ogv,File:Synucleins-Antagonize-Endoplasmic-Reticulum-Function-to-Modulate-Dopamine-Transporter-Trafficking-pone.0070872.s008.ogv,https://upload.wikimedia.org/wikipedia/commons/f/fc/Synucleins-Antagonize-Endoplasmic-Reticulum-Function-to-Modulate-Dopamine-Transporter-Trafficking-pone.0070872.s008.ogv,video/ogg,,,
vdcr_commons_mr30_000005,https://commons.wikimedia.org/wiki/File:Wildfire_spread_abruptly_changes_after_front_passage_(CIRA_2022-04-06).webm,File:Wildfire spread abruptly changes after front passage (CIRA 2022-04-06).webm,https://upload.wikimedia.org/wikipedia/commons/3/3c/Wildfire_spread_abruptly_changes_after_front_passage_(CIRA_2022-04-06).webm,video/webm,,,
vdcr_commons_mr31_000001,https://commons.wikimedia.org/wiki/File:127._%D0%91%D0%B5%D0%BD%D0%B5%D0%B4%D0%B8%D0%BA%D1%82%D0%BE%D0%B2%D0%B0_%D1%80%D0%B5%D0%B0%D0%BA%D1%86%D0%B8%D1%98%D0%B0_(%D1%81%D0%BE_%D1%80%D0%B0%D0%B7%D0%BB%D0%B8%D1%87%D0%BD%D0%B8_%D0%BA%D0%BE%D0%BD%D1%86%D0%B5%D0%BD%D1%82%D1%80%D0%B0%D1%86%D0%B8%D0%B8).webm,File:127. Бенедиктова реакција (со различни концентрации).webm,https://upload.wikimedia.org/wikipedia/commons/a/a2/127._%D0%91%D0%B5%D0%BD%D0%B5%D0%B4%D0%B8%D0%BA%D1%82%D0%BE%D0%B2%D0%B0_%D1%80%D0%B5%D0%B0%D0%BA%D1%86%D0%B8%D1%98%D0%B0_(%D1%81%D0%BE_%D1%80%D0%B0%D0%B7%D0%BB%D0%B8%D1%87%D0%BD%D0%B8_%D0%BA%D0%BE%D0%BD%D1%86%D0%B5%D0%BD%D1%82%D1%80%D0%B0%D1%86%D0%B8%D0%B8).webm,video/webm,,,
vdcr_commons_mr31_000002,https://commons.wikimedia.org/wiki/File:126._%D0%91%D0%B5%D0%BD%D0%B5%D0%B4%D0%B8%D0%BA%D1%82%D0%BE%D0%B2%D0%B0_%D1%80%D0%B5%D0%B0%D0%BA%D1%86%D0%B8%D1%98%D0%B0_(%D1%81%D0%BE_%D1%80%D0%B0%D0%B7%D0%BB%D0%B8%D1%87%D0%BD%D0%B8_%D0%BA%D0%BE%D0%BD%D1%86%D0%B5%D0%BD%D1%82%D1%80%D0%B0%D1%86%D0%B8%D0%B8).webm,File:126. Бенедиктова реакција (со различни концентрации).webm,https://upload.wikimedia.org/wikipedia/commons/4/44/126._%D0%91%D0%B5%D0%BD%D0%B5%D0%B4%D0%B8%D0%BA%D1%82%D0%BE%D0%B2%D0%B0_%D1%80%D0%B5%D0%B0%D0%BA%D1%86%D0%B8%D1%98%D0%B0_(%D1%81%D0%BE_%D1%80%D0%B0%D0%B7%D0%BB%D0%B8%D1%87%D0%BD%D0%B8_%D0%BA%D0%BE%D0%BD%D1%86%D0%B5%D0%BD%D1%82%D1%80%D0%B0%D1%86%D0%B8%D0%B8).webm,video/webm,,,
vdcr_commons_mr31_000003,https://commons.wikimedia.org/wiki/File:Upward-erosion.ogv,File:Upward-erosion.ogv,https://upload.wikimedia.org/wikipedia/commons/4/4b/Upward-erosion.ogv,video/ogg,,,
vdcr_commons_mr31_000004,https://commons.wikimedia.org/wiki/File:Soufriere_Hills_Volcano_dome_collapse.gif,File:Soufriere Hills Volcano dome collapse.gif,https://upload.wikimedia.org/wikipedia/commons/0/0b/Soufriere_Hills_Volcano_dome_collapse.gif,,,,
vdcr_commons_mr31_000005,https://commons.wikimedia.org/wiki/File:Visualization-data-on-the-freezing-process-of-micrometer-scaled-aqueous-citric-acid-drops-mmc6.ogv,File:Visualization-data-on-the-freezing-process-of-micrometer-scaled-aqueous-citric-acid-drops-mmc6.ogv,https://upload.wikimedia.org/wikipedia/commons/c/c6/Visualization-data-on-the-freezing-process-of-micrometer-scaled-aqueous-citric-acid-drops-mmc6.ogv,video/ogg,,,
vdcr_commons_mr32_000001,https://commons.wikimedia.org/wiki/File:Bubble0g.ogv,File:Bubble0g.ogv,https://upload.wikimedia.org/wikipedia/commons/c/cf/Bubble0g.ogv,video/ogg,,,
vdcr_commons_mr32_000002,https://commons.wikimedia.org/wiki/File:Functionalized-core-shell-hydrogel-microsprings-by-anisotropic-gelation-with-bevel-tip-capillary-srep45987-s2.ogv,File:Functionalized-core-shell-hydrogel-microsprings-by-anisotropic-gelation-with-bevel-tip-capillary-srep45987-s2.ogv,https://upload.wikimedia.org/wikipedia/commons/5/50/Functionalized-core-shell-hydrogel-microsprings-by-anisotropic-gelation-with-bevel-tip-capillary-srep45987-s2.ogv,video/ogg,,,
vdcr_commons_mr32_000003,https://commons.wikimedia.org/wiki/File:Functionalized-core-shell-hydrogel-microsprings-by-anisotropic-gelation-with-bevel-tip-capillary-srep45987-s3.ogv,File:Functionalized-core-shell-hydrogel-microsprings-by-anisotropic-gelation-with-bevel-tip-capillary-srep45987-s3.ogv,https://upload.wikimedia.org/wikipedia/commons/b/b5/Functionalized-core-shell-hydrogel-microsprings-by-anisotropic-gelation-with-bevel-tip-capillary-srep45987-s3.ogv,video/ogg,,,
vdcr_commons_mr32_000004,https://commons.wikimedia.org/wiki/File:Highly-Asynchronous-and-Asymmetric-Cleavage-Divisions-Accompany-Early-Transcriptional-Activity-in-pone.0021741.s019.ogv,File:Highly-Asynchronous-and-Asymmetric-Cleavage-Divisions-Accompany-Early-Transcriptional-Activity-in-pone.0021741.s019.ogv,https://upload.wikimedia.org/wikipedia/commons/6/6a/Highly-Asynchronous-and-Asymmetric-Cleavage-Divisions-Accompany-Early-Transcriptional-Activity-in-pone.0021741.s019.ogv,video/ogg,,,
vdcr_public_mr32_000001,https://science.nasa.gov/resource/mars-dry-ice-and-dunes/,Mars Dry Ice and Dunes,https://assets.science.nasa.gov/content/dam/science/psd/mars/downloadable_items/30775_marsdunes20130124-640.mp4,video/mp4,,NASA,NASA media source; final release requires standard NASA usage audit
vdcr_commons_mr33_000001,https://commons.wikimedia.org/wiki/File:A-general-patterning-approach-by-manipulating-the-evolution-of-two-dimensional-liquid-foams-ncomms14110-s3.ogv,File:A-general-patterning-approach-by-manipulating-the-evolution-of-two-dimensional-liquid-foams-ncomms14110-s3.ogv,https://upload.wikimedia.org/wikipedia/commons/a/a6/A-general-patterning-approach-by-manipulating-the-evolution-of-two-dimensional-liquid-foams-ncomms14110-s3.ogv,video/ogg,,,
vdcr_commons_mr33_000002,https://commons.wikimedia.org/wiki/File:A-Viscoelastic-Deadly-Fluid-in-Carnivorous-Pitcher-Plants-pone.0001185.s003.ogv,File:A-Viscoelastic-Deadly-Fluid-in-Carnivorous-Pitcher-Plants-pone.0001185.s003.ogv,https://upload.wikimedia.org/wikipedia/commons/b/b8/A-Viscoelastic-Deadly-Fluid-in-Carnivorous-Pitcher-Plants-pone.0001185.s003.ogv,video/ogg,,,
vdcr_commons_mr33_000003,https://commons.wikimedia.org/wiki/File:Chemical-control-of-the-viscoelastic-properties-of-vinylogous-urethane-vitrimers-ncomms14857-s2.ogv,File:Chemical-control-of-the-viscoelastic-properties-of-vinylogous-urethane-vitrimers-ncomms14857-s2.ogv,https://upload.wikimedia.org/wikipedia/commons/b/b6/Chemical-control-of-the-viscoelastic-properties-of-vinylogous-urethane-vitrimers-ncomms14857-s2.ogv,video/ogg,,,
vdcr_commons_mr33_000004,https://commons.wikimedia.org/wiki/File:Hurricane_Harvey-_Storm_Surge_Watches_and_Warnings.webm,File:Hurricane Harvey- Storm Surge Watches and Warnings.webm,https://upload.wikimedia.org/wikipedia/commons/f/f1/Hurricane_Harvey-_Storm_Surge_Watches_and_Warnings.webm,video/webm,,,
vdcr_commons_mr33_000005,https://commons.wikimedia.org/wiki/File:Refraction-animation.gif,File:Refraction-animation.gif,https://upload.wikimedia.org/wikipedia/commons/9/9c/Refraction-animation.gif,,,,
vdcr_commons_mr34_000001,https://commons.wikimedia.org/wiki/File:Wesphysdemo_-_Synchronized_Metronomes.webm,File:Wesphysdemo - Synchronized Metronomes.webm,https://upload.wikimedia.org/wikipedia/commons/a/a1/Wesphysdemo_-_Synchronized_Metronomes.webm,video/webm,,,
vdcr_commons_mr34_000002,https://commons.wikimedia.org/wiki/File:Experimental-multistable-states-for-small-network-of-coupled-pendula-srep29833-s1.ogv,File:Experimental-multistable-states-for-small-network-of-coupled-pendula-srep29833-s1.ogv,https://upload.wikimedia.org/wikipedia/commons/1/11/Experimental-multistable-states-for-small-network-of-coupled-pendula-srep29833-s1.ogv,video/ogg,,,
vdcr_commons_mr34_000003,https://commons.wikimedia.org/wiki/File:Torsion-pendulum.ogv,File:Torsion-pendulum.ogv,https://upload.wikimedia.org/wikipedia/commons/6/66/Torsion-pendulum.ogv,video/ogg,,,
vdcr_commons_mr34_000004,https://commons.wikimedia.org/wiki/File:Chemotaxis-and-Binding-of-Pseudomonas-aeruginosa-to-Scratch-Wounded-Human-Cystic-Fibrosis-Airway-pone.0150109.s003.ogv,File:Chemotaxis-and-Binding-of-Pseudomonas-aeruginosa-to-Scratch-Wounded-Human-Cystic-Fibrosis-Airway-pone.0150109.s003.ogv,https://upload.wikimedia.org/wikipedia/commons/d/de/Chemotaxis-and-Binding-of-Pseudomonas-aeruginosa-to-Scratch-Wounded-Human-Cystic-Fibrosis-Airway-pone.0150109.s003.ogv,video/ogg,,,
vdcr_commons_mr34_000005,https://commons.wikimedia.org/wiki/File:Genome-sequence-of-the-pattern-forming-Paenibacillus-vortex-bacterium-reveals-potential-for-1471-2164-11-710-S2.ogv,File:Genome-sequence-of-the-pattern-forming-Paenibacillus-vortex-bacterium-reveals-potential-for-1471-2164-11-710-S2.ogv,https://upload.wikimedia.org/wikipedia/commons/4/47/Genome-sequence-of-the-pattern-forming-Paenibacillus-vortex-bacterium-reveals-potential-for-1471-2164-11-710-S2.ogv,video/ogg,,,
vdcr_commons_mr34_000006,https://commons.wikimedia.org/wiki/File:Saltation-mechanics.gif,File:Saltation-mechanics.gif,https://upload.wikimedia.org/wikipedia/commons/d/de/Saltation-mechanics.gif,,,,
vdcr_commons_mr34_000007,https://commons.wikimedia.org/wiki/File:Cloud_timelapse.webm,File:Cloud timelapse.webm,https://upload.wikimedia.org/wikipedia/commons/5/5f/Cloud_timelapse.webm,video/webm,,,
vdcr_commons_mr35_000001,https://commons.wikimedia.org/wiki/File:Explosive_Growth_of_the_Ranger_Road_Fire_(CIRA_2026-02-18_-_nolabels).webm,File:Explosive Growth of the Ranger Road Fire (CIRA 2026-02-18 - nolabels).webm,https://upload.wikimedia.org/wikipedia/commons/6/66/Explosive_Growth_of_the_Ranger_Road_Fire_(CIRA_2026-02-18_-_nolabels).webm,video/webm,,,
vdcr_commons_mr35_000002,https://commons.wikimedia.org/wiki/File:High-Resolution_Rapid_Expansion_of_Texas%E2%80%99s_Largest_Wildfire_(CIRA_2024-02-28_-_nolabels).webm,File:High-Resolution Rapid Expansion of Texas’s Largest Wildfire (CIRA 2024-02-28 - nolabels).webm,https://upload.wikimedia.org/wikipedia/commons/d/dd/High-Resolution_Rapid_Expansion_of_Texas%E2%80%99s_Largest_Wildfire_(CIRA_2024-02-28_-_nolabels).webm,video/webm,,,
vdcr_commons_mr35_000003,https://commons.wikimedia.org/wiki/File:Soufriere_Hills_Volcano_dome_collapse.gif,File:Soufriere Hills Volcano dome collapse.gif,https://upload.wikimedia.org/wikipedia/commons/0/0b/Soufriere_Hills_Volcano_dome_collapse.gif,,,,
vdcr_commons_mr36_000001,https://commons.wikimedia.org/wiki/File:Superhydrophobic-like-tunable-droplet-bouncing-on-slippery-liquid-interfaces-ncomms8986-s5.ogv,File:Superhydrophobic-like-tunable-droplet-bouncing-on-slippery-liquid-interfaces-ncomms8986-s5.ogv,https://upload.wikimedia.org/wikipedia/commons/c/c4/Superhydrophobic-like-tunable-droplet-bouncing-on-slippery-liquid-interfaces-ncomms8986-s5.ogv,video/ogg,,,
vdcr_commons_mr36_000002,https://commons.wikimedia.org/wiki/File:Distinct-short-range-ovule-signals-attract-or-repel-Arabidopsis-thaliana-pollen-tubes-in-vitro-1471-2229-6-7-S2.ogv,File:Distinct-short-range-ovule-signals-attract-or-repel-Arabidopsis-thaliana-pollen-tubes-in-vitro-1471-2229-6-7-S2.ogv,https://upload.wikimedia.org/wikipedia/commons/3/34/Distinct-short-range-ovule-signals-attract-or-repel-Arabidopsis-thaliana-pollen-tubes-in-vitro-1471-2229-6-7-S2.ogv,video/ogg,,,
vdcr_commons_mr36_000003,https://commons.wikimedia.org/wiki/File:Overlapping-and-divergent-signaling-pathways-for-ARK1-and-AGD1-in-the-control-of-root-hair-polarity-Movie1.ogv,File:Overlapping-and-divergent-signaling-pathways-for-ARK1-and-AGD1-in-the-control-of-root-hair-polarity-Movie1.ogv,https://upload.wikimedia.org/wikipedia/commons/7/75/Overlapping-and-divergent-signaling-pathways-for-ARK1-and-AGD1-in-the-control-of-root-hair-polarity-Movie1.ogv,video/ogg,,,
vdcr_commons_mr36_000004,https://commons.wikimedia.org/wiki/File:Standing_Waves_and_Resonance.webm,File:Standing Waves and Resonance.webm,https://upload.wikimedia.org/wikipedia/commons/1/1b/Standing_Waves_and_Resonance.webm,video/webm,,,
vdcr_commons_mr37_000001,https://commons.wikimedia.org/wiki/File:Lp1989plan_hires.webm,File:Lp1989plan hires.webm,https://upload.wikimedia.org/wikipedia/commons/7/7c/Lp1989plan_hires.webm,video/webm,,,
vdcr_commons_mr38_000001,https://commons.wikimedia.org/wiki/File:Laminar_Flow_2.webm,File:Laminar Flow 2.webm,https://upload.wikimedia.org/wikipedia/commons/f/f2/Laminar_Flow_2.webm,video/webm,,,
vdcr_commons_mr40_000001,https://commons.wikimedia.org/wiki/File:117._%D0%91%D0%B5%D0%BD%D0%B5%D0%B4%D0%B8%D0%BA%D1%82%D0%BE%D0%B2%D0%B0_%D1%80%D0%B5%D0%B0%D0%BA%D1%86%D0%B8%D1%98%D0%B0.webm,File:117. Бенедиктова реакција.webm,https://upload.wikimedia.org/wikipedia/commons/1/16/117._%D0%91%D0%B5%D0%BD%D0%B5%D0%B4%D0%B8%D0%BA%D1%82%D0%BE%D0%B2%D0%B0_%D1%80%D0%B5%D0%B0%D0%BA%D1%86%D0%B8%D1%98%D0%B0.webm,video/webm,,,
vdcr_commons_mr41_000001,https://commons.wikimedia.org/wiki/File:Padma_River_Time_Series_(1988-2018).webm,File:Padma River Time Series (1988-2018).webm,https://upload.wikimedia.org/wikipedia/commons/b/bb/Padma_River_Time_Series_(1988-2018).webm,video/webm,,,
vdcr_commons_mr42_000001,https://commons.wikimedia.org/wiki/File:MakingASplash.webm,File:MakingASplash.webm,https://upload.wikimedia.org/wikipedia/commons/6/68/MakingASplash.webm,video/webm,152.560,CC BY-SA 4.0,https://creativecommons.org/licenses/by-sa/4.0
vdcr_public_mr43_000002,https://nigms.nih.gov/image-gallery/3446,NIGMS Image Gallery: Biofilm blocking fluid flow,https://nigms.nih.gov/sites/nigms/files/image-and-video-gallery/Biofilm_blocking_fluid_flow.mp4,video/mp4,8.266,NIGMS source audit required,https://nigms.nih.gov/image-gallery/3446
vdcr_public_mr44_000003,https://pmc.ncbi.nlm.nih.gov/articles/PMC9013362/,Supplementary experimental video S2: dendritic/fractal growth between electrodes,https://pmc.ncbi.nlm.nih.gov/articles/instance/9013362/bin/41598_2022_10082_MOESM3_ESM.wmv,video/x-ms-asf,30.800,CC BY 4.0,https://creativecommons.org/licenses/by/4.0/
vdcr_public_mr45_000001,https://home.nps.gov/media/video/view.htm?id=899DBB31-8EC7-42BA-A719-A880E58D823B,NPS Singing Sand Phenomenon video,https://www.nps.gov/nps-audiovideo/audiovideo/1a79352d-7f75-4236-a750-e87ee0472574720p.mp4,video/mp4,19.186,NPS public domain,https://www.nps.gov/aboutus/news/public-domain.htm
vdcr_public_mr46_000001,https://www.usgs.gov/media/videos/capillary-action-and-water,USGS Capillary Action and Water,https://usgs-ocapsv2-public-input-media.s3.us-west-2.amazonaws.com/assets/palladium/production/s3fs-public/atoms/video/CapillaryAction_4.mp4,video/mp4,116.146,Public Domain,https://www.usgs.gov/media/videos/capillary-action-and-water
vdcr_public_mr47_000001,https://journals.plos.org/plosone/article?id=10.1371/journal.pone.0000053,PLOS ONE PIASgamma faithful chromosome segregation supplementary movie S5,https://journals.plos.org/plosone/article/file?type=supplementary&id=10.1371/journal.pone.0000053.s005,video/quicktime,76.667,CC BY 2.5,https://creativecommons.org/licenses/by/2.5/
vdcr_public_mr48_000001,https://commons.wikimedia.org/wiki/File:Water-droplet-impact-on-elastic-superhydrophobic-surfaces-srep30328-s6.ogv,Water droplet impact on elastic superhydrophobic surfaces supplementary video S5,https://upload.wikimedia.org/wikipedia/commons/9/91/Water-droplet-impact-on-elastic-superhydrophobic-surfaces-srep30328-s6.ogv,video/ogg,4.420,CC BY 4.0,https://creativecommons.org/licenses/by/4.0/
vdcr_public_mr49_000001,https://commons.wikimedia.org/wiki/File:Webp.net-gifmaker_(1).gif,Flame from a swirl-stabilized premixed academic combustor undergoing blow-off,https://upload.wikimedia.org/wikipedia/commons/6/62/Webp.net-gifmaker_%281%29.gif,image/gif,3.500,CC BY-SA 4.0,https://creativecommons.org/licenses/by-sa/4.0/
