candidate_id,source_url,source_platform,license_or_usage_note,raw_duration_sec,suggested_start_sec,suggested_end_sec,initial_category,candidate_knowledge_point,domain_seed,subdomain_seed,why_dynamic,collector_notes,source_csv
vdcr_archive_b02_000001,https://archive.org/details/17274industryonparadetimberskinnersvitovwr,internet_archive,https://creativecommons.org/licenses/by-nc-nd/4.0/,2407.8,0.0,30.0,physics_physical_systems,Worthington Jet,physics_physical_systems,physics_family_05,"Candidate must show the temporal sequence that instantiates Worthington Jet, not merely an object, scene, or static result.",archive_search_collected; search_term=Worthington Jet; archive_identifier=17274industryonparadetimberskinnersvitovwr; archive_file=17274 Industry On Parade Timber Skinners VITO_vwr.mp4; title=INDUSTRY ON PARADE DEBARKING TREES CORNING GLASS EASTMAN KODAK FACTORY ROCHESTER NY 17274; description=“Industry On Parade was a television series created by the National Association of Manufacturers (NAM) from 1950-1960. The series consisted of weekly episodes that highlighted American manufacturing and business. Hundreds of companies an...; vdcr_direct_answer; concept_zh=沃辛顿射流; concept_type=自然动态机制; priority=A,data/vdcr_candidate_videos_combined_v1.csv
vdcr_archive_b02_000002,https://archive.org/details/matrix-of-a-deepstate-alice-unfolds-mp4-162-gb,internet_archive,http://creativecommons.org/publicdomain/mark/1.0/,7.0,0.0,7.0,physics_physical_systems,Vortex Ring Formation,physics_physical_systems,physics_family_05,"Candidate must show the temporal sequence that instantiates Vortex Ring Formation, not merely an object, scene, or static result.",archive_search_collected; search_term=Vortex Ring Formation; archive_identifier=matrix-of-a-deepstate-alice-unfolds-mp4-162-gb; archive_file=FullSizeRender.mp4; title=Matrix of a Deepstate Alice Unfolds Goyimtv Warning Gray State; description=Matrix of a Deepstate Alice Unfolds Goyimtv Warning Gray State https://archive.org/details/matrix-of-a-deepstate-alice-unfolds-mp4-162-gb Matrix of a Deepstate Alice Unfolds MP4 video format 20-Jun-2020 10:27 1.6M 26 hrs long HD 2k 162.2...; vdcr_direct_answer; concept_zh=涡环形成; concept_type=自然动态机制; priority=A,data/vdcr_candidate_videos_combined_v1.csv
vdcr_archive_b02_000003,https://archive.org/details/youtube-U-uGKxTLZ94,internet_archive,archive_license_verify_on_page,290.0,0.0,30.0,physics_physical_systems,Rayleigh-Benard Convection,physics_physical_systems,physics_family_08,"Candidate must show the temporal sequence that instantiates Rayleigh-Benard Convection, not merely an object, scene, or static result.","archive_search_collected; search_term=Rayleigh-Benard Convection; archive_identifier=youtube-U-uGKxTLZ94; archive_file=Logicedges-The_Butterfly_Effect_and_Lorenz_Attractor_fractal_drawn_from_convection_in_a_thin_layer_of_water-U-uGKxTLZ94.mp4; title=The Butterfly Effect and Lorenz Attractor fractal drawn from convection in a thin layer of water; description=The Lorenz attractor describes the behaviour of a thin layer of air, water or other fluid gently heated from below. This animation here also shows the actual convection currents modelled in a layer of water 1 cm deep heated gently below...; vdcr_direct_answer; concept_zh=瑞利-贝纳德对流; concept_type=自然动态机制; priority=A",data/vdcr_candidate_videos_combined_v1.csv
vdcr_archive_b02_000004,https://archive.org/details/youtube-4AxiXS9n0dw,internet_archive,archive_license_verify_on_page,590.9,0.0,30.0,chemistry_materials_change,Shear Thickening,chemistry_materials_change,materials_family_01,"Candidate must show the temporal sequence that instantiates Shear Thickening, not merely an object, scene, or static result.",archive_search_collected; search_term=Shear Thickening; archive_identifier=youtube-4AxiXS9n0dw; archive_file=4AxiXS9n0dw.mp4; title=Liquid Ballistic Armor? | Thehacksmith Collab; description=Head on over to https://www.thebismuthsmith.com/giveaway-lucky-winner/ to enter the draw! ___________________________________________________________________________ Today we're testing if shear thickening fluid can make thehacksmith's j...; vdcr_direct_answer; concept_zh=剪切增稠; concept_type=自然动态机制; priority=A,data/vdcr_candidate_videos_combined_v1.csv
vdcr_archive_b02_000005,https://archive.org/details/vctv7bc-Valemount_LIVE_Episode_75_David_Bouchard_Ralph_Shaw_Valemount_Quilter_s_Guild_RBN10,internet_archive,archive_license_verify_on_page,1619.9,0.0,30.0,chemistry_materials_change,Iodine Clock Reaction,chemistry_materials_change,materials_family_03,"Candidate must show the temporal sequence that instantiates Iodine Clock Reaction, not merely an object, scene, or static result.","archive_search_collected; search_term=Iodine Clock Reaction; archive_identifier=vctv7bc-Valemount_LIVE_Episode_75_David_Bouchard_Ralph_Shaw_Valemount_Quilter_s_Guild_RBN10; archive_file=Valemount_LIVE_Episode_75_David_Bouchard_Ralph_Shaw_Valemount_Quilter_s_Guild_RBN10.ogv; title=Valemount LIVE Episode 75 David Bouchard - Ralph Shaw - Valemount Quilter's Guild - RBN10!; description=R: Good evening and welcome to Valemount Live. Next to me is the beautiful, amazing and modest Laura Keil, also known as the Goat girl. L: And on my left/right is Rrrradka Zitkova not from Poland, Russia or Slovenia but from the Czech Re...; vdcr_direct_answer; concept_zh=碘钟反应; concept_type=实验动态图样; priority=A",data/vdcr_candidate_videos_combined_v1.csv
vdcr_archive_b02_000006,https://archive.org/details/youtube-f9CVF4yLluY,internet_archive,archive_license_verify_on_page,300.0,0.0,30.0,chemistry_materials_change,Iodine Clock Reaction,chemistry_materials_change,materials_family_03,"Candidate must show the temporal sequence that instantiates Iodine Clock Reaction, not merely an object, scene, or static result.","archive_search_collected; search_term=Iodine Clock Reaction; archive_identifier=youtube-f9CVF4yLluY; archive_file=f9CVF4yLluY.mp4; title=FANTASTIC Iodine Clock Reaction; description=Hey, Everyone, This episode is more comedy than a demonstration but I also finally made a custom thumbnail that hopefully is working because right now its very slowly uploading. Does it always take so long? This video is also the first v...; vdcr_direct_answer; concept_zh=碘钟反应; concept_type=实验动态图样; priority=A",data/vdcr_candidate_videos_combined_v1.csv
vdcr_archive_b02_000007,https://archive.org/details/youtube-r7pijdgK670,internet_archive,archive_license_verify_on_page,238.1,0.0,30.0,chemistry_materials_change,Belousov-Zhabotinsky Reaction,chemistry_materials_change,materials_family_03,"Candidate must show the temporal sequence that instantiates Belousov-Zhabotinsky Reaction, not merely an object, scene, or static result.","archive_search_collected; search_term=Belousov-Zhabotinsky Reaction; archive_identifier=youtube-r7pijdgK670; archive_file=r7pijdgK670.webm; title=Belousov-Zhabotinsky reaction (Reactions only); description=This is over 4 hours of footage, which has been turned into a few short time-lapses. Patreon: patreon.com/randomexperimentsinternational Buy Stock Footage: https://sellfy.com/science-stock-footage; vdcr_direct_answer; concept_zh=别洛乌索夫-扎鲍廷斯基振荡反应; concept_type=实验动态图样; priority=A",data/vdcr_candidate_videos_combined_v1.csv
vdcr_archive_b02_000008,https://archive.org/details/youtube-kw9wF-GNjqs,internet_archive,archive_license_verify_on_page,589.5,0.0,30.0,chemistry_materials_change,Belousov-Zhabotinsky Reaction,chemistry_materials_change,materials_family_03,"Candidate must show the temporal sequence that instantiates Belousov-Zhabotinsky Reaction, not merely an object, scene, or static result.",archive_search_collected; search_term=Belousov-Zhabotinsky Reaction; archive_identifier=youtube-kw9wF-GNjqs; archive_file=kw9wF-GNjqs.webm; title=Everything about the Belousov Zhabotinsky reaction; description=In this video everything about the Belousov-Zhabotinsky reaction is shown and how it is done. In addition to that different effects are shown and how to achieve them. Patreon: https://www.patreon.com/randomexperimentsinternational Buy St...; vdcr_direct_answer; concept_zh=别洛乌索夫-扎鲍廷斯基振荡反应; concept_type=实验动态图样; priority=A,data/vdcr_candidate_videos_combined_v1.csv
vdcr_archive_b02_000009,https://archive.org/details/youtube-4rYX4ROqRlg,internet_archive,archive_license_verify_on_page,60.0,0.0,30.0,chemistry_materials_change,Belousov-Zhabotinsky Reaction,chemistry_materials_change,materials_family_03,"Candidate must show the temporal sequence that instantiates Belousov-Zhabotinsky Reaction, not merely an object, scene, or static result.",archive_search_collected; search_term=Belousov-Zhabotinsky Reaction; archive_identifier=youtube-4rYX4ROqRlg; archive_file=4rYX4ROqRlg.mp4; title=This is one of the weirdest reactions I've ever seen; description=Recreating one of the weirdest reactions: https://youtu.be/LL3kVtc-4vY ------------------------------------------------------------------------------- Today I'm going to be doing one of the weirdest chemical reactions I've ever seen. Nil...; vdcr_direct_answer; concept_zh=别洛乌索夫-扎鲍廷斯基振荡反应; concept_type=实验动态图样; priority=A,data/vdcr_candidate_videos_combined_v1.csv
vdcr_archive_b02_000010,https://archive.org/details/youtube-VjPQA8aXE_M,internet_archive,archive_license_verify_on_page,59.9,0.0,30.0,chemistry_materials_change,Briggs-Rauscher Reaction,chemistry_materials_change,materials_family_03,"Candidate must show the temporal sequence that instantiates Briggs-Rauscher Reaction, not merely an object, scene, or static result.","archive_search_collected; search_term=Briggs-Rauscher Reaction; archive_identifier=youtube-VjPQA8aXE_M; archive_file=VjPQA8aXE_M.mp4; title=This reaction is hard to find (Briggs-Rauscher); description=Today I've decided to do something, which I think kind of looks like magic. I'll need 3 solutions which I'll call A, B and C. Solution A contains sulfuric acid and potassium iodate. Solution B contains starch, malonic acid, and manganese...; vdcr_direct_answer; concept_zh=布里格斯-劳舍尔振荡反应; concept_type=实验动态图样; priority=A",data/vdcr_candidate_videos_combined_v1.csv
vdcr_archive_b02_000011,https://archive.org/details/scm-410032-c4iforjune3kevinannettstewand,internet_archive,http://creativecommons.org/licenses/by-sa/4.0/,3499.0,0.0,30.0,chemistry_materials_change,Chemical Garden Growth,chemistry_materials_change,materials_family_04,"Candidate must show the temporal sequence that instantiates Chemical Garden Growth, not merely an object, scene, or static result.","archive_search_collected; search_term=Chemical Garden Growth; archive_identifier=scm-410032-c4iforjune3kevinannettstewand; archive_file=c4i_14_06_03_kevin_annett_webb.ogv; title=C4I for June 3, Kevin Annett, Stew and Patricia; description=Kevin Annett is featured. hiddenfromhistory1@gmail.com itccs.org Patricia's News for the week Previous messageNext messageBack to messages Re: 6 2 14 Show, UPDATE‏ Actions patriciajhs 7:06 PM Unflag this message To: Don Grahn patriciajhs...; vdcr_direct_answer; concept_zh=化学花园生长; concept_type=实验动态图样; priority=A",data/vdcr_candidate_videos_combined_v1.csv
vdcr_archive_b02_000012,https://archive.org/details/scm-377843-c4ifordec17wstewwebbandmikeha,internet_archive,http://creativecommons.org/licenses/by-sa/3.0/,3501.5,0.0,30.0,chemistry_materials_change,Chemical Garden Growth,chemistry_materials_change,materials_family_04,"Candidate must show the temporal sequence that instantiates Chemical Garden Growth, not merely an object, scene, or static result.","archive_search_collected; search_term=Chemical Garden Growth; archive_identifier=scm-377843-c4ifordec17wstewwebbandmikeha; archive_file=c4i_13_12_17_harris_1.ogv; title=C4I for Dec 17, w/ Stew Webb and Mike Harris - WOW!!; description=V.I.P. a very important Program - not to be missed!! And, here is Patricia's feast of facts & news for the week: NDAA Passed in House, Here are the traitorous bastards that voted for it YEAS Notables: Michelle Bachmann, Max Bachus, Steve...; vdcr_direct_answer; concept_zh=化学花园生长; concept_type=实验动态图样; priority=A",data/vdcr_candidate_videos_combined_v1.csv
vdcr_archive_b02_000013,https://archive.org/details/GreaterG1953,internet_archive,http://creativecommons.org/licenses/publicdomain/,1437.3,0.0,30.0,chemistry_materials_change,Chemical Garden Growth,chemistry_materials_change,materials_family_04,"Candidate must show the temporal sequence that instantiates Chemical Garden Growth, not merely an object, scene, or static result.","archive_search_collected; search_term=Chemical Garden Growth; archive_identifier=GreaterG1953; archive_file=GreaterG1953_512kb.mp4; title=Greater Goal: Human Dividends from American Industry, The; description=The Southern textile industry as a hotbed of enlightened industrial progress.; vdcr_direct_answer; concept_zh=化学花园生长; concept_type=实验动态图样; priority=A",data/vdcr_candidate_videos_combined_v1.csv
vdcr_archive_b02_000014,https://archive.org/details/connections7thelongchainreel1,internet_archive,archive_license_verify_on_page,797.8,0.0,30.0,chemistry_materials_change,Chemical Garden Growth,chemistry_materials_change,materials_family_04,"Candidate must show the temporal sequence that instantiates Chemical Garden Growth, not merely an object, scene, or static result.",archive_search_collected; search_term=Chemical Garden Growth; archive_identifier=connections7thelongchainreel1; archive_file=connections7thelongchainreel2-02.ogv; title=Connections 7 -- the Long Chain; description=Connections 7 -- the Long Chain Search Educational Film Journals at Media History Project for references to this film Summary Traces the connection between 17th century mercantile competitio./iahe development of a coal - tar pitch to pro...; vdcr_direct_answer; concept_zh=化学花园生长; concept_type=实验动态图样; priority=A,data/vdcr_candidate_videos_combined_v1.csv
vdcr_archive_b02_000015,https://archive.org/details/mit2_43s24,internet_archive,https://creativecommons.org/licenses/by-nc-sa/4.0/,4796.1,0.0,30.0,chemistry_materials_change,Spinodal Decomposition,chemistry_materials_change,materials_family_06,"Candidate must show the temporal sequence that instantiates Spinodal Decomposition, not merely an object, scene, or static result.","archive_search_collected; search_term=Spinodal Decomposition; archive_identifier=mit2_43s24; archive_file=mit2_43s24_lec25_360p.mp4; title=MIT 2.43 Advanced Thermodynamics, Spring 2024; description=Instructor: Gian Paolo Beretta View the complete course: https://ocw.mit.edu/courses/2-43-advanced-thermodynamics-spring-2024/ Complete course table of contents with hyperlinks to slides and video timestamps: https://ocw.mit.edu/courses/...; vdcr_direct_answer; concept_zh=旋节线分解; concept_type=自然动态机制; priority=A",data/vdcr_candidate_videos_combined_v1.csv
vdcr_archive_b02_000016,https://archive.org/details/M-Rider-5,internet_archive,archive_license_verify_on_page,2760.0,0.0,30.0,biology_living_systems,C-Start Escape Response,biology_living_systems,biology_family_01,"Candidate must show the temporal sequence that instantiates C-Start Escape Response, not merely an object, scene, or static result.",archive_search_collected; search_term=C 型快速逃逸反应; archive_identifier=M-Rider-5; archive_file=萌学园5：异界对决 第16话 高清(480P)-11-617.mp4; title=萌學園5異界對決; description=《萌學園 5 異界對決》 2013 年台湾儿童剧，巨宸制作有限公司制作，由夏宇童、李昂霖、林奕勋、刘书宏、阿本、彩虹、恺乐、晖倪主演。 2013 年 5 月 15 日开拍， 6 月 29 日于东森幼幼台播出，采双集连播， 9 月 7 日起（第 21 集）更为每周播出 1 集。于同年 12 月 10 日杀青。 12 月 27 日举办杀青酒会。 《萌学园 5 ：异界对决》（英文： The M Riders Ⅴ）是《萌学园》系列正传的第五部作品。 由李昂霖、林奕勋、阿本、刘书...; vdcr_direct_answer; concept_zh=C 型快速逃逸反应; concept_type=专有动态动作概念; priority=A,data/vdcr_candidate_videos_combined_v1.csv
vdcr_archive_b02_000017,https://archive.org/details/unus-annus,internet_archive,archive_license_verify_on_page,77.3,0.0,30.0,biology_living_systems,C-Start Escape Response,biology_living_systems,biology_family_01,"Candidate must show the temporal sequence that instantiates C-Start Escape Response, not merely an object, scene, or static result.","archive_search_collected; search_term=C 型快速逃逸反应 C-Start Escape Response; archive_identifier=unus-annus; archive_file=This is Goodbye.ia.mp4; title=Unus Annus; description=Email: unusannusarchivethingy@gmail.com Discord: https://discord.gg/ZjBcs5Z3mM (mostly chill server, download torrent in #download-link, please be active) Memento Mori.; vdcr_direct_answer; concept_zh=C 型快速逃逸反应; concept_type=专有动态动作概念; priority=A",data/vdcr_candidate_videos_combined_v1.csv
vdcr_archive_b02_000018,https://archive.org/details/SeriousSamSE_IL,internet_archive,archive_license_verify_on_page,187.6,0.0,30.0,biology_living_systems,C-Start Escape Response,biology_living_systems,biology_family_01,"Candidate must show the temporal sequence that instantiates C-Start Escape Response, not merely an object, scene, or static result.",archive_search_collected; search_term=C 型快速逃逸反应 C-Start Escape Response; archive_identifier=SeriousSamSE_IL; archive_file=SeriousSamSE_lv12_258_LQ.mp4; title=Serious Sam: The Second Encounter (PC) - Individual level runs on Serious skill (Total = 1:03:31) - Drew DeVore; description=Individual level speed runs of Serious Sam: The Second Encounter on Serious difficulty. Available as DivX avi files and a .rar of the original .dem recordings which require v1.07 of the game to play. Author's comments: 1 - Introduction &...; vdcr_direct_answer; concept_zh=C 型快速逃逸反应; concept_type=专有动态动作概念; priority=A,data/vdcr_candidate_videos_combined_v1.csv
vdcr_archive_b02_000019,https://archive.org/details/nazi_concentration_camps,internet_archive,http://creativecommons.org/licenses/publicdomain/,3556.1,0.0,30.0,biology_living_systems,C-Start Escape Response,biology_living_systems,biology_family_01,"Candidate must show the temporal sequence that instantiates C-Start Escape Response, not merely an object, scene, or static result.","archive_search_collected; search_term=C 型快速逃逸反应 C-Start Escape Response; archive_identifier=nazi_concentration_camps; archive_file=nazi_concentration_camps_512kb.mp4; title=Nazi Concentration Camps; description=**This film contains extremely graphic scenes of human suffering, please exercise caution when viewing.** Compilation footage of Nazi concentration camps in the immediate aftermath of World War II. The footage was gathered by the US Depa...; vdcr_direct_answer; concept_zh=C 型快速逃逸反应; concept_type=专有动态动作概念; priority=A",data/vdcr_candidate_videos_combined_v1.csv
vdcr_archive_b02_000020,https://archive.org/details/CHILD,internet_archive,archive_license_verify_on_page,1208.6,0.0,30.0,biology_living_systems,C-Start Escape Response,biology_living_systems,biology_family_01,"Candidate must show the temporal sequence that instantiates C-Start Escape Response, not merely an object, scene, or static result.","archive_search_collected; search_term=C 型快速逃逸反应 C-Start Escape Response; archive_identifier=CHILD; archive_file=CHILD_512kb.mp4; title=The Child Molester (1964); description=Produced by the Highway Safety Foundation in 1964, this shocking film deals with a subject quite taboo for its time. The short serves as a dramatized warning, ending with graphic case studies. Unlike the driver's education films produced...; vdcr_direct_answer; concept_zh=C 型快速逃逸反应; concept_type=专有动态动作概念; priority=A",data/vdcr_candidate_videos_combined_v1.csv
vdcr_archive_b02_000021,https://archive.org/details/tsunami_patong_beach,internet_archive,archive_license_verify_on_page,128.8,0.0,30.0,biology_living_systems,C-Start Escape Response,biology_living_systems,biology_family_01,"Candidate must show the temporal sequence that instantiates C-Start Escape Response, not merely an object, scene, or static result.","archive_search_collected; search_term=C 型快速逃逸反应 C-Start Escape Response; archive_identifier=tsunami_patong_beach; archive_file=tsunami_patong_beach.ogv; title=Tsunami - Patong Beach; description=Amateur camcorder footage of the 2004 tsunami disaster. Rooftop view of two huge waves battering buildings along coastline of Patong Beach, then zoomed-in footage of flooding of city streets.; vdcr_direct_answer; concept_zh=C 型快速逃逸反应; concept_type=专有动态动作概念; priority=A",data/vdcr_candidate_videos_combined_v1.csv
vdcr_archive_b02_000022,https://archive.org/details/dobba_graphics,internet_archive,archive_license_verify_on_page,370.5,0.0,30.0,biology_living_systems,C-Start Escape Response,biology_living_systems,biology_family_01,"Candidate must show the temporal sequence that instantiates C-Start Escape Response, not merely an object, scene, or static result.",archive_search_collected; search_term=C 型快速逃逸反应 video; archive_identifier=dobba_graphics; archive_file=How_To_install_a_Build_Using_the_Ares_Wizard.ogv; title=graphics; description=graphics; vdcr_direct_answer; concept_zh=C 型快速逃逸反应; concept_type=专有动态动作概念; priority=A,data/vdcr_candidate_videos_combined_v1.csv
vdcr_archive_b02_000023,https://archive.org/details/Pbtestfilemp4videotestmp4,internet_archive,http://creativecommons.org/licenses/by-nc-sa/2.5/,16.3,0.0,16.3,biology_living_systems,C-Start Escape Response,biology_living_systems,biology_family_01,"Candidate must show the temporal sequence that instantiates C-Start Escape Response, not merely an object, scene, or static result.",archive_search_collected; search_term=C 型快速逃逸反应 video; archive_identifier=Pbtestfilemp4videotestmp4; archive_file=video_test.ogv; title=test file mp4; description=this is a test file for site; vdcr_direct_answer; concept_zh=C 型快速逃逸反应; concept_type=专有动态动作概念; priority=A,data/vdcr_candidate_videos_combined_v1.csv
vdcr_archive_b02_000024,https://archive.org/details/AboutBan1935,internet_archive,http://creativecommons.org/licenses/publicdomain/,664.0,0.0,30.0,biology_living_systems,C-Start Escape Response,biology_living_systems,biology_family_01,"Candidate must show the temporal sequence that instantiates C-Start Escape Response, not merely an object, scene, or static result.",archive_search_collected; search_term=C 型快速逃逸反应 video; archive_identifier=AboutBan1935; archive_file=AboutBan1935_512kb.mp4; title=About Bananas; description=Complete presentation of the banana industry from the clearing of the jungle and the planting to the shipment of the fruit to the American markets.; vdcr_direct_answer; concept_zh=C 型快速逃逸反应; concept_type=专有动态动作概念; priority=A,data/vdcr_candidate_videos_combined_v1.csv
vdcr_archive_b02_000025,https://archive.org/details/ical-capcut-template-1,internet_archive,archive_license_verify_on_page,15.0,0.0,15.0,biology_living_systems,C-Start Escape Response,biology_living_systems,biology_family_01,"Candidate must show the temporal sequence that instantiates C-Start Escape Response, not merely an object, scene, or static result.",archive_search_collected; search_term=C 型快速逃逸反应 video; archive_identifier=ical-capcut-template-1; archive_file=ical-capcut-template-link-29.mp4; title=ical-capcut-template-1; description=ical capcut template; vdcr_direct_answer; concept_zh=C 型快速逃逸反应; concept_type=专有动态动作概念; priority=A,data/vdcr_candidate_videos_combined_v1.csv
vdcr_archive_b02_000026,https://archive.org/details/vietnam-travel-guide-hanoi-ha-long-bay-ho-chi-minh-1_202101,internet_archive,archive_license_verify_on_page,708.4,0.0,30.0,biology_living_systems,C-Start Escape Response,biology_living_systems,biology_family_01,"Candidate must show the temporal sequence that instantiates C-Start Escape Response, not merely an object, scene, or static result.","archive_search_collected; search_term=C 型快速逃逸反应 video; archive_identifier=vietnam-travel-guide-hanoi-ha-long-bay-ho-chi-minh-1_202101; archive_file=Vietnam Travel Guide_ Hanoi, Ha Long Bay, Ho Chi Minh1.ia.mp4; title=Vietnam Travel Guide Hanoi, Ha Long Bay, Ho Chi Minh 1; description=ucontent player - halong- no sound; vdcr_direct_answer; concept_zh=C 型快速逃逸反应; concept_type=专有动态动作概念; priority=A",data/vdcr_candidate_videos_combined_v1.csv
vdcr_archive_b02_000027,https://archive.org/details/blackhat2010usavideo,internet_archive,archive_license_verify_on_page,659.5,0.0,30.0,biology_living_systems,C-Start Escape Response,biology_living_systems,biology_family_01,"Candidate must show the temporal sequence that instantiates C-Start Escape Response, not merely an object, scene, or static result.","archive_search_collected; search_term=C-Start Escape Response technique video; archive_identifier=blackhat2010usavideo; archive_file=10_bhb_tt4c.ogv; title=Black Hat USA 2010 Video; description=Quynh Nguyen Anh, Kuniyasu Suzaki Virt-ICE: next generation debugger for malware analysis Dynamic malware analysis is an important method to analyze malware. The most important tool for dynamic malware analysis is debugger. However, beca...; vdcr_direct_answer; concept_zh=C 型快速逃逸反应; concept_type=专有动态动作概念; priority=A",data/vdcr_candidate_videos_combined_v1.csv
vdcr_archive_b02_000028,https://archive.org/details/y-2matego.net-tiny-giantess-tongue-sizecomparison-tinyfigure-mouth-merged,internet_archive,archive_license_verify_on_page,3.6,0.0,3.6,biology_living_systems,C-Start Escape Response,biology_living_systems,biology_family_01,"Candidate must show the temporal sequence that instantiates C-Start Escape Response, not merely an object, scene, or static result.","archive_search_collected; search_term=C-Start Escape Response technique video; archive_identifier=y-2matego.net-tiny-giantess-tongue-sizecomparison-tinyfigure-mouth-merged; archive_file=y2matego.net - tiny giantess tongue sizecomparison tinyfigure mouth.mp4; title=Y 2matego.net Tiny Giantess Tongue Sizecomparison Tinyfigure Mouth Merged; description=Jiu-jitsu warm-ups include exercises that increase your heart rate, improve your flexibility, and strengthen your muscles. Some examples of jiu-jitsu warm-ups include: SUPERGIRL https://ww1.goojara.to/eeQD6k Jumping jacks Stand up straig...; vdcr_direct_answer; concept_zh=C 型快速逃逸反应; concept_type=专有动态动作概念; priority=A",data/vdcr_candidate_videos_combined_v1.csv
vdcr_archive_b02_000029,https://archive.org/details/LegendOfMana_SS_Faerie_23223,internet_archive,archive_license_verify_on_page,9967.2,0.0,30.0,biology_living_systems,C-Start Escape Response,biology_living_systems,biology_family_01,"Candidate must show the temporal sequence that instantiates C-Start Escape Response, not merely an object, scene, or static result.","archive_search_collected; search_term=C-Start Escape Response technique video; archive_identifier=LegendOfMana_SS_Faerie_23223; archive_file=LegendOfMana_SS_Faerie_23223_LQ.ogv; title=Legend of Mana (PS) - Single-segment Faerie's Quest 2:32:23 - Nicholas Hoppe; description=Single-segment speed run of Legend of Mana, taking Dragon's quest only, done on October 7 2005. Available in four versions: low quality, normal quality, and 60 fps high/insane quality. Author's comments: First, I'd like to thank the writ...; vdcr_direct_answer; concept_zh=C 型快速逃逸反应; concept_type=专有动态动作概念; priority=A",data/vdcr_candidate_videos_combined_v1.csv
vdcr_archive_b02_000030,https://archive.org/details/brucon2011video,internet_archive,archive_license_verify_on_page,3340.6,0.0,30.0,biology_living_systems,C-Start Escape Response,biology_living_systems,biology_family_01,"Candidate must show the temporal sequence that instantiates C-Start Escape Response, not merely an object, scene, or static result.","archive_search_collected; search_term=C-Start Escape Response technique video; archive_identifier=brucon2011video; archive_file=brucon2011-alex-hutton.ogv; title=BruCON 2011 Video; description=Haroon Meer (Thinkst.com, South-Africa) -- You and your research Haroon is a well-known security researcher who has recently started his own venture with Thinkst.com, an applied research company. He is also involved with ZACON, a securit...; vdcr_direct_answer; concept_zh=C 型快速逃逸反应; concept_type=专有动态动作概念; priority=A",data/vdcr_candidate_videos_combined_v1.csv
vdcr_archive_b02_000031,https://archive.org/details/nightofthesquidreel1,internet_archive,archive_license_verify_on_page,1463.2,0.0,30.0,biology_living_systems,Jet Propulsion Swimming,biology_living_systems,biology_family_01,"Candidate must show the temporal sequence that instantiates Jet Propulsion Swimming, not merely an object, scene, or static result.","archive_search_collected; search_term=Jet Propulsion Swimming; archive_identifier=nightofthesquidreel1; archive_file=nightofthesquidreel1.ogv; title=Night of The Squid; description=Night of The Squid Reel 1 Reel 2 available here Traces the life cycle of the giant squid, and shows some of its antics and bizarre night life. Search Educational Film Journals at Media History Project for references to this film; vdcr_direct_answer; concept_zh=喷射推进游动; concept_type=自然动态机制; priority=A",data/vdcr_candidate_videos_combined_v1.csv
vdcr_archive_b02_000032,https://archive.org/details/MysteryOctopusIntelligence,internet_archive,http://creativecommons.org/licenses/by/3.0/,123.8,0.0,30.0,biology_living_systems,Jet Propulsion Swimming,biology_living_systems,biology_family_01,"Candidate must show the temporal sequence that instantiates Jet Propulsion Swimming, not merely an object, scene, or static result.","archive_search_collected; search_term=Jet Propulsion Swimming; archive_identifier=MysteryOctopusIntelligence; archive_file=CmMysteryOctopusIntelligence_512kb.mp4; title=Mystery Octopus Intelligence; description=Venom Blue-ringed octopus from New South Wales, Australia The blue-ringed octopus is 12 to 20 cm (5 to 8 inches), but its venom is powerful enough to kill humans. There is no blue-ringed octopus antivenom available. The octopus produces...; vdcr_direct_answer; concept_zh=喷射推进游动; concept_type=自然动态机制; priority=A",data/vdcr_candidate_videos_combined_v1.csv
vdcr_archive_b02_000033,https://archive.org/details/backyard-animals_20251123,internet_archive,archive_license_verify_on_page,1461.0,0.0,30.0,biology_living_systems,Jet Propulsion Swimming,biology_living_systems,biology_family_01,"Candidate must show the temporal sequence that instantiates Jet Propulsion Swimming, not merely an object, scene, or static result.","archive_search_collected; search_term=Jet Propulsion Swimming; archive_identifier=backyard-animals_20251123; archive_file=Animal Flight.mp4; title=Backyard Animals; description=Explain the following text primarily based on the surrounding page content: Animal Flight 🕊️ Animal Flight – Explained from the Surrounding Page Context Animal Flight is the first episode of Season 2 of Amazing Animals , first aired on t...; vdcr_direct_answer; concept_zh=喷射推进游动; concept_type=自然动态机制; priority=A",data/vdcr_candidate_videos_combined_v1.csv
vdcr_archive_b02_000034,https://archive.org/details/animal-acrobats_202511,internet_archive,archive_license_verify_on_page,1498.7,0.0,30.0,biology_living_systems,Jet Propulsion Swimming,biology_living_systems,biology_family_01,"Candidate must show the temporal sequence that instantiates Jet Propulsion Swimming, not merely an object, scene, or static result.","archive_search_collected; search_term=Jet Propulsion Swimming; archive_identifier=animal-acrobats_202511; archive_file=Animal Hunters.mp4; title=Animal Acrobats; description=Explain the following text primarily based on the surrounding page content: Animal Acrobats 🤸 Animal Acrobats – Explained from the Surrounding Page Context Animal Acrobats is the fifth episode of Season 3 of Amazing Animals , first aired...; vdcr_direct_answer; concept_zh=喷射推进游动; concept_type=自然动态机制; priority=A",data/vdcr_candidate_videos_combined_v1.csv
vdcr_archive_b02_000035,https://archive.org/details/jG7cdqPlP1o4XERJpLhQPpxxEokonS,internet_archive,archive_license_verify_on_page,1321.2,0.0,30.0,biology_living_systems,Jet Propulsion Swimming,biology_living_systems,biology_family_01,"Candidate must show the temporal sequence that instantiates Jet Propulsion Swimming, not merely an object, scene, or static result.","archive_search_collected; search_term=Jet Propulsion Swimming; archive_identifier=jG7cdqPlP1o4XERJpLhQPpxxEokonS; archive_file=tmp2d9jopl3.mp4; title=""THE BUSY WORLD OF OUTER SPACE” DISCOVERY ’68 TELEVISION SHOW APOLLO PROGRAM & SURVEYOR XD3059; description=""The Busy World of Outer Space"" is an episode of the TV program “Discovery '68”. Discovery (with a two digit year following the title) aired on ABC from 1962 until 1971 as an award-winning children’s program about the history and culture...; vdcr_direct_answer; concept_zh=喷射推进游动; concept_type=自然动态机制; priority=A",data/vdcr_candidate_videos_combined_v1.csv
vdcr_archive_b02_000036,https://archive.org/details/interspeciesio-U_HUiC1dP00,internet_archive,archive_license_verify_on_page,3084.0,0.0,30.0,biology_living_systems,Bubble-Net Feeding,biology_living_systems,biology_family_01,"Candidate must show the temporal sequence that instantiates Bubble-Net Feeding, not merely an object, scene, or static result.","archive_search_collected; search_term=Bubble-Net Feeding; archive_identifier=interspeciesio-U_HUiC1dP00; archive_file=The fascinating world of the humpback whales-U_HUiC1dP00.mp4; title=The fascinating world of the humpback whales; description=In the warm Pacific just off the coast of Maui, a hump whale mother has paired and given birth to her baby. Now, the time has come, whereby she has to take her baby on a 5.500-kilometre-long journey to the grazing grounds off Alaska. The...; vdcr_direct_answer; concept_zh=泡泡网捕食; concept_type=生态行为策略; priority=A",data/vdcr_candidate_videos_combined_v1.csv
vdcr_archive_b02_000037,https://archive.org/details/44-amazing-animals-animal-helpers_202507,internet_archive,archive_license_verify_on_page,1518.2,0.0,30.0,biology_living_systems,Bubble-Net Feeding,biology_living_systems,biology_family_01,"Candidate must show the temporal sequence that instantiates Bubble-Net Feeding, not merely an object, scene, or static result.","archive_search_collected; search_term=Bubble-Net Feeding; archive_identifier=44-amazing-animals-animal-helpers_202507; archive_file=Amazing Animals - Extinct Animals - S03E12.mp4; title=Amazing Animals - Animal Helpers; description=Amazing Animals - Animal Helpers in: Episodes , Amazing Animals , Amazing Animals season four Animal Helpers VIEW SOURCE Animal Helpers VHS cover Season 4 Episode 5 Air date 11 May 1999 Writer Paul Dawson Director Anne Neale Episode guid...; vdcr_direct_answer; concept_zh=泡泡网捕食; concept_type=生态行为策略; priority=A",data/vdcr_candidate_videos_combined_v1.csv
vdcr_archive_b02_000038,https://archive.org/details/the-economic-consequences-of-the-russia-ukraine-war,internet_archive,archive_license_verify_on_page,3900.0,0.0,30.0,biology_living_systems,Bubble-Net Feeding,biology_living_systems,biology_family_01,"Candidate must show the temporal sequence that instantiates Bubble-Net Feeding, not merely an object, scene, or static result.","archive_search_collected; search_term=Bubble-Net Feeding; archive_identifier=the-economic-consequences-of-the-russia-ukraine-war; archive_file=The Economic Consequences of the Russia-Ukraine War.mp4; title=The Economic Consequences Of The Russia Ukraine War; description=The Economic Consequences of the Russia-Ukraine War (David Goldman, July 1, 2022) Transcript available below About the speaker David Goldman is an American economist, music critic, and author, best known for his series of online essays i...; vdcr_direct_answer; concept_zh=泡泡网捕食; concept_type=生态行为策略; priority=A",data/vdcr_candidate_videos_combined_v1.csv
vdcr_archive_b02_000039,https://archive.org/details/youtube-U_HUiC1dP00,internet_archive,archive_license_verify_on_page,3084.1,0.0,30.0,biology_living_systems,Bubble-Net Feeding,biology_living_systems,biology_family_01,"Candidate must show the temporal sequence that instantiates Bubble-Net Feeding, not merely an object, scene, or static result.",archive_search_collected; search_term=Bubble-Net Feeding; archive_identifier=youtube-U_HUiC1dP00; archive_file=U_HUiC1dP00.mp4; title=The fascinating world of the humpback whales; description=; vdcr_direct_answer; concept_zh=泡泡网捕食; concept_type=生态行为策略; priority=A,data/vdcr_candidate_videos_combined_v1.csv
vdcr_archive_b02_000040,https://archive.org/details/acfrma-The_fascinating_world_of_the_humpback_whales_mp4,internet_archive,archive_license_verify_on_page,3084.0,0.0,30.0,biology_living_systems,Bubble-Net Feeding,biology_living_systems,biology_family_01,"Candidate must show the temporal sequence that instantiates Bubble-Net Feeding, not merely an object, scene, or static result.","archive_search_collected; search_term=Bubble-Net Feeding; archive_identifier=acfrma-The_fascinating_world_of_the_humpback_whales_mp4; archive_file=The_fascinating_world_of_the_humpback_whales_mp4.mp4; title=The Fascinating World of the Humpback Whales - The Fascinating World of the Humpback Whales; description=The fascinating world of the humpback whales by Free High-Quality Documentaries In the warm Pacific just off the coast of Maui, a hump whale mother has paired and given birth to her baby. Now, the time has come, whereby she has to take h...; vdcr_direct_answer; concept_zh=泡泡网捕食; concept_type=生态行为策略; priority=A",data/vdcr_candidate_videos_combined_v1.csv
vdcr_archive_b02_000041,https://archive.org/details/thelivingplanetaportraitoftheearth8sweetfreshater,internet_archive,archive_license_verify_on_page,1712.2,0.0,30.0,biology_living_systems,Mud-Ring Feeding,biology_living_systems,biology_family_01,"Candidate must show the temporal sequence that instantiates Mud-Ring Feeding, not merely an object, scene, or static result.","archive_search_collected; search_term=Mud-Ring Feeding; archive_identifier=thelivingplanetaportraitoftheearth8sweetfreshater; archive_file=thelivingplanetaportraitoftheearth8sweetfreshwaterreel2.ogv; title=The Living Planet a Portrait of the Earth 8 Sweet Fresh Water; description=['Title from data sheet', 'Intended audience: Ages 16 through adult', 'Issued also as videorecording', ""Host David Attenborough follows the Amazon River, the world's largest river system, from its source in the Peruvian Andes to its huge...; vdcr_direct_answer; concept_zh=泥环捕食; concept_type=生态行为策略; priority=A",data/vdcr_candidate_videos_combined_v1.csv
vdcr_archive_b02_000042,https://archive.org/details/frozen-planet,internet_archive,archive_license_verify_on_page,1272.3,0.0,30.0,biology_living_systems,Mud-Ring Feeding,biology_living_systems,biology_family_01,"Candidate must show the temporal sequence that instantiates Mud-Ring Feeding, not merely an object, scene, or static result.","archive_search_collected; search_term=Mud-Ring Feeding; archive_identifier=frozen-planet; archive_file=9 Science at the End of the Earth.mp4; title=Frozen Planet ★ BBC Nature Series with Subtitles, MKV, 2 Languages; description=Frozen Planet ★ Emmy Award winning BBC Nature Series with 3 languages of Subtitles, MKV versions, 2 Languages (English, French) - First 7 Only … last 2 English Only , Chapter Markers + Updated Metadata / Online Course / Poster May 16th 2...; vdcr_direct_answer; concept_zh=泥环捕食; concept_type=生态行为策略; priority=A",data/vdcr_candidate_videos_combined_v1.csv
vdcr_archive_b02_000043,https://archive.org/details/IngvarBogdahnswarmofbirdsoverRomeat5,internet_archive,http://creativecommons.org/licenses/by-nc-sa/2.5/,82.9,0.0,30.0,biology_living_systems,Murmuration,biology_living_systems,biology_family_01,"Candidate must show the temporal sequence that instantiates Murmuration, not merely an object, scene, or static result.",archive_search_collected; search_term=Murmuration; archive_identifier=IngvarBogdahnswarmofbirdsoverRomeat5; archive_file=uccelli.ogv; title=swarm of birds over Rome at 5; description=swarms of birds over Rome right after sunset.; vdcr_direct_answer; concept_zh=鸟群群舞; concept_type=生态行为策略; priority=A,data/vdcr_candidate_videos_combined_v1.csv
vdcr_archive_b02_000044,https://archive.org/details/Flickr-5372662688,internet_archive,https://creativecommons.org/licenses/by-nc/2.0/,90.0,0.0,30.0,biology_living_systems,Murmuration,biology_living_systems,biology_family_01,"Candidate must show the temporal sequence that instantiates Murmuration, not merely an object, scene, or static result.","archive_search_collected; search_term=Murmuration; archive_identifier=Flickr-5372662688; archive_file=Murmurs_in_The_Sky_-_Starling_Flock-5372662688.ogv; title=Murmurs in The Sky: Starling Flock; description=This clip can be found, amongst others, in the video section of my Lucid Dreams portfolio on tjblackwell.co.uk . From November through to February, dark clouds begin to form in the skies over the United Kingdom. But far from being forebo...; vdcr_direct_answer; concept_zh=鸟群群舞; concept_type=生态行为策略; priority=A",data/vdcr_candidate_videos_combined_v1.csv
vdcr_archive_b02_000045,https://archive.org/details/Flickr-38609728842,internet_archive,https://creativecommons.org/licenses/by/2.0/,99.8,0.0,30.0,biology_living_systems,Murmuration,biology_living_systems,biology_family_01,"Candidate must show the temporal sequence that instantiates Murmuration, not merely an object, scene, or static result.",archive_search_collected; search_term=Murmuration; archive_identifier=Flickr-38609728842; archive_file=Starling_Murmuration-38609728842.ogv; title=Starling Murmuration; description=RSPB Strumpshaw Fen 25-11-2017 A mass aerial stunt - thousands of birds all swooping and diving in unison. It's completely breathtaking to witness. We think that starlings do it for many reasons. Grouping together offers safety in number...; vdcr_direct_answer; concept_zh=鸟群群舞; concept_type=生态行为策略; priority=A,data/vdcr_candidate_videos_combined_v1.csv
vdcr_archive_b02_000046,https://archive.org/details/colctx-Birding_in_League_City_Birds_of_a_Feather,internet_archive,archive_license_verify_on_page,182.4,0.0,30.0,biology_living_systems,Murmuration,biology_living_systems,biology_family_01,"Candidate must show the temporal sequence that instantiates Murmuration, not merely an object, scene, or static result.","archive_search_collected; search_term=Murmuration; archive_identifier=colctx-Birding_in_League_City_Birds_of_a_Feather; archive_file=Birding_in_League_City_Birds_of_a_Feather.mp4; title=Birding in League City - Birds of a Feather; description=You know the old saying, “Birds of a feather flock together,” right? We usually think it refers to birds of the same species staying together, but in the case of Red-winged Blackbirds it’s even more accurate. Let’s take a closer look at...; vdcr_direct_answer; concept_zh=鸟群群舞; concept_type=生态行为策略; priority=A",data/vdcr_candidate_videos_combined_v1.csv
vdcr_archive_b02_000047,https://archive.org/details/cmac-Murmuration_-_A_Story_of_a_Mural,internet_archive,archive_license_verify_on_page,1394.5,0.0,30.0,biology_living_systems,Murmuration,biology_living_systems,biology_family_01,"Candidate must show the temporal sequence that instantiates Murmuration, not merely an object, scene, or static result.",archive_search_collected; search_term=Murmuration; archive_identifier=cmac-Murmuration_-_A_Story_of_a_Mural; archive_file=Murmuration_-_A_Story_of_a_Mural.mp4; title=Murmuration - A Story of a Mural; description=This documentary tells the story of the efforts and inspiration to create a 5-story mural on the historic Fresno Bee building to honor the writers and poets of the Central Valley. ---- This video is from CMAC — the community media center...; vdcr_direct_answer; concept_zh=鸟群群舞; concept_type=生态行为策略; priority=A,data/vdcr_candidate_videos_combined_v1.csv
vdcr_archive_b02_000048,https://archive.org/details/dscn-3699,internet_archive,https://creativecommons.org/publicdomain/mark/1.0/,17.1,0.0,17.1,biology_living_systems,Murmuration,biology_living_systems,biology_family_01,"Candidate must show the temporal sequence that instantiates Murmuration, not merely an object, scene, or static result.",archive_search_collected; search_term=Murmuration wildlife video; archive_identifier=dscn-3699; archive_file=DSCN3699.mp4; title=Small murmuration; description=Small murmuration; vdcr_direct_answer; concept_zh=鸟群群舞; concept_type=生态行为策略; priority=A,data/vdcr_candidate_videos_combined_v1.csv
vdcr_archive_b02_000049,https://archive.org/details/PorQuuMeVigilanSiNoSoyNadieMartaPeiranoTEDxMadrid_201705,internet_archive,http://creativecommons.org/licenses/by-nd/3.0/,572.6,0.0,30.0,biology_living_systems,Elastico / Flip Flap,biology_living_systems,biology_family_03,"Candidate must show the temporal sequence that instantiates Elastico / Flip Flap, not merely an object, scene, or static result.","archive_search_collected; search_term=Elastico; archive_identifier=PorQuuMeVigilanSiNoSoyNadieMartaPeiranoTEDxMadrid_201705; archive_file=¿Por qué me vigilan, si no soy nadie _ Marta Peirano _ TEDxMadrid-NPE7i8wuupk.ogv; title=¿ Por Qué Me Vigilan, Si No Soy Nadie Marta Peirano TEDx Madrid; description=nada malo y por eso nos sentimos a salvo. Marta Peirano avisa en esta charla que es urgente preocuparse y proteger nuestro anonimato en la red. Video realizado por Daniel Goldmann y editado por Xavi Fortino. Marta Peirano escribe sobre c...; vdcr_direct_answer; concept_zh=牛尾巴; concept_type=专有动态动作概念; priority=A",data/vdcr_candidate_videos_combined_v1.csv
vdcr_archive_b02_000050,https://archive.org/details/mini-polegar-e-yogui-1978,internet_archive,archive_license_verify_on_page,642.0,0.0,30.0,biology_living_systems,Elastico / Flip Flap,biology_living_systems,biology_family_03,"Candidate must show the temporal sequence that instantiates Elastico / Flip Flap, not merely an object, scene, or static result.","archive_search_collected; search_term=Elastico; archive_identifier=mini-polegar-e-yogui-1978; archive_file=01 - Rato Grande e Rato Mau.mp4; title=MINI POLEGAR E YOGUI - 1978; description=MINI POLEGAR E YOGUI - 1978 Mini Polegar ( Mighty Man and Yukk ) é um desenho animado produzido em 1978 pela Ruby-Spears Productions . Teve apenas uma temporada, com 32 episódios. História É a história do milionário Brandon Brewster, que...; vdcr_direct_answer; concept_zh=牛尾巴; concept_type=专有动态动作概念; priority=A",data/vdcr_candidate_videos_combined_v1.csv
vdcr_archive_b02_000051,https://archive.org/details/youtube-3kYSn6DzOsc,internet_archive,archive_license_verify_on_page,194.6,0.0,30.0,biology_living_systems,Elastico / Flip Flap,biology_living_systems,biology_family_03,"Candidate must show the temporal sequence that instantiates Elastico / Flip Flap, not merely an object, scene, or static result.","archive_search_collected; search_term=Elastico; archive_identifier=youtube-3kYSn6DzOsc; archive_file=3kYSn6DzOsc.webm; title=S. America 1985 A22 Buenos Aires (Argentina); description=[Previous sound from YouTube Sound Databank was disputed!] Reni commented. ""Del 85 al 95 la Epoca Dorada en todas las areas y estamentos. Feliz Domingo, Tato, Video Mach, El.Palacio de la risa, Sin condena, Jugate conmigo, Socorro 5to añ...; vdcr_direct_answer; concept_zh=牛尾巴; concept_type=专有动态动作概念; priority=A",data/vdcr_candidate_videos_combined_v1.csv
vdcr_archive_b02_000052,https://archive.org/details/apresentacao-vinicius-o-menino-elastico,internet_archive,archive_license_verify_on_page,56.1,0.0,30.0,biology_living_systems,Elastico / Flip Flap,biology_living_systems,biology_family_03,"Candidate must show the temporal sequence that instantiates Elastico / Flip Flap, not merely an object, scene, or static result.","archive_search_collected; search_term=Elastico; archive_identifier=apresentacao-vinicius-o-menino-elastico; archive_file=Apresentação Vinícius - O menino elástico.ia.mp4; title=Apresentação Vinícius - O menino elástico; description=Apresentação do Vinícius - Minha estrela tem talento ( Promoção Nestlé ), o menino elástico.; vdcr_direct_answer; concept_zh=牛尾巴; concept_type=专有动态动作概念; priority=A",data/vdcr_candidate_videos_combined_v1.csv
vdcr_archive_b02_000053,https://archive.org/details/o-homem-elastico,internet_archive,archive_license_verify_on_page,61.7,0.0,30.0,biology_living_systems,Elastico / Flip Flap,biology_living_systems,biology_family_03,"Candidate must show the temporal sequence that instantiates Elastico / Flip Flap, not merely an object, scene, or static result.",archive_search_collected; search_term=Elastico; archive_identifier=o-homem-elastico; archive_file=O homem elástico.ia.mp4; title=Contorção - O Homem Elástico.; description=Homem elástico.; vdcr_direct_answer; concept_zh=牛尾巴; concept_type=专有动态动作概念; priority=A,data/vdcr_candidate_videos_combined_v1.csv
vdcr_archive_b02_000054,https://archive.org/details/045.-wacky-quackers-partial-episode,internet_archive,archive_license_verify_on_page,288.1,0.0,30.0,biology_living_systems,Elastico / Flip Flap,biology_living_systems,biology_family_03,"Candidate must show the temporal sequence that instantiates Elastico / Flip Flap, not merely an object, scene, or static result.","archive_search_collected; search_term=Flip Flap; archive_identifier=045.-wacky-quackers-partial-episode; archive_file=111. Gold Storage.mp4; title=Hanna-Barbera - Laurel and Hardy Existing Collection (English Restoration); description=The Laurel and Hardy cartoon series from 1966 was a comedic animated adaptation of the legendary slapstick duo’s routines, produced by Larry Harmon Pictures and Hanna-Barbera Productions. Airing from September 10, 1966 to March 25, 1967,...; vdcr_direct_answer; concept_zh=牛尾巴; concept_type=专有动态动作概念; priority=A",data/vdcr_candidate_videos_combined_v1.csv
vdcr_archive_b02_000055,https://archive.org/details/dafnefetish-a-stinky-day,internet_archive,archive_license_verify_on_page,900.1,0.0,30.0,biology_living_systems,Elastico / Flip Flap,biology_living_systems,biology_family_03,"Candidate must show the temporal sequence that instantiates Elastico / Flip Flap, not merely an object, scene, or static result.","archive_search_collected; search_term=Flip Flap; archive_identifier=dafnefetish-a-stinky-day; archive_file=Dafnefetish - A stinky day.mp4; title=Dafnefetish A Stinky Day; description=Protagonista : Nicole alias Filo Filo ritorna da una giornata estiva infernale ,ha dovuto camminare sotto il sole cocente perche' c'era lo sciopero degli autobus, indossa le infradito le classiche di pochi euro, che dopo quella lunga cam...; vdcr_direct_answer; concept_zh=牛尾巴; concept_type=专有动态动作概念; priority=A",data/vdcr_candidate_videos_combined_v1.csv
vdcr_archive_b02_000056,https://archive.org/details/flip-flap-and-fly-curious-george-variant-full-hd-1080p-medium-fr-30,internet_archive,https://creativecommons.org/licenses/by-nd/4.0/,161.0,0.0,30.0,biology_living_systems,Elastico / Flip Flap,biology_living_systems,biology_family_03,"Candidate must show the temporal sequence that instantiates Elastico / Flip Flap, not merely an object, scene, or static result.",archive_search_collected; search_term=Flip Flap; archive_identifier=flip-flap-and-fly-curious-george-variant-full-hd-1080p-medium-fr-30; archive_file=The Land Before Time _The Great Day of the Flyers_ 2006 DVD Trailer with _Flip Flap and Fly_ Song.mp4; title=Flip Flap And Fly Curious George Version; description=Now Remastered In High Quality! Taken From Curious George (2006) DVD. I Don't Own The Rights To The Content Shown Here.. This was Uploaded for archive purposes only.. No Copyright Infringement Is INTENDED. Curious George And Land Before...; vdcr_direct_answer; concept_zh=牛尾巴; concept_type=专有动态动作概念; priority=A,data/vdcr_candidate_videos_combined_v1.csv
vdcr_archive_b02_000057,https://archive.org/details/Rexona_flipwoman1,internet_archive,archive_license_verify_on_page,15.0,0.0,15.0,biology_living_systems,Elastico / Flip Flap,biology_living_systems,biology_family_03,"Candidate must show the temporal sequence that instantiates Elastico / Flip Flap, not merely an object, scene, or static result.",archive_search_collected; search_term=Flip Flap; archive_identifier=Rexona_flipwoman1; archive_file=youtube-pgxg2EOFsIk.ia.mp4; title=The Rexona Backflip Woman; description=This is a Rexona commercial of a woman flipping in her underwear to collect her laundry. She performs handsprings in order to pick up her clothes. These are almost all of the known videos of the commercial from across the web. Some varia...; vdcr_direct_answer; concept_zh=牛尾巴; concept_type=专有动态动作概念; priority=A,data/vdcr_candidate_videos_combined_v1.csv
vdcr_archive_b02_000058,https://archive.org/details/JapanTechToysTechToysDancing,internet_archive,http://creativecommons.org/licenses/by-nc-sa/2.5/,198.2,0.0,30.0,biology_living_systems,Elastico / Flip Flap,biology_living_systems,biology_family_03,"Candidate must show the temporal sequence that instantiates Elastico / Flip Flap, not merely an object, scene, or static result.","archive_search_collected; search_term=Flip Flap; archive_identifier=JapanTechToysTechToysDancing; archive_file=TechToys_Dancing.ogv; title=TechToys Dancing; description=The Flip Flap Plant, Singing Bird, iDog and Hidamari no Tami dance along to ""On a Podcast"" by Cruisebox, from the Podshow Podsafe Music Network.; vdcr_direct_answer; concept_zh=牛尾巴; concept_type=专有动态动作概念; priority=A",data/vdcr_candidate_videos_combined_v1.csv
vdcr_archive_b02_000059,https://archive.org/details/BitChute-channel-sJFDQtjzuuwx,internet_archive,archive_license_verify_on_page,8.5,0.0,8.5,biology_living_systems,Marseille Turn / Roulette,biology_living_systems,biology_family_03,"Candidate must show the temporal sequence that instantiates Marseille Turn / Roulette, not merely an object, scene, or static result.","archive_search_collected; search_term=Marseille Turn; archive_identifier=BitChute-channel-sJFDQtjzuuwx; archive_file=20200706 BRUTAL - Mercedes Smashes 2 Antifa dudes at FULL SPEED, sends them flying!-uK1EYB7u42uB.mp4; title=FreiheitsFreund BitChute channel archive (ID sJFDQtjzuuwx); description=FreiheitsFreund BitChute channel archive (ID sJFDQtjzuuwx) https://www.bitchute.com/channel/sJFDQtjzuuwx/ Description: Freie Informationen unzensiert... Created 2 years, 6 months ago. 1382 videos 6660 subscribers 1721280 views List of vi...; vdcr_direct_answer; concept_zh=马赛回旋; concept_type=专有动态动作概念; priority=A",data/vdcr_candidate_videos_combined_v1.csv
vdcr_archive_b02_000060,https://archive.org/details/embryo_202307,internet_archive,archive_license_verify_on_page,6241.9,0.0,30.0,biology_living_systems,Marseille Turn / Roulette,biology_living_systems,biology_family_03,"Candidate must show the temporal sequence that instantiates Marseille Turn / Roulette, not merely an object, scene, or static result.","archive_search_collected; search_term=Marseille Turn; archive_identifier=embryo_202307; archive_file=C9D30F48-A3B0-45C9-9DDB-535F0D597910.MP4; title=Embryo; description=A twisted scientist performs an experiment on a human fetus to accelerate growth from a fetus into an adult in just a few days. The experiment results in a beautiful 22-year-old woman, who falls in love with her creator.; vdcr_direct_answer; concept_zh=马赛回旋; concept_type=专有动态动作概念; priority=A",data/vdcr_candidate_videos_combined_v1.csv
vdcr_archive_b02_000061,https://archive.org/details/filmography-jean-renoir,internet_archive,archive_license_verify_on_page,2788.1,0.0,30.0,biology_living_systems,Marseille Turn / Roulette,biology_living_systems,biology_family_03,"Candidate must show the temporal sequence that instantiates Marseille Turn / Roulette, not merely an object, scene, or static result.","archive_search_collected; search_term=Marseille Turn; archive_identifier=filmography-jean-renoir; archive_file=1931-1. On purge bébé.mp4; title=Filmography: Jean Renoir (French films only); description=Jean Renoir (15 September 1894 – 12 February 1979) was a French filmmaker, actor, producer and author. La Grande Illusion (1937) and The Rules of the Game (1939) are often cited among the greatest films ever made. In 2002, he was ranked...; vdcr_direct_answer; concept_zh=马赛回旋; concept_type=专有动态动作概念; priority=A",data/vdcr_candidate_videos_combined_v1.csv
vdcr_archive_b02_000062,https://archive.org/details/delorDMT1,internet_archive,http://creativecommons.org/publicdomain/zero/1.0/,488.3,0.0,30.0,biology_living_systems,Marseille Turn / Roulette,biology_living_systems,biology_family_03,"Candidate must show the temporal sequence that instantiates Marseille Turn / Roulette, not merely an object, scene, or static result.","archive_search_collected; search_term=Marseille Turn; archive_identifier=delorDMT1; archive_file=delorDMT1.ia.mp4; title=delorDMT1; description=UPDATE: SINCE IT IS IMPOSSIBLE TO CATCH ALL FALSE/EVIL WORDS, PLEASE SEE MOST CURRENT VIDEO FOR UPDATES/CHANGES! I MAY DISCOVER SUDDENLY THAT A WORD I HAVE BEEN USING ALL ALONG WAS FALSE AND EVIL, & IT IS IMPOSSIBLE FOR ME TO KEEP UPDATI...; vdcr_direct_answer; concept_zh=马赛回旋; concept_type=专有动态动作概念; priority=A",data/vdcr_candidate_videos_combined_v1.csv
vdcr_archive_b02_000063,https://archive.org/details/blacks-and-muslims-with-voice-and-english-subtitle,internet_archive,archive_license_verify_on_page,1180.8,0.0,30.0,biology_living_systems,Marseille Turn / Roulette,biology_living_systems,biology_family_03,"Candidate must show the temporal sequence that instantiates Marseille Turn / Roulette, not merely an object, scene, or static result.","archive_search_collected; search_term=Marseille Turn; archive_identifier=blacks-and-muslims-with-voice-and-english-subtitle; archive_file=BLACKS AND MUSLIMS WITH VOICE AND ENGLISH SUBTITLE.ia.mp4; title=Muslims and Blacks ?; description=Muslims and Blacks ? abbot Guy Pagès: Praised be Jesus-Christ, His grace and His peace be with you! Many blacks muslims today are leaving islam because they feel despised as blacks. Even in a country among the less backward, like Morocco...; vdcr_direct_answer; concept_zh=马赛回旋; concept_type=专有动态动作概念; priority=A",data/vdcr_candidate_videos_combined_v1.csv
vdcr_archive_b02_000064,https://archive.org/details/ChronoTrigger_456,internet_archive,archive_license_verify_on_page,167.0,0.0,30.0,biology_living_systems,Marseille Turn / Roulette,biology_living_systems,biology_family_03,"Candidate must show the temporal sequence that instantiates Marseille Turn / Roulette, not merely an object, scene, or static result.",archive_search_collected; search_term=Roulette; archive_identifier=ChronoTrigger_456; archive_file=ChronoTrigger_456_part25.ogv; title=Chrono Trigger (SNES) - 4:56 - David Gibbons; description=Speed run of Chrono Trigger in 34 segments completed on October 26 2005. Timing note: uses game timer at last seen moment in final part plus remaining real time until final damage on Lavos. Author's comments: This is by far my most polis...; vdcr_direct_answer; concept_zh=马赛回旋; concept_type=专有动态动作概念; priority=A,data/vdcr_candidate_videos_combined_v1.csv
vdcr_archive_b02_000065,https://archive.org/details/time_pulls_the_trigger_2,internet_archive,http://creativecommons.org/licenses/publicdomain/,854.4,0.0,30.0,biology_living_systems,Marseille Turn / Roulette,biology_living_systems,biology_family_03,"Candidate must show the temporal sequence that instantiates Marseille Turn / Roulette, not merely an object, scene, or static result.",archive_search_collected; search_term=Roulette; archive_identifier=time_pulls_the_trigger_2; archive_file=time_pulls_the_trigger_2_512kb.mp4; title=Time Pulls the Trigger (Part II); description=0739 PA9033 Time Pulls the Trigger; vdcr_direct_answer; concept_zh=马赛回旋; concept_type=专有动态动作概念; priority=A,data/vdcr_candidate_videos_combined_v1.csv
vdcr_archive_b02_000066,https://archive.org/details/MonteCarloNights,internet_archive,http://creativecommons.org/publicdomain/mark/1.0/,3655.8,0.0,30.0,biology_living_systems,Marseille Turn / Roulette,biology_living_systems,biology_family_03,"Candidate must show the temporal sequence that instantiates Marseille Turn / Roulette, not merely an object, scene, or static result.",archive_search_collected; search_term=Roulette; archive_identifier=MonteCarloNights; archive_file=MonteCarloNights_512kb.mp4; title=Monte Carlo Nights; description=A successful roulette player wrongfully convicted of murder escapes custody and goes in search of the real killer.; vdcr_direct_answer; concept_zh=马赛回旋; concept_type=专有动态动作概念; priority=A,data/vdcr_candidate_videos_combined_v1.csv
vdcr_archive_b02_000067,https://archive.org/details/MarioAllStars_Mario3_SS_100p_12407,internet_archive,archive_license_verify_on_page,239.7,0.0,30.0,biology_living_systems,Marseille Turn / Roulette,biology_living_systems,biology_family_03,"Candidate must show the temporal sequence that instantiates Marseille Turn / Roulette, not merely an object, scene, or static result.","archive_search_collected; search_term=Roulette; archive_identifier=MarioAllStars_Mario3_SS_100p_12407; archive_file=MarioAllStars_Mario3_SS_100p_Bloopers.ogv; title=Super Mario Bros. 3 [All-Stars] (SNES) - Single-segment 100% 1:24:07 - David Gibbons; description=Single-segment speed run of the Mario All-Stars version of Super Mario Bros. 3 done on December 24 2005. Finishes all stages, hammer bros., etc, for a 100% run. Available in four versions: low quality, normal quality, and 60 fps high/ins...; vdcr_direct_answer; concept_zh=马赛回旋; concept_type=专有动态动作概念; priority=A",data/vdcr_candidate_videos_combined_v1.csv
vdcr_archive_b02_000068,https://archive.org/details/AchievementHunter_2017,internet_archive,archive_license_verify_on_page,116.3,0.0,30.0,biology_living_systems,Marseille Turn / Roulette,biology_living_systems,biology_family_03,"Candidate must show the temporal sequence that instantiates Marseille Turn / Roulette, not merely an object, scene, or static result.",archive_search_collected; search_term=Roulette; archive_identifier=AchievementHunter_2017; archive_file=[20170623] AH Animated - Aladdin's Chopping Wood-OKEMAjHQviE [1097291 views].mp4; title=AchievementHunter 2017; description=AchievementHunter archive part 4 (year 2017). All parts: AchievementHunter_1 AchievementHunter_2 AchievementHunter_3 AchievementHunter_2017 AchievementHunter_2018 AchievementHunter_2019 Contains: [20170101] Off Topic - Ep. 57 - That's No...; vdcr_direct_answer; concept_zh=马赛回旋; concept_type=专有动态动作概念; priority=A,data/vdcr_candidate_videos_combined_v1.csv
vdcr_archive_b02_000069,https://archive.org/details/TheVistaGroup-PlaySoccerLikeALegend1993,internet_archive,archive_license_verify_on_page,3218.8,0.0,30.0,biology_living_systems,Cruyff Turn,biology_living_systems,biology_family_03,"Candidate must show the temporal sequence that instantiates Cruyff Turn, not merely an object, scene, or static result.","archive_search_collected; search_term=Cruyff Turn; archive_identifier=TheVistaGroup-PlaySoccerLikeALegend1993; archive_file=1993 VHS • Play Soccer Like A Legend 60 FPS.ia.mp4; title=1993 VHS • Play Soccer Like A Legend 60 FPS; description=This tape is an instructional VHS hosted by Sir Stanley Matthews, the English winger twice voted British Footballer of the Year and knighted by Queen Elizabeth in 1965. Filmed in anticipation of the 1994 FIFA World Cup in the United Stat...; vdcr_direct_answer; concept_zh=克鲁伊夫转身; concept_type=专有动态动作概念; priority=A",data/vdcr_candidate_videos_combined_v1.csv
vdcr_archive_b02_000070,https://archive.org/details/OnceUpon1956,internet_archive,http://creativecommons.org/licenses/publicdomain/,868.5,0.0,30.0,biology_living_systems,Rainbow Flick,biology_living_systems,biology_family_03,"Candidate must show the temporal sequence that instantiates Rainbow Flick, not merely an object, scene, or static result.",archive_search_collected; search_term=Rainbow Flick; archive_identifier=OnceUpon1956; archive_file=OnceUpon1956_512kb.mp4; title=Once Upon a Honeymoon; description=Delightful musical made to promote color telephones as a decorator accessory in the home.; vdcr_direct_answer; concept_zh=彩虹过人; concept_type=专有动态动作概念; priority=A,data/vdcr_candidate_videos_combined_v1.csv
vdcr_archive_b02_000071,https://archive.org/details/DrugAbus1969,internet_archive,http://creativecommons.org/licenses/publicdomain/,1108.1,0.0,30.0,biology_living_systems,Rainbow Flick,biology_living_systems,biology_family_03,"Candidate must show the temporal sequence that instantiates Rainbow Flick, not merely an object, scene, or static result.",archive_search_collected; search_term=Rainbow Flick; archive_identifier=DrugAbus1969; archive_file=DrugAbus1969_512kb.mp4; title=Drug Abuse: The Chemical Tomb; description=Interesting anti-drug film criticizing drug use as an inhibitor of necessary social change. Director: Alan Kishbaugh. Camera: Charles Sutton. Narrator: Chuck Bowman.; vdcr_direct_answer; concept_zh=彩虹过人; concept_type=专有动态动作概念; priority=A,data/vdcr_candidate_videos_combined_v1.csv
vdcr_archive_b02_000072,https://archive.org/details/geekdrome,internet_archive,archive_license_verify_on_page,1722.1,0.0,30.0,biology_living_systems,Rainbow Flick,biology_living_systems,biology_family_03,"Candidate must show the temporal sequence that instantiates Rainbow Flick, not merely an object, scene, or static result.","archive_search_collected; search_term=Rainbow Flick; archive_identifier=geekdrome; archive_file=geekdrome--0002--2005-12-03--high.ogg; title=Geekdrome - Complete Series; description=Save Rev3 -- anarchivism.org Show: Geekdrome [Complete Series] Format: Small h264 Notes: Highest quality available. First 10 episodes MP3 only. revision3.com Archived: 2012-05-11 Two geeks debate movies, comics, music and video games whi...; vdcr_direct_answer; concept_zh=彩虹过人; concept_type=专有动态动作概念; priority=A",data/vdcr_candidate_videos_combined_v1.csv
vdcr_archive_b02_000073,https://archive.org/details/rold3_the_turning,internet_archive,archive_license_verify_on_page,2828.8,0.0,30.0,biology_living_systems,Rainbow Flick,biology_living_systems,biology_family_03,"Candidate must show the temporal sequence that instantiates Rainbow Flick, not merely an object, scene, or static result.","archive_search_collected; search_term=Rainbow Flick; archive_identifier=rold3_the_turning; archive_file=rold3_the_turning.ogv; title=Rise of the Living Dead, Episode III: The Turning; description=Clara's ""Rise of the Living Dead"" trilogy concludes, with the distinctive cinematography, editing and use of sound effects, voice acting and music characteristic of the series. Like Clara's other movies, this episode in the ""Rise of the...; vdcr_direct_answer; concept_zh=彩虹过人; concept_type=专有动态动作概念; priority=A",data/vdcr_candidate_videos_combined_v1.csv
vdcr_archive_b02_000074,https://archive.org/details/42-amazing-animals-clever-animals_20250330,internet_archive,archive_license_verify_on_page,1496.5,0.0,30.0,biology_living_systems,Rainbow Flick,biology_living_systems,biology_family_03,"Candidate must show the temporal sequence that instantiates Rainbow Flick, not merely an object, scene, or static result.","archive_search_collected; search_term=Rainbow Flick technique video; archive_identifier=42-amazing-animals-clever-animals_20250330; archive_file=#42 Amazing Animals - Clever Animals.ia.mp4; title=# 42 Amazing Animals Clever Animals; description=henrys amazing animals in: Episodes , Amazing Animals , Amazing Animals season four Clever Animals VIEW SOURCE Clever Animals VHS cover Season 4 Episode 3 Air date 27 April 1999 Writer Paul Dawson Director Anne Neale Episode guide Previo...; vdcr_direct_answer; concept_zh=彩虹过人; concept_type=专有动态动作概念; priority=A",data/vdcr_candidate_videos_combined_v1.csv
vdcr_archive_b02_000075,https://archive.org/details/42-amazing-animals-clever-animals_20250426,internet_archive,archive_license_verify_on_page,1496.5,0.0,30.0,biology_living_systems,Rainbow Flick,biology_living_systems,biology_family_03,"Candidate must show the temporal sequence that instantiates Rainbow Flick, not merely an object, scene, or static result.","archive_search_collected; search_term=Rainbow Flick technique video; archive_identifier=42-amazing-animals-clever-animals_20250426; archive_file=#42 Amazing Animals - Clever Animals.ia.mp4; title=# 42 Amazing Animals Clever Animals; description=# 42 Amazing Animals Clever Animals in: End Credits , Episode credits , Dorling Kindersley , and 14 more Amazing Animals: Clever Animals credits Template type: Infobox EDIT Contents 1 Opening Titles 2 Episode Title 3 Ending Credits 4 Cop...; vdcr_direct_answer; concept_zh=彩虹过人; concept_type=专有动态动作概念; priority=A",data/vdcr_candidate_videos_combined_v1.csv
vdcr_archive_b02_000076,https://archive.org/details/archiveteam_videobot_twitter_com_799114868154470400,internet_archive,archive_license_verify_on_page,524.7,0.0,30.0,biology_living_systems,Rabona,biology_living_systems,biology_family_03,"Candidate must show the temporal sequence that instantiates Rabona, not merely an object, scene, or static result.","archive_search_collected; search_term=Rabona; archive_identifier=archiveteam_videobot_twitter_com_799114868154470400; archive_file=1280x720.ogv; title=Worst Onside Kick in NFL History. via @TYTsports https://t.co/vlXGx5meIp; description=Worst Onside Kick in NFL History. via @TYTsports https://t.co/vlXGx5meIp Worst Onside Kick in NFL History The Pittsburgh Steelers kicker, Chris Boswell, attempted a Rabona Kick, where you throw your kicking foot behind your other leg in...; vdcr_direct_answer; concept_zh=插花脚; concept_type=专有动态动作概念; priority=A",data/vdcr_candidate_videos_combined_v1.csv
vdcr_archive_b02_000077,https://archive.org/details/IRINN_20250325_140000,internet_archive,archive_license_verify_on_page,1860.0,0.0,30.0,biology_living_systems,Rabona,biology_living_systems,biology_family_03,"Candidate must show the temporal sequence that instantiates Rabona, not merely an object, scene, or static result.","archive_search_collected; search_term=Rabona; archive_identifier=IRINN_20250325_140000; archive_file=IRINN_20250325_140000.mp4; title=IRINN : March 25, 2025 5:30pm-6:01pm IRST; description=; vdcr_direct_answer; concept_zh=插花脚; concept_type=专有动态动作概念; priority=A",data/vdcr_candidate_videos_combined_v1.csv
vdcr_archive_b02_000078,https://archive.org/details/acidplanet-audio-01101032,internet_archive,archive_license_verify_on_page,3.0,0.0,3.0,biology_living_systems,Rabona,biology_living_systems,biology_family_03,"Candidate must show the temporal sequence that instantiates Rabona, not merely an object, scene, or static result.",archive_search_collected; search_term=Rabona; archive_identifier=acidplanet-audio-01101032; archive_file=01101032.ogv; title=rabona; description=sddassa; vdcr_direct_answer; concept_zh=插花脚; concept_type=专有动态动作概念; priority=A,data/vdcr_candidate_videos_combined_v1.csv
vdcr_archive_b02_000079,https://archive.org/details/The_Absolute_Truth_About_Muhammad_in_the_Bible_With_Arabic_Subtitles,internet_archive,archive_license_verify_on_page,1111.5,0.0,30.0,biology_living_systems,Spain Action,biology_living_systems,biology_family_03,"Candidate must show the temporal sequence that instantiates Spain Action, not merely an object, scene, or static result.","archive_search_collected; search_term=Spain Action; archive_identifier=The_Absolute_Truth_About_Muhammad_in_the_Bible_With_Arabic_Subtitles; archive_file=The_Absolute_Truth_About_Muhammad_inthe_Bible_With_Arabic_Subtitles_512kb.mp4; title=The_Absolute_Truth_About_Muhammad_in_the_Bible_With_Arabic_Subtitles; description=An English Documentary entitled ""The Absolute Truth About Muhammad in the Bible"" with Arabic Subtitles.; vdcr_direct_answer; concept_zh=西班牙战术; concept_type=专有动态动作概念; priority=A",data/vdcr_candidate_videos_combined_v1.csv
vdcr_archive_b02_000080,https://archive.org/details/blade_202210,internet_archive,archive_license_verify_on_page,129.1,0.0,30.0,biology_living_systems,Spain Action,biology_living_systems,biology_family_03,"Candidate must show the temporal sequence that instantiates Spain Action, not merely an object, scene, or static result.","archive_search_collected; search_term=Spain Action; archive_identifier=blade_202210; archive_file=BLADE6.mp4; title=Blade; description=Blade (1998 film) From Wikipedia, the free encyclopedia Jump to navigation Jump to search For other uses, see Blade#Film and television . Blade Theatrical release poster Directed by Stephen Norrington Written by David S. Goyer Based on B...; vdcr_direct_answer; concept_zh=西班牙战术; concept_type=专有动态动作概念; priority=A",data/vdcr_candidate_videos_combined_v1.csv
vdcr_archive_b02_000081,https://archive.org/details/allo-allo,internet_archive,archive_license_verify_on_page,1436.1,0.0,30.0,biology_living_systems,Spain Action,biology_living_systems,biology_family_03,"Candidate must show the temporal sequence that instantiates Spain Action, not merely an object, scene, or static result.",archive_search_collected; search_term=Spain Action; archive_identifier=allo-allo; archive_file=39 - Allo Allo S5E12 - Parade of Prams.mp4; title='Allo 'Allo DVD Rip; description='Allo 'Allo in DVD quality.; vdcr_direct_answer; concept_zh=西班牙战术; concept_type=专有动态动作概念; priority=A,data/vdcr_candidate_videos_combined_v1.csv
vdcr_archive_b02_000082,https://archive.org/details/OnTheBuses_201905,internet_archive,archive_license_verify_on_page,1484.5,0.0,30.0,biology_living_systems,Spain Action,biology_living_systems,biology_family_03,"Candidate must show the temporal sequence that instantiates Spain Action, not merely an object, scene, or static result.",archive_search_collected; search_term=Spain Action; archive_identifier=OnTheBuses_201905; archive_file=S6Ep1 - No Smoke Without Fire.ogv; title=On The Buses; description=A British film trilogy and series about Buses.; vdcr_direct_answer; concept_zh=西班牙战术; concept_type=专有动态动作概念; priority=A,data/vdcr_candidate_videos_combined_v1.csv
vdcr_archive_b03_000001,https://archive.org/details/trans-1-9-2010-ramdan-sahab,internet_archive,archive_license_verify_on_page,411.2,0.0,30.0,biology_living_systems,Spain Action,biology_living_systems,biology_family_03,"Candidate must show the temporal sequence that instantiates Spain Action, not merely an object, scene, or static result.","archive_search_collected; search_term=Spain Action technique video; archive_identifier=trans-1-9-2010-ramdan-sahab; archive_file=ramadan_day12_512kb.mp4; title=مواعظ رمضانية - 12- 21; description=The Muslim Infuence on European Civilization: [Taken from, 'The Arab's Impact on European Civilization' by Abbas Mahmoud Al-Akkad] Medicine, Science, Geography, Astronomy, Mathematics, literature, Fine arts, Music, Philosophy and Civilis...; vdcr_direct_answer; concept_zh=西班牙战术; concept_type=专有动态动作概念; priority=A",data/vdcr_candidate_videos_combined_v1.csv
vdcr_archive_b03_000002,https://archive.org/details/scrub-me-mama-with-a-boogie-beat-1941-banned-cartoon-march-28-1941,internet_archive,archive_license_verify_on_page,407.7,0.0,30.0,biology_living_systems,Spain Action,biology_living_systems,biology_family_03,"Candidate must show the temporal sequence that instantiates Spain Action, not merely an object, scene, or static result.","archive_search_collected; search_term=Spain Action technique video; archive_identifier=scrub-me-mama-with-a-boogie-beat-1941-banned-cartoon-march-28-1941; archive_file=Scrub Me Mama With A Boogie Beat - 1941 Banned Cartoon (March 28, 1941).mp4; title=Scrub Me Mama With A Boogie Beat 1941 Banned Cartoon (March 28, 1941); description="" Scrub Me Mama with a Boogie Beat "" is a 1941 hit boogie-woogie popular song written by Don Raye . A bawdy, jazzy tune, the song describes a laundry woman from Harlem , New York , United States , whose technique is so unusual that peopl...; vdcr_direct_answer; concept_zh=西班牙战术; concept_type=专有动态动作概念; priority=A",data/vdcr_candidate_videos_combined_v1.csv
vdcr_archive_b03_000003,https://archive.org/details/scm-315242-filmedbyjanetchristesenobrien,internet_archive,https://creativecommons.org/licenses/by-sa/4.0/,1681.3,0.0,30.0,biology_living_systems,Spain Action,biology_living_systems,biology_family_03,"Candidate must show the temporal sequence that instantiates Spain Action, not merely an object, scene, or static result.","archive_search_collected; search_term=Spain Action technique video; archive_identifier=scm-315242-filmedbyjanetchristesenobrien; archive_file=filmed_by_janet_christensen_obrien_0.ogv; title=In reply to Heather Mae Jones Sally Lanham threatened and assaulted me- filmed by Janet Christensen; description=Lotsa heat in the world! Rich Sheridan, Stew Webb, Patricia, and Don bring you the latest. Here's Patricia' input for this week: Obama Appoints Monsanto VP To Food Safety Czar - only logical for this government to appoint the major produ...; vdcr_direct_answer; concept_zh=西班牙战术; concept_type=专有动态动作概念; priority=A",data/vdcr_candidate_videos_combined_v1.csv
vdcr_archive_b03_000004,https://archive.org/details/drunken-master-1-and-2-geekjuicemedia,internet_archive,https://creativecommons.org/licenses/by-nd/4.0/,6671.7,0.0,30.0,biology_living_systems,Spain Action,biology_living_systems,biology_family_03,"Candidate must show the temporal sequence that instantiates Spain Action, not merely an object, scene, or static result.","archive_search_collected; search_term=Spain Action technique video; archive_identifier=drunken-master-1-and-2-geekjuicemedia; archive_file=2. Drunken Master 醉拳 1978 Cantonese [ENG SUB].ia.mp4; title=Drunken Master 醉拳 & Drunken Master II 醉拳 2 (GeekJuiceMedia) [Both ENG DUB & SUB]; description=Drunken Master ( Chinese : 醉拳 , lit. 'Drunken Fist and Jui Kuen'), also known as Drunken Master The Beginning , is a 1978 Hong Kong martial arts comedy film directed by Yuen Woo-ping and produced and co-written by Ng See-yuen . [ 1 ] The...; vdcr_direct_answer; concept_zh=西班牙战术; concept_type=专有动态动作概念; priority=A",data/vdcr_candidate_videos_combined_v1.csv
vdcr_archive_b03_000005,https://archive.org/details/DieHardNakatomi_4808,internet_archive,archive_license_verify_on_page,40.8,0.0,30.0,biology_living_systems,Elevator Screen,biology_living_systems,biology_family_03,"Candidate must show the temporal sequence that instantiates Elevator Screen, not merely an object, scene, or static result.","archive_search_collected; search_term=Elevator Screen; archive_identifier=DieHardNakatomi_4808; archive_file=DieHardNakatomi_4808_LQ_part22.ogv; title=Die Hard: Nakatomi Plaza (PC) - 0:48:08 - Michael 'saxman52' Metcalf; description=Speed run of Die Hard: Nakatomi Plaza on 'Die Harder' difficulty in 30 segments completed on June 12 2005. Available in low, normal, and high quality. Author's comments: A huge thanks to Radix for being patient, tolerant, and very helpfu...; vdcr_direct_answer; concept_zh=电梯门掩护; concept_type=专有动态动作概念; priority=A",data/vdcr_candidate_videos_combined_v1.csv
vdcr_archive_b03_000006,https://archive.org/details/Doom3_20715,internet_archive,archive_license_verify_on_page,885.8,0.0,30.0,biology_living_systems,Elevator Screen,biology_living_systems,biology_family_03,"Candidate must show the temporal sequence that instantiates Elevator Screen, not merely an object, scene, or static result.","archive_search_collected; search_term=Elevator Screen; archive_identifier=Doom3_20715; archive_file=Doom3_20715_part1.ogv; title=Doom 3 (PC) - 2:07:15 - Joseph Wilcox; description=Speed run of Doom 3 on Marine skill in 6 segments completed on August 19 2005. Available in 320x240 and 640x480 versions. Timing note: Not timed consistantly with later runs. It included everything but loading screens, but it was shown t...; vdcr_direct_answer; concept_zh=电梯门掩护; concept_type=专有动态动作概念; priority=A",data/vdcr_candidate_videos_combined_v1.csv
vdcr_archive_b03_000007,https://archive.org/details/FinalFantasy7_PC_741,internet_archive,archive_license_verify_on_page,34.5,0.0,30.0,biology_living_systems,Elevator Screen,biology_living_systems,biology_family_03,"Candidate must show the temporal sequence that instantiates Elevator Screen, not merely an object, scene, or static result.","archive_search_collected; search_term=Elevator Screen; archive_identifier=FinalFantasy7_PC_741; archive_file=FinalFantasy7_PC_741_LQ_part26.mp4; title=Final Fantasy VII (PC) - 7:41 - Andrew Farrington; description=Speed run of Final Fantasy VII in 85 segments, completed on June 4 2007. Available in four versions: low/normal quality DivX, and normal/low quality H.264 MPEG-4. Author's comments: And it's finally done. This is my first speed run ever,...; vdcr_direct_answer; concept_zh=电梯门掩护; concept_type=专有动态动作概念; priority=A",data/vdcr_candidate_videos_combined_v1.csv
vdcr_archive_b03_000008,https://archive.org/details/PhantomPlanet,internet_archive,archive_license_verify_on_page,2175.8,0.0,30.0,biology_living_systems,Elevator Screen,biology_living_systems,biology_family_03,"Candidate must show the temporal sequence that instantiates Elevator Screen, not merely an object, scene, or static result.",archive_search_collected; search_term=Elevator Screen; archive_identifier=PhantomPlanet; archive_file=phantomplanet2.ogv; title=The Phantom Planet; description=Classic sci-fi from 1961. A rocket crashes on an invisible planet during an investigation. The surviving astronaut encounters a race of miniature people: the women are VERY interested! The low budget belies the fact films like this were...; vdcr_direct_answer; concept_zh=电梯门掩护; concept_type=专有动态动作概念; priority=A,data/vdcr_candidate_videos_combined_v1.csv
vdcr_archive_b03_000009,https://archive.org/details/ResidentEvil4_20624,internet_archive,archive_license_verify_on_page,126.1,0.0,30.0,biology_living_systems,Elevator Screen,biology_living_systems,biology_family_03,"Candidate must show the temporal sequence that instantiates Elevator Screen, not merely an object, scene, or static result.","archive_search_collected; search_term=Elevator Screen; archive_identifier=ResidentEvil4_20624; archive_file=ResidentEvil4_20624_LQ_part09.mp4; title=Resident Evil 4 (GCN) - 2:06:24 - Tim Bright; description=Speed run of Resident Evil 4 on normal mode in 19 segments, completed on June 4 2006. Available in six versions: normal/low quality DivX, and normal/high/insane/low quality H.264 MPEG-4. Author's comments: First off, Thanks to: Radix, fo...; vdcr_direct_answer; concept_zh=电梯门掩护; concept_type=专有动态动作概念; priority=A",data/vdcr_candidate_videos_combined_v1.csv
vdcr_archive_b03_000010,https://archive.org/details/MetroidEchoes_NoSJ_312,internet_archive,archive_license_verify_on_page,161.7,0.0,30.0,biology_living_systems,Elevator Screen,biology_living_systems,biology_family_03,"Candidate must show the temporal sequence that instantiates Elevator Screen, not merely an object, scene, or static result.","archive_search_collected; search_term=Elevator Screen technique video; archive_identifier=MetroidEchoes_NoSJ_312; archive_file=MetroidEchoes_NoSJ_312_LQ_part12.mp4; title=Metroid Prime 2: Echoes (GCN) - No Space Jump 3:12; description=""Secret world assisted"" speed run of Metroid Prime 2: Echoes skipping Space Jump in 26 segments, completed on October 6 2006. Available in low, medium, high and insane quality H.264 MPEG-4 playable in VLC or QuickTime. Author's comments:...; vdcr_direct_answer; concept_zh=电梯门掩护; concept_type=专有动态动作概念; priority=A",data/vdcr_candidate_videos_combined_v1.csv
vdcr_archive_b03_000011,https://archive.org/details/MetroidEchoes_138,internet_archive,archive_license_verify_on_page,110.4,0.0,30.0,biology_living_systems,Elevator Screen,biology_living_systems,biology_family_03,"Candidate must show the temporal sequence that instantiates Elevator Screen, not merely an object, scene, or static result.","archive_search_collected; search_term=Elevator Screen technique video; archive_identifier=MetroidEchoes_138; archive_file=MetroidEchoes_138_LQ_part08.mp4; title=Metroid Prime 2: Echoes (GCN) - 1:38 - Alastair Campbell; description=Speed run of Metroid Prime 2: Echoes in 22 segments, completed on January 6 2008. Available in seven versions: low/normal/high quality DivX, and normal/high/insane/low quality H.264 MPEG-4. Author's comments: I'd like to dedicate this ru...; vdcr_direct_answer; concept_zh=电梯门掩护; concept_type=专有动态动作概念; priority=A",data/vdcr_candidate_videos_combined_v1.csv
vdcr_archive_b03_000012,https://archive.org/details/unusual-memes-compilation-v174,internet_archive,archive_license_verify_on_page,450.0,0.0,30.0,biology_living_systems,Elevator Screen,biology_living_systems,biology_family_03,"Candidate must show the temporal sequence that instantiates Elevator Screen, not merely an object, scene, or static result.","archive_search_collected; search_term=Elevator Screen technique video; archive_identifier=unusual-memes-compilation-v174; archive_file=UNUSUAL MEMES COMPILATION V174.mp4; title=UNUSUAL MEMES COMPILATION V174; description=thanks for watching :) send me an email or dm me on twitter if you want your clip removed, or I missed credit, or I mistakenly used without your permission. (videosunusual@gmail.com) videos used: cat spawns https://www.tiktok.com/@deksyt...; vdcr_direct_answer; concept_zh=电梯门掩护; concept_type=专有动态动作概念; priority=A",data/vdcr_candidate_videos_combined_v1.csv
vdcr_archive_b03_000013,https://archive.org/details/CastlevaniaCoD_22102,internet_archive,archive_license_verify_on_page,331.8,0.0,30.0,biology_living_systems,Hammer Action,biology_living_systems,biology_family_03,"Candidate must show the temporal sequence that instantiates Hammer Action, not merely an object, scene, or static result.","archive_search_collected; search_term=Hammer Action; archive_identifier=CastlevaniaCoD_22102; archive_file=CastlevaniaCoD_22102_LQ_part13.ogv; title=Castlevania: Curse of Darkness (PS2) - 2:21:02 - Damien Moody; description=Speed run of Castlevania: Curse of Darkness in 20 segments completed on March 2 2006. Available in four versions: low quality, normal quality, and 60fps high/insane quality. Author's comments: This run was actually delayed by a couple mo...; vdcr_direct_answer; concept_zh=锤子战术; concept_type=专有动态动作概念; priority=A",data/vdcr_candidate_videos_combined_v1.csv
vdcr_archive_b03_000014,https://archive.org/details/Experime1940,internet_archive,http://creativecommons.org/licenses/publicdomain/,1172.1,0.0,30.0,biology_living_systems,Hammer Action,biology_living_systems,biology_family_03,"Candidate must show the temporal sequence that instantiates Hammer Action, not merely an object, scene, or static result.","archive_search_collected; search_term=Hammer Action; archive_identifier=Experime1940; archive_file=Experime1940_512kb.mp4; title=Experiments in the Revival of Organisms; description=This disturbing film records the successful experiments in the resuscitation of life to dead animals (dogs), as conducted by Dr. S.S. Bryukhonenko at the Institute of Experimental Physiology and Therapy, Voronezh, U.S.S.R. Director: D.I....; vdcr_direct_answer; concept_zh=锤子战术; concept_type=专有动态动作概念; priority=A",data/vdcr_candidate_videos_combined_v1.csv
vdcr_archive_b03_000015,https://archive.org/details/MarioRPG_357,internet_archive,archive_license_verify_on_page,255.4,0.0,30.0,biology_living_systems,Hammer Action,biology_living_systems,biology_family_03,"Candidate must show the temporal sequence that instantiates Hammer Action, not merely an object, scene, or static result.","archive_search_collected; search_term=Hammer Action; archive_identifier=MarioRPG_357; archive_file=MarioRPG_357_part07.ogv; title=Super Mario RPG (SNES) - 3:57 - David Gibbons; description=Speed run of Super Mario RPG: Legend of the Seven Stars done in 13 segments, completed on August 22 2004 Author's comments: RPG speedruns are fairly scarce for three reasons: 1) LOOOOOONG 2) Slow 3) Random! Comparatively, Legend of the S...; vdcr_direct_answer; concept_zh=锤子战术; concept_type=专有动态动作概念; priority=A",data/vdcr_candidate_videos_combined_v1.csv
vdcr_archive_b03_000016,https://archive.org/details/JailBait,internet_archive,http://creativecommons.org/licenses/publicdomain/,4272.3,0.0,30.0,biology_living_systems,Hammer Action,biology_living_systems,biology_family_03,"Candidate must show the temporal sequence that instantiates Hammer Action, not merely an object, scene, or static result.",archive_search_collected; search_term=Hammer Action; archive_identifier=JailBait; archive_file=JailBait_512kb.mp4; title=Jail Bait; description=Jail Bait (1954) Directed by Edward D Wood Jr. A Howco Release A vicious criminal uses plastic surgery to escape the police.This movie features Steve Reeves (undubbed). This is the original version of the film released in 1954. This film...; vdcr_direct_answer; concept_zh=锤子战术; concept_type=专有动态动作概念; priority=A,data/vdcr_candidate_videos_combined_v1.csv
vdcr_archive_b03_000017,https://archive.org/details/OriginalFilm,internet_archive,http://creativecommons.org/licenses/publicdomain/,923.9,0.0,30.0,biology_living_systems,Hammer Action,biology_living_systems,biology_family_03,"Candidate must show the temporal sequence that instantiates Hammer Action, not merely an object, scene, or static result.",archive_search_collected; search_term=Hammer Action technique video; archive_identifier=OriginalFilm; archive_file=OriginalFilm.ogv; title=Original Films Of Frank B Gilbreth (Part I); description=Essentially a summary of work analysis films which were taken by Frank B. Gilbreth between 1910 and 1924 showing a number of industrial operations from which the motion study technique was developed.; vdcr_direct_answer; concept_zh=锤子战术; concept_type=专有动态动作概念; priority=A,data/vdcr_candidate_videos_combined_v1.csv
vdcr_archive_b03_000018,https://archive.org/details/zeppelin_vs_pterodactyls_1936,internet_archive,http://creativecommons.org/licenses/publicdomain/,401.4,0.0,30.0,biology_living_systems,Hammer Action,biology_living_systems,biology_family_03,"Candidate must show the temporal sequence that instantiates Hammer Action, not merely an object, scene, or static result.","archive_search_collected; search_term=Hammer Action technique video; archive_identifier=zeppelin_vs_pterodactyls_1936; archive_file=ZeppelinVsPterodactyls.ogv; title=Zeppelin vs. Pterodactyls; description=""This is the sort of genius project that makes me bless the Internet every day as the greatest invention in the history of mankind."" - John Brownlee, AMC tv's Sci-Fi Scanner Blog. http://blogs.amctv.com/scifiscanner/2007/08/zeppelins-vs-...; vdcr_direct_answer; concept_zh=锤子战术; concept_type=专有动态动作概念; priority=A",data/vdcr_candidate_videos_combined_v1.csv
vdcr_archive_b03_000019,https://archive.org/details/0809_Original_Films_of_Frank_B_Gilbreth_02_12_34_00,internet_archive,archive_license_verify_on_page,1933.0,0.0,30.0,biology_living_systems,Hammer Action,biology_living_systems,biology_family_03,"Candidate must show the temporal sequence that instantiates Hammer Action, not merely an object, scene, or static result.",archive_search_collected; search_term=Hammer Action technique video; archive_identifier=0809_Original_Films_of_Frank_B_Gilbreth_02_12_34_00; archive_file=0809_Original_Films_of_Frank_B_Gilbreth_02_12_34_00.ogv; title=Original Films of Frank B. Gilbreth; description=Essentially a summary of work analysis films which were taken by Frank B. Gilbreth between 1910 and 1924 showing a number of industrial operations from which the motion study technique was developed. Pictures a sleepy street in Montclair...; vdcr_direct_answer; concept_zh=锤子战术; concept_type=专有动态动作概念; priority=A,data/vdcr_candidate_videos_combined_v1.csv
vdcr_archive_b03_000020,https://archive.org/details/6218_Reactions_in_Plants_and_Animals_01_48_00_11,internet_archive,archive_license_verify_on_page,603.1,0.0,30.0,biology_living_systems,Phototropism,biology_living_systems,biology_family_04,"Candidate must show the temporal sequence that instantiates Phototropism, not merely an object, scene, or static result.","archive_search_collected; search_term=Phototropism; archive_identifier=6218_Reactions_in_Plants_and_Animals_01_48_00_11; archive_file=6218_Reactions_in_Plants_and_Animals_01_48_00_11.ogv; title=Reactions in Plants and Animals; description=Some good shots to be logged. FInger being pricked by sharp point. Geotropism, plants growing away from earth Phototropism Stereotropism; vdcr_direct_answer; concept_zh=向光性; concept_type=自然动态机制; priority=A",data/vdcr_candidate_videos_combined_v1.csv
vdcr_archive_b03_000021,https://archive.org/details/youtube-iIhEhlRv9H4,internet_archive,archive_license_verify_on_page,59.2,0.0,30.0,biology_living_systems,Phototropism,biology_living_systems,biology_family_04,"Candidate must show the temporal sequence that instantiates Phototropism, not merely an object, scene, or static result.","archive_search_collected; search_term=Phototropism; archive_identifier=youtube-iIhEhlRv9H4; archive_file=iIhEhlRv9H4.webm; title=Plants kaise pata karte hain ki sunlight kahan hai ?; description=**How Do Plants Detect the Direction of Sunlight?** Plants detect sunlight direction through a process called **phototropism**, where they grow toward the light by using growth hormones. This mechanism relies on specialized cells and pro...; vdcr_direct_answer; concept_zh=向光性; concept_type=自然动态机制; priority=A",data/vdcr_candidate_videos_combined_v1.csv
vdcr_archive_b03_000022,https://archive.org/details/BiliBili-BV1cL57zTER4_p1-1RET3L2VB,internet_archive,archive_license_verify_on_page,187.5,0.0,30.0,biology_living_systems,Phototropism,biology_living_systems,biology_family_04,"Candidate must show the temporal sequence that instantiates Phototropism, not merely an object, scene, or static result.","archive_search_collected; search_term=Phototropism; archive_identifier=BiliBili-BV1cL57zTER4_p1-1RET3L2VB; archive_file=BV1cL57zTER4_p1.mp4; title=【星尘原创】Phototropism. P1 lv_0_20250418170454; description=""Phototropism""，指向光性。 如同植物的向光性一样 即使无法思考 我们也都依靠着本能生活着 和这个地球一起 以每秒465米的速度 永不回头地旅行于这个世界 词/曲：直到凌晨也无法安眠。 演唱：星尘Infinity 策划：@Ende_ 配图：2024年12月28日摄于舟山 歌词： 星期一 灰色的云没能够带来一点雨 星期二 突然停运的电车无人在意 星期三 思考着酷暑何时才能停息 试图将这些塞进没什么好动笔的日记 也许曾经有神明 告诉人们要活下去 可人群只是复述着...; vdcr_direct_answer; concept_zh=向光性; concept_type=自然动态机制; priority=A",data/vdcr_candidate_videos_combined_v1.csv
vdcr_archive_b03_000023,https://archive.org/details/evocalrank_archive_av114358235435187,internet_archive,archive_license_verify_on_page,187.6,0.0,30.0,biology_living_systems,Phototropism,biology_living_systems,biology_family_04,"Candidate must show the temporal sequence that instantiates Phototropism, not merely an object, scene, or static result.","archive_search_collected; search_term=Phototropism; archive_identifier=evocalrank_archive_av114358235435187; archive_file=av114358235435187.ia.mp4; title=【原创摇滚/星尘Infinity】《Phototropism.》""今天也植物般循环着爱的歌曲""; description=; vdcr_direct_answer; concept_zh=向光性; concept_type=自然动态机制; priority=A",data/vdcr_candidate_videos_combined_v1.csv
vdcr_archive_b03_000024,https://archive.org/details/youtube-8G3HFTbMLd4,internet_archive,archive_license_verify_on_page,107.8,0.0,30.0,biology_living_systems,Phototropism,biology_living_systems,biology_family_04,"Candidate must show the temporal sequence that instantiates Phototropism, not merely an object, scene, or static result.","archive_search_collected; search_term=Phototropism; archive_identifier=youtube-8G3HFTbMLd4; archive_file=8G3HFTbMLd4.webm; title=Kya ek patta zinda hai ? Ek pathar kyun nahi ?; description=**What Is Life? Is a Leaf Alive? Why Isn’t a Rock?** Life is defined as the ability to **grow**, **reproduce**, and **respond** to the environment. According to science, living things have specific characteristics that separate them from...; vdcr_direct_answer; concept_zh=向光性; concept_type=自然动态机制; priority=A",data/vdcr_candidate_videos_combined_v1.csv
vdcr_archive_b03_000025,https://archive.org/details/wikimedia-org-Mimosa_pudica_leaves_folding_when_touched_1,internet_archive,archive_license_verify_on_page,36.1,0.0,30.0,biology_living_systems,Thigmonasty,biology_living_systems,biology_family_04,"Candidate must show the temporal sequence that instantiates Thigmonasty, not merely an object, scene, or static result.",archive_search_collected; search_term=Thigmonasty; archive_identifier=wikimedia-org-Mimosa_pudica_leaves_folding_when_touched_1; archive_file=Mimosa_pudica_leaves_folding_when_touched_1.mp4; title=Mimosa pudica leaves folding when touched 1.ogv - Wikimedia Commons; description=; vdcr_direct_answer; concept_zh=感触性运动; concept_type=自然动态机制; priority=A,data/vdcr_candidate_videos_combined_v1.csv
vdcr_archive_b03_000026,https://archive.org/details/wikimedia-org-Mimosa_pudica_leaves_folding_when_touched_2,internet_archive,archive_license_verify_on_page,21.1,0.0,21.1,biology_living_systems,Thigmonasty,biology_living_systems,biology_family_04,"Candidate must show the temporal sequence that instantiates Thigmonasty, not merely an object, scene, or static result.",archive_search_collected; search_term=Thigmonasty; archive_identifier=wikimedia-org-Mimosa_pudica_leaves_folding_when_touched_2; archive_file=Mimosa_pudica_leaves_folding_when_touched_2.mp4; title=Mimosa pudica leaves folding when touched 2.ogv - Wikimedia Commons; description=; vdcr_direct_answer; concept_zh=感触性运动; concept_type=自然动态机制; priority=A,data/vdcr_candidate_videos_combined_v1.csv
vdcr_archive_b03_000027,https://archive.org/details/wikimedia-org-Mimosa_pudica_leaves_folding_when_touched_3,internet_archive,archive_license_verify_on_page,12.9,0.0,12.9,biology_living_systems,Thigmonasty,biology_living_systems,biology_family_04,"Candidate must show the temporal sequence that instantiates Thigmonasty, not merely an object, scene, or static result.",archive_search_collected; search_term=Thigmonasty; archive_identifier=wikimedia-org-Mimosa_pudica_leaves_folding_when_touched_3; archive_file=Mimosa_pudica_leaves_folding_when_touched_3.mp4; title=Mimosa pudica leaves folding when touched 3.ogv - Wikimedia Commons; description=; vdcr_direct_answer; concept_zh=感触性运动; concept_type=自然动态机制; priority=A,data/vdcr_candidate_videos_combined_v1.csv
vdcr_archive_b03_000028,https://archive.org/details/ccpamd-amoeba,internet_archive,archive_license_verify_on_page,134.1,0.0,30.0,biology_living_systems,Cytoplasmic Streaming,biology_living_systems,biology_family_05,"Candidate must show the temporal sequence that instantiates Cytoplasmic Streaming, not merely an object, scene, or static result.",archive_search_collected; search_term=Cytoplasmic Streaming; archive_identifier=ccpamd-amoeba; archive_file=amoeba.mp4; title=amoeba; description=Amoeba moving using cytoplasmic streaming to form pseudopodia.; vdcr_direct_answer; concept_zh=细胞质流动; concept_type=自然动态机制; priority=A,data/vdcr_candidate_videos_combined_v1.csv
vdcr_archive_b03_000029,https://archive.org/details/youtube-bApadjmakKc,internet_archive,archive_license_verify_on_page,3048.2,0.0,30.0,biology_living_systems,Endocytosis,biology_living_systems,biology_family_06,"Candidate must show the temporal sequence that instantiates Endocytosis, not merely an object, scene, or static result.",archive_search_collected; search_term=Endocytosis; archive_identifier=youtube-bApadjmakKc; archive_file=bApadjmakKc.webm; title=Molecular Myths: The Deceptive Discoveries of Cell Biology; description=Get Dr. Kaufman’s FREE Ultimate Detox Protocol: https://akmd.co/cell-debunked-youtube Every microscopic image you’ve ever been shown — from “killer virus particles” to the countless textbook cells and mysterious glowing granules — is not...; vdcr_direct_answer; concept_zh=胞吞作用; concept_type=自然动态机制; priority=A,data/vdcr_candidate_videos_combined_v1.csv
vdcr_archive_b03_000030,https://archive.org/details/endocytosisASL,internet_archive,archive_license_verify_on_page,3.4,0.0,3.4,biology_living_systems,Endocytosis,biology_living_systems,biology_family_06,"Candidate must show the temporal sequence that instantiates Endocytosis, not merely an object, scene, or static result.",archive_search_collected; search_term=Endocytosis; archive_identifier=endocytosisASL; archive_file=endocytosis.ia.mp4; title=endocytosis; description=ASL vocabulary; vdcr_direct_answer; concept_zh=胞吞作用; concept_type=自然动态机制; priority=A,data/vdcr_candidate_videos_combined_v1.csv
vdcr_archive_b03_000031,https://archive.org/details/youtube-UfiXi9iaLc8,internet_archive,archive_license_verify_on_page,3575.3,0.0,30.0,biology_living_systems,Endocytosis,biology_living_systems,biology_family_06,"Candidate must show the temporal sequence that instantiates Endocytosis, not merely an object, scene, or static result.","archive_search_collected; search_term=Endocytosis; archive_identifier=youtube-UfiXi9iaLc8; archive_file=UfiXi9iaLc8.mp4; title=Class 9: The Fundamental Unit of Life; description=Other Chapters: https://www.youtube.com/playlist?list=PLBpEAmtPUu4qtf4PMwBGhzdIidAZ_jQbb In this comprehensive video, we delve into the fascinating world of cells, the building blocks of all living organisms. Here's an in-depth look at w...; vdcr_direct_answer; concept_zh=胞吞作用; concept_type=自然动态机制; priority=A",data/vdcr_candidate_videos_combined_v1.csv
vdcr_archive_b03_000032,https://archive.org/details/yt_0sclkA3hoMk,internet_archive,archive_license_verify_on_page,16.4,0.0,16.4,biology_living_systems,Endocytosis,biology_living_systems,biology_family_06,"Candidate must show the temporal sequence that instantiates Endocytosis, not merely an object, scene, or static result.",archive_search_collected; search_term=Endocytosis; archive_identifier=yt_0sclkA3hoMk; archive_file=0sclkA3hoMk.mp4; title=National Institutes of Health (NIH) - #NIDCR: Endocytosis (YouTube); description=Downloaded from National Institutes of Health (NIH) Youtube channel on 2025-03-03 20:07:54 https://youtube.com/watch?v=0sclkA3hoMk -------- This video shows the systemic injection of 70 KDa Texas Red-Dextran and 500 KDa FITC-Dextran in a...; vdcr_direct_answer; concept_zh=胞吞作用; concept_type=自然动态机制; priority=A,data/vdcr_candidate_videos_combined_v1.csv
vdcr_archive_b03_000033,https://archive.org/details/exocytosisASL,internet_archive,archive_license_verify_on_page,3.1,0.0,3.1,biology_living_systems,Exocytosis,biology_living_systems,biology_family_06,"Candidate must show the temporal sequence that instantiates Exocytosis, not merely an object, scene, or static result.",archive_search_collected; search_term=Exocytosis; archive_identifier=exocytosisASL; archive_file=exocytosis.ia.mp4; title=exocytosis; description=ASL vocabulary; vdcr_direct_answer; concept_zh=胞吐作用; concept_type=自然动态机制; priority=A,data/vdcr_candidate_videos_combined_v1.csv
vdcr_archive_b03_000034,https://archive.org/details/yt_YAp1zKMH5BE,internet_archive,archive_license_verify_on_page,7.0,0.0,7.0,biology_living_systems,Exocytosis,biology_living_systems,biology_family_06,"Candidate must show the temporal sequence that instantiates Exocytosis, not merely an object, scene, or static result.",archive_search_collected; search_term=Exocytosis; archive_identifier=yt_YAp1zKMH5BE; archive_file=YAp1zKMH5BE.mp4; title=National Institutes of Health (NIH) - #NIDCR: Granules in a Salivary Acinar Cell (YouTube); description=Downloaded from National Institutes of Health (NIH) Youtube channel on 2025-10-31 22:43:33 https://youtube.com/watch?v=YAp1zKMH5BE -------- This video shows granules in a salivary acinar cell fusing singly to the plasma membrane during r...; vdcr_direct_answer; concept_zh=胞吐作用; concept_type=自然动态机制; priority=A,data/vdcr_candidate_videos_combined_v1.csv
vdcr_archive_b03_000035,https://archive.org/details/yt_pCpgtHum0oA,internet_archive,archive_license_verify_on_page,19.9,0.0,19.9,biology_living_systems,Exocytosis,biology_living_systems,biology_family_06,"Candidate must show the temporal sequence that instantiates Exocytosis, not merely an object, scene, or static result.","archive_search_collected; search_term=Exocytosis; archive_identifier=yt_pCpgtHum0oA; archive_file=pCpgtHum0oA.mp4; title=National Institutes of Health (NIH) - #NIDCR: Actin During Regulated Exocytosis in a Salivary Acinar Cell (YouTube); description=Downloaded from National Institutes of Health (NIH) Youtube channel on 2025-03-04 17:07:59 https://youtube.com/watch?v=pCpgtHum0oA -------- In this video, the protein “actin” coats individual granules during the final phase of regulated...; vdcr_direct_answer; concept_zh=胞吐作用; concept_type=自然动态机制; priority=A",data/vdcr_candidate_videos_combined_v1.csv
vdcr_archive_b03_000036,https://archive.org/details/youtube-9IeiqH4LeG0,internet_archive,https://creativecommons.org/licenses/by/3.0/,2935.2,0.0,30.0,biology_living_systems,Exocytosis,biology_living_systems,biology_family_06,"Candidate must show the temporal sequence that instantiates Exocytosis, not merely an object, scene, or static result.",archive_search_collected; search_term=Exocytosis; archive_identifier=youtube-9IeiqH4LeG0; archive_file=9IeiqH4LeG0.mp4; title=03121 2017 10 16 Genetics and exocytosis; description=; vdcr_direct_answer; concept_zh=胞吐作用; concept_type=自然动态机制; priority=A,data/vdcr_candidate_videos_combined_v1.csv
vdcr_archive_b03_000037,https://archive.org/details/4BghbtKzzpLnyd6loTFPlgJRbe0MUQ,internet_archive,archive_license_verify_on_page,839.6,0.0,30.0,biology_living_systems,Gastrulation,biology_living_systems,biology_family_08,"Candidate must show the temporal sequence that instantiates Gastrulation, not merely an object, scene, or static result.","archive_search_collected; search_term=Gastrulation; archive_identifier=4BghbtKzzpLnyd6loTFPlgJRbe0MUQ; archive_file=tmp5h91d779.mp4; title=“THE CREATION OF LIFE” 1948 EDUCATIONAL FILM PREGNANCY, FETAL GROWTH, BIRTH, BREECH BIRTH 4796; description=This silent film from 1948 ""The Creation of Life"" briefly demonstrates how a fetus forms and graphically shows different types of births. It was made by Sherwood Picture Corp., and may have been sold both to schools and professional orga...; vdcr_direct_answer; concept_zh=原肠胚形成; concept_type=自然动态机制; priority=A",data/vdcr_candidate_videos_combined_v1.csv
vdcr_archive_b03_000038,https://archive.org/details/af-amphibian-embryo-frog-toad-and-salamander,internet_archive,archive_license_verify_on_page,950.0,0.0,30.0,biology_living_systems,Gastrulation,biology_living_systems,biology_family_08,"Candidate must show the temporal sequence that instantiates Gastrulation, not merely an object, scene, or static result.","archive_search_collected; search_term=Gastrulation; archive_identifier=af-amphibian-embryo-frog-toad-and-salamander; archive_file=AF_AmphibianEmbryoFrogToadAndSalamander.mp4; title=Amphibian Embryo: Frog, Toad And Salamander; description=Combing exceptional photo-micrography by K.T. Rogers and animated cross-section diagrams, the film illustrates the developmental processes that transform a single-celled amphibian egg into a many-celled adult organism, a complex developm...; vdcr_direct_answer; concept_zh=原肠胚形成; concept_type=自然动态机制; priority=A",data/vdcr_candidate_videos_combined_v1.csv
vdcr_archive_b03_000039,https://archive.org/details/youtube-H2-_WEGtDPs,internet_archive,archive_license_verify_on_page,666.5,0.0,30.0,biology_living_systems,Gastrulation,biology_living_systems,biology_family_08,"Candidate must show the temporal sequence that instantiates Gastrulation, not merely an object, scene, or static result.",archive_search_collected; search_term=Gastrulation; archive_identifier=youtube-H2-_WEGtDPs; archive_file=Mathrix-Notion_de_clone_-SVT_-_LA_VIE_Term_spe_2_-_Mathrix-H2-_WEGtDPs.mp4; title=Notion de clone -SVT - LA VIE Term spé #2 - Mathrix; description=Comprendre ce qu'est un clone et découvrir les clones présents dans l'organisme 👉 Visite-nous sur le site : https://mathrix.fr/ 👉 Abonne-toi : http://tinyurl.com/kx99x2n 👉 Instagram @MathrixVideos (stories & lives) 👉 Snapchat MathrixVide...; vdcr_direct_answer; concept_zh=原肠胚形成; concept_type=自然动态机制; priority=A,data/vdcr_candidate_videos_combined_v1.csv
vdcr_archive_b03_000040,https://archive.org/details/academictorrents_98961a881e8fd4139f4d1e09f0b7a4badfab7c9d,internet_archive,archive_license_verify_on_page,4039.1,0.0,30.0,biology_living_systems,Bacterial Chemotaxis,biology_living_systems,biology_family_10,"Candidate must show the temporal sequence that instantiates Bacterial Chemotaxis, not merely an object, scene, or static result.","archive_search_collected; search_term=Bacterial Chemotaxis; archive_identifier=academictorrents_98961a881e8fd4139f4d1e09f0b7a4badfab7c9d; archive_file=MIT8_591JF14_lec01_300k.ogv; title=MIT OCW Systems Biology 8.591J Fall 14; description=### Course Description This course provides an introduction to cellular and population-level systems biology with an emphasis on synthetic biology, modeling of genetic networks, cell-cell interactions, and evolutionary dynamics. Cellular...; vdcr_direct_answer; concept_zh=细菌趋化游动; concept_type=自然动态机制; priority=A",data/vdcr_candidate_videos_combined_v1.csv
vdcr_archive_b03_000041,https://archive.org/details/idcreationismandbacterialchemotaxis,internet_archive,archive_license_verify_on_page,466.8,0.0,30.0,biology_living_systems,Bacterial Chemotaxis,biology_living_systems,biology_family_10,"Candidate must show the temporal sequence that instantiates Bacterial Chemotaxis, not merely an object, scene, or static result.",archive_search_collected; search_term=Bacterial Chemotaxis; archive_identifier=idcreationismandbacterialchemotaxis; archive_file=ID_Creationism_and_Bacterial_Chemotaxis.ogv; title=ID Creationism And Bacterial Chemotaxis; description=Jonathan M's challenge can be found here: http://www.evolutionnews.org/2011/09/engineering_at_its_finest_bact050911.html And it is answered here: http://www.ncbi.nlm.nih.gov/pubmed?term=evolution%20bacterial%20chemotaxis 1. BMC Evol Biol...; vdcr_direct_answer; concept_zh=细菌趋化游动; concept_type=自然动态机制; priority=A,data/vdcr_candidate_videos_combined_v1.csv
vdcr_archive_b03_000042,https://archive.org/details/dtns20240418,internet_archive,https://creativecommons.org/licenses/by-nd/4.0/,1717.8,0.0,30.0,biology_living_systems,Bacterial Chemotaxis,biology_living_systems,biology_family_10,"Candidate must show the temporal sequence that instantiates Bacterial Chemotaxis, not merely an object, scene, or static result.",archive_search_collected; search_term=Bacterial Chemotaxis; archive_identifier=dtns20240418; archive_file=DTNS20240418.mp4; title=DTNS 20240418; description=Nanomotors! - DTNS 4751 How can learning about how bacteria swim help us stop infections and make more agile nanobots? Plus will Google’s latest reorganizing really help bring AI to all of its products? And the latest Meta AI roundup. St...; vdcr_direct_answer; concept_zh=细菌趋化游动; concept_type=自然动态机制; priority=A,data/vdcr_candidate_videos_combined_v1.csv
vdcr_archive_b03_000043,https://archive.org/details/youtube-GtN8kk_Jb-I,internet_archive,archive_license_verify_on_page,3502.0,0.0,30.0,biology_living_systems,Bacterial Chemotaxis,biology_living_systems,biology_family_10,"Candidate must show the temporal sequence that instantiates Bacterial Chemotaxis, not merely an object, scene, or static result.","archive_search_collected; search_term=Bacterial Chemotaxis; archive_identifier=youtube-GtN8kk_Jb-I; archive_file=GtN8kk_Jb-I.mp4; title=TWiM 283: Quorum sensing in the gut; description=TWiM reveals quorum-sensing systems that regulate intestinal inflammation and permeability caused by P. aeruginosa, and how plasmids manipulate bacterial behavior through translational regulatory crosstalk. Show notes at https://www.micr...; vdcr_direct_answer; concept_zh=细菌趋化游动; concept_type=自然动态机制; priority=A",data/vdcr_candidate_videos_combined_v1.csv
vdcr_archive_b03_000044,https://archive.org/details/archive-org_AKyK7kKgI28,internet_archive,http://creativecommons.org/licenses/by-nc-sa/4.0/,5793.1,0.0,30.0,biology_living_systems,Bacterial Chemotaxis,biology_living_systems,biology_family_10,"Candidate must show the temporal sequence that instantiates Bacterial Chemotaxis, not merely an object, scene, or static result.","archive_search_collected; search_term=Bacterial Chemotaxis; archive_identifier=archive-org_AKyK7kKgI28; archive_file=youtube_AKyK7kKgI28.mp4; title=ActInf GuestStream 124.1 ~ Ty Roachford: ""PCT vs. FEP: A Comparison""; description=PCT vs. FEP: A Comparison Between Reorganization Theory and Bayesian Inference https://www.mdpi.com/2673-9321/5/4/35 by Ty Roachford, Warren Mansell. and Rodrigo Pena Perceptual Control Theory (PCT) and the Free Energy Principle (FEP) ar...; vdcr_direct_answer; concept_zh=细菌趋化游动; concept_type=自然动态机制; priority=A",data/vdcr_candidate_videos_combined_v1.csv
vdcr_archive_b03_000045,https://archive.org/details/CaliforniaDroughtUpdateApril192015FIVEPROOFSOfHAARPCreatedDrought,internet_archive,archive_license_verify_on_page,1028.5,0.0,30.0,earth_environmental_systems,Downburst / Microburst Outflow,earth_environmental_systems,earth_family_01,"Candidate must show the temporal sequence that instantiates Downburst / Microburst Outflow, not merely an object, scene, or static result.",archive_search_collected; search_term=Downburst; archive_identifier=CaliforniaDroughtUpdateApril192015FIVEPROOFSOfHAARPCreatedDrought; archive_file=California Drought Update April 19 2015 FIVE PROOFS of HAARP Created Drought.ogv; title=California Drought Update April 19 2015 FIVE PROOFS Of HAARP Created Drought; description=California is embroiled in a crisis of epic proportions as it continues to struggle through one of the worst droughts in state history. But emerging evidence suggests that the Golden State's water woes aren't a natural occurrence at all...; vdcr_direct_answer; concept_zh=下击暴流出流扩散; concept_type=自然动态机制; priority=A,data/vdcr_candidate_videos_combined_v1.csv
vdcr_archive_b03_000046,https://archive.org/details/the-hidden-lore-of-the-incredibles-the-nsa-tapes,internet_archive,archive_license_verify_on_page,3228.2,0.0,30.0,earth_environmental_systems,Downburst / Microburst Outflow,earth_environmental_systems,earth_family_01,"Candidate must show the temporal sequence that instantiates Downburst / Microburst Outflow, not merely an object, scene, or static result.","archive_search_collected; search_term=Downburst; archive_identifier=the-hidden-lore-of-the-incredibles-the-nsa-tapes; archive_file=The Hidden Lore of The Incredibles (The NSA Tapes).ia.mp4; title=The Hidden Lore of The Incredibles ( The NSA Tapes); description=Thanks to MANSCAPED for sponsoring today's video! Get 15% OFF your entire order with my code ""CARTOONSHI"" at https://manscaped.com/cartoonshi The Incredibles is frequently called one of Pixar's darkest movies which, while true, is usuall...; vdcr_direct_answer; concept_zh=下击暴流出流扩散; concept_type=自然动态机制; priority=A",data/vdcr_candidate_videos_combined_v1.csv
vdcr_archive_b03_000047,https://archive.org/details/WJLA_20120628_083000_Good_Morning_Washington_at_430,internet_archive,archive_license_verify_on_page,1800.5,0.0,30.0,earth_environmental_systems,Downburst / Microburst Outflow,earth_environmental_systems,earth_family_01,"Candidate must show the temporal sequence that instantiates Downburst / Microburst Outflow, not merely an object, scene, or static result.","archive_search_collected; search_term=Downburst; archive_identifier=WJLA_20120628_083000_Good_Morning_Washington_at_430; archive_file=WJLA_20120628_083000_Good_Morning_Washington_at_430.mp4; title=Good Morning Washington at 430 : WJLA : June 28, 2012 4:30am-5:00am EDT; description=News News/Business. Simpson, Chenevey. New. (CC); vdcr_direct_answer; concept_zh=下击暴流出流扩散; concept_type=自然动态机制; priority=A",data/vdcr_candidate_videos_combined_v1.csv
vdcr_archive_b03_000048,https://archive.org/details/KEIF_MESA_-_Prog_-_PV,internet_archive,http://creativecommons.org/licenses/by/2.1/jp/,397.8,0.0,30.0,earth_environmental_systems,Downburst / Microburst Outflow,earth_environmental_systems,earth_family_01,"Candidate must show the temporal sequence that instantiates Downburst / Microburst Outflow, not merely an object, scene, or static result.",archive_search_collected; search_term=Downburst; archive_identifier=KEIF_MESA_-_Prog_-_PV; archive_file=KEIF_MESA_Porg_PV.mp4; title=Prog; description=Music & Movie by KEIF MESA KEIF MESA - Alpha Dimension (Free Download Album) http://www.jamendo.com/en/album/56737 投稿者のフリーダウンロード・アルバム http://ja.jamendo.wikia.com/wiki/KEIF_MESA ※ノイズとサイケ色が非常に強いので、気分が悪くなった場合は視聴を中止してください。 機材：KORG EMX-1、KAOS...; vdcr_direct_answer; concept_zh=下击暴流出流扩散; concept_type=自然动态机制; priority=A,data/vdcr_candidate_videos_combined_v1.csv
vdcr_archive_b03_000049,https://archive.org/details/nos-news-2024-07-09,internet_archive,archive_license_verify_on_page,1870.2,0.0,30.0,earth_environmental_systems,Downburst / Microburst Outflow,earth_environmental_systems,earth_family_01,"Candidate must show the temporal sequence that instantiates Downburst / Microburst Outflow, not merely an object, scene, or static result.",archive_search_collected; search_term=Downburst; archive_identifier=nos-news-2024-07-09; archive_file=NOS-Journaal-NPO-12024-07-0920-00.mp4; title=NOS Achtuurjournaal 2024-07-09; description=NOS Achtuurjournaal (eight o'clock news). Broadcast from 2024-07-09. NOS Journaal is the umbrella name for the news broadcasts of the Dutch public broadcaster NOS on radio and television. The 8pm broadcast is the oldest and considered to...; vdcr_direct_answer; concept_zh=下击暴流出流扩散; concept_type=自然动态机制; priority=A,data/vdcr_candidate_videos_combined_v1.csv
vdcr_archive_b03_000050,https://archive.org/details/youtube-6BElu1uqCLc,internet_archive,archive_license_verify_on_page,220.1,0.0,30.0,earth_environmental_systems,Pyroclastic Density Current,earth_environmental_systems,earth_family_04,"Candidate must show the temporal sequence that instantiates Pyroclastic Density Current, not merely an object, scene, or static result.","archive_search_collected; search_term=Pyroclastic Density Current; archive_identifier=youtube-6BElu1uqCLc; archive_file=6BElu1uqCLc.mp4; title=Colors of Ancient Europe - Roman city of Herculaneum (Villa of the Papyri); description=Located in the shadow of Mount Vesuvius, Herculaneum (Italian: Ercolano) was an ancient Roman town destroyed by volcanic pyroclastic flows in 79 AD. Its ruins are located in the comune of Ercolano, Campania, Italy. As a UNESCO World Heri...; vdcr_direct_answer; concept_zh=火山碎屑密度流; concept_type=自然动态机制; priority=A",data/vdcr_candidate_videos_combined_v1.csv
vdcr_archive_b03_000051,https://archive.org/details/youtube-YBvYUpHjZ4I,internet_archive,archive_license_verify_on_page,326.9,0.0,30.0,earth_environmental_systems,Pyroclastic Density Current,earth_environmental_systems,earth_family_04,"Candidate must show the temporal sequence that instantiates Pyroclastic Density Current, not merely an object, scene, or static result.","archive_search_collected; search_term=Pyroclastic Density Current; archive_identifier=youtube-YBvYUpHjZ4I; archive_file=YBvYUpHjZ4I.mp4; title=Faces of Ancient Europe Herculaneum (Paintings); description=Located in the shadow of Mount Vesuvius, Herculaneum (Italian: Ercolano) was an ancient Roman town destroyed by volcanic pyroclastic flows in 79 AD. Its ruins are located in the comune of Ercolano, Campania, Italy. As a UNESCO World Heri...; vdcr_direct_answer; concept_zh=火山碎屑密度流; concept_type=自然动态机制; priority=A",data/vdcr_candidate_videos_combined_v1.csv
vdcr_archive_b03_000052,https://archive.org/details/youtube-T7WWOlNu3ak,internet_archive,archive_license_verify_on_page,229.1,0.0,30.0,earth_environmental_systems,Pyroclastic Density Current,earth_environmental_systems,earth_family_04,"Candidate must show the temporal sequence that instantiates Pyroclastic Density Current, not merely an object, scene, or static result.","archive_search_collected; search_term=Pyroclastic Density Current; archive_identifier=youtube-T7WWOlNu3ak; archive_file=T7WWOlNu3ak.mp4; title=Faces of Ancient Europe: Herculaneum (Marble); description=Located in the shadow of Mount Vesuvius, Herculaneum (Italian: Ercolano) was an ancient Roman town destroyed by volcanic pyroclastic flows in 79 AD. Its ruins are located in the comune of Ercolano, Campania, Italy. As a UNESCO World Heri...; vdcr_direct_answer; concept_zh=火山碎屑密度流; concept_type=自然动态机制; priority=A",data/vdcr_candidate_videos_combined_v1.csv
vdcr_archive_b03_000053,https://archive.org/details/youtube-MYfW_I4Yh7k,internet_archive,archive_license_verify_on_page,262.1,0.0,30.0,earth_environmental_systems,Pyroclastic Density Current,earth_environmental_systems,earth_family_04,"Candidate must show the temporal sequence that instantiates Pyroclastic Density Current, not merely an object, scene, or static result.","archive_search_collected; search_term=Pyroclastic Density Current; archive_identifier=youtube-MYfW_I4Yh7k; archive_file=MYfW_I4Yh7k.mp4; title=Faces of Ancient Europe: Herculaneum (Bronze); description=Located in the shadow of Mount Vesuvius, Herculaneum (Italian: Ercolano) was an ancient Roman town destroyed by volcanic pyroclastic flows in 79 AD. Its ruins are located in the comune of Ercolano, Campania, Italy. As a UNESCO World Heri...; vdcr_direct_answer; concept_zh=火山碎屑密度流; concept_type=自然动态机制; priority=A",data/vdcr_candidate_videos_combined_v1.csv
vdcr_archive_b03_000054,https://archive.org/details/WaSeUMCEMC4178AvalancheDynamics,internet_archive,http://creativecommons.org/licenses/by-nc-sa/3.0/,503.4,0.0,30.0,earth_environmental_systems,Slab Avalanche Release,earth_environmental_systems,earth_family_05,"Candidate must show the temporal sequence that instantiates Slab Avalanche Release, not merely an object, scene, or static result.","archive_search_collected; search_term=Slab Avalanche Release; archive_identifier=WaSeUMCEMC4178AvalancheDynamics; archive_file=WaSeUMC_EMC4-178_AvalancheDynamics_uncorrected.ogv; title=Avalanche Dynamics: Characteristics of Snow Avalanches in Motion; description=Depicts several types of avalanches of different sizes. Sequences illustrate dry snow avalanches in motion, ranging in size from minor snow movements to large and destructive avalanches accompanied by extensive dust cloud formation and w...; vdcr_direct_answer; concept_zh=板状雪崩释放; concept_type=自然动态机制; priority=A",data/vdcr_candidate_videos_combined_v1.csv
vdcr_archive_b03_000055,https://archive.org/details/ChronoTrigger_334,internet_archive,archive_license_verify_on_page,72.1,0.0,30.0,earth_environmental_systems,Fire Whirl,earth_environmental_systems,earth_family_06,"Candidate must show the temporal sequence that instantiates Fire Whirl, not merely an object, scene, or static result.","archive_search_collected; search_term=Fire Whirl; archive_identifier=ChronoTrigger_334; archive_file=ChronoTrigger_334_LQ_part06.mp4; title=Chrono Trigger (SNES) - 3:34 - Yu Morimoto; description=Speed run of Chrono Trigger in 33 segments, completed on April 5 2007. Available in five versions: low/normal quality DivX, and normal/high/low quality H.264 MPEG-4. Author's comments: I know I could never have accomplished this record b...; vdcr_direct_answer; concept_zh=火旋风; concept_type=自然动态机制; priority=A",data/vdcr_candidate_videos_combined_v1.csv
vdcr_archive_b03_000056,https://archive.org/details/ClassicClips_170,internet_archive,archive_license_verify_on_page,141.1,0.0,30.0,earth_environmental_systems,Fire Whirl,earth_environmental_systems,earth_family_06,"Candidate must show the temporal sequence that instantiates Fire Whirl, not merely an object, scene, or static result.","archive_search_collected; search_term=Fire Whirl; archive_identifier=ClassicClips_170; archive_file=The_Andrews_Sisters_-_Boogie_Woogie_Bugle_Boy_Of_Company_B.mp4; title=Classic Clips; description=Beaux And Errors 1938 Edgar Kennedy To make Edgar do something about his physical condition, his wife has invited her old boy friend, in tip-top shape, to spend the weekend with them. In addition to getting worn out playing golf, Edgar o...; vdcr_direct_answer; concept_zh=火旋风; concept_type=自然动态机制; priority=A",data/vdcr_candidate_videos_combined_v1.csv
vdcr_archive_b03_000057,https://archive.org/details/B.C.FirefighterCapturesVideoOfFireWhirl,internet_archive,archive_license_verify_on_page,60.9,0.0,30.0,earth_environmental_systems,Fire Whirl,earth_environmental_systems,earth_family_06,"Candidate must show the temporal sequence that instantiates Fire Whirl, not merely an object, scene, or static result.",archive_search_collected; search_term=Fire Whirl; archive_identifier=B.C.FirefighterCapturesVideoOfFireWhirl; archive_file=B.C. firefighter captures video of fire whirl-.ogv; title=B. C. Firefighter Captures Video Of Fire Whirl; description=B.C. firefighter captures video of fire whir; vdcr_direct_answer; concept_zh=火旋风; concept_type=自然动态机制; priority=A,data/vdcr_candidate_videos_combined_v1.csv
vdcr_archive_b03_000058,https://archive.org/details/worldsincollisionreel1,internet_archive,archive_license_verify_on_page,1226.5,0.0,30.0,earth_environmental_systems,Tidal Bore,earth_environmental_systems,earth_family_08,"Candidate must show the temporal sequence that instantiates Tidal Bore, not merely an object, scene, or static result.",archive_search_collected; search_term=Tidal Bore; archive_identifier=worldsincollisionreel1; archive_file=worldsincollisionreel2.ogv; title=Worlds in Collision; description=Worlds in Collision Search Educational Film Journals at Media History Project for references to this film Summary Examines the ideas of cosmologist and author I./ia metadata worldsincollisionr predictions about astronomy which have prove...; vdcr_direct_answer; concept_zh=潮汐涌浪; concept_type=自然动态机制; priority=A,data/vdcr_candidate_videos_combined_v1.csv
vdcr_archive_b03_000059,https://archive.org/details/the_blue_planet,internet_archive,archive_license_verify_on_page,1742.4,0.0,30.0,earth_environmental_systems,Tidal Bore,earth_environmental_systems,earth_family_08,"Candidate must show the temporal sequence that instantiates Tidal Bore, not merely an object, scene, or static result.",archive_search_collected; search_term=Tidal Bore; archive_identifier=the_blue_planet; archive_file=the_blue_planet_13_being_there_between_the_tides.mp4; title=The Blue Planet I ★ BBC Earth with English Closed Captions and MKV; description=The Blue Planet I (Seas of Life) - is a complete BBC Earth Series: with English Closed Captions and MKV Versions - Converted from a 5 DVD set for your viewing pleasure! . _ . I found the original DVD source materials here: https://archiv...; vdcr_direct_answer; concept_zh=潮汐涌浪; concept_type=自然动态机制; priority=A,data/vdcr_candidate_videos_combined_v1.csv
vdcr_archive_b03_000060,https://archive.org/details/tidesoftheocean,internet_archive,archive_license_verify_on_page,957.8,0.0,30.0,earth_environmental_systems,Tidal Bore,earth_environmental_systems,earth_family_08,"Candidate must show the temporal sequence that instantiates Tidal Bore, not merely an object, scene, or static result.","archive_search_collected; search_term=Tidal Bore; archive_identifier=tidesoftheocean; archive_file=tidesoftheocean.ogv; title=Business, government and public policy; description=Bibliography: p. 439-442 Search Educational Film Journals at Media History Project for references to this film Summary Uses animation to explain the causes of ocean tides, showing the effect of centrifugal force and the gravitational att...; vdcr_direct_answer; concept_zh=潮汐涌浪; concept_type=自然动态机制; priority=A",data/vdcr_candidate_videos_combined_v1.csv
vdcr_archive_b03_000061,https://archive.org/details/79534ThisIsCanadaR1,internet_archive,archive_license_verify_on_page,1125.1,0.0,30.0,earth_environmental_systems,Tidal Bore,earth_environmental_systems,earth_family_08,"Candidate must show the temporal sequence that instantiates Tidal Bore, not merely an object, scene, or static result.","archive_search_collected; search_term=Tidal Bore; archive_identifier=79534ThisIsCanadaR1; archive_file=79534 This Is Canada R1.ogv; title=1940s CANADA TOURISM MOVIE THIS IS CANADA QUEBEC ONTARIO NEW FOUNDLAND NEW BRUNSWICK 79534; description=THIS IS CANADA is a promotional tourism film produced by the Canadian National Railroad, highlighting the cities, sights, and incredible natural landscapes of Canada. The “tour” begins in its capital city, Ottawa, Ontario with footage of...; vdcr_direct_answer; concept_zh=潮汐涌浪; concept_type=自然动态机制; priority=A",data/vdcr_candidate_videos_combined_v1.csv
vdcr_archive_b04_000001,https://archive.org/details/the-mummy-collection-1959-1971,internet_archive,archive_license_verify_on_page,4813.8,0.0,30.0,physics_physical_systems,Capillary Rise / Wicking,physics_physical_systems,physics_family_02,"Candidate must show the temporal sequence that instantiates Capillary Rise / Wicking, not merely an object, scene, or static result.","archive_search_collected; search_term=Wicking video; archive_identifier=the-mummy-collection-1959-1971; archive_file=02 - The Curse of the Mummys Tomb 1964.mp4; title=The Mummy Collection - 1959 - 1971; description=Collection of the 4 Hammer Mummy movies The Mummy is a 1959 British horror film , directed by Terence Fisher and starring Peter Cushing and Christopher Lee . It was written by Jimmy Sangster and produced by Michael Carreras and Anthony N...; vdcr_direct_answer; concept_zh=毛细上升/芯吸; concept_type=自然动态机制; priority=B",data/vdcr_candidate_videos_combined_v1.csv
vdcr_archive_b04_000002,https://archive.org/details/LaunchpadTheLighterSide,internet_archive,archive_license_verify_on_page,447.4,0.0,30.0,physics_physical_systems,Capillary Rise / Wicking,physics_physical_systems,physics_family_02,"Candidate must show the temporal sequence that instantiates Capillary Rise / Wicking, not merely an object, scene, or static result.","archive_search_collected; search_term=Wicking video; archive_identifier=LaunchpadTheLighterSide; archive_file=NASA_Launchpad_Lighter_Side_cropped_medium.ogv; title=Launchpad: The Lighter Side; description=Find out how you can get involved in NASA's Teaching From Space Program to learn about experiments conducted on board the International Space Station, or ISS. Learn about arachnids in space or how to use a straw on the ISS. Find out abou...; vdcr_direct_answer; concept_zh=毛细上升/芯吸; concept_type=自然动态机制; priority=B",data/vdcr_candidate_videos_combined_v1.csv
vdcr_archive_b04_000003,https://archive.org/details/sinema-trailer_demons-of-the-mind,internet_archive,archive_license_verify_on_page,168.0,0.0,30.0,physics_physical_systems,Capillary Rise / Wicking,physics_physical_systems,physics_family_02,"Candidate must show the temporal sequence that instantiates Capillary Rise / Wicking, not merely an object, scene, or static result.","archive_search_collected; search_term=Wicking video; archive_identifier=sinema-trailer_demons-of-the-mind; archive_file=Demons Of The Mind _ Original Theatrical Trailer (1972) (480p_25fps_H264-128kbit_AAC).ogv; title=Demons of the Mind [1974] - Trailer; description=A physician discovers that two children are being kept virtually imprisoned in their house by their father. He investigates, and discovers a web of sex, incest and satanic possession.; vdcr_direct_answer; concept_zh=毛细上升/芯吸; concept_type=自然动态机制; priority=B",data/vdcr_candidate_videos_combined_v1.csv
vdcr_archive_b04_000004,https://archive.org/details/sinema-trailer_blood-from-the-mummys-tomb,internet_archive,archive_license_verify_on_page,153.4,0.0,30.0,physics_physical_systems,Capillary Rise / Wicking,physics_physical_systems,physics_family_02,"Candidate must show the temporal sequence that instantiates Capillary Rise / Wicking, not merely an object, scene, or static result.","archive_search_collected; search_term=Wicking video; archive_identifier=sinema-trailer_blood-from-the-mummys-tomb; archive_file=Blood from the Mummy's Tomb - Trailer (480p_30fps_H264-128kbit_AAC).ogv; title=Blood from the Mummy's Tomb [1972] - Trailer; description=Two Egyptologists, Professor Fuchs and Corbeck, are instrumental in unleashing unmitigated horror by bringing back to England the mummified body of Tara, the Egyptian Queen of Darkness. Fuchs’s daughter becomes involved in a series of ma...; vdcr_direct_answer; concept_zh=毛细上升/芯吸; concept_type=自然动态机制; priority=B",data/vdcr_candidate_videos_combined_v1.csv
vdcr_archive_b04_000005,https://archive.org/details/3-c-10137-b-09-a-59-f-11478-ae-6-d-55-e-6-aae-250-c-54-fd-80,internet_archive,archive_license_verify_on_page,1667.6,0.0,30.0,physics_physical_systems,Capillary Rise / Wicking,physics_physical_systems,physics_family_02,"Candidate must show the temporal sequence that instantiates Capillary Rise / Wicking, not merely an object, scene, or static result.","archive_search_collected; search_term=Wicking video; archive_identifier=3-c-10137-b-09-a-59-f-11478-ae-6-d-55-e-6-aae-250-c-54-fd-80; archive_file=TTC - The Nature of Matter/TGC_1227_Lect02_NatureofMatter.mp4; title=Nature of Matters; description=Matter is the raw material of the universe. Stars, planets, mountains, oceans, and atmospheres are all made of matter. So are plants and animals—including humans and every material thing we have ever produced. Amazingly, this immense var...; vdcr_direct_answer; concept_zh=毛细上升/芯吸; concept_type=自然动态机制; priority=B",data/vdcr_candidate_videos_combined_v1.csv
vdcr_archive_b04_000006,https://archive.org/details/Sora_and_Signal_Processing_-_The_Quest_Story_Line,internet_archive,archive_license_verify_on_page,5.1,0.0,5.1,physics_physical_systems,Coherent Wave Interference,physics_physical_systems,physics_family_03,"Candidate must show the temporal sequence that instantiates Coherent Wave Interference, not merely an object, scene, or static result.","archive_search_collected; search_term=Coherent Wave Interference; archive_identifier=Sora_and_Signal_Processing_-_The_Quest_Story_Line; archive_file=Sora_and_Signal_Processing_-_The_Quest_Story_Line.mp4; title=Sora and Signal Processing - The Quest Story Line; description=The Quest for the Perfect Signal In the distant Resonance Realm, where information traveled through vast networks of frequencies and waveforms, a growing crisis threatened the world. The Master Signal, the one true harmonic frequency tha...; vdcr_direct_answer; concept_zh=波的相干干涉; concept_type=自然动态机制; priority=B",data/vdcr_candidate_videos_combined_v1.csv
vdcr_archive_b04_000007,https://archive.org/details/parametric-excitation-of-electric-oscillations,internet_archive,archive_license_verify_on_page,1199.5,0.0,30.0,physics_physical_systems,Parametric Resonance,physics_physical_systems,physics_family_03,"Candidate must show the temporal sequence that instantiates Parametric Resonance, not merely an object, scene, or static result.",archive_search_collected; search_term=Parametric Resonance; archive_identifier=parametric-excitation-of-electric-oscillations; archive_file=Parametric Excitation of Electric Oscillations.ia.mp4; title=Parametric Excitation Of Electric Oscillations; description=(Original video description by Jacker's Ladder on Youtube) #SoME2 #electricity #ericdollard This video gives an introduction into parametric resonance in a series resonant electric circuit. This is my first attempt at making a lecture st...; vdcr_direct_answer; concept_zh=参数共振; concept_type=自然动态机制; priority=B,data/vdcr_candidate_videos_combined_v1.csv
vdcr_archive_b04_000008,https://archive.org/details/AssemblyLinesPodcast151,internet_archive,http://creativecommons.org/licenses/by-nc-sa/3.0/,1002.6,0.0,30.0,physics_physical_systems,Damped Oscillation,physics_physical_systems,physics_family_03,"Candidate must show the temporal sequence that instantiates Damped Oscillation, not merely an object, scene, or static result.","archive_search_collected; search_term=Damped Oscillation; archive_identifier=AssemblyLinesPodcast151; archive_file=AssemblyLinesPodcast151.mp4; title=Assembly Lines #151: I Fixed the Sound in my Apple II Emulator; description=Thanks to help from Kris Kennaway and Kent Dickey, the Apple II sound is now fully working in my Apple II emulator. Emulator: https://apple2ts.com Github: https://github.com/ct6502/apple2ts My merch: https://ct6502.org/shop/ Please suppo...; vdcr_direct_answer; concept_zh=阻尼振荡; concept_type=自然动态机制; priority=B",data/vdcr_candidate_videos_combined_v1.csv
vdcr_archive_b04_000009,https://archive.org/details/MagnetOscillatingNearACoilWillItBeADamptedOscillation2Answer,internet_archive,archive_license_verify_on_page,93.1,0.0,30.0,physics_physical_systems,Damped Oscillation,physics_physical_systems,physics_family_03,"Candidate must show the temporal sequence that instantiates Damped Oscillation, not merely an object, scene, or static result.",archive_search_collected; search_term=Damped Oscillation; archive_identifier=MagnetOscillatingNearACoilWillItBeADamptedOscillation2Answer; archive_file=Magnet oscillating near a coil will it be a dampted Oscillation 1 Question.ogv; title=Magnet Oscillating Near A Coil Will It Be A Dampted Oscillation 2 Answer; description=Magnet oscillating near a coil will it be a damped Oscillation; vdcr_direct_answer; concept_zh=阻尼振荡; concept_type=自然动态机制; priority=B,data/vdcr_candidate_videos_combined_v1.csv
vdcr_archive_b04_000010,https://archive.org/details/vimeo-415215812,internet_archive,archive_license_verify_on_page,1205.5,0.0,30.0,physics_physical_systems,Damped Oscillation,physics_physical_systems,physics_family_03,"Candidate must show the temporal sequence that instantiates Damped Oscillation, not merely an object, scene, or static result.","archive_search_collected; search_term=Damped Oscillation; archive_identifier=vimeo-415215812; archive_file=damped_oscillation-415215812.ia.mp4; title=damped oscillation; description=This is ""damped oscillation"" by Hochschule Mannheim on Vimeo, the home for high quality videos and the people who love them. Source: https://vimeo.com/415215812 Uploader: Hochschule Mannheim; vdcr_direct_answer; concept_zh=阻尼振荡; concept_type=自然动态机制; priority=B",data/vdcr_candidate_videos_combined_v1.csv
vdcr_archive_b04_000011,https://archive.org/details/whats-up-prof-walter-veith-martin-smith-amazing-discoveries-africa,internet_archive,https://creativecommons.org/licenses/by-nd/4.0/,1681.6,0.0,30.0,physics_physical_systems,Double Pendulum Chaos,physics_physical_systems,physics_family_03,"Candidate must show the temporal sequence that instantiates Double Pendulum Chaos, not merely an object, scene, or static result.","archive_search_collected; search_term=Double Pendulum Chaos; archive_identifier=whats-up-prof-walter-veith-martin-smith-amazing-discoveries-africa; archive_file=Whats_Up_Prof_1_America_Election_Campaign_Walter_Veith_Martin_Smith.mp4; title=What's Up Prof? (Walter Veith and Martin Smith) Series Episodes - Clash of Minds (formerly Amazing Discoveries Africa); description=What's Up Prof? (series of episodes by Walter Veith and Martin Smith ) - Clash of Minds (formerly Amazing Discoveries Africa) 1. America Election Campaign 2. Religious Freedom, Persecution, and the Coronavirus 3. Coronavirus, Noahide Law...; vdcr_direct_answer; concept_zh=双摆混沌; concept_type=自然动态机制; priority=B",data/vdcr_candidate_videos_combined_v1.csv
vdcr_archive_b04_000012,https://archive.org/details/trollop-rullez-the-day-you-killed-yourself,internet_archive,archive_license_verify_on_page,123.0,0.0,30.0,physics_physical_systems,Double Pendulum Chaos,physics_physical_systems,physics_family_03,"Candidate must show the temporal sequence that instantiates Double Pendulum Chaos, not merely an object, scene, or static result.","archive_search_collected; search_term=Double Pendulum Chaos; archive_identifier=trollop-rullez-the-day-you-killed-yourself; archive_file=TROLLOP RULLEZ, THE DAY YOU KILLED YOURSELF.ia.mp4; title=TROLLOP RULLEZ - THE DAY YOU KILLED YOURSELF; description=TROLLOP RULLEZ - THE DAY YOU KILLED YOURSELF. K IS FOR KARMA. THIS IS COMEDY. THIS IS MY ART. #glenfevbc #tiffany #grifters **ORIGINALLY POSTED FEBRUARY 8, 2025 ON ARCHIVE BY TROLLOP RULLEZ AS A COMMUNITY OPEN SOURCE VIDEO, FREE TO REUPL...; vdcr_direct_answer; concept_zh=双摆混沌; concept_type=自然动态机制; priority=B",data/vdcr_candidate_videos_combined_v1.csv
vdcr_archive_b04_000013,https://archive.org/details/theplanardoublependulum,internet_archive,archive_license_verify_on_page,1695.2,0.0,30.0,physics_physical_systems,Double Pendulum Chaos,physics_physical_systems,physics_family_03,"Candidate must show the temporal sequence that instantiates Double Pendulum Chaos, not merely an object, scene, or static result.","archive_search_collected; search_term=Double Pendulum Chaos; archive_identifier=theplanardoublependulum; archive_file=theplanardoublependulum.ogv; title=The Planar Double Pendulum; description=['Title from data sheet', 'A foreign film (West Germany)', 'College students and adults', 'Uses the example of the planar double pendulum to demonstrate the physical principles of chaotic behavior. Computer graphics show periodic, quasi-...; vdcr_direct_answer; concept_zh=双摆混沌; concept_type=自然动态机制; priority=B",data/vdcr_candidate_videos_combined_v1.csv
vdcr_archive_b04_000014,https://archive.org/details/DoublePendulum,internet_archive,http://creativecommons.org/licenses/by-sa/3.0/us/,144.6,0.0,30.0,physics_physical_systems,Double Pendulum Chaos,physics_physical_systems,physics_family_03,"Candidate must show the temporal sequence that instantiates Double Pendulum Chaos, not merely an object, scene, or static result.",archive_search_collected; search_term=Double Pendulum Chaos; archive_identifier=DoublePendulum; archive_file=DoublePendulum_512kb.mp4; title=Double Pendulum; description=Demonstrates cyclical and chaotic behavior; vdcr_direct_answer; concept_zh=双摆混沌; concept_type=自然动态机制; priority=B,data/vdcr_candidate_videos_combined_v1.csv
vdcr_archive_b04_000015,https://archive.org/details/chaos_20250331,internet_archive,https://creativecommons.org/licenses/by-nc-nd/4.0/,234.3,0.0,30.0,physics_physical_systems,Double Pendulum Chaos,physics_physical_systems,physics_family_03,"Candidate must show the temporal sequence that instantiates Double Pendulum Chaos, not merely an object, scene, or static result.",archive_search_collected; search_term=Double Pendulum Chaos; archive_identifier=chaos_20250331; archive_file=Chaos.ia.mp4; title=Beauty from Chaos; description=What can the physics of a double pendulum teach us about life? I originally made this video for my YouTube channel at https://www.youtube.com/user/EugeneKhutoryansky I uploaded it to Internet Archive to preserve it for future generations...; vdcr_direct_answer; concept_zh=双摆混沌; concept_type=自然动态机制; priority=B,data/vdcr_candidate_videos_combined_v1.csv
vdcr_archive_b04_000016,https://archive.org/details/youtube-UqnPRProXJg,internet_archive,archive_license_verify_on_page,432.0,0.0,30.0,physics_physical_systems,Euler's Disk Motion,physics_physical_systems,physics_family_04,"Candidate must show the temporal sequence that instantiates Euler's Disk Motion, not merely an object, scene, or static result.",archive_search_collected; search_term=Euler's Disk Motion; archive_identifier=youtube-UqnPRProXJg; archive_file=UqnPRProXJg.mp4; title=DISQUE EULER / étrange objet; description=Devenez un maillon de la chaîne : https://www.tipeee.com/baladementale https://www.utip.io/baladementale https://www.facebook.com/BaladeMentale https://twitter.com/BaladeMentale https://www.instagram.com/baladementale/ Aujourd'hui tenton...; vdcr_direct_answer; concept_zh=欧拉圆盘运动; concept_type=自然动态机制; priority=B,data/vdcr_candidate_videos_combined_v1.csv
vdcr_archive_b04_000017,https://archive.org/details/blmtwpmiv-Try_This_at_Home,internet_archive,archive_license_verify_on_page,1647.6,0.0,30.0,physics_physical_systems,Elastic Pendulum Motion,physics_physical_systems,physics_family_04,"Candidate must show the temporal sequence that instantiates Elastic Pendulum Motion, not merely an object, scene, or static result.",archive_search_collected; search_term=Elastic Pendulum Motion; archive_identifier=blmtwpmiv-Try_This_at_Home; archive_file=Try_This_at_Home.ogv; title=Try This at Home; description=Try This at Home; vdcr_direct_answer; concept_zh=弹性摆运动; concept_type=自然动态机制; priority=B,data/vdcr_candidate_videos_combined_v1.csv
vdcr_archive_b04_000018,https://archive.org/details/bigclive_20221202,internet_archive,https://creativecommons.org/licenses/by-nc-nd/4.0/,861.4,0.0,30.0,physics_physical_systems,Granular Convection,physics_physical_systems,physics_family_04,"Candidate must show the temporal sequence that instantiates Granular Convection, not merely an object, scene, or static result.","archive_search_collected; search_term=Granular Convection; archive_identifier=bigclive_20221202; archive_file=bigclive_20221202.mp4; title=Updating a 70,000 hour LED lamp; description=I made a video about this glitter lamp eight years ago and didn't realise that this lamp has been running 24/7 for eight years! That's over 70,000 hours! Perhaps a good demonstration of the exponential effect of over-driving LED lamps, s...; vdcr_direct_answer; concept_zh=颗粒对流; concept_type=自然动态机制; priority=B",data/vdcr_candidate_videos_combined_v1.csv
vdcr_archive_b04_000019,https://archive.org/details/my_favorite_brunette,internet_archive,http://creativecommons.org/licenses/publicdomain/,5212.4,0.0,30.0,physics_physical_systems,Stick-Slip Motion,physics_physical_systems,physics_family_04,"Candidate must show the temporal sequence that instantiates Stick-Slip Motion, not merely an object, scene, or static result.",archive_search_collected; search_term=Stick-Slip Motion; archive_identifier=my_favorite_brunette; archive_file=my_favorite_brunette.ogv; title=My Favorite Brunette; description=Bob Hope comedy with Dorothy Lamour. | You can find more information regarding this film on its IMDb page .; vdcr_direct_answer; concept_zh=黏滑运动; concept_type=自然动态机制; priority=B,data/vdcr_candidate_videos_combined_v1.csv
vdcr_archive_b04_000020,https://archive.org/details/MartialLaw911,internet_archive,archive_license_verify_on_page,2634.3,0.0,30.0,physics_physical_systems,Stick-Slip Motion,physics_physical_systems,physics_family_04,"Candidate must show the temporal sequence that instantiates Stick-Slip Motion, not merely an object, scene, or static result.","archive_search_collected; search_term=Stick-Slip Motion; archive_identifier=MartialLaw911; archive_file=martial_law_p01_bb.ogv; title=Martial Law 9/11: Rise Of The Police State; description=Evil has spread across the land. Martial Law: 9/11 Rise of the Police State exposes the high-tech control grid that is being set up across America. Out of the ashes of the September 11th tragedy, a dark empire of war and tyranny has rise...; vdcr_direct_answer; concept_zh=黏滑运动; concept_type=自然动态机制; priority=B",data/vdcr_candidate_videos_combined_v1.csv
vdcr_archive_b04_000021,https://archive.org/details/thief1_gold,internet_archive,archive_license_verify_on_page,48.2,0.0,30.0,physics_physical_systems,Stick-Slip Motion,physics_physical_systems,physics_family_04,"Candidate must show the temporal sequence that instantiates Stick-Slip Motion, not merely an object, scene, or static result.","archive_search_collected; search_term=Stick-Slip Motion; archive_identifier=thief1_gold; archive_file=thief1_gold_sample_HQ.ogv; title=Thief - The Dark Project Gold; description=A 100% loot and video walkthrough of Thief: The Dark Project -- Gold . (my Thief 2 -- The Metal Age video walkthrough is also available) Total video time: 13 hours, 54 minutes, 19 seconds Total mission time: 13 hours, 42 minutes, 54 seco...; vdcr_direct_answer; concept_zh=黏滑运动; concept_type=自然动态机制; priority=B",data/vdcr_candidate_videos_combined_v1.csv
vdcr_archive_b04_000022,https://archive.org/details/SecretEvilOf911,internet_archive,archive_license_verify_on_page,1185.1,0.0,30.0,physics_physical_systems,Stick-Slip Motion,physics_physical_systems,physics_family_04,"Candidate must show the temporal sequence that instantiates Stick-Slip Motion, not merely an object, scene, or static result.",archive_search_collected; search_term=Stick-Slip Motion; archive_identifier=SecretEvilOf911; archive_file=SecretEvilOf911-80kb.ogv; title=Secret Evil Of 911; description=20 min. video clip - evidences that the September 11 was an inside job; vdcr_direct_answer; concept_zh=黏滑运动; concept_type=自然动态机制; priority=B,data/vdcr_candidate_videos_combined_v1.csv
vdcr_archive_b04_000023,https://archive.org/details/c-19-propaganda-war-ade-to-avengers-sleepy-joe-5-months,internet_archive,http://creativecommons.org/publicdomain/mark/1.0/,3736.5,0.0,30.0,physics_physical_systems,Droplet Impact Spreading,physics_physical_systems,physics_family_05,"Candidate must show the temporal sequence that instantiates Droplet Impact Spreading, not merely an object, scene, or static result.","archive_search_collected; search_term=Droplet Impact Spreading; archive_identifier=c-19-propaganda-war-ade-to-avengers-sleepy-joe-5-months; archive_file=C19 Propaganda War Avengers to  ADE Sleepy Joe 5 months.mp4; title=C-19 Propaganda War: ADE to Avengers Sleepy Joe 5 Months; description=Our grave concerns about the handling of the COVID pandemic by Governments of the Nations of the UK We write as concerned doctors, nurses, and other allied healthcare professionals with no vested interest in doing so. To the contrary, we...; vdcr_direct_answer; concept_zh=液滴撞击铺展; concept_type=自然动态机制; priority=B",data/vdcr_candidate_videos_combined_v1.csv
vdcr_archive_b04_000024,https://archive.org/details/paramount-pictures-skydance-media-skydance-animation-2024,internet_archive,archive_license_verify_on_page,66.1,0.0,30.0,physics_physical_systems,Bubble-Bursting Jet,physics_physical_systems,physics_family_05,"Candidate must show the temporal sequence that instantiates Bubble-Bursting Jet, not merely an object, scene, or static result.","archive_search_collected; search_term=Bubble-Bursting Jet; archive_identifier=paramount-pictures-skydance-media-skydance-animation-2024; archive_file=Paramount Pictures, Skydance Media, Skydance Animation (2024-).ia.mp4; title=Paramount Pictures, Skydance Media, Skydance Animation ( 2024 ); description=Hope you like it, make sure you give it a like and comment below. Only friends and family, 2000s kids (1995-2004) and 2010s kids (2005-2014) are allowed to view my content and all my stuff. Anyone born since 2015 MUST leave this sector r...; vdcr_direct_answer; concept_zh=气泡破裂射流; concept_type=自然动态机制; priority=B",data/vdcr_candidate_videos_combined_v1.csv
vdcr_archive_b04_000025,https://archive.org/details/skydance-animation-skydance-media-paramount-pictures-2024,internet_archive,archive_license_verify_on_page,32.1,0.0,30.0,physics_physical_systems,Bubble-Bursting Jet,physics_physical_systems,physics_family_05,"Candidate must show the temporal sequence that instantiates Bubble-Bursting Jet, not merely an object, scene, or static result.","archive_search_collected; search_term=Bubble-Bursting Jet; archive_identifier=skydance-animation-skydance-media-paramount-pictures-2024; archive_file=Skydance Animation, Skydance Media, Paramount Pictures (2024-).ia.mp4; title=Skydance Animation / Skydance Media / Paramount Pictures ( 2024 ); description=Hope you like it, make sure you give it a like and comment below. Only friends and family, 2000s kids (1995-2004) and 2010s kids (2005-2014) are allowed to view my content and all my stuff. Anyone born since 2015 MUST leave this sector r...; vdcr_direct_answer; concept_zh=气泡破裂射流; concept_type=自然动态机制; priority=B",data/vdcr_candidate_videos_combined_v1.csv
vdcr_archive_b04_000026,https://archive.org/details/skydance-animation-skydance-media-paramount-pictures-2024-low-tone,internet_archive,archive_license_verify_on_page,35.6,0.0,30.0,physics_physical_systems,Bubble-Bursting Jet,physics_physical_systems,physics_family_05,"Candidate must show the temporal sequence that instantiates Bubble-Bursting Jet, not merely an object, scene, or static result.","archive_search_collected; search_term=Bubble-Bursting Jet; archive_identifier=skydance-animation-skydance-media-paramount-pictures-2024-low-tone; archive_file=Skydance Animation, Skydance Media, Paramount Pictures (2024-) (Low Tone).ia.mp4; title=Skydance Animation, Skydance Media, Paramount Pictures ( 2024 ) ( Low Tone); description=Hope you like it, make sure you give it a like and comment below. Only friends and family, 2000s kids (1995-2004) and 2010s kids (2005-2014) are allowed to view my content and all my stuff. Anyone born since 2015 MUST leave this sector r...; vdcr_direct_answer; concept_zh=气泡破裂射流; concept_type=自然动态机制; priority=B",data/vdcr_candidate_videos_combined_v1.csv
vdcr_archive_b04_000027,https://archive.org/details/skydance-animation-skydance-media-paramount-pictures-2024-high-tone,internet_archive,archive_license_verify_on_page,27.8,0.0,27.8,physics_physical_systems,Bubble-Bursting Jet,physics_physical_systems,physics_family_05,"Candidate must show the temporal sequence that instantiates Bubble-Bursting Jet, not merely an object, scene, or static result.","archive_search_collected; search_term=Bubble-Bursting Jet; archive_identifier=skydance-animation-skydance-media-paramount-pictures-2024-high-tone; archive_file=Skydance Animation, Skydance Media, Paramount Pictures (2024-) (High Tone).ia.mp4; title=Skydance Animation, Skydance Media, Paramount Pictures ( 2024 ) ( High Tone); description=Hope you like it, make sure you give it a like and comment below. Only friends and family, 2000s kids (1995-2004) and 2010s kids (2005-2014) are allowed to view my content and all my stuff. Anyone born since 2015 MUST leave this sector r...; vdcr_direct_answer; concept_zh=气泡破裂射流; concept_type=自然动态机制; priority=B",data/vdcr_candidate_videos_combined_v1.csv
vdcr_archive_b04_000028,https://archive.org/details/skydance-animation-skydance-media-paramount-pictures-2024-open-matte,internet_archive,archive_license_verify_on_page,32.2,0.0,30.0,physics_physical_systems,Bubble-Bursting Jet,physics_physical_systems,physics_family_05,"Candidate must show the temporal sequence that instantiates Bubble-Bursting Jet, not merely an object, scene, or static result.","archive_search_collected; search_term=Bubble-Bursting Jet; archive_identifier=skydance-animation-skydance-media-paramount-pictures-2024-open-matte; archive_file=Skydance Animation, Skydance Media, Paramount Pictures (2024-) (Open Matte).ia.mp4; title=Skydance Animation, Skydance Media, Paramount Pictures ( 2024 ) ( Open Matte); description=Hope you like it, make sure you give it a like and comment below. Only friends and family, 2000s kids (1995-2004) and 2010s kids (2005-2014) are allowed to view my content and all my stuff. Anyone born since 2015 MUST leave this sector r...; vdcr_direct_answer; concept_zh=气泡破裂射流; concept_type=自然动态机制; priority=B",data/vdcr_candidate_videos_combined_v1.csv
vdcr_archive_b04_000029,https://archive.org/details/boys_beware,internet_archive,http://creativecommons.org/licenses/publicdomain/,612.4,0.0,30.0,physics_physical_systems,Bow Shock,physics_physical_systems,physics_family_06,"Candidate must show the temporal sequence that instantiates Bow Shock, not merely an object, scene, or static result.","archive_search_collected; search_term=Bow Shock; archive_identifier=boys_beware; archive_file=boys_beware_512kb.mp4; title=Boys Beware; description=Anti-homosexual film targeted at teenage boys, urging them to avoid encounters with potential molesters.; vdcr_direct_answer; concept_zh=弓形激波; concept_type=自然动态机制; priority=B",data/vdcr_candidate_videos_combined_v1.csv
vdcr_archive_b04_000030,https://archive.org/details/operation_ivy,internet_archive,archive_license_verify_on_page,1667.9,0.0,30.0,physics_physical_systems,Bow Shock,physics_physical_systems,physics_family_06,"Candidate must show the temporal sequence that instantiates Bow Shock, not merely an object, scene, or static result.","archive_search_collected; search_term=Bow Shock; archive_identifier=operation_ivy; archive_file=operation_ivy.ogv; title=Operation Ivy; description=Detonation of the hydrogen bomb. To license this film and get a higher quality version for broadcast/film purposes, contact A/V Geeks LLC .; vdcr_direct_answer; concept_zh=弓形激波; concept_type=自然动态机制; priority=B",data/vdcr_candidate_videos_combined_v1.csv
vdcr_archive_b04_000031,https://archive.org/details/InsideIn1941,internet_archive,http://creativecommons.org/licenses/publicdomain/,478.7,0.0,30.0,physics_physical_systems,Bow Shock,physics_physical_systems,physics_family_06,"Candidate must show the temporal sequence that instantiates Bow Shock, not merely an object, scene, or static result.","archive_search_collected; search_term=Bow Shock; archive_identifier=InsideIn1941; archive_file=InsideIn1941_512kb.mp4; title=Inside Information; description=How the X-ray works and its use in police work, surgery, industrial engineering and automobile manufacturing.; vdcr_direct_answer; concept_zh=弓形激波; concept_type=自然动态机制; priority=B",data/vdcr_candidate_videos_combined_v1.csv
vdcr_archive_b04_000032,https://archive.org/details/AchievementHunter_2018,internet_archive,archive_license_verify_on_page,92.1,0.0,30.0,physics_physical_systems,Bow Shock,physics_physical_systems,physics_family_06,"Candidate must show the temporal sequence that instantiates Bow Shock, not merely an object, scene, or static result.",archive_search_collected; search_term=Bow Shock; archive_identifier=AchievementHunter_2018; archive_file=[20180316] AH Animated - Jack's Pirate Parking Problem-c1lBO0o7Sdo [837862 views].mp4; title=AchievementHunter 2018; description=AchievementHunter archive part 5 (year 2018). All parts: AchievementHunter_1 AchievementHunter_2 AchievementHunter_3 AchievementHunter_2017 AchievementHunter_2018 AchievementHunter_2019 Contains: [20180101] It's a New Year! - AHWU for Ja...; vdcr_direct_answer; concept_zh=弓形激波; concept_type=自然动态机制; priority=B,data/vdcr_candidate_videos_combined_v1.csv
vdcr_archive_b04_000033,https://archive.org/details/Television_Commercials_Folgers_Coffee,internet_archive,archive_license_verify_on_page,1890.0,0.0,30.0,physics_physical_systems,Bow Shock,physics_physical_systems,physics_family_06,"Candidate must show the temporal sequence that instantiates Bow Shock, not merely an object, scene, or static result.","archive_search_collected; search_term=Bow Shock; archive_identifier=Television_Commercials_Folgers_Coffee; archive_file=0577_Television_Commercials_Folgers_Coffee_15_30_30_00_3mb.ogv; title=[Television Commercials: Folger's Coffee]; description=FOLGER'S COFFEE: 40 minutes of old Folger's commercials. Most of the Folger's ads involve a similar theme: Using white young suburban newlywed characters, Folger's explores different personality types in the similar scenario -- a domesti...; vdcr_direct_answer; concept_zh=弓形激波; concept_type=自然动态机制; priority=B",data/vdcr_candidate_videos_combined_v1.csv
vdcr_archive_b04_000034,https://archive.org/details/JoanAvoi1947,internet_archive,http://creativecommons.org/licenses/publicdomain/,625.4,0.0,30.0,physics_physical_systems,Film Boiling,physics_physical_systems,physics_family_08,"Candidate must show the temporal sequence that instantiates Film Boiling, not merely an object, scene, or static result.",archive_search_collected; search_term=Film Boiling; archive_identifier=JoanAvoi1947; archive_file=JoanAvoi1947_512kb.mp4; title=Joan Avoids a Cold; description=How young children must behave to avoid transmitting germs to one another.; vdcr_direct_answer; concept_zh=膜态沸腾; concept_type=自然动态机制; priority=B,data/vdcr_candidate_videos_combined_v1.csv
vdcr_archive_b04_000035,https://archive.org/details/Sita_Sings_the_Blues,internet_archive,http://creativecommons.org/publicdomain/zero/1.0/,105.3,0.0,30.0,physics_physical_systems,Film Boiling,physics_physical_systems,physics_family_08,"Candidate must show the temporal sequence that instantiates Film Boiling, not merely an object, scene, or static result.","archive_search_collected; search_term=Film Boiling; archive_identifier=Sita_Sings_the_Blues; archive_file=Sita_Sings_the_Blues_DVD_NTSC4.mp4; title=Sita Sings the Blues; description=Sita is a goddess separated from her beloved Lord and husband Rama. Nina is an animator whose husband moves to India, then dumps her by email. Three hilarious shadow puppets narrate both ancient tragedy and modern comedy in this beautifu...; vdcr_direct_answer; concept_zh=膜态沸腾; concept_type=自然动态机制; priority=B",data/vdcr_candidate_videos_combined_v1.csv
vdcr_archive_b04_000036,https://archive.org/details/ken.-burns.-the.-civil.-war.,internet_archive,archive_license_verify_on_page,3711.4,0.0,30.0,physics_physical_systems,Film Boiling,physics_physical_systems,physics_family_08,"Candidate must show the temporal sequence that instantiates Film Boiling, not merely an object, scene, or static result.","archive_search_collected; search_term=Film Boiling; archive_identifier=ken.-burns.-the.-civil.-war.; archive_file=Ken.Burns.The.Civil.War.4of9.Simply.Murder.mp4; title=Ken. Burns. The. Civil. War.; description=The Civil War is a 1990 American television documentary miniseries created by Ken Burns about the American Civil War. It was first broadcast on PBS on five consecutive nights from September 23 to 28, 1990. Over 39 million viewers tuned i...; vdcr_direct_answer; concept_zh=膜态沸腾; concept_type=自然动态机制; priority=B",data/vdcr_candidate_videos_combined_v1.csv
vdcr_archive_b04_000037,https://archive.org/details/MyJapan1945,internet_archive,http://creativecommons.org/licenses/publicdomain/,963.5,0.0,30.0,physics_physical_systems,Film Boiling,physics_physical_systems,physics_family_08,"Candidate must show the temporal sequence that instantiates Film Boiling, not merely an object, scene, or static result.",archive_search_collected; search_term=Film Boiling; archive_identifier=MyJapan1945; archive_file=MyJapan1945_512kb.mp4; title=My Japan; description=Complex and disturbing anti-Japanese propaganda film produced to spur the sale of U.S. war bonds. CONTENT ADVISORY: Explicit racism and extreme violence.; vdcr_direct_answer; concept_zh=膜态沸腾; concept_type=自然动态机制; priority=B,data/vdcr_candidate_videos_combined_v1.csv
vdcr_archive_b04_000038,https://archive.org/details/The_Sadist,internet_archive,http://creativecommons.org/licenses/publicdomain/,5497.8,0.0,30.0,physics_physical_systems,Film Boiling,physics_physical_systems,physics_family_08,"Candidate must show the temporal sequence that instantiates Film Boiling, not merely an object, scene, or static result.",archive_search_collected; search_term=Film Boiling; archive_identifier=The_Sadist; archive_file=THE_SADIST.ogv; title=The Sadist; description=This is believed to be the first feature film based on real life serial killers Charles Starkweather and Caril Fugate. Mainstream Hollywood would not produce films inspired by the pair until a decade after this one. A number of films wer...; vdcr_direct_answer; concept_zh=膜态沸腾; concept_type=自然动态机制; priority=B,data/vdcr_candidate_videos_combined_v1.csv
vdcr_archive_b04_000039,https://archive.org/details/youtube-24TB1vPuzIU,internet_archive,archive_license_verify_on_page,631.8,0.0,30.0,chemistry_materials_change,Crystal Nucleation,chemistry_materials_change,materials_family_02,"Candidate must show the temporal sequence that instantiates Crystal Nucleation, not merely an object, scene, or static result.",archive_search_collected; search_term=Crystal Nucleation; archive_identifier=youtube-24TB1vPuzIU; archive_file=24TB1vPuzIU.mp4; title=Science Doesn't Understand How Ice Forms; description=What starts off as a simple desire to get a macro shot of a droplet of water freezing quickly leads George to the very edge of scientific knowledge and a shocking fact about most of the water on Earth. *Note: in the droplets I’m freezing...; vdcr_direct_answer; concept_zh=晶核形成; concept_type=自然动态机制; priority=B,data/vdcr_candidate_videos_combined_v1.csv
vdcr_archive_b04_000040,https://archive.org/details/adam-ragusea-how-flash-freezing-preserves-food-quality,internet_archive,archive_license_verify_on_page,820.2,0.0,30.0,chemistry_materials_change,Crystal Nucleation,chemistry_materials_change,materials_family_02,"Candidate must show the temporal sequence that instantiates Crystal Nucleation, not merely an object, scene, or static result.","archive_search_collected; search_term=Crystal Nucleation; archive_identifier=adam-ragusea-how-flash-freezing-preserves-food-quality; archive_file=how-flash-freezing-preserves-food-quality.webm; title=How flash-freezing preserves food quality; description=Video posted by Adam Ragusea on his Youtube channel Original Youtube Video Description Thanks to Squarespace for sponsoring this video! Go to Squarespace.com for a free trial, and when you’re ready to launch, go to http://squarespace.com...; vdcr_direct_answer; concept_zh=晶核形成; concept_type=自然动态机制; priority=B",data/vdcr_candidate_videos_combined_v1.csv
vdcr_archive_b04_000041,https://archive.org/details/MakeMine1948,internet_archive,archive_license_verify_on_page,570.1,0.0,30.0,chemistry_materials_change,Blue Bottle Reaction,chemistry_materials_change,materials_family_03,"Candidate must show the temporal sequence that instantiates Blue Bottle Reaction, not merely an object, scene, or static result.",archive_search_collected; search_term=Blue Bottle Reaction; archive_identifier=MakeMine1948; archive_file=MakeMine1948.ogv; title=Make Mine Freedom; description=This Cold War-era cartoon uses humor to tout the dangers of Communism and the benefits of capitalism.; vdcr_direct_answer; concept_zh=蓝瓶反应; concept_type=实验动态图样; priority=B,data/vdcr_candidate_videos_combined_v1.csv
vdcr_archive_b04_000042,https://archive.org/details/Gregg_Arthur_Subic_Bay_1966,internet_archive,archive_license_verify_on_page,361.3,0.0,30.0,chemistry_materials_change,Blue Bottle Reaction,chemistry_materials_change,materials_family_03,"Candidate must show the temporal sequence that instantiates Blue Bottle Reaction, not merely an object, scene, or static result.","archive_search_collected; search_term=Blue Bottle Reaction; archive_identifier=Gregg_Arthur_Subic_Bay_1966; archive_file=Gregg_Arthur_Subic_Bay_1966.ogv; title=[Vietnam War home movie of Subic Bay, Philippines re-supply trip, 1966-67]; description=Shot by Gregg Arthur, of Marine Corps unit D Co/1st Battalion 26th Marine Regiment 5th Marine Division, on a Super 8mm Canon camera in 1966-67. Footage shows return from battle in Operation Deckhouse in Republic of Vietnam to Philippines...; vdcr_direct_answer; concept_zh=蓝瓶反应; concept_type=实验动态图样; priority=B",data/vdcr_candidate_videos_combined_v1.csv
vdcr_archive_b04_000043,https://archive.org/details/lifeinthe30sreel1,internet_archive,archive_license_verify_on_page,1564.9,0.0,30.0,chemistry_materials_change,Blue Bottle Reaction,chemistry_materials_change,materials_family_03,"Candidate must show the temporal sequence that instantiates Blue Bottle Reaction, not merely an object, scene, or static result.","archive_search_collected; search_term=Blue Bottle Reaction; archive_identifier=lifeinthe30sreel1; archive_file=lifeinthe30sreel2.ogv; title=Life in the 30's; description=Life in the 30's Summary Covers the Depression, FDR, Dust Bowl, 1936 election, 'RENDEZVOUS WITH DESTINY,' and the rise of Hitler, Mussolini and Hirohito. Alexander Scourby narrates.; vdcr_direct_answer; concept_zh=蓝瓶反应; concept_type=实验动态图样; priority=B",data/vdcr_candidate_videos_combined_v1.csv
vdcr_archive_b04_000044,https://archive.org/details/hollywoodthegoldenyears,internet_archive,archive_license_verify_on_page,1496.8,0.0,30.0,chemistry_materials_change,Blue Bottle Reaction,chemistry_materials_change,materials_family_03,"Candidate must show the temporal sequence that instantiates Blue Bottle Reaction, not merely an object, scene, or static result.","archive_search_collected; search_term=Blue Bottle Reaction; archive_identifier=hollywoodthegoldenyears; archive_file=hollywoodthegoldenyearsreel1.ogv; title=Hollywood: The Golden Years; description=Hollywood: The Golden Years Traces the growth of the motion picture industry from nickelodeon days to the advent of sound. Features such stars as Charles Chaplin, Douglas Fairbanks, Mary Pickford, Rudolph Valentino, and Greta Garbo, and...; vdcr_direct_answer; concept_zh=蓝瓶反应; concept_type=实验动态图样; priority=B",data/vdcr_candidate_videos_combined_v1.csv
vdcr_archive_b04_000045,https://archive.org/details/thosewonderfuldogs,internet_archive,archive_license_verify_on_page,1692.2,0.0,30.0,chemistry_materials_change,Chemical Traffic Light Reaction,chemistry_materials_change,materials_family_03,"Candidate must show the temporal sequence that instantiates Chemical Traffic Light Reaction, not merely an object, scene, or static result.","archive_search_collected; search_term=Chemical Traffic Light Reaction; archive_identifier=thosewonderfuldogs; archive_file=thosewonderfuldogsreel1.ogv; title=Those Wonderful Dogs; description=From WorldCat: A beautifully photographed documentary about dogs: dogs' herding skills, dogs helping handicapped persons, dogs in combat, dogs in rescue missions, and search dogs in disaster areas.; vdcr_direct_answer; concept_zh=化学交通灯反应; concept_type=实验动态图样; priority=B",data/vdcr_candidate_videos_combined_v1.csv
vdcr_archive_b05_000001,https://archive.org/details/ClaudiusMaximus_-_rdex_2010-05-22,internet_archive,http://creativecommons.org/licenses/by/3.0/,900.0,0.0,30.0,chemistry_materials_change,Reaction-Diffusion Wave,chemistry_materials_change,materials_family_04,"Candidate must show the temporal sequence that instantiates Reaction-Diffusion Wave, not merely an object, scene, or static result.","archive_search_collected; search_term=Reaction-Diffusion Wave; archive_identifier=ClaudiusMaximus_-_rdex_2010-05-22; archive_file=ClaudiusMaximus_-_rdex_2010-05-22_512kb.mp4; title=rdex 2010-05-22; description=An audio-visual set recorded at home with no live audience. RDEX (Reaction-Diffusion EXplorer) live edition has a step sequencer to choose 4D parameter points, and evolve a pseudo-chemical reaction corresponding to those parameters. The...; vdcr_direct_answer; concept_zh=反应-扩散波; concept_type=自然动态机制; priority=B",data/vdcr_candidate_videos_combined_v1.csv
vdcr_archive_b05_000002,https://archive.org/details/don-c.-workflow-compilation,internet_archive,https://creativecommons.org/licenses/by-nc-nd/4.0/,31.4,0.0,30.0,chemistry_materials_change,Reaction-Diffusion Wave,chemistry_materials_change,materials_family_04,"Candidate must show the temporal sequence that instantiates Reaction-Diffusion Wave, not merely an object, scene, or static result.",archive_search_collected; search_term=Reaction-Diffusion Wave; archive_identifier=don-c.-workflow-compilation; archive_file=Don C. workflow compilation.mp4; title=Excerpt from an Artist's Diary; description=A tutorial on how (or better said why ) to use FFMPEG to post-edit sound and video. The 1st part of the video is with the original sound. The 2nd part is with the audio post-processed by ffmpeg. The 3rd and last part of the video was the...; vdcr_direct_answer; concept_zh=反应-扩散波; concept_type=自然动态机制; priority=B,data/vdcr_candidate_videos_combined_v1.csv
vdcr_archive_b05_000003,https://archive.org/details/lifeinaweaverbirdcoloythevillageweaverbird,internet_archive,archive_license_verify_on_page,1164.0,0.0,30.0,chemistry_materials_change,Coffee-Ring Formation,chemistry_materials_change,materials_family_05,"Candidate must show the temporal sequence that instantiates Coffee-Ring Formation, not merely an object, scene, or static result.","archive_search_collected; search_term=Coffee-Ring Formation; archive_identifier=lifeinaweaverbirdcoloythevillageweaverbird; archive_file=lifeinaweaverbirdcoloythevillageweaverbird.ogv; title=Life in a weaverbird colony.: the village waeverbird (Ploceus Cucullatus); description=Directed by N.E. Collias A study of the village weaverbird's breeding behavior showing the weaving of nests by the male, territorial defense, courtship and pair formation, copulation, female behavior in lining the nest, and feeding nestl...; vdcr_direct_answer; concept_zh=咖啡环形成; concept_type=自然动态机制; priority=B",data/vdcr_candidate_videos_combined_v1.csv
vdcr_archive_b05_000004,https://archive.org/details/e_history_StreamRoot_DH_0325_19610804_01,internet_archive,archive_license_verify_on_page,516.0,0.0,30.0,chemistry_materials_change,Flame Front Propagation,chemistry_materials_change,materials_family_07,"Candidate must show the temporal sequence that instantiates Flame Front Propagation, not merely an object, scene, or static result.","archive_search_collected; search_term=Flame Front Propagation; archive_identifier=e_history_StreamRoot_DH_0325_19610804_01; archive_file=e_history_StreamRoot_DH_0325_19610804_01.ogv; title=e_history_StreamRoot_DH_0325_19610804_01; description=In Korean: 대한뉴스 제 325호 혁명재판. -제1법정: 최인규씨를 비롯한 3.15부정선거 관련자 피고 25명. -제2법정: 민족일보사 사건 조용수 이하 13명. -제3법정: 신도환 등 부정선거 관련 18명. -제4호법정: 임흥수를 비롯한 부정선거 관련 피고 10명. -제5호법정: 이정재 등 단체폭력단 피고들의 재판. -피고들의 공소장 낭독, 사실 심리, 최인규씨 모습.박정희 장관, 맬로이 유엔군 총사령관과 함께...; vdcr_direct_answer; concept_zh=火焰前沿传播; concept_type=自然动态机制; priority=B",data/vdcr_candidate_videos_combined_v1.csv
vdcr_archive_b05_000005,https://archive.org/details/excretorysystemsinanimals,internet_archive,archive_license_verify_on_page,961.5,0.0,30.0,chemistry_materials_change,Diffusion Flame,chemistry_materials_change,materials_family_07,"Candidate must show the temporal sequence that instantiates Diffusion Flame, not merely an object, scene, or static result.","archive_search_collected; search_term=Diffusion Flame; archive_identifier=excretorysystemsinanimals; archive_file=excretorysystemsinanimals.ogv; title=Excretory systems in animals.; description=Author and editor, George Vuke, photographers, George Vuke, Tom Held Compares the excretory systems of a variety of phyla. Points out principal excretory organs and shows the excretory organs in a dissected dog Summary Discusses the excr...; vdcr_direct_answer; concept_zh=扩散火焰; concept_type=自然动态机制; priority=B",data/vdcr_candidate_videos_combined_v1.csv
vdcr_archive_b05_000006,https://archive.org/details/70464-us-army-the-cbr-story-vwr,internet_archive,archive_license_verify_on_page,2224.9,0.0,30.0,chemistry_materials_change,Diffusion Flame,chemistry_materials_change,materials_family_07,"Candidate must show the temporal sequence that instantiates Diffusion Flame, not merely an object, scene, or static result.","archive_search_collected; search_term=Diffusion Flame; archive_identifier=70464-us-army-the-cbr-story-vwr; archive_file=70464 US Army The CBR Story_vwr.mp4; title=U.S. ARMY CHEMICAL CORPS ""THE CHEMICAL BIOLOGICAL RADIOLOGICAL STORY"" CHEMICAL WARFARE 70464; description=Presented by the U.S. Army and its Chemical Corps, The Chemical Biological Radiation Story (M.F.3 9027) shows viewers how the U.S. army is developing its chemical, biological and radiation capabilities from both the aggressive and the de...; vdcr_direct_answer; concept_zh=扩散火焰; concept_type=自然动态机制; priority=B",data/vdcr_candidate_videos_combined_v1.csv
vdcr_archive_b05_000007,https://archive.org/details/MSFC-0300183,internet_archive,archive_license_verify_on_page,21.0,0.0,21.0,chemistry_materials_change,Diffusion Flame,chemistry_materials_change,materials_family_07,"Candidate must show the temporal sequence that instantiates Diffusion Flame, not merely an object, scene, or static result.",archive_search_collected; search_term=Diffusion Flame; archive_identifier=MSFC-0300183; archive_file=0300183.ogv; title=Burning Laminar Jet Diffusion Flame; description=Study of the downlink data from the Laminar Soot Processes (LSP) experiment quickly resulted in discovery of a new mechanism of flame extinction caused by radiation of soot. Scientists found that the flames emit soot sooner than expected...; vdcr_direct_answer; concept_zh=扩散火焰; concept_type=自然动态机制; priority=B,data/vdcr_candidate_videos_combined_v1.csv
vdcr_archive_b05_000008,https://archive.org/details/MSFC-0300185,internet_archive,archive_license_verify_on_page,10.0,0.0,10.0,chemistry_materials_change,Diffusion Flame,chemistry_materials_change,materials_family_07,"Candidate must show the temporal sequence that instantiates Diffusion Flame, not merely an object, scene, or static result.",archive_search_collected; search_term=Diffusion Flame; archive_identifier=MSFC-0300185; archive_file=0300185.ogv; title=Laminar Jet Diffusion Flame Burning; description=Study of the downlink data from the Laminar Soot Processes (LSP) experiment quickly resulted in discovery of a new mechanism of flame extinction caused by radiation of soot. Scientists found that the flames emit soot sooner than expected...; vdcr_direct_answer; concept_zh=扩散火焰; concept_type=自然动态机制; priority=B,data/vdcr_candidate_videos_combined_v1.csv
vdcr_archive_b05_000009,https://archive.org/details/Dragon_Quest_4_PS1-Red_Scarlet,internet_archive,archive_license_verify_on_page,4228.5,0.0,30.0,chemistry_materials_change,Flame Flashback,chemistry_materials_change,materials_family_07,"Candidate must show the temporal sequence that instantiates Flame Flashback, not merely an object, scene, or static result.","archive_search_collected; search_term=Flame Flashback; archive_identifier=Dragon_Quest_4_PS1-Red_Scarlet; archive_file=Dragon_Quest_4_PS1_Chapter_4.ogv; title=Dragon Quest 4 (PS1) - 'Red Scarlet'; description=Hello. When I first requested suggestions for my summer project of playing through Final Fantasy 1, 2, 3, 4, 5, 6, 7, 8, 9, 10, X-2, 12 and then the Dragon Quest games over the summer at a forum I go to ( http://www.neogaf.com/forum/show...; vdcr_direct_answer; concept_zh=火焰闪回; concept_type=自然动态机制; priority=B",data/vdcr_candidate_videos_combined_v1.csv
vdcr_archive_b05_000010,https://archive.org/details/FinalFantasy3_SS_448,internet_archive,archive_license_verify_on_page,20074.8,0.0,30.0,chemistry_materials_change,Flame Flashback,chemistry_materials_change,materials_family_07,"Candidate must show the temporal sequence that instantiates Flame Flashback, not merely an object, scene, or static result.","archive_search_collected; search_term=Flame Flashback; archive_identifier=FinalFantasy3_SS_448; archive_file=FinalFantasy3_SS_448_LQ.mp4; title=Final Fantasy III (SNES) - Single-segment 4:48 - Kari Johnson; description=Single-segment speed run of Final Fantasy III, done on July 24 2007. Available in five versions: low/normal quality DivX, and normal/high/low quality H.264 MPEG-4. Author's comments: I would like to give a big thanks the following people...; vdcr_direct_answer; concept_zh=火焰闪回; concept_type=自然动态机制; priority=B",data/vdcr_candidate_videos_combined_v1.csv
vdcr_archive_b05_000011,https://archive.org/details/FirePat1951,internet_archive,http://creativecommons.org/licenses/publicdomain/,985.3,0.0,30.0,chemistry_materials_change,Flame Flashback,chemistry_materials_change,materials_family_07,"Candidate must show the temporal sequence that instantiates Flame Flashback, not merely an object, scene, or static result.","archive_search_collected; search_term=Flame Flashback; archive_identifier=FirePat1951; archive_file=FirePat1951_512kb.mp4; title=Fire! Patty Learns What to Do; description=Fire safety film filmed in and around the Chatsworth fire of 1947 in the San Fernando Valley of Los Angeles, at a time when many parts of the Valley were still farming communities. The film takes the point of view of a child whose family...; vdcr_direct_answer; concept_zh=火焰闪回; concept_type=自然动态机制; priority=B",data/vdcr_candidate_videos_combined_v1.csv
vdcr_archive_b05_000012,https://archive.org/details/JetGrindRadio_SS_10339,internet_archive,archive_license_verify_on_page,4383.3,0.0,30.0,chemistry_materials_change,Flame Flashback,chemistry_materials_change,materials_family_07,"Candidate must show the temporal sequence that instantiates Flame Flashback, not merely an object, scene, or static result.","archive_search_collected; search_term=Flame Flashback; archive_identifier=JetGrindRadio_SS_10339; archive_file=JetGrindRadio_SS_10339_LQ.mp4; title=Jet Grind Radio (DC) - Single-segment 1:03:39 - Mandela Shabazz; description=Single-segment speed run of Jet Grind Radio, done on June 1 2007. Available in five versions: low/normal quality DivX, and normal/high/low quality H.264 MPEG-4. Author's comments: JSR is my second speedrun, my first was the ps2 Shinobi....; vdcr_direct_answer; concept_zh=火焰闪回; concept_type=自然动态机制; priority=B",data/vdcr_candidate_videos_combined_v1.csv
vdcr_archive_b05_000013,https://archive.org/details/DonkeyKong64_101p_902,internet_archive,archive_license_verify_on_page,111.9,0.0,30.0,chemistry_materials_change,Oscillating Flame,chemistry_materials_change,materials_family_07,"Candidate must show the temporal sequence that instantiates Oscillating Flame, not merely an object, scene, or static result.","archive_search_collected; search_term=Oscillating Flame; archive_identifier=DonkeyKong64_101p_902; archive_file=DonkeyKong64_101p_902_LQ_part12.mp4; title=Donkey Kong 64 (N64) - 100% 9:02 - Joe Wiewel; description=Speed run of Donkey Kong 64 with 100% completion (the game calls it 101%) in 14 segments, completed on August 4 2006. Available in five versions: low/normal quality DivX, and normal/high/low quality H.264 MPEG-4. Author's comments: I hav...; vdcr_direct_answer; concept_zh=振荡火焰; concept_type=自然动态机制; priority=B",data/vdcr_candidate_videos_combined_v1.csv
vdcr_archive_b05_000014,https://archive.org/details/buttocks-gluteal-implants-insertion,internet_archive,archive_license_verify_on_page,284.3,0.0,30.0,chemistry_materials_change,Gel Swelling,chemistry_materials_change,materials_family_09,"Candidate must show the temporal sequence that instantiates Gel Swelling, not merely an object, scene, or static result.","archive_search_collected; search_term=Gel Swelling; archive_identifier=buttocks-gluteal-implants-insertion; archive_file=Buttocks Gluteal Implants Insertion.ia.mp4; title=Buttocks Gluteal Implants Insertion; description=Buttocks gluteal implants are a cosmetic procedure designed to enhance the size and shape of the buttocks. The insertion process involves several key steps, typically performed under general anesthesia. Steps of the Insertion Procedure S...; vdcr_direct_answer; concept_zh=凝胶溶胀; concept_type=自然动态机制; priority=B",data/vdcr_candidate_videos_combined_v1.csv
vdcr_archive_b05_000015,https://archive.org/details/thrombopheblits-vd,internet_archive,https://creativecommons.org/publicdomain/zero/1.0/,34.0,0.0,30.0,chemistry_materials_change,Gel Swelling,chemistry_materials_change,materials_family_09,"Candidate must show the temporal sequence that instantiates Gel Swelling, not merely an object, scene, or static result.","archive_search_collected; search_term=Gel Swelling; archive_identifier=thrombopheblits-vd; archive_file=thrombopheblits vd.mp4; title=How to Treat Superficial Thrombophlebitis; description=Experiencing a red, swollen, painful vein just beneath your skin? You could be dealing with Superficial Thrombophlebitis, a clot in a surface vein causing discomfort and inflammation. Watch this quick 32-second guide to identify symptoms...; vdcr_direct_answer; concept_zh=凝胶溶胀; concept_type=自然动态机制; priority=B",data/vdcr_candidate_videos_combined_v1.csv
vdcr_archive_b05_000016,https://archive.org/details/yt__D6Yku4uEFc,internet_archive,archive_license_verify_on_page,193.6,0.0,30.0,chemistry_materials_change,Gel Swelling,chemistry_materials_change,materials_family_09,"Candidate must show the temporal sequence that instantiates Gel Swelling, not merely an object, scene, or static result.",archive_search_collected; search_term=Gel Swelling; archive_identifier=yt__D6Yku4uEFc; archive_file=_D6Yku4uEFc.mp4; title=U.S. Food and Drug Administration - FDA Advises Health Care Providers about Breast Implants and ALCL (YouTube); description=Downloaded from U.S. Food and Drug Administration Youtube channel on 2025-02-07 02:09:59 https://youtube.com/watch?v=_D6Yku4uEFc -------- FDA Advises Health Care Providers on Breast Implants and ALCL FDA is notifying healthcare providers...; vdcr_direct_answer; concept_zh=凝胶溶胀; concept_type=自然动态机制; priority=B,data/vdcr_candidate_videos_combined_v1.csv
vdcr_archive_b05_000017,https://archive.org/details/superredgames-collection,internet_archive,archive_license_verify_on_page,3649.7,0.0,30.0,biology_living_systems,Axel Jump,biology_living_systems,biology_family_02,"Candidate must show the temporal sequence that instantiates Axel Jump, not merely an object, scene, or static result.","archive_search_collected; search_term=Axel Jump; archive_identifier=superredgames-collection; archive_file=Video Game Music Remixes 1.mp4; title=SuperRedGames Collection; description=A collection of videos from SuperRedGames, including some privated videos.; vdcr_direct_answer; concept_zh=阿克塞尔跳; concept_type=专有动态动作概念; priority=B",data/vdcr_candidate_videos_combined_v1.csv
vdcr_archive_b05_000018,https://archive.org/details/KingdomHearts2_Beginner_439,internet_archive,archive_license_verify_on_page,229.1,0.0,30.0,biology_living_systems,Axel Jump,biology_living_systems,biology_family_02,"Candidate must show the temporal sequence that instantiates Axel Jump, not merely an object, scene, or static result.","archive_search_collected; search_term=Axel Jump; archive_identifier=KingdomHearts2_Beginner_439; archive_file=KingdomHearts2_Beginner_439_LQ_part14.mp4; title=Kingdom Hearts II (PS2) - Beginner mode 4:39 - Asa Tims; description=Speed run of Kingdom Hearts II on Beginner mode in 16 segments, completed on June 17 2007. Available in five versions: low/normal quality DivX, and normal/high/low quality H.264 MPEG-4. Author's comments: This run, like the last, is dedi...; vdcr_direct_answer; concept_zh=阿克塞尔跳; concept_type=专有动态动作概念; priority=B",data/vdcr_candidate_videos_combined_v1.csv
vdcr_archive_b05_000019,https://archive.org/details/jazzwoche-burghausen,internet_archive,archive_license_verify_on_page,1351.0,0.0,30.0,biology_living_systems,Axel Jump,biology_living_systems,biology_family_02,"Candidate must show the temporal sequence that instantiates Axel Jump, not merely an object, scene, or static result.","archive_search_collected; search_term=Axel Jump; archive_identifier=jazzwoche-burghausen; archive_file=Jazzwoche Burghausen 1997：Kenny Barron, Gary Bartz Quartet.ia.mp4; title=Internationale Jazzwoche Burghausen 1987 ~ 2019; description=Internationale Jazzwoche Burghausen Internationale Jazzwoche Burghausen (Burghausen International Jazz Week) is a jazz festival in Burghausen, Altötting, Germany. It was founded in 1970 by Joe Viera. From the Mississippi to the Salzach,...; vdcr_direct_answer; concept_zh=阿克塞尔跳; concept_type=专有动态动作概念; priority=B",data/vdcr_candidate_videos_combined_v1.csv
vdcr_archive_b05_000020,https://archive.org/details/EcheniqueMixPres.RockinBeatsMedley2016,internet_archive,archive_license_verify_on_page,455.2,0.0,30.0,biology_living_systems,Axel Jump,biology_living_systems,biology_family_02,"Candidate must show the temporal sequence that instantiates Axel Jump, not merely an object, scene, or static result.",archive_search_collected; search_term=Axel Jump; archive_identifier=EcheniqueMixPres.RockinBeatsMedley2016; archive_file=Echenique Mix Pres. - Rockin' Beats Medley (2016).ogv; title=Echenique Mix Pres. Rockin' Beats Medley ( 2016); description=Chemical Brothers - Block Rockin' Beats Afrika Bambaataa - Just Get Up And Dance Sergio Mendes - Mas Que Nada Michael Jackson Feat Janet Jackson - Scream House Of Pain - Jump Around Bizarre Inc Feat Angie Brown - I'm Gonna Get You Flo Ri...; vdcr_direct_answer; concept_zh=阿克塞尔跳; concept_type=专有动态动作概念; priority=B,data/vdcr_candidate_videos_combined_v1.csv
vdcr_archive_b05_000021,https://archive.org/details/yX7d0foNhO1tjePMLHWdB21IxHbbIS,internet_archive,archive_license_verify_on_page,576.4,0.0,30.0,biology_living_systems,Salchow Jump,biology_living_systems,biology_family_02,"Candidate must show the temporal sequence that instantiates Salchow Jump, not merely an object, scene, or static result.","archive_search_collected; search_term=Salchow Jump; archive_identifier=yX7d0foNhO1tjePMLHWdB21IxHbbIS; archive_file=tmplhgfoxom.mp4; title=""RHYTHM ON WHEELS"" 1944 GRANTLAND RICE SPORTLIGHT ROLLER SKATES & ROLLER SKATING XD5151; description=Presented by U.M. & M. Corporation and Adolph Zukor as part of the Grantland Rice Sportlight series, this black and white newsreel style film is titled “Rhythm on Wheels” and was originally released in 1944. It showcases the history and...; vdcr_direct_answer; concept_zh=后内结环跳; concept_type=专有动态动作概念; priority=B",data/vdcr_candidate_videos_combined_v1.csv
vdcr_archive_b05_000022,https://archive.org/details/deepdance50anniversaryvideomixpart2,internet_archive,archive_license_verify_on_page,3272.5,0.0,30.0,biology_living_systems,Toe Loop Jump,biology_living_systems,biology_family_02,"Candidate must show the temporal sequence that instantiates Toe Loop Jump, not merely an object, scene, or static result.",archive_search_collected; search_term=Toe Loop Jump; archive_identifier=deepdance50anniversaryvideomixpart2; archive_file=Deep Dance 50 - Anniversary Videomix Part 2.mp4; title=Deep Dance 50 Anniversary Videomix Part 2; description=Deep 50 Part II (19:23) Magic Affair - The Night Of The Raven Disco Blu - Sun Days Tomcraft - Mind 2 Brothers On The 4th Floor - I'm Thinkin' Of You Jam & Spoon - El Baile Brooklyn Bounce - The Real Bass Mr. President - Take Me To The Li...; vdcr_direct_answer; concept_zh=后外点冰跳; concept_type=专有动态动作概念; priority=B,data/vdcr_candidate_videos_combined_v1.csv
vdcr_archive_b05_000023,https://archive.org/details/npo-op1-2021-08-02,internet_archive,archive_license_verify_on_page,4680.2,0.0,30.0,biology_living_systems,Toe Loop Jump,biology_living_systems,biology_family_02,"Candidate must show the temporal sequence that instantiates Toe Loop Jump, not merely an object, scene, or static result.","archive_search_collected; search_term=Toe Loop Jump; archive_identifier=npo-op1-2021-08-02; archive_file=Op1-NPO-12021-08-0222-20.mp4; title=OP1 Talk Show 2021-08-02; description=Broadcast from 2021-08-02 of Dutch late evening talk show 'OP1'. Op1 is a Dutch talk show on television that is broadcasted on the late evening on NPO 1. The presentation is in the hands of changing duos, each of which can be seen on a s...; vdcr_direct_answer; concept_zh=后外点冰跳; concept_type=专有动态动作概念; priority=B",data/vdcr_candidate_videos_combined_v1.csv
vdcr_archive_b05_000024,https://archive.org/details/nos-jeugdjournaal-2021-09-12,internet_archive,archive_license_verify_on_page,1319.4,0.0,30.0,biology_living_systems,Toe Loop Jump,biology_living_systems,biology_family_02,"Candidate must show the temporal sequence that instantiates Toe Loop Jump, not merely an object, scene, or static result.",archive_search_collected; search_term=Toe Loop Jump; archive_identifier=nos-jeugdjournaal-2021-09-12; archive_file=NOS-Jeugdjournaal-NPO-32021-09-1219-00.mp4; title=NOS Jeugdjournaal 2021-09-12; description=NOS Jeugdjournaal broadcast from 2021-09-12. Jeugdjournaal is a Dutch television news programme produced by the Dutch public service broadcaster NOS for children. The programme has been on air since 1981. Transcription: 888 LIVEPROGRAMMA...; vdcr_direct_answer; concept_zh=后外点冰跳; concept_type=专有动态动作概念; priority=B,data/vdcr_candidate_videos_combined_v1.csv
vdcr_archive_b05_000025,https://archive.org/details/bnnvara-vooravond-2021-05-24,internet_archive,archive_license_verify_on_page,3780.7,0.0,30.0,biology_living_systems,Toe Loop Jump,biology_living_systems,biology_family_02,"Candidate must show the temporal sequence that instantiates Toe Loop Jump, not merely an object, scene, or static result.","archive_search_collected; search_term=Toe Loop Jump; archive_identifier=bnnvara-vooravond-2021-05-24; archive_file=De-Vooravond-NPO-12021-05-2419-00.mp4; title=De Vooravond Talk Show 2021-05-24; description=De Vooravond is a Dutch talk show from BNNVARA that has been broadcast live on NPO 1 on working days since August 31, 2020. The presentation is in the hands of Fidan Ekiz and Renze Klamer. Broadcast from 2021-05-24. Transcription: De gro...; vdcr_direct_answer; concept_zh=后外点冰跳; concept_type=专有动态动作概念; priority=B",data/vdcr_candidate_videos_combined_v1.csv
vdcr_archive_b05_000026,https://archive.org/details/nos-news-2023-01-01,internet_archive,archive_license_verify_on_page,1808.4,0.0,30.0,biology_living_systems,Toe Loop Jump,biology_living_systems,biology_family_02,"Candidate must show the temporal sequence that instantiates Toe Loop Jump, not merely an object, scene, or static result.",archive_search_collected; search_term=Toe Loop Jump; archive_identifier=nos-news-2023-01-01; archive_file=NOS-Journaal-NPO-12023-01-0120-00.mp4; title=NOS Achtuurjournaal 2023-01-01; description=NOS Achtuurjournaal (eight o'clock news). Broadcast from 2023-01-01. NOS Journaal is the umbrella name for the news broadcasts of the Dutch public broadcaster NOS on radio and television. The 8pm broadcast is the oldest and considered to...; vdcr_direct_answer; concept_zh=后外点冰跳; concept_type=专有动态动作概念; priority=B,data/vdcr_candidate_videos_combined_v1.csv
vdcr_archive_b05_000027,https://archive.org/details/dvd-transfer-164,internet_archive,archive_license_verify_on_page,1985.4,0.0,30.0,biology_living_systems,Yurchenko Vault,biology_living_systems,biology_family_02,"Candidate must show the temporal sequence that instantiates Yurchenko Vault, not merely an object, scene, or static result.","archive_search_collected; search_term=Yurchenko Vault; archive_identifier=dvd-transfer-164; archive_file=VTS_01_5.ia.mp4; title=DVD Transfer 164 (Mostly July-August 1989 Recordings); description=(c)1989, 1994 DVD Transfer 164 consists mostly of July-August 1989 recordings plus part of an August 19, 1994 Entertainment Tonight. Also included are a few snippets of the 1989 American Bowl preseason game between the Philadelphia Eagle...; vdcr_direct_answer; concept_zh=尤尔琴科跳马; concept_type=专有动态动作概念; priority=B",data/vdcr_candidate_videos_combined_v1.csv
vdcr_archive_b05_000028,https://archive.org/details/olympiakisat-ateena-2004-miesten-seivashyppy-finaali,internet_archive,archive_license_verify_on_page,301.2,0.0,30.0,biology_living_systems,Yurchenko Vault,biology_living_systems,biology_family_02,"Candidate must show the temporal sequence that instantiates Yurchenko Vault, not merely an object, scene, or static result.",archive_search_collected; search_term=Yurchenko Vault; archive_identifier=olympiakisat-ateena-2004-miesten-seivashyppy-finaali; archive_file=Olympiakisat Ateena 2004 Miesten Seiväshyppy Finaali.mp4; title=Olympiakisat Ateena 2004 Miesten Seiväshyppy Finaali; description=Olympic Games Athens 2004 Men's Pole Vault Final; vdcr_direct_answer; concept_zh=尤尔琴科跳马; concept_type=专有动态动作概念; priority=B,data/vdcr_candidate_videos_combined_v1.csv
vdcr_archive_b05_000029,https://archive.org/details/the_gorilla,internet_archive,http://creativecommons.org/licenses/publicdomain/,3963.0,0.0,30.0,biology_living_systems,Kovacs Release,biology_living_systems,biology_family_02,"Candidate must show the temporal sequence that instantiates Kovacs Release, not merely an object, scene, or static result.","archive_search_collected; search_term=Kovacs Release; archive_identifier=the_gorilla; archive_file=the_gorilla.ogv; title=Gorilla, The; description=The three Ritz Brothers are fumbling detectives prowling an old dark house haunted by Bela Lugosi, an insane murderer and a giant gorilla.; vdcr_direct_answer; concept_zh=科瓦奇腾越; concept_type=专有动态动作概念; priority=B",data/vdcr_candidate_videos_combined_v1.csv
vdcr_archive_b05_000030,https://archive.org/details/Pure_Pwnage_Episode_1,internet_archive,archive_license_verify_on_page,696.3,0.0,30.0,biology_living_systems,Kovacs Release,biology_living_systems,biology_family_02,"Candidate must show the temporal sequence that instantiates Kovacs Release, not merely an object, scene, or static result.","archive_search_collected; search_term=Kovacs Release; archive_identifier=Pure_Pwnage_Episode_1; archive_file=Pure_Pwnage_101.ogv; title=Pure Pwnage Episode 1 - The Life of a Pro Gamer; description=The first episode of Pure Pwnage, introducing Jeremy and Kyle. Jeremy explains why he is making this show, and how he lives. By making this show, he believes that he can help any given person be more like him, and less of a ""noob"". After...; vdcr_direct_answer; concept_zh=科瓦奇腾越; concept_type=专有动态动作概念; priority=B",data/vdcr_candidate_videos_combined_v1.csv
vdcr_archive_b05_000031,https://archive.org/details/Pure_Pwnage_Episode_3,internet_archive,archive_license_verify_on_page,719.9,0.0,30.0,biology_living_systems,Kovacs Release,biology_living_systems,biology_family_02,"Candidate must show the temporal sequence that instantiates Kovacs Release, not merely an object, scene, or static result.","archive_search_collected; search_term=Kovacs Release; archive_identifier=Pure_Pwnage_Episode_3; archive_file=Pure_Pwnage_Episode_3.ogv; title=Pure Pwnage Episode 3 - FPS Doug; description=Jeremy begins by visiting two friends that are from ""Europia or whatever"" who translate messages for all the ""Germanic"" and ""Hollandaise"" fans of the show. Jeremy complains about EA, the company that develops and produces his favorite ga...; vdcr_direct_answer; concept_zh=科瓦奇腾越; concept_type=专有动态动作概念; priority=B",data/vdcr_candidate_videos_combined_v1.csv
vdcr_archive_b05_000032,https://archive.org/details/Pure_Pwnage_Episode_9,internet_archive,archive_license_verify_on_page,245.1,0.0,30.0,biology_living_systems,Kovacs Release,biology_living_systems,biology_family_02,"Candidate must show the temporal sequence that instantiates Kovacs Release, not merely an object, scene, or static result.","archive_search_collected; search_term=Kovacs Release; archive_identifier=Pure_Pwnage_Episode_9; archive_file=Pure_Pwnage_ep9_premiere.ogv; title=Pure Pwnage Episode 9 - The Story of Dave; description=The beginning of the episode is a Call of Duty 2 skit, featuring FPS Doug and Jeremy playing as soldiers. They make a reference to Pulp Fiction, Doug says ""[m]an, I hope you don't have a watch in your ass"". Also, the skit bears a resembl...; vdcr_direct_answer; concept_zh=科瓦奇腾越; concept_type=专有动态动作概念; priority=B",data/vdcr_candidate_videos_combined_v1.csv
vdcr_archive_b05_000033,https://archive.org/details/Pure_Pwnage_Episode_6,internet_archive,archive_license_verify_on_page,189.1,0.0,30.0,biology_living_systems,Kovacs Release,biology_living_systems,biology_family_02,"Candidate must show the temporal sequence that instantiates Kovacs Release, not merely an object, scene, or static result.","archive_search_collected; search_term=Kovacs Release; archive_identifier=Pure_Pwnage_Episode_6; archive_file=Pure_Pwnage_-_World_of_Warcraft_is_a_Feeling.ogg; title=Pure Pwnage Episode 6 - Imapwnu of Azeroth; description=Jeremy's computer has been confiscated by his mother, so he has intentions to spend the night playing CS:S at Dave's place. However, Kyle wants him to meet up with a girl named Anastasia before going to Dave's. Once he meets her, he real...; vdcr_direct_answer; concept_zh=科瓦奇腾越; concept_type=专有动态动作概念; priority=B",data/vdcr_candidate_videos_combined_v1.csv
vdcr_archive_b05_000034,https://archive.org/details/rebeliaosamurai,internet_archive,archive_license_verify_on_page,7249.7,0.0,30.0,biology_living_systems,Uchi Mata,biology_living_systems,biology_family_02,"Candidate must show the temporal sequence that instantiates Uchi Mata, not merely an object, scene, or static result.","archive_search_collected; search_term=Uchi Mata; archive_identifier=rebeliaosamurai; archive_file=1967 - Samurai Rebellion (Joi uchi Hairyo Tsuma Shimatsu) [1080p].mp4; title=Rebelião [Rebelião Samurai] (1967); description=Título Brasil: Rebelião Samurai Título Mundial: Samurai Rebellion Título Original: 上意討ち拝領妻始末 Jōi-uchi: Hairyō zuma shimatsu Ano de Lançamento: 1967 Qualidade: 1080p Idioma: Japonês Legenda: Inglês / Português Em 1725, durante o período E...; vdcr_direct_answer; concept_zh=内股投; concept_type=专有动态动作概念; priority=B",data/vdcr_candidate_videos_combined_v1.csv
vdcr_archive_b05_000035,https://archive.org/details/youtube-8vtfW7rdVAk,internet_archive,archive_license_verify_on_page,476.9,0.0,30.0,biology_living_systems,Tomoe Nage,biology_living_systems,biology_family_02,"Candidate must show the temporal sequence that instantiates Tomoe Nage, not merely an object, scene, or static result.","archive_search_collected; search_term=Tomoe Nage; archive_identifier=youtube-8vtfW7rdVAk; archive_file=8vtfW7rdVAk.mp4; title=5 QUEDAS DE JUDÔ NO MMA DE FORMA EFICIÊNTE (MMA THROWS) (REACT); description=Neste vídeo, para fechar com chave de ouro e complementar ainda mais os dois últimos vídeos aqui do canal ""POR QUE JUDO É A ARTE MARCIAL MAIS EFETIVA PARA AUTODEFESA"" e ""TOP 10 MOMENTOS INCRÍVEIS DE JUDÔ NA VIDA REAL"", resolvi trazer est...; vdcr_direct_answer; concept_zh=巴投; concept_type=专有动态动作概念; priority=B",data/vdcr_candidate_videos_combined_v1.csv
vdcr_archive_b05_000036,https://archive.org/details/drugs_are_like_that,internet_archive,archive_license_verify_on_page,976.9,0.0,30.0,biology_living_systems,Spinning Back Kick,biology_living_systems,biology_family_02,"Candidate must show the temporal sequence that instantiates Spinning Back Kick, not merely an object, scene, or static result.",archive_search_collected; search_term=Spinning Back Kick; archive_identifier=drugs_are_like_that; archive_file=drugs_are_like_that.ogv; title=Drugs Are Like That; description=Anita Bryant (famous Florida orange juice and anti-gay spokeswoman) narrates this film that tries to simplify its drug abuse message with an analogy of kids putting together a contraption out of Lego blocks. Although the metaphors often...; vdcr_direct_answer; concept_zh=后旋踢; concept_type=专有动态动作概念; priority=B,data/vdcr_candidate_videos_combined_v1.csv
vdcr_archive_b05_000037,https://archive.org/details/0767_Incredible_Machine_The_20_26_47_00,internet_archive,archive_license_verify_on_page,899.0,0.0,30.0,biology_living_systems,Spinning Back Kick,biology_living_systems,biology_family_02,"Candidate must show the temporal sequence that instantiates Spinning Back Kick, not merely an object, scene, or static result.","archive_search_collected; search_term=Spinning Back Kick; archive_identifier=0767_Incredible_Machine_The_20_26_47_00; archive_file=0767_Incredible_Machine_The_20_26_47_00_3mb.ogv; title=Incredible Machine, The; description=Informs viewer of the experimental advances in audiovisual communications techniques Bell Telephone Laboratories' researchers are experimenting with: computer graphics, synthesized speech, computer-made movies and music, and designing pr...; vdcr_direct_answer; concept_zh=后旋踢; concept_type=专有动态动作概念; priority=B",data/vdcr_candidate_videos_combined_v1.csv
vdcr_archive_b05_000038,https://archive.org/details/IndianaJonesEmperorsTomb_14643,internet_archive,archive_license_verify_on_page,54.5,0.0,30.0,biology_living_systems,Spinning Back Kick,biology_living_systems,biology_family_02,"Candidate must show the temporal sequence that instantiates Spinning Back Kick, not merely an object, scene, or static result.","archive_search_collected; search_term=Spinning Back Kick; archive_identifier=IndianaJonesEmperorsTomb_14643; archive_file=IndianaJonesEmperorsTomb_14643_IQ_part09_cutscene.ogv; title=Indiana Jones and the Emperor's Tomb (PC) - 1:46:43 - Erik Krug Aase; description=Speed run of Indiana Jones and the Emperor's Tomb, done in 58 segments across 10 files plus ending, completed on March 13 2006. Available in four qualities: low/normal/high/insane quality DivX. Author's comments: Preface: As I started th...; vdcr_direct_answer; concept_zh=后旋踢; concept_type=专有动态动作概念; priority=B",data/vdcr_candidate_videos_combined_v1.csv
vdcr_archive_b05_000039,https://archive.org/details/Mario64_SS_100p_20940,internet_archive,archive_license_verify_on_page,8199.4,0.0,30.0,biology_living_systems,Spinning Back Kick,biology_living_systems,biology_family_02,"Candidate must show the temporal sequence that instantiates Spinning Back Kick, not merely an object, scene, or static result.","archive_search_collected; search_term=Spinning Back Kick; archive_identifier=Mario64_SS_100p_20940; archive_file=Mario64_SS_100p_20940_LQ.mp4; title=Super Mario 64 (N64) - Single-segment 100% 2:09:40 - Peter Branam-Lefkove; description=Single-segment Speed run of Super Mario 64 collecting all 120 stars, done on September 14 2006. Available in five versions: normal/low quality DivX, and normal/high/low quality H.264 MPEG-4. Author's comments: I think everything that fol...; vdcr_direct_answer; concept_zh=后旋踢; concept_type=专有动态动作概念; priority=B",data/vdcr_candidate_videos_combined_v1.csv
vdcr_archive_b05_000040,https://archive.org/details/Spyro3_eu_100p_439,internet_archive,archive_license_verify_on_page,882.4,0.0,30.0,biology_living_systems,Spinning Back Kick,biology_living_systems,biology_family_02,"Candidate must show the temporal sequence that instantiates Spinning Back Kick, not merely an object, scene, or static result.","archive_search_collected; search_term=Spinning Back Kick; archive_identifier=Spyro3_eu_100p_439; archive_file=Spyro3_eu_100p_439_LQ_part10.mp4; title=Spyro: Year of the Dragon [eu] (PS) - 100% 4:39 - Daniel Burns; description=Speed run of Spyro: Year of the Dragon's European version in 12 segments, completed on October 24 2006. Available in five versions: low/normal quality DivX, and normal/high/low quality H.264 MPEG-4. Author's comments: Thanks to Radix and...; vdcr_direct_answer; concept_zh=后旋踢; concept_type=专有动态动作概念; priority=B",data/vdcr_candidate_videos_combined_v1.csv
vdcr_archive_b05_000041,https://archive.org/details/montyoumthemakingofhaloidcomplete,internet_archive,archive_license_verify_on_page,1133.6,0.0,30.0,biology_living_systems,Spinning Back Kick,biology_living_systems,biology_family_02,"Candidate must show the temporal sequence that instantiates Spinning Back Kick, not merely an object, scene, or static result.",archive_search_collected; search_term=Spinning Back Kick technique video; archive_identifier=montyoumthemakingofhaloidcomplete; archive_file=Monty Oum - The Making of Haloid - Complete.mp4; title=Monty Oum The Making Of Haloid Complete; description=The most important thing is knowing your mistakes and one of them here most obvious to me was this scene where they join hands and they already noticed because of the way inverse kinematic chains are set up and the way they work is they...; vdcr_direct_answer; concept_zh=后旋踢; concept_type=专有动态动作概念; priority=B,data/vdcr_candidate_videos_combined_v1.csv
vdcr_archive_b05_000042,https://archive.org/details/64584EncylopaediaBritiannicaFirstFiftyVwr,internet_archive,archive_license_verify_on_page,1042.9,0.0,30.0,biology_living_systems,Eskimo Roll / Kayak Roll,biology_living_systems,biology_family_02,"Candidate must show the temporal sequence that instantiates Eskimo Roll / Kayak Roll, not merely an object, scene, or static result.",archive_search_collected; search_term=Eskimo Roll; archive_identifier=64584EncylopaediaBritiannicaFirstFiftyVwr; archive_file=64584+Encylopaedia+Britiannica+First+Fifty_vwr.ogv; title=50th ANNIVERSARY CELEBRATION OF ENCYCLOPAEDIA BRITTANICA EDUCATIONAL EBE FILMS 64584; description=This 1978 color film celebrates 50 years of education through film and video by Encyclopedia (Encyclopaedia) Britannica. It was distributed by Suburban Audio Visual Service. At the time it was made Encyclopædia Britannica Films (also nam...; vdcr_direct_answer; concept_zh=爱斯基摩翻滚; concept_type=专有动态动作概念; priority=B,data/vdcr_candidate_videos_combined_v1.csv
vdcr_archive_b05_000043,https://archive.org/details/RadioOrphansPodcast230,internet_archive,archive_license_verify_on_page,2055.8,0.0,30.0,biology_living_systems,Eskimo Roll / Kayak Roll,biology_living_systems,biology_family_02,"Candidate must show the temporal sequence that instantiates Eskimo Roll / Kayak Roll, not merely an object, scene, or static result.","archive_search_collected; search_term=Eskimo Roll; archive_identifier=RadioOrphansPodcast230; archive_file=RadioOrphansPodcast230.ogv; title=Radio Orphans Podcast 230; description=Welcome, for episode 230 of the Radio Orphans Podcast, we present the following independent music for your listening pleasure: ""Artax, Please"" from The Body Rampant. Alternative modern rock from California. ""Turn It Up"" by Mindweiser. In...; vdcr_direct_answer; concept_zh=爱斯基摩翻滚; concept_type=专有动态动作概念; priority=B",data/vdcr_candidate_videos_combined_v1.csv
vdcr_archive_b05_000044,https://archive.org/details/202425_Tomorrow_Housing,internet_archive,archive_license_verify_on_page,388.5,0.0,30.0,biology_living_systems,Eskimo Roll / Kayak Roll,biology_living_systems,biology_family_02,"Candidate must show the temporal sequence that instantiates Eskimo Roll / Kayak Roll, not merely an object, scene, or static result.","archive_search_collected; search_term=Eskimo Roll; archive_identifier=202425_Tomorrow_Housing; archive_file=202425_Tomorrow_Housing_master.intros.mp4; title=Tomorrow Housing; description=Army-Navy Screen Magazine, Issue no. 69, ""a pictorial report from all fronts for the armed forces only"" An array of future housing alternatives for the post-World War II period are depicted in staged and unstaged scenes, most featuring r...; vdcr_direct_answer; concept_zh=爱斯基摩翻滚; concept_type=专有动态动作概念; priority=B",data/vdcr_candidate_videos_combined_v1.csv
vdcr_archive_b05_000045,https://archive.org/details/TheVistaGroup-KayakingBasics1991,internet_archive,archive_license_verify_on_page,2012.1,0.0,30.0,biology_living_systems,Eskimo Roll / Kayak Roll,biology_living_systems,biology_family_02,"Candidate must show the temporal sequence that instantiates Eskimo Roll / Kayak Roll, not merely an object, scene, or static result.","archive_search_collected; search_term=Eskimo Roll; archive_identifier=TheVistaGroup-KayakingBasics1991; archive_file=Kayaking Basics 1991.mp4; title=1991 VHS • Kayaking Basics 60 FPS; description=Kayaking Basics is an instructional video presented by Greg Barton, who won two gold medals in kayaking at the 1988 Seoul Olympics — one in the men's K-1 1000-meter event in a photo finish over an Australian competitor, and one in the K-...; vdcr_direct_answer; concept_zh=爱斯基摩翻滚; concept_type=专有动态动作概念; priority=B",data/vdcr_candidate_videos_combined_v1.csv
vdcr_archive_b05_000046,https://archive.org/details/RobertsonLMurrayKayak2,internet_archive,http://creativecommons.org/licenses/by-nc-sa/2.5/,57.2,0.0,30.0,biology_living_systems,Eskimo Roll / Kayak Roll,biology_living_systems,biology_family_02,"Candidate must show the temporal sequence that instantiates Eskimo Roll / Kayak Roll, not merely an object, scene, or static result.",archive_search_collected; search_term=Eskimo Roll / Kayak Roll; archive_identifier=RobertsonLMurrayKayak2; archive_file=kayaking2_512kb.mp4; title=Kayak2; description=Andys first attempt in his new kayak; vdcr_direct_answer; concept_zh=爱斯基摩翻滚; concept_type=专有动态动作概念; priority=B,data/vdcr_candidate_videos_combined_v1.csv
vdcr_archive_b05_000047,https://archive.org/details/RobertsonLMurrayFirstRoll,internet_archive,http://creativecommons.org/licenses/by-nc-sa/2.5/,49.5,0.0,30.0,biology_living_systems,Eskimo Roll / Kayak Roll,biology_living_systems,biology_family_02,"Candidate must show the temporal sequence that instantiates Eskimo Roll / Kayak Roll, not merely an object, scene, or static result.",archive_search_collected; search_term=Eskimo Roll / Kayak Roll; archive_identifier=RobertsonLMurrayFirstRoll; archive_file=kayaking.ogv; title=First Roll; description=Andy's and Robb's fist eskimo rolls; vdcr_direct_answer; concept_zh=爱斯基摩翻滚; concept_type=专有动态动作概念; priority=B,data/vdcr_candidate_videos_combined_v1.csv
vdcr_archive_b06_000001,https://archive.org/details/internet-outage,internet_archive,http://creativecommons.org/publicdomain/mark/1.0/,7015.9,0.0,30.0,biology_living_systems,Eskimo Roll / Kayak Roll,biology_living_systems,biology_family_02,"Candidate must show the temporal sequence that instantiates Eskimo Roll / Kayak Roll, not merely an object, scene, or static result.","archive_search_collected; search_term=Kayak Roll; archive_identifier=internet-outage; archive_file=Internet Outage.mp4; title=Internet Outage; description=Over 100 minutes of memes and nostalgic video oddities. Co-curated by Van Jazmin and Jordan Mantor. Rated PG-13 for language, adult themes. Credits: Brokeback to the Future by Chocolate Cake City and Worse Lip Reading All Studios Everyth...; vdcr_direct_answer; concept_zh=爱斯基摩翻滚; concept_type=专有动态动作概念; priority=B",data/vdcr_candidate_videos_combined_v1.csv
vdcr_archive_b06_000002,https://archive.org/details/89284-letter-from-paris-1946,internet_archive,archive_license_verify_on_page,1164.4,0.0,30.0,biology_living_systems,Eskimo Roll / Kayak Roll,biology_living_systems,biology_family_02,"Candidate must show the temporal sequence that instantiates Eskimo Roll / Kayak Roll, not merely an object, scene, or static result.","archive_search_collected; search_term=Kayak Roll; archive_identifier=89284-letter-from-paris-1946; archive_file=89284 Letter From Paris 1946.mp4; title=PARIS FRANCE 1946 POST-WWII TRAVELOGUE ""LETTER FROM PARIS"" 89284; description=This black & white educational/promotional film is about post-WWII Paris, what it offers to you, and how it is coming back after the second World War. It was made in 1946 from A.F. Films. Opening titles: A. F. Films presents ""Letter From...; vdcr_direct_answer; concept_zh=爱斯基摩翻滚; concept_type=专有动态动作概念; priority=B",data/vdcr_candidate_videos_combined_v1.csv
vdcr_archive_b06_000003,https://archive.org/details/md-86444-land-of-alice-vwr,internet_archive,archive_license_verify_on_page,1643.6,0.0,30.0,biology_living_systems,Eskimo Roll / Kayak Roll,biology_living_systems,biology_family_02,"Candidate must show the temporal sequence that instantiates Eskimo Roll / Kayak Roll, not merely an object, scene, or static result.","archive_search_collected; search_term=Kayak Roll; archive_identifier=md-86444-land-of-alice-vwr; archive_file=MD86444 Land Of Alice_vwr.mp4; title="" LAND OF WHITE ALICE "" ALASKA RADIO TELEPHONE & DISTANT EARLY WARNING SYSTEM / DEW LINE MD86444; description=This color educational film is about the introduction of the White Alice Communications Antenna System as well as daily life in Alaska. This was made in 1959. Mountains and glaciers of Alaska. Alaska's new antennas for a long distance te...; vdcr_direct_answer; concept_zh=爱斯基摩翻滚; concept_type=专有动态动作概念; priority=B",data/vdcr_candidate_videos_combined_v1.csv
vdcr_archive_b06_000004,https://archive.org/details/flint-center-event,internet_archive,archive_license_verify_on_page,230.9,0.0,30.0,biology_living_systems,Surfing Bottom Turn,biology_living_systems,biology_family_02,"Candidate must show the temporal sequence that instantiates Surfing Bottom Turn, not merely an object, scene, or static result.","archive_search_collected; search_term=Surfing Bottom Turn; archive_identifier=flint-center-event; archive_file=imovie.mp4; title=Apple Special Event October 1999; description=Official description from Apple's website: ""On the same stage where Macintosh was introduced to the world over 15 years ago, Apple Interim CEO Steve Jobs introduced a new family of iMacs, Mac OS 9, Sherlock 2, iMovie and more."" Note writ...; vdcr_direct_answer; concept_zh=冲浪底转; concept_type=专有动态动作概念; priority=B",data/vdcr_candidate_videos_combined_v1.csv
vdcr_archive_b06_000005,https://archive.org/details/tama-hero,internet_archive,archive_license_verify_on_page,6405.0,0.0,30.0,biology_living_systems,Surfing Bottom Turn,biology_living_systems,biology_family_02,"Candidate must show the temporal sequence that instantiates Surfing Bottom Turn, not merely an object, scene, or static result.",archive_search_collected; search_term=Surfing Bottom Turn; archive_identifier=tama-hero; archive_file=Feral Woman's Walkthrough to 100%ing Pokemon Gen 3 PART 2 - Tama Hero.mp4; title=How to 100% Pokemon Gen 1-3 Plus Checklist by Tama Hero; description=All 4 video guides Tama Hero made to 100% Pokemon generation 1 to 3. I've also included her Patreon checklists. Tama's Pokemon Generation 3 (RSE + FRLG + ColoXD) 100% Completionism Checklist Last time we went over how to 100% complete Ge...; vdcr_direct_answer; concept_zh=冲浪底转; concept_type=专有动态动作概念; priority=B,data/vdcr_candidate_videos_combined_v1.csv
vdcr_archive_b06_000006,https://archive.org/details/winning-battles-losing-wars,internet_archive,archive_license_verify_on_page,4650.1,0.0,30.0,biology_living_systems,Surfing Bottom Turn,biology_living_systems,biology_family_02,"Candidate must show the temporal sequence that instantiates Surfing Bottom Turn, not merely an object, scene, or static result.","archive_search_collected; search_term=Surfing Bottom Turn; archive_identifier=winning-battles-losing-wars; archive_file=Winning Battles, Losing Wars Rethinking U.S. Strategy in the Middle East.mp4; title=Winning Battles, Losing Wars: Rethinking U.S. Strategy In The Middle East; description=Winning Battles, Losing Wars: Rethinking U.S. Strategy in the Middle East (Michael Eisenstadt, February 1, 2017) Transcript available below Watch his speaker playlist About the speaker Michael Eisenstadt is the Kahn Fellow and director o...; vdcr_direct_answer; concept_zh=冲浪底转; concept_type=专有动态动作概念; priority=B",data/vdcr_candidate_videos_combined_v1.csv
vdcr_archive_b06_000007,https://archive.org/details/corcl_000150,internet_archive,archive_license_verify_on_page,474.0,0.0,30.0,biology_living_systems,Surfing Bottom Turn,biology_living_systems,biology_family_02,"Candidate must show the temporal sequence that instantiates Surfing Bottom Turn, not merely an object, scene, or static result.","archive_search_collected; search_term=Surfing Bottom Turn; archive_identifier=corcl_000150; archive_file=corcl_000150_access.HD.mp4; title=San Onofre Family; description=See this link for the most complete and recent information on this record: https://repository.californiarevealed.org/node/375212 . Charles ""Tex"" Haines remembers founding Victoria Skimboards in Laguna Beach and shares stories about Duke...; vdcr_direct_answer; concept_zh=冲浪底转; concept_type=专有动态动作概念; priority=B",data/vdcr_candidate_videos_combined_v1.csv
vdcr_archive_b06_000008,https://archive.org/details/Chickeno1948,internet_archive,http://creativecommons.org/licenses/publicdomain/,1032.1,0.0,30.0,biology_living_systems,Carving Turn,biology_living_systems,biology_family_02,"Candidate must show the temporal sequence that instantiates Carving Turn, not merely an object, scene, or static result.","archive_search_collected; search_term=Carving Turn; archive_identifier=Chickeno1948; archive_file=Chickeno1948_512kb.mp4; title=Chicken of Tomorrow, The; description=How scientific agriculture changes the life and taste of the chicken.; vdcr_direct_answer; concept_zh=滑雪刻滑转弯; concept_type=专有动态动作概念; priority=B",data/vdcr_candidate_videos_combined_v1.csv
vdcr_archive_b06_000009,https://archive.org/details/ActYourA1949,internet_archive,http://creativecommons.org/licenses/publicdomain/,801.7,0.0,30.0,biology_living_systems,Carving Turn,biology_living_systems,biology_family_02,"Candidate must show the temporal sequence that instantiates Carving Turn, not merely an object, scene, or static result.","archive_search_collected; search_term=Carving Turn; archive_identifier=ActYourA1949; archive_file=ActYourA1949_512kb.mp4; title=Act Your Age; description=Jim, an emotionally immature teen, learns to evaluate his personality and to better work out his problems.; vdcr_direct_answer; concept_zh=滑雪刻滑转弯; concept_type=专有动态动作概念; priority=B",data/vdcr_candidate_videos_combined_v1.csv
vdcr_archive_b06_000010,https://archive.org/details/HalfLife2_13657,internet_archive,archive_license_verify_on_page,6138.9,0.0,30.0,biology_living_systems,Carving Turn,biology_living_systems,biology_family_02,"Candidate must show the temporal sequence that instantiates Carving Turn, not merely an object, scene, or static result.","archive_search_collected; search_term=Carving Turn; archive_identifier=HalfLife2_13657; archive_file=HalfLife2_13657_LQ.ogv; title=Half-Life 2 (PC) - 1:36:57; description=Speed run of Half-Life 2 on hard difficultly in 88 segments completed on March 8 2006. Recorded by the 'Half-Life 2 done Quick team' at www.hl2dq.net. Demos were captured to AVI, appended into one file and compressed to two full res h.26...; vdcr_direct_answer; concept_zh=滑雪刻滑转弯; concept_type=专有动态动作概念; priority=B",data/vdcr_candidate_videos_combined_v1.csv
vdcr_archive_b06_000011,https://archive.org/details/discoveringdarkandlight,internet_archive,archive_license_verify_on_page,1084.8,0.0,30.0,biology_living_systems,Carving Turn,biology_living_systems,biology_family_02,"Candidate must show the temporal sequence that instantiates Carving Turn, not merely an object, scene, or static result.","archive_search_collected; search_term=Carving Turn; archive_identifier=discoveringdarkandlight; archive_file=discoveringdarkandlight.ogv; title=Discovering dark and light.; description=Executive producers, Paul Burnford, Jack Stoops Variation in dark and light is called value. Value can be a natural part of any object, or it can be created by controlling the way in which light strikes the object. Artists can vary value...; vdcr_direct_answer; concept_zh=滑雪刻滑转弯; concept_type=专有动态动作概念; priority=B",data/vdcr_candidate_videos_combined_v1.csv
vdcr_archive_b06_000012,https://archive.org/details/stuartlittle,internet_archive,archive_license_verify_on_page,1195.8,0.0,30.0,biology_living_systems,Carving Turn,biology_living_systems,biology_family_02,"Candidate must show the temporal sequence that instantiates Carving Turn, not merely an object, scene, or static result.","archive_search_collected; search_term=Carving Turn; archive_identifier=stuartlittle; archive_file=stuartlittlereel1.ogv; title=Stuart Little; description=Stuart Little The story of a normal family into which a mouse is born. Narrated by Johnny Carson. Summary Tells the story of a boy, born five inches tall and weighing five ounces, with ears, whiskers and tail like those of a mouse. Becau...; vdcr_direct_answer; concept_zh=滑雪刻滑转弯; concept_type=专有动态动作概念; priority=B",data/vdcr_candidate_videos_combined_v1.csv
vdcr_archive_b06_000013,https://archive.org/details/193-PowerCarvingWithTheArbortechTURBOPlane,internet_archive,http://creativecommons.org/licenses/by-nc-nd/3.0/,1006.3,0.0,30.0,biology_living_systems,Carving Turn,biology_living_systems,biology_family_02,"Candidate must show the temporal sequence that instantiates Carving Turn, not merely an object, scene, or static result.","archive_search_collected; search_term=Carving Turn technique video; archive_identifier=193-PowerCarvingWithTheArbortechTURBOPlane; archive_file=TheWoodWhisperer-193621.mp4; title=193 – Power Carving With The Arbortech TURBOPlane; description=For me, power carving is one of the most challenging aspects of woodworking. It all started back in 2003 when I got hooked on David Marks' show, Woodworks. On several occasions he would pull out a grinder and get all medieval on a beauti...; vdcr_direct_answer; concept_zh=滑雪刻滑转弯; concept_type=专有动态动作概念; priority=B",data/vdcr_candidate_videos_combined_v1.csv
vdcr_archive_b06_000014,https://archive.org/details/utopia,internet_archive,archive_license_verify_on_page,8519.3,0.0,30.0,biology_living_systems,Ollie,biology_living_systems,biology_family_02,"Candidate must show the temporal sequence that instantiates Ollie, not merely an object, scene, or static result.",archive_search_collected; search_term=Ollie; archive_identifier=utopia; archive_file=Utopia.ogv; title=Utopia; description=Utopia (also known as Atoll K and Robinson Crusoe Land) is last film Laurel and Hardy made together. It was filmed and produced in Europe.; vdcr_direct_answer; concept_zh=滑板豚跳; concept_type=专有动态动作概念; priority=B,data/vdcr_candidate_videos_combined_v1.csv
vdcr_archive_b06_000015,https://archive.org/details/TheFlyingDeuces,internet_archive,http://creativecommons.org/licenses/publicdomain/,4077.6,0.0,30.0,biology_living_systems,Ollie,biology_living_systems,biology_family_02,"Candidate must show the temporal sequence that instantiates Ollie, not merely an object, scene, or static result.","archive_search_collected; search_term=Ollie; archive_identifier=TheFlyingDeuces; archive_file=The_Flying_Deuces.ogv; title=The Flying Deuces; description=This was the first comedy that Laurel and Hardy starred in without producer Hal Roach, although they had previously been ""guest stars"" in four MGM movies. After they finished making ""The Flying Deuces,"" they returned to Hal Roach Studios...; vdcr_direct_answer; concept_zh=滑板豚跳; concept_type=专有动态动作概念; priority=B",data/vdcr_candidate_videos_combined_v1.csv
vdcr_archive_b06_000016,https://archive.org/details/machine_gun_mama_1944,internet_archive,http://creativecommons.org/licenses/publicdomain/,3603.6,0.0,30.0,biology_living_systems,Ollie,biology_living_systems,biology_family_02,"Candidate must show the temporal sequence that instantiates Ollie, not merely an object, scene, or static result.","archive_search_collected; search_term=Ollie; archive_identifier=machine_gun_mama_1944; archive_file=machine_gun_mama_1944.ogv; title=Machine Gun Mama; description=Music and laughs surround the adventures of two brash Brooklynites (Wallace Ford, El Brendel) as they try to deliver Bunny the elephant to a Mexican carnival and tangle with the evil ""Joe the Gyp,"" who's trying to close the show. You can...; vdcr_direct_answer; concept_zh=滑板豚跳; concept_type=专有动态动作概念; priority=B",data/vdcr_candidate_videos_combined_v1.csv
vdcr_archive_b06_000017,https://archive.org/details/MudandSand,internet_archive,http://creativecommons.org/licenses/publicdomain/,2386.0,0.0,30.0,biology_living_systems,Ollie,biology_living_systems,biology_family_02,"Candidate must show the temporal sequence that instantiates Ollie, not merely an object, scene, or static result.",archive_search_collected; search_term=Ollie; archive_identifier=MudandSand; archive_file=MudandSand_512kb.mp4; title=Mud and Sand; description='Mud and Sand' is a satire on the Rudolph Valentino Classic Blood and Sand .. Stan Laurel plays the Bullfighter (Rubharb Vaseline) who wants to make it to the top and win back the girl.; vdcr_direct_answer; concept_zh=滑板豚跳; concept_type=专有动态动作概念; priority=B,data/vdcr_candidate_videos_combined_v1.csv
vdcr_archive_b06_000018,https://archive.org/details/ADriveThroughBunkerHillAndDowntownLosAngelesCa.1940s,internet_archive,http://creativecommons.org/licenses/by/3.0/,371.8,0.0,30.0,biology_living_systems,Ollie,biology_living_systems,biology_family_02,"Candidate must show the temporal sequence that instantiates Ollie, not merely an object, scene, or static result.","archive_search_collected; search_term=Ollie; archive_identifier=ADriveThroughBunkerHillAndDowntownLosAngelesCa.1940s; archive_file=BunkerHill1940s.ogv; title=A Drive Through Bunker Hill and Downtown Los Angeles, ca. 1940s; description=Background process plate produced for an unidentified feature film, shot from an automobile driving through Bunker Hill and downtown Los Angeles. Please help identify the streets and locations.; vdcr_direct_answer; concept_zh=滑板豚跳; concept_type=专有动态动作概念; priority=B",data/vdcr_candidate_videos_combined_v1.csv
vdcr_archive_b06_000019,https://archive.org/details/thelivingplanetaportraitoftheearth9themarginsoftheland,internet_archive,archive_license_verify_on_page,1656.5,0.0,30.0,biology_living_systems,Ollie,biology_living_systems,biology_family_02,"Candidate must show the temporal sequence that instantiates Ollie, not merely an object, scene, or static result.","archive_search_collected; search_term=Ollie technique video; archive_identifier=thelivingplanetaportraitoftheearth9themarginsoftheland; archive_file=thelivingplanetaportraitoftheearth9themarginsofthelandreel2.ogv; title=The Living Planet A Portrait of the Earth: 9 - the Margins of the Land; description=['Intended audience: Ages 16 through adult', 'Host David Attenborough talks about the animals and plants that make their homes in the shifting world of mud and sand in tidal areas. He visits a mangrove swamp in Bangladesh where the tree...; vdcr_direct_answer; concept_zh=滑板豚跳; concept_type=专有动态动作概念; priority=B",data/vdcr_candidate_videos_combined_v1.csv
vdcr_archive_b06_000020,https://archive.org/details/unusual-memes-compilation-v227,internet_archive,archive_license_verify_on_page,450.0,0.0,30.0,biology_living_systems,Ollie,biology_living_systems,biology_family_02,"Candidate must show the temporal sequence that instantiates Ollie, not merely an object, scene, or static result.","archive_search_collected; search_term=Ollie technique video; archive_identifier=unusual-memes-compilation-v227; archive_file=UNUSUAL MEMES COMPILATION V227.mp4; title=UNUSUAL MEMES COMPILATION V227; description=thanks for watching :) send me an email or dm me on twitter if you want your clip removed, or I missed credit, or I mistakenly used without your permission. (videosunusual@gmail.com) videos used: frying pan breaks https://www.tiktok.com/...; vdcr_direct_answer; concept_zh=滑板豚跳; concept_type=专有动态动作概念; priority=B",data/vdcr_candidate_videos_combined_v1.csv
vdcr_archive_b06_000021,https://archive.org/details/it-figures-math,internet_archive,archive_license_verify_on_page,872.5,0.0,30.0,biology_living_systems,Floppy Action,biology_living_systems,biology_family_03,"Candidate must show the temporal sequence that instantiates Floppy Action, not merely an object, scene, or static result.","archive_search_collected; search_term=Floppy Action basketball play; archive_identifier=it-figures-math; archive_file=It Figures 06 Deciding When To Use Multiplication.mp4; title=It Figures ★ ""Lost"" Elementary Mathematics series; description=It Figures ★ ""Lost"" Elementary Mathematics series 1982 AIT 28 Lessons It Figures 01 Deciding When To Use Subtraction It Figures 02 Deciding How Close To Measure It Figures 03 Problem Solving - Acting It Out It Figures 04 Using Estimation...; vdcr_direct_answer; concept_zh=弗洛皮跑位; concept_type=专有动态动作概念; priority=B",data/vdcr_candidate_videos_combined_v1.csv
vdcr_archive_b06_000022,https://archive.org/details/tomasparks-watched.201712,internet_archive,archive_license_verify_on_page,11.6,0.0,11.6,biology_living_systems,Floppy Action,biology_living_systems,biology_family_03,"Candidate must show the temporal sequence that instantiates Floppy Action, not merely an object, scene, or static result.",archive_search_collected; search_term=Floppy Action basketball play; archive_identifier=tomasparks-watched.201712; archive_file=20171222-Jeff Geerling-PuDxASIVsqE-2011 MacBook Pro with Radeon GPU glitch rebooting constantly.mp4; title=tomasparks-watched.201712; description=; vdcr_direct_answer; concept_zh=弗洛皮跑位; concept_type=专有动态动作概念; priority=B,data/vdcr_candidate_videos_combined_v1.csv
vdcr_archive_b06_000023,https://archive.org/details/dvd-transfer-224,internet_archive,https://creativecommons.org/licenses/by-nd/4.0/,1434.1,0.0,30.0,biology_living_systems,UCLA Cut,biology_living_systems,biology_family_03,"Candidate must show the temporal sequence that instantiates UCLA Cut, not merely an object, scene, or static result.","archive_search_collected; search_term=UCLA Cut basketball offense; archive_identifier=dvd-transfer-224; archive_file=Super Bowl Highlights (Super Bowl X - The Best Ever - ESPN Recording).ia.mp4; title=DVD Transfer 224 (Super Bowl X: NFL Network Rebroadcast Plus NFL Films Highlight Film; description=(c)1976 National Football League, CBS Sports-Paramount Skydance (original broadcast) (c)2000s ESPN-The Walt Disney Company/Hearst Television (NFL Films recording) (c)2023 National Football League (rebroadcast) DVD Transfer 224 is an NFL...; vdcr_direct_answer; concept_zh=UCLA 切入; concept_type=专有动态动作概念; priority=B",data/vdcr_candidate_videos_combined_v1.csv
vdcr_archive_b06_000024,https://archive.org/details/senseandnonsense1954,internet_archive,http://creativecommons.org/publicdomain/mark/1.0/,1769.0,0.0,30.0,biology_living_systems,UCLA Cut,biology_living_systems,biology_family_03,"Candidate must show the temporal sequence that instantiates UCLA Cut, not merely an object, scene, or static result.","archive_search_collected; search_term=UCLA Cut basketball video; archive_identifier=senseandnonsense1954; archive_file=SenseAndNonsense1954.mp4; title=Episode of Classic TV show ""Sense and Nonsense""; description=1954 Episode of the rare Classic TV show ""Sense and Nonsense"", a low-budget kids game show produced by WABD, the New York City owned-and-operated station of the DuMont Television Netwrk. This episode features original commercials for Coc...; vdcr_direct_answer; concept_zh=UCLA 切入; concept_type=专有动态动作概念; priority=B",data/vdcr_candidate_videos_combined_v1.csv
vdcr_archive_b06_000025,https://archive.org/details/WGNChannel9NightBeatCompleteBroadcast1311983,internet_archive,archive_license_verify_on_page,1753.3,0.0,30.0,biology_living_systems,UCLA Cut,biology_living_systems,biology_family_03,"Candidate must show the temporal sequence that instantiates UCLA Cut, not merely an object, scene, or static result.","archive_search_collected; search_term=UCLA Cut basketball video; archive_identifier=WGNChannel9NightBeatCompleteBroadcast1311983; archive_file=WGN Channel 9 - Night Beat (Complete Broadcast, 1311983).mp4; title=WGN Channel 9 Night Beat ( Complete Broadcast, 1311983); description=Here, from an original 1"" Type C master videotape, is a complete broadcast of Night Beat on WGN Channel 9. The anchor is Jack Taylor, and features reports from Eric Shawn, John Aubuchon, Steve Sanders, Larry Roderick and John Drury. Incl...; vdcr_direct_answer; concept_zh=UCLA 切入; concept_type=专有动态动作概念; priority=B",data/vdcr_candidate_videos_combined_v1.csv
vdcr_archive_b06_000026,https://archive.org/details/youtube-4aSf3IlDbIM,internet_archive,archive_license_verify_on_page,1753.3,0.0,30.0,biology_living_systems,UCLA Cut,biology_living_systems,biology_family_03,"Candidate must show the temporal sequence that instantiates UCLA Cut, not merely an object, scene, or static result.","archive_search_collected; search_term=UCLA Cut basketball video; archive_identifier=youtube-4aSf3IlDbIM; archive_file=4aSf3IlDbIM.webm; title=WGN Channel 9 - Night Beat (Complete Broadcast, 1/31/1983) 📺; description=Here, from an original 1"" Type C master videotape, is a complete broadcast of Night Beat on WGN Channel 9. The anchor is Jack Taylor, and features reports from Eric Shawn, John Aubuchon, Steve Sanders, Larry Roderick and John Drury. Incl...; vdcr_direct_answer; concept_zh=UCLA 切入; concept_type=专有动态动作概念; priority=B",data/vdcr_candidate_videos_combined_v1.csv
vdcr_archive_b06_000027,https://archive.org/details/WJZ-EYE-001-013,internet_archive,http://creativecommons.org/licenses/by-nc-sa/4.0/,3405.7,0.0,30.0,biology_living_systems,UCLA Cut,biology_living_systems,biology_family_03,"Candidate must show the temporal sequence that instantiates UCLA Cut, not merely an object, scene, or static result.","archive_search_collected; search_term=UCLA 切入 basketball play; archive_identifier=WJZ-EYE-001-013; archive_file=WJZ-EYE-001-013.ogv; title=Eyewitness News Library: November 26, 1977; description=Eyewitness Newstape ENG Library Saturday 11/26/77 noon and 11pm Editor: 117 Noon broadcast 1. Dock union officials signed a tentative deal which will bring longshoremen back to work . Oprah Winfrey reports on employees’ frustrations with...; vdcr_direct_answer; concept_zh=UCLA 切入; concept_type=专有动态动作概念; priority=B",data/vdcr_candidate_videos_combined_v1.csv
vdcr_archive_b06_000028,https://archive.org/details/youtube-Gpwe-RUpr1s,internet_archive,archive_license_verify_on_page,1428.9,0.0,30.0,biology_living_systems,UCLA Cut,biology_living_systems,biology_family_03,"Candidate must show the temporal sequence that instantiates UCLA Cut, not merely an object, scene, or static result.","archive_search_collected; search_term=UCLA 切入 basketball play; archive_identifier=youtube-Gpwe-RUpr1s; archive_file=Gpwe-RUpr1s.mp4; title=KCOP Channel 13 [Los Angeles, CA] - News 13 (Last 21 Minutes, 11/13/1987); description=Here's the last 21 minutes of a broadcast of News 13 on KCOP Channel 13 in Los Angeles, CA, anchored by Tim Malloy (then-once and future anchor for WPIX Channel 11 in New York) and Wendy Rutledge. Includes: Recording coming in midway thr...; vdcr_direct_answer; concept_zh=UCLA 切入; concept_type=专有动态动作概念; priority=B",data/vdcr_candidate_videos_combined_v1.csv
vdcr_archive_b06_000029,https://archive.org/details/bliptv-20131014-071453-Ballislife-5Foot7JordanWilsonCannotBeGuardedAnthonyJanuaryJeremy707,internet_archive,archive_license_verify_on_page,194.0,0.0,30.0,biology_living_systems,UCLA Cut,biology_living_systems,biology_family_03,"Candidate must show the temporal sequence that instantiates UCLA Cut, not merely an object, scene, or static result.","archive_search_collected; search_term=UCLA 切入 basketball play; archive_identifier=bliptv-20131014-071453-Ballislife-5Foot7JordanWilsonCannotBeGuardedAnthonyJanuaryJeremy707; archive_file=bliptv-20131014-071453-Ballislife-5Foot7JordanWilsonCannotBeGuardedAnthonyJanuaryJeremy707.ogv; title=5 foot 7 Jordan Wilson Cannot Be Guarded, Anthony January & Jeremy Grant Put On A Show, Day 2 Highli; description=Jordan Wilson stands about 5 foot 7 inches tall, yet he plays like he's 5-6 inches taller. Wilson put up 20 points, 8 rebounds (yes 8), and 5 assists in leading Windward over Mitty in a huge upset that will take Windward to the Semi-Fina...; vdcr_direct_answer; concept_zh=UCLA 切入; concept_type=专有动态动作概念; priority=B",data/vdcr_candidate_videos_combined_v1.csv
vdcr_archive_b06_000030,https://archive.org/details/tccca-The_Sportsdesk_35.19_-_October_14_-_21_2019,internet_archive,archive_license_verify_on_page,1613.5,0.0,30.0,biology_living_systems,UCLA Cut,biology_living_systems,biology_family_03,"Candidate must show the temporal sequence that instantiates UCLA Cut, not merely an object, scene, or static result.","archive_search_collected; search_term=UCLA 切入 basketball play; archive_identifier=tccca-The_Sportsdesk_35.19_-_October_14_-_21_2019; archive_file=The_Sportsdesk_35.19_-_October_14_-_21_2019.ogv; title=The Sportsdesk 35.19 - October 14 - 21, 2019; description=Join Lesley Robins for all the sports action from Torrance, California! Check out the highlights, interviews, scores and more from North, South, West, Torrance & Bishop Montgomery, plus El Camino College. “The SportsDesk” October 14 - 21...; vdcr_direct_answer; concept_zh=UCLA 切入; concept_type=专有动态动作概念; priority=B",data/vdcr_candidate_videos_combined_v1.csv
vdcr_archive_b06_000031,https://archive.org/details/dvd-transfer-30,internet_archive,archive_license_verify_on_page,1152.4,0.0,30.0,biology_living_systems,UCLA Cut,biology_living_systems,biology_family_03,"Candidate must show the temporal sequence that instantiates UCLA Cut, not merely an object, scene, or static result.","archive_search_collected; search_term=UCLA 切入 basketball video; archive_identifier=dvd-transfer-30; archive_file=VTS_01_5.ia.mp4; title=DVD Transfer 31 (Super Bowl XXX & 1996 NCAA Final Four); description=DVD transfer 31. Predominantly Super Bowl XXX and the 1996 NCAA Men's Division I Final Four semifinal. Recently dug out of storage CONTENTS 1. Super Bowl XXX (Pittsburgh Steelers vs. Dallas Cowboys, Cowboys won 27-17. Recording starts du...; vdcr_direct_answer; concept_zh=UCLA 切入; concept_type=专有动态动作概念; priority=B",data/vdcr_candidate_videos_combined_v1.csv
vdcr_archive_b06_000032,https://archive.org/details/dvd-transfer-108,internet_archive,archive_license_verify_on_page,1801.8,0.0,30.0,biology_living_systems,UCLA Cut,biology_living_systems,biology_family_03,"Candidate must show the temporal sequence that instantiates UCLA Cut, not merely an object, scene, or static result.","archive_search_collected; search_term=UCLA 切入 basketball video; archive_identifier=dvd-transfer-108; archive_file=2022 MeTV Recording (Leave It to Beaver {In the Soup - S4E32}).mp4; title=DVD Transfer 108 (Odds and Ends - Mostly DVR Recordings); description=DVD Transfer 108 is another ""odds and ends"" upload, beginning with a VHS dub of some ABC coverage of the Oliver North testimony and including a trio of recordings from DVR CONTENTS 1. 1987 ABC News Coverage (Iran-Contra hearings, this is...; vdcr_direct_answer; concept_zh=UCLA 切入; concept_type=专有动态动作概念; priority=B",data/vdcr_candidate_videos_combined_v1.csv
vdcr_archive_b06_000033,https://archive.org/details/KGO_20150716_063500_Jimmy_Kimmel_Live,internet_archive,archive_license_verify_on_page,3780.0,0.0,30.0,biology_living_systems,UCLA Cut,biology_living_systems,biology_family_03,"Candidate must show the temporal sequence that instantiates UCLA Cut, not merely an object, scene, or static result.","archive_search_collected; search_term=UCLA 切入 basketball video; archive_identifier=KGO_20150716_063500_Jimmy_Kimmel_Live; archive_file=KGO_20150716_063500_Jimmy_Kimmel_Live.mp4; title=Jimmy Kimmel Live : KGO : July 15, 2015 11:35pm-12:38am PDT; description=Professional basketball player Andre Iguodala, comic Chris Tucker, actor Mark Feuerstein, Robert DeLong performs.; vdcr_direct_answer; concept_zh=UCLA 切入; concept_type=专有动态动作概念; priority=B",data/vdcr_candidate_videos_combined_v1.csv
vdcr_archive_b06_000034,https://archive.org/details/KGO_20140730_084200_ABC_World_News_Now,internet_archive,archive_license_verify_on_page,8340.7,0.0,30.0,biology_living_systems,UCLA Cut,biology_living_systems,biology_family_03,"Candidate must show the temporal sequence that instantiates UCLA Cut, not merely an object, scene, or static result.","archive_search_collected; search_term=UCLA 切入 basketball video; archive_identifier=KGO_20140730_084200_ABC_World_News_Now; archive_file=KGO_20140730_084200_ABC_World_News_Now.mp4; title=ABC World News Now : KGO : July 30, 2014 1:42am-4:01am PDT; description=Global news.; vdcr_direct_answer; concept_zh=UCLA 切入; concept_type=专有动态动作概念; priority=B",data/vdcr_candidate_videos_combined_v1.csv
vdcr_archive_b06_000035,https://archive.org/details/un-un-12-941-1-2a-b-c,internet_archive,archive_license_verify_on_page,375.8,0.0,30.0,biology_living_systems,Ram Screen,biology_living_systems,biology_family_03,"Candidate must show the temporal sequence that instantiates Ram Screen, not merely an object, scene, or static result.","archive_search_collected; search_term=Ram Screen basketball video; archive_identifier=un-un-12-941-1-2a-b-c; archive_file=un-un-12-941-1-2a-b-c.mp4; title=Universal Newsreel Volume 12, Release 941; description=Universal Newsreel Volume 12, Release 941 Released: December 31, 1940 Description The original release sheet reads: 1. F.D.R. DEFIES THE AXIS IN PLEDGE TO BRITAIN: WASHINGTON, D.C. - PRESIDENT ROOSEVELT TELLS THE WORLD THAT THE U.S. IS D...; vdcr_direct_answer; concept_zh=拉姆掩护; concept_type=专有动态动作概念; priority=B",data/vdcr_candidate_videos_combined_v1.csv
vdcr_archive_b06_000036,https://archive.org/details/youtube-nqNEtdHVUjM,internet_archive,archive_license_verify_on_page,6903.8,0.0,30.0,biology_living_systems,Axonal Transport,biology_living_systems,biology_family_05,"Candidate must show the temporal sequence that instantiates Axonal Transport, not merely an object, scene, or static result.","archive_search_collected; search_term=Axonal Transport; archive_identifier=youtube-nqNEtdHVUjM; archive_file=nqNEtdHVUjM.mp4; title=Dr. Gary Steinberg: How to Improve Brain Health & Offset Neurodegeneration; description=In this episode, my guest is Dr. Gary Steinberg, MD, PhD, a neurosurgeon and a professor of neurosciences, neurosurgery, and neurology at Stanford University School of Medicine. We discuss brain health and brain injuries, including concu...; vdcr_direct_answer; concept_zh=轴突运输; concept_type=自然动态机制; priority=B",data/vdcr_candidate_videos_combined_v1.csv
vdcr_archive_b06_000037,https://archive.org/details/YoungPharoahWhitePeopleMonkeyBlood,internet_archive,archive_license_verify_on_page,330.8,0.0,30.0,biology_living_systems,Phagocytosis,biology_living_systems,biology_family_06,"Candidate must show the temporal sequence that instantiates Phagocytosis, not merely an object, scene, or static result.",archive_search_collected; search_term=Phagocytosis; archive_identifier=YoungPharoahWhitePeopleMonkeyBlood; archive_file=Young Pharoah- White People  Monkey Blood.mp4; title=White People Monkey Blood; description=https://m.youtube.com/channel/UCtKtmiQ2GlWlqPDzXwrR4NA; vdcr_direct_answer; concept_zh=吞噬作用; concept_type=自然动态机制; priority=B,data/vdcr_candidate_videos_combined_v1.csv
vdcr_archive_b06_000038,https://archive.org/details/0055-0000-7574-0000-0-0000-0000-0,internet_archive,http://creativecommons.org/licenses/by-nc/3.0/us/,1055.0,0.0,30.0,biology_living_systems,Phagocytosis,biology_living_systems,biology_family_06,"Candidate must show the temporal sequence that instantiates Phagocytosis, not merely an object, scene, or static result.","archive_search_collected; search_term=Phagocytosis; archive_identifier=0055-0000-7574-0000-0-0000-0000-0; archive_file=0055-0000-7574-0000-0-0000-0000-0.ogv; title=Strangeways Research Laboratory compilation reel; description=A compilation of three films, 'The Femur from a 5 1/2 Day Chick Embryo' (Canti), 'Dark Ground Illumination' (A. F. W. Hughes, showing the internal structures of the cell, possibly from 'Tissue Culture from Phase Contrast') and 'Phagocyto...; vdcr_direct_answer; concept_zh=吞噬作用; concept_type=自然动态机制; priority=B",data/vdcr_candidate_videos_combined_v1.csv
vdcr_archive_b06_000039,https://archive.org/details/PaulEhrlichElieMetchnikoffTheImmuneSystem,internet_archive,archive_license_verify_on_page,889.5,0.0,30.0,biology_living_systems,Phagocytosis,biology_living_systems,biology_family_06,"Candidate must show the temporal sequence that instantiates Phagocytosis, not merely an object, scene, or static result.","archive_search_collected; search_term=Phagocytosis; archive_identifier=PaulEhrlichElieMetchnikoffTheImmuneSystem; archive_file=Paul Ehrlich & Elie Metchnikoff - The Immune System.mp4; title=The Immune System ~ Paul Ehrlich & Elie Metchnikoff; description=The Immune System is a system of biological structures and processes within an organism that protects against disease. To function properly, an immune system must detect a wide variety of agents, known as pathogens, from viruses to paras...; vdcr_direct_answer; concept_zh=吞噬作用; concept_type=自然动态机制; priority=B",data/vdcr_candidate_videos_combined_v1.csv
vdcr_archive_b06_000040,https://archive.org/details/biorxiv-10.1101-003616,internet_archive,archive_license_verify_on_page,23.6,0.0,23.6,biology_living_systems,Phagocytosis,biology_living_systems,biology_family_06,"Candidate must show the temporal sequence that instantiates Phagocytosis, not merely an object, scene, or static result.",archive_search_collected; search_term=Phagocytosis; archive_identifier=biorxiv-10.1101-003616; archive_file=003616-2.ogv; title=The HVCN1 channel conducts protons into the phagocytic vacuole of neutrophils to produce a physiologically alkaline pH; description=Activation of the NADPH oxidase (NOX2) of the phagocytic vacuole of neutrophils is essential for innate immunity. Sustained activity of the oxidase requires that charge movements across the membrane are balanced. A role for the proton ch...; vdcr_direct_answer; concept_zh=吞噬作用; concept_type=自然动态机制; priority=B,data/vdcr_candidate_videos_combined_v1.csv
vdcr_archive_b06_000041,https://archive.org/details/0055-0000-7564-0000-0-0000-0000-0,internet_archive,archive_license_verify_on_page,996.7,0.0,30.0,biology_living_systems,Phagocytosis,biology_living_systems,biology_family_06,"Candidate must show the temporal sequence that instantiates Phagocytosis, not merely an object, scene, or static result.",archive_search_collected; search_term=Phagocytosis; archive_identifier=0055-0000-7564-0000-0-0000-0000-0; archive_file=0055-0000-7564-0000-0-0000-0000-0.ogv; title=Cultivation of living tissue Part 1; description=Tissue culture living cells cultivated in vitro shown in time-lapse. There is a long explanatory intertitle at the beginning which includes how the images are captured. This is then demonstrated. Embryonic cells are shown in time-lapse (...; vdcr_direct_answer; concept_zh=吞噬作用; concept_type=自然动态机制; priority=B,data/vdcr_candidate_videos_combined_v1.csv
vdcr_archive_b06_000042,https://archive.org/details/m-4-h-00393,internet_archive,http://creativecommons.org/publicdomain/mark/1.0/,22.9,0.0,22.9,biology_living_systems,Actin Wave,biology_living_systems,biology_family_07,"Candidate must show the temporal sequence that instantiates Actin Wave, not merely an object, scene, or static result.","archive_search_collected; search_term=Actin Wave; archive_identifier=m-4-h-00393; archive_file=VID20211113112206.ia.mp4; title=The World ledaer,Great sun---Fangruida/ Cord Rossi 2020v1.3 2021 v1.2 modified version); description=The World ledaer,Great sun---Fangruida / Cord Rossi 2020v1.3 2021 v1.2 modified version) —————————————————————————————————————————— - World leader Fangruida- One hand gently pats the earth, and the other hand gently pats the moon. Only t...; vdcr_direct_answer; concept_zh=肌动蛋白波; concept_type=自然动态机制; priority=B",data/vdcr_candidate_videos_combined_v1.csv
vdcr_archive_b06_000043,https://archive.org/details/2019-nCoV,internet_archive,archive_license_verify_on_page,5.1,0.0,5.1,biology_living_systems,Cleavage,biology_living_systems,biology_family_08,"Candidate must show the temporal sequence that instantiates Cleavage, not merely an object, scene, or static result.","archive_search_collected; search_term=Cleavage; archive_identifier=2019-nCoV; archive_file=nothingburger/Infected or Dead/Iran - 1234737472866803712.ia.mp4; title=Files pertaining to the 2019-20 Wuhan, China Coronavirus outbreak; description================================================================================================== Last updated: 20201229, Stickied: 20201220 - Major archive update, This official archive was a condensed version of all collected material....; vdcr_direct_answer; concept_zh=卵裂; concept_type=自然动态机制; priority=B",data/vdcr_candidate_videos_combined_v1.csv
vdcr_archive_b06_000044,https://archive.org/details/bb_poor_cinderella,internet_archive,http://creativecommons.org/licenses/publicdomain/,621.1,0.0,30.0,biology_living_systems,Cleavage,biology_living_systems,biology_family_08,"Candidate must show the temporal sequence that instantiates Cleavage, not merely an object, scene, or static result.","archive_search_collected; search_term=Cleavage; archive_identifier=bb_poor_cinderella; archive_file=bb_poor_cinderella.ogv; title=Betty Boop: Poor Cinderella (1934); description=Gorgeous Fleischer Studios adaptation of the classic fairy tale, featuring Betty Boop's only appearance in full color. Surprise - she's a redhead!; vdcr_direct_answer; concept_zh=卵裂; concept_type=自然动态机制; priority=B",data/vdcr_candidate_videos_combined_v1.csv
vdcr_archive_b06_000045,https://archive.org/details/hermione-growth-spurt,internet_archive,archive_license_verify_on_page,343.8,0.0,30.0,biology_living_systems,Cleavage,biology_living_systems,biology_family_08,"Candidate must show the temporal sequence that instantiates Cleavage, not merely an object, scene, or static result.","archive_search_collected; search_term=Cleavage; archive_identifier=hermione-growth-spurt; archive_file=Hermione Growth Spurt  SNL_1080p.ia.mp4; title=Hermione Growth Spurt; description=The wizards of Hogwarts can't get over Hermione's summer growth spurt. Aired 05/01/04 Spanish subtitles made by Paula Reinoso Sinopsis: The skit opens in the Gryffindor common room, right after the summer holidays following The Goblet of...; vdcr_direct_answer; concept_zh=卵裂; concept_type=自然动态机制; priority=B",data/vdcr_candidate_videos_combined_v1.csv
vdcr_archive_b06_000046,https://archive.org/details/Reboot-HD,internet_archive,archive_license_verify_on_page,1421.0,0.0,30.0,biology_living_systems,Cleavage,biology_living_systems,biology_family_08,"Candidate must show the temporal sequence that instantiates Cleavage, not merely an object, scene, or static result.","archive_search_collected; search_term=Cleavage; archive_identifier=Reboot-HD; archive_file=Reboot HD/ReBoot - Season 1 Episode 13 - Identity Crisis Part 2 (4K Upscale) (720p_24fps_H264-128kbit_AAC).ia.mp4; title=ReBoot Hd; description=An HD upscale of the 90s CGI cartoon series ReBoot, made my Mainframe Entertainment, which is known nowadays as RainMaker entertainment. The upscaled version was uploaded to youtube by a channel called AI's Upscale. The original version...; vdcr_direct_answer; concept_zh=卵裂; concept_type=自然动态机制; priority=B",data/vdcr_candidate_videos_combined_v1.csv
vdcr_archive_b06_000047,https://archive.org/details/goddess-zenova-bimbo-fuck-toy,internet_archive,http://creativecommons.org/publicdomain/zero/1.0/,1220.7,0.0,30.0,biology_living_systems,Cleavage,biology_living_systems,biology_family_08,"Candidate must show the temporal sequence that instantiates Cleavage, not merely an object, scene, or static result.",archive_search_collected; search_term=Cleavage; archive_identifier=goddess-zenova-bimbo-fuck-toy; archive_file=Goddess Zenova – Bimbo Fuck Toy.mp4; title=Goddess Zenova – Bimbo Fuck Toy; description=So u want to become a bimbo fuck toy? An air headed carefree fuck toy slut? Well you've come 2 the right place. Let Me remove all those pesky little thoughts & leave you thinking of nothing but being that fuck toy bimbo slut with nothing...; vdcr_direct_answer; concept_zh=卵裂; concept_type=自然动态机制; priority=B,data/vdcr_candidate_videos_combined_v1.csv
vdcr_archive_b06_000048,https://archive.org/details/upenn-f16-0512_Llanos_Venezuela,internet_archive,archive_license_verify_on_page,452.9,0.0,30.0,biology_living_systems,Root Hair Tip Growth,biology_living_systems,biology_family_09,"Candidate must show the temporal sequence that instantiates Root Hair Tip Growth, not merely an object, scene, or static result.",archive_search_collected; search_term=Root Hair Tip Growth; archive_identifier=upenn-f16-0512_Llanos_Venezuela; archive_file=upenn-f16-0512_Llanos_Venezuela_512kb.mp4; title=The Llanos of Venezuela; description=All rights are reserved by the University of Pennsylvania Museum of Archaeology and Anthropology (Penn Museum). Any use of the footage in productions is forbidden unless rights have been secured by contacting the Penn Museum Archives at...; vdcr_direct_answer; concept_zh=根毛极性生长; concept_type=自然动态机制; priority=B,data/vdcr_candidate_videos_combined_v1.csv
vdcr_archive_b06_000049,https://archive.org/details/hair-serum-video,internet_archive,archive_license_verify_on_page,44.7,0.0,30.0,biology_living_systems,Root Hair Tip Growth,biology_living_systems,biology_family_09,"Candidate must show the temporal sequence that instantiates Root Hair Tip Growth, not merely an object, scene, or static result.","archive_search_collected; search_term=Root Hair Tip Growth; archive_identifier=hair-serum-video; archive_file=hair serum video.mp4; title=Hair Serum Video; description=Introducing Pro Derma Hair Growth Biotech Serum 2.0, an advanced hair growth solution formulated with award-winning, clinically proven ingredients to combat hair thinning, stimulate regrowth, and improve overall scalp health. Infused wit...; vdcr_direct_answer; concept_zh=根毛极性生长; concept_type=自然动态机制; priority=B",data/vdcr_candidate_videos_combined_v1.csv
vdcr_archive_b06_000050,https://archive.org/details/lftvfl-Leesburg_Turnpike_Wasterwater-The_Nuvoda_Biofilm_Pilot_Study,internet_archive,archive_license_verify_on_page,180.1,0.0,30.0,biology_living_systems,Biofilm Expansion,biology_living_systems,biology_family_10,"Candidate must show the temporal sequence that instantiates Biofilm Expansion, not merely an object, scene, or static result.",archive_search_collected; search_term=Biofilm Expansion; archive_identifier=lftvfl-Leesburg_Turnpike_Wasterwater-The_Nuvoda_Biofilm_Pilot_Study; archive_file=Leesburg_Turnpike_Wasterwater-The_Nuvoda_Biofilm_Pilot_Study.mp4; title=Leesburg Turnpike Wasterwater-The Nuvoda Biofilm Pilot Study; description=The Nuvoda Biofilm Pilot Study is an excellent opportunity for the City of Leesburg to help determine if treatment intensification is a viable option for Florida treatment facilities. The results will drive whether or not costly capital...; vdcr_direct_answer; concept_zh=生物膜扩张; concept_type=自然动态机制; priority=B,data/vdcr_candidate_videos_combined_v1.csv
vdcr_archive_b07_000001,https://archive.org/details/schoolhouse-rock-30th,internet_archive,archive_license_verify_on_page,33.2,0.0,30.0,earth_environmental_systems,Wall Cloud Rotation,earth_environmental_systems,earth_family_01,"Candidate must show the temporal sequence that instantiates Wall Cloud Rotation, not merely an object, scene, or static result.",archive_search_collected; search_term=Wall Cloud Rotation; archive_identifier=schoolhouse-rock-30th; archive_file=73 Nike Commercial Three is a Magic Number.mp4; title=Schoolhouse Rock ★ Emmy Award Winning TV Series - with Subtitles and MKV; description=Schoolhouse Rock ★ Complete Emmy Award Winning TV Series - with Subtitles and Master MKV Videos. I wish to thank user Elijah Hechtman: for uploading ISO Images of three Schoolhouse Rock DVDs to his account. I only had to get one missing...; vdcr_direct_answer; concept_zh=墙云旋转; concept_type=自然动态机制; priority=B,data/vdcr_candidate_videos_combined_v1.csv
vdcr_archive_b07_000002,https://archive.org/details/sm4c-urlfest,internet_archive,archive_license_verify_on_page,27533.7,0.0,30.0,earth_environmental_systems,Wall Cloud Rotation,earth_environmental_systems,earth_family_01,"Candidate must show the temporal sequence that instantiates Wall Cloud Rotation, not merely an object, scene, or static result.",archive_search_collected; search_term=Wall Cloud Rotation; archive_identifier=sm4c-urlfest; archive_file=the entire mf show.mp4; title=SM4C SH1TTTYYY MUSIC4444 CHARITY URLFEST (PRESENTED BY GOD?AWFUL & EXPERIMENT 9); description=Timestamps 0:00:00 Mike Støol B2B トリニダード 0:19:00 arcade trauma 0:39:00 Cowtools 0:54:00 SabuNari 1:09:00 COZI 1:31:00 holidaygirl1224 1:51:00 Será Louise 2:14:00 Jay & Silent Bob Doomed Yaoi 2:24:00 lunaht_ 2:34:00 Girlfailure Talk 2:47:...; vdcr_direct_answer; concept_zh=墙云旋转; concept_type=自然动态机制; priority=B,data/vdcr_candidate_videos_combined_v1.csv
vdcr_archive_b07_000003,https://archive.org/details/Flickr-2558636981,internet_archive,https://creativecommons.org/licenses/by-nd/2.0/,30.0,0.0,30.0,earth_environmental_systems,Wall Cloud Rotation,earth_environmental_systems,earth_family_01,"Candidate must show the temporal sequence that instantiates Wall Cloud Rotation, not merely an object, scene, or static result.","archive_search_collected; search_term=Wall Cloud Rotation; archive_identifier=Flickr-2558636981; archive_file=supercell-2558636981.ogv; title=supercell; description=The first major Supercell of the day passes North, out of the region we are chasing in Source: https://www.flickr.com/photos/36326578@N00/2558636981 Uploader: Petey; vdcr_direct_answer; concept_zh=墙云旋转; concept_type=自然动态机制; priority=B",data/vdcr_candidate_videos_combined_v1.csv
vdcr_archive_b07_000004,https://archive.org/details/ZeldaMajorasMask_100p_655,internet_archive,archive_license_verify_on_page,267.9,0.0,30.0,earth_environmental_systems,Cutbank Erosion / Point-Bar Deposition,earth_environmental_systems,earth_family_02,"Candidate must show the temporal sequence that instantiates Cutbank Erosion / Point-Bar Deposition, not merely an object, scene, or static result.","archive_search_collected; search_term=Point-Bar Deposition; archive_identifier=ZeldaMajorasMask_100p_655; archive_file=ZeldaMajorasMask_100p_655_LQ_part13.ogv; title=Zelda: Majora's Mask (N64) - 100% 6:55 - Peter Branam-Lefkove; description=Speed run of The Legend of Zelda: Majora's Mask with 100% item collection in 29 segments, completed on August 5 2005. Available in 3 versions: low, normal and high quality. Author's comments: Special Thanks to: Radix - For somehow managi...; vdcr_direct_answer; concept_zh=凹岸侵蚀与凸岸沉积; concept_type=自然动态机制; priority=B",data/vdcr_candidate_videos_combined_v1.csv
vdcr_archive_b07_000005,https://archive.org/details/FranklynMonkPodcast61Video,internet_archive,https://creativecommons.org/licenses/by-nc-sa/4.0/,1000.1,0.0,30.0,earth_environmental_systems,River Avulsion,earth_environmental_systems,earth_family_02,"Candidate must show the temporal sequence that instantiates River Avulsion, not merely an object, scene, or static result.","archive_search_collected; search_term=River Avulsion; archive_identifier=FranklynMonkPodcast61Video; archive_file=ConstituentVids/abby_slide.mp4; title=Avulsion (video); description=TITLE: Avulsion DESCR: In sedimentary geology and fluvial geomorphology, avulsion is the rapid abandonment of a river channel and the formation of a new river channel. In real property law, avulsion refers to a sudden loss of land, which...; vdcr_direct_answer; concept_zh=河流决口改道; concept_type=自然动态机制; priority=B",data/vdcr_candidate_videos_combined_v1.csv
vdcr_archive_b07_000006,https://archive.org/details/corcl_000121,internet_archive,archive_license_verify_on_page,258.1,0.0,30.0,earth_environmental_systems,Rip Current Channel Formation,earth_environmental_systems,earth_family_02,"Candidate must show the temporal sequence that instantiates Rip Current Channel Formation, not merely an object, scene, or static result.","archive_search_collected; search_term=Rip Current Channel Formation; archive_identifier=corcl_000121; archive_file=corcl_000121_access.HD.mp4; title=Once a Laguna Lifeguard, Always a Laguna Lifeguard; description=See this link for the most complete and recent information on this record: https://repository.californiarevealed.org/node/375122 . Author Craig Lockwood and Photographer Mitch Ridder discuss their book, ""Lifeguarding Laguna"", and reflect...; vdcr_direct_answer; concept_zh=裂流出海通道形成; concept_type=自然动态机制; priority=B",data/vdcr_candidate_videos_combined_v1.csv
vdcr_archive_b07_000007,https://archive.org/details/papua-new-guinea-tidal-wave-tragedy-situation-update-360p,internet_archive,http://creativecommons.org/publicdomain/mark/1.0/,193.0,0.0,30.0,earth_environmental_systems,Longshore Drift,earth_environmental_systems,earth_family_02,"Candidate must show the temporal sequence that instantiates Longshore Drift, not merely an object, scene, or static result.","archive_search_collected; search_term=Longshore Drift; archive_identifier=papua-new-guinea-tidal-wave-tragedy-situation-update-360p; archive_file=PAPUA_NEW_GUINEA__TIDAL_WAVE_TRAGEDY_SITUATION_UPDATE(360p).mp4; title=PAPUA NEW GUINEA TIDAL WAVE TRAGEDY SITUATION UPDATE(; description=On the evening of 17 July 1998, on the Aitape coast of Papua New Guinea, a strongly felt earthquake was followed some 10-25 minutes later by a destructive tsunami. The tsunami comprised three waves, each estimated to be about 4 m high. T...; vdcr_direct_answer; concept_zh=沿岸漂移; concept_type=自然动态机制; priority=B",data/vdcr_candidate_videos_combined_v1.csv
vdcr_archive_b07_000008,https://archive.org/details/reflectionandrefraction,internet_archive,archive_license_verify_on_page,1032.1,0.0,30.0,earth_environmental_systems,Internal Wave Propagation,earth_environmental_systems,earth_family_02,"Candidate must show the temporal sequence that instantiates Internal Wave Propagation, not merely an object, scene, or static result.","archive_search_collected; search_term=Internal Wave Propagation; archive_identifier=reflectionandrefraction; archive_file=reflectionandrefraction.ogv; title=Reflection, refraction, dispersion; description=Circular and straight pulses are reflected from various shaped barriers. Periodic straight waves are refracted at various angles. Mention is made of Snell's law and spherical and chromatic aberrations. Various focusing effects and total...; vdcr_direct_answer; concept_zh=内波传播; concept_type=自然动态机制; priority=B",data/vdcr_candidate_videos_combined_v1.csv
vdcr_archive_b07_000009,https://archive.org/details/UC_Berkeley_FOM_2014_05_02_Walter_Freeman,internet_archive,archive_license_verify_on_page,5500.4,0.0,30.0,earth_environmental_systems,Internal Wave Propagation,earth_environmental_systems,earth_family_02,"Candidate must show the temporal sequence that instantiates Internal Wave Propagation, not merely an object, scene, or static result.","archive_search_collected; search_term=Internal Wave Propagation; archive_identifier=UC_Berkeley_FOM_2014_05_02_Walter_Freeman; archive_file=UC_Berkeley_FOM_2014_05_02_Walter_Freeman.ogv; title=Walter Freeman: The evolution and neurodynamics of the action perception cycle - When, where and how consciousness and quantum field theory enter; description=Talk by Professor Walter Freeman of the University of California at Berkeley. Given to the Foundations of Mind seminar at UC Berkeley (http://FoundationsOfMind.org), organized by Sean O Nuallain. Introduction to Walter’s work Over the pa...; vdcr_direct_answer; concept_zh=内波传播; concept_type=自然动态机制; priority=B",data/vdcr_candidate_videos_combined_v1.csv
vdcr_archive_b07_000010,https://archive.org/details/thegrandcanyonchronicles,internet_archive,archive_license_verify_on_page,1409.2,0.0,30.0,earth_environmental_systems,Aa Lava Front Advance,earth_environmental_systems,earth_family_04,"Candidate must show the temporal sequence that instantiates Aa Lava Front Advance, not merely an object, scene, or static result.","archive_search_collected; search_term=Aa Lava Front Advance; archive_identifier=thegrandcanyonchronicles; archive_file=thegrandcanyonchroniclesreel1.ogv; title=The Grand Canyon chronicles; description=Combining science with the creativity of talented filmmakers, this is perhaps the most colorful and fascinating film ever made on the Grand Canyon. Narrated by Orson Welles, it tells of the events and forces that shape the earth, of the...; vdcr_direct_answer; concept_zh=阿阿熔岩前缘推进; concept_type=自然动态机制; priority=B",data/vdcr_candidate_videos_combined_v1.csv
vdcr_archive_b07_000011,https://archive.org/details/kidchameleon-timeattackv2-truncated,internet_archive,archive_license_verify_on_page,958.8,0.0,30.0,earth_environmental_systems,Aa Lava Front Advance,earth_environmental_systems,earth_family_04,"Candidate must show the temporal sequence that instantiates Aa Lava Front Advance, not merely an object, scene, or static result.","archive_search_collected; search_term=Aa Lava Front Advance; archive_identifier=kidchameleon-timeattackv2-truncated; archive_file=kidchameleon-timeattackv2-truncated.ogv; title=Kid Chameleon (Genesis) - 14:18 (Any version, emulated run) - A. Berglin (aka. Truncated); description=Here it is, Kid Chameleon for the Genesis - probably the game with the most submissions of which none have been published. In retrospect, I can admit that it was fair to reject my previous submission - this one is more than a minute fast...; vdcr_direct_answer; concept_zh=阿阿熔岩前缘推进; concept_type=自然动态机制; priority=B",data/vdcr_candidate_videos_combined_v1.csv
vdcr_archive_b07_000012,https://archive.org/details/sociobiologythehumananimalreel1,internet_archive,archive_license_verify_on_page,1647.0,0.0,30.0,earth_environmental_systems,Aa Lava Front Advance,earth_environmental_systems,earth_family_04,"Candidate must show the temporal sequence that instantiates Aa Lava Front Advance, not merely an object, scene, or static result.","archive_search_collected; search_term=Aa Lava Front Advance; archive_identifier=sociobiologythehumananimalreel1; archive_file=sociobiologythehumananimalreel1.ogv; title=Sociobiology: The Human Animal; description=Sociobiology: The Human Animal, Reel 1 Reel 2 available here Focuses on sociobiology, a new and controversial science which holds that behavior is biologically determined. Search Educational Film Journals at Media History Project for ref...; vdcr_direct_answer; concept_zh=阿阿熔岩前缘推进; concept_type=自然动态机制; priority=B",data/vdcr_candidate_videos_combined_v1.csv
vdcr_archive_b07_000013,https://archive.org/details/PC_Longplay_373_StarCraft_2_Wings_of_Liberty,internet_archive,archive_license_verify_on_page,9143.6,0.0,30.0,earth_environmental_systems,Aa Lava Front Advance,earth_environmental_systems,earth_family_04,"Candidate must show the temporal sequence that instantiates Aa Lava Front Advance, not merely an object, scene, or static result.","archive_search_collected; search_term=Aa Lava Front Advance; archive_identifier=PC_Longplay_373_StarCraft_2_Wings_of_Liberty; archive_file=PC_Longplay_373_StarCraft_2_Wings_of_Liberty_Part_3_of_5.ogv; title=PC Longplay 373 StarCraft 2 Wings of Liberty; description=Hello Everybody, Frederikct112 here. I am back again with this awesome RTS game. I thought i had already done StarCraft 1 so why not finish it with StarCraft 2 WoL and HoS. I did pretty mediorcre in this longplay. There may be in some mi...; vdcr_direct_answer; concept_zh=阿阿熔岩前缘推进; concept_type=自然动态机制; priority=B",data/vdcr_candidate_videos_combined_v1.csv
vdcr_archive_b07_000014,https://archive.org/details/dahboo77,internet_archive,archive_license_verify_on_page,60.0,0.0,30.0,earth_environmental_systems,Glacier Surge,earth_environmental_systems,earth_family_05,"Candidate must show the temporal sequence that instantiates Glacier Surge, not merely an object, scene, or static result.","archive_search_collected; search_term=Glacier Surge; archive_identifier=dahboo77; archive_file=20170712-MANHUNT IN ALABAMA FOR MAN THAT KILLED 3 IN MOBILE HOME PARK.ia.mp4; title=DAHBOO77; description=First Off, I'm about real and interesting things going on in this world !! IF YOU ARE TOO CLOSE MINDED, THIS CHANNEL IS NOT FOR YOU! I Deliver Fresh News When I Can On Live Events! I report on Earthquakes or crazy weather, Sun Activity,...; vdcr_direct_answer; concept_zh=冰川跃动; concept_type=自然动态机制; priority=B",data/vdcr_candidate_videos_combined_v1.csv
vdcr_archive_b07_000015,https://archive.org/details/PBS-TERRA-Weathered,internet_archive,archive_license_verify_on_page,650.7,0.0,30.0,earth_environmental_systems,Glacier Surge,earth_environmental_systems,earth_family_05,"Candidate must show the temporal sequence that instantiates Glacier Surge, not merely an object, scene, or static result.","archive_search_collected; search_term=Glacier Surge; archive_identifier=PBS-TERRA-Weathered; archive_file=7.09 Is This the ABSOLUTE Worst CaseTipping Point?.ia.mp4; title=PBS TERRA: Weathered; description=Natural disasters and extreme weather can happen without warning, and being prepared for these events is critical. And with the impacts of climate change, more Americans than ever are at risk of natural disasters. How can families and co...; vdcr_direct_answer; concept_zh=冰川跃动; concept_type=自然动态机制; priority=B",data/vdcr_candidate_videos_combined_v1.csv
vdcr_archive_b07_000016,https://archive.org/details/SEVENSEALRISEOFDIVIDEDROMANEMPIREBABYLONANDPERSIAUPDATEDLATEST6IRANDESTROYMpeg2video,internet_archive,archive_license_verify_on_page,5126.1,0.0,30.0,earth_environmental_systems,Crown Fire Transition,earth_environmental_systems,earth_family_06,"Candidate must show the temporal sequence that instantiates Crown Fire Transition, not merely an object, scene, or static result.",archive_search_collected; search_term=Crown Fire Transition; archive_identifier=SEVENSEALRISEOFDIVIDEDROMANEMPIREBABYLONANDPERSIAUPDATEDLATEST6IRANDESTROYMpeg2video; archive_file=SEVEN SEAL  RISE OF DIVIDED ROMAN EMPIRE BABYLON AND PERSIA UPDATED LATEST 6 IRAN DESTROY_mpeg2video.ogv; title=SEVEN SEAL RISE OF DIVIDED ROMAN EMPIRE BABYLON AND PERSIA UPDATED LATEST 6 IRAN DESTROY Mpeg 2video; description=https://www.youtube.com/watch?v=MSFJHIbViK0&feature=youtu.be THE 95 THEISIS oF REVELATION EXPLAINATION OF DANIEL and REVE LATION anyway how do i know 1948 AD ISRAEL IS the great babylon who is held up by dragon (revelation 17) ( and isra...; vdcr_direct_answer; concept_zh=树冠火转变; concept_type=自然动态机制; priority=B,data/vdcr_candidate_videos_combined_v1.csv
vdcr_archive_b07_000017,https://archive.org/details/SEVENSEALRISEOFDIVIDEDROMANEMPIREBABYLONANDPERSIAUPDATEDLATEST6IRANDESTROYMpeg2video_201812,internet_archive,archive_license_verify_on_page,5126.1,0.0,30.0,earth_environmental_systems,Crown Fire Transition,earth_environmental_systems,earth_family_06,"Candidate must show the temporal sequence that instantiates Crown Fire Transition, not merely an object, scene, or static result.",archive_search_collected; search_term=Crown Fire Transition; archive_identifier=SEVENSEALRISEOFDIVIDEDROMANEMPIREBABYLONANDPERSIAUPDATEDLATEST6IRANDESTROYMpeg2video_201812; archive_file=SEVEN SEAL  RISE OF DIVIDED ROMAN EMPIRE BABYLON AND PERSIA UPDATED LATEST 6 IRAN DESTROY_mpeg2video.ogv; title=SEVEN SEAL RISE OF DIVIDED ROMAN EMPIRE BABYLON AND PERSIA UPDATED LATEST 6 IRAN DESTROY Mpeg 2video; description=https://www.youtube.com/watch?v=MSFJHIbViK0&feature=youtu.be THE 95 THEISIS oF REVELATION EXPLAINATION OF DANIEL and REVE LATION anyway how do i know 1948 AD ISRAEL IS the great babylon who is held up by dragon (revelation 17) ( and isra...; vdcr_direct_answer; concept_zh=树冠火转变; concept_type=自然动态机制; priority=B,data/vdcr_candidate_videos_combined_v1.csv
vdcr_archive_b07_000018,https://archive.org/details/saudi-arabias-unpredictable-future,internet_archive,archive_license_verify_on_page,4402.2,0.0,30.0,earth_environmental_systems,Crown Fire Transition,earth_environmental_systems,earth_family_06,"Candidate must show the temporal sequence that instantiates Crown Fire Transition, not merely an object, scene, or static result.","archive_search_collected; search_term=Crown Fire Transition; archive_identifier=saudi-arabias-unpredictable-future; archive_file=Saudi Arabia's Unpredictable Future.mp4; title=Saudi Arabia's Unpredictable Future; description=Saudi Arabia’s Unpredictable Future (Dr. Ali Alyami, January 8, 2020) About the speaker Dr. Ali Alyami is the founder and Executive Director of the Center for Democracy and Human Rights in Saudi Arabia, based in Washington, D. C. He is a...; vdcr_direct_answer; concept_zh=树冠火转变; concept_type=自然动态机制; priority=B",data/vdcr_candidate_videos_combined_v1.csv
vdcr_archive_b07_000019,https://archive.org/details/the-fertile-crescent,internet_archive,archive_license_verify_on_page,4318.1,0.0,30.0,earth_environmental_systems,Crown Fire Transition,earth_environmental_systems,earth_family_06,"Candidate must show the temporal sequence that instantiates Crown Fire Transition, not merely an object, scene, or static result.","archive_search_collected; search_term=Crown Fire Transition; archive_identifier=the-fertile-crescent; archive_file=The Fertile Crescent – Between Russia, Iran and Israel.mp4; title=The Fertile Crescent – Between Russia, Iran And Israel; description=The Fertile Crescent After ISIS – Between Russia, Iran, and Israel (Shmuel Bar, March 13, 2019) Transcript available below Watch his speaker playlist here About the speaker Dr. Shmuel Bar served for thirty years in the Israeli government...; vdcr_direct_answer; concept_zh=树冠火转变; concept_type=自然动态机制; priority=B",data/vdcr_candidate_videos_combined_v1.csv
vdcr_archive_b07_000020,https://archive.org/details/AssemblyLinesPodcast74,internet_archive,http://creativecommons.org/licenses/by-nc/4.0/,892.4,0.0,30.0,earth_environmental_systems,Crown Fire Transition,earth_environmental_systems,earth_family_06,"Candidate must show the temporal sequence that instantiates Crown Fire Transition, not merely an object, scene, or static result.","archive_search_collected; search_term=Crown Fire Transition; archive_identifier=AssemblyLinesPodcast74; archive_file=AssemblyLinesPodcast74.ogv; title=Assembly Lines #74 Roger Wagner KansasFest 2018; description=I interview Roger Wagner, keynote speaker for KansasFest 2018. We chat about KansasFest 1995, what's new in 2018, Bite the Bag, and the 6502 in education. Photos provided by Greg Nelson and Roger Wagner. KansasFest: https://www.kansasfes...; vdcr_direct_answer; concept_zh=树冠火转变; concept_type=自然动态机制; priority=B",data/vdcr_candidate_videos_combined_v1.csv
vdcr_archive_b07_000021,https://archive.org/details/new-coronavirusresearch-2021v-1.5,internet_archive,http://creativecommons.org/publicdomain/mark/1.0/,0.0,0.0,0.0,earth_environmental_systems,Spot Fire Propagation,earth_environmental_systems,earth_family_06,"Candidate must show the temporal sequence that instantiates Spot Fire Propagation, not merely an object, scene, or static result.",archive_search_collected; search_term=Spot Fire Propagation; archive_identifier=new-coronavirusresearch-2021v-1.5; archive_file=th (1).mp4; title=Major findings in the research of new coronavirus pneumonia: The mechanism of mutual mutagenesis and mutation of new coronavirus pneumonia bacteria (Fangruida); description=Major findings in the research of new coronavirus pneumonia: The mechanism of mutual mutagenesis and mutation of new coronavirus pneumonia bacteria (Fangruida) N ew coronavirus research （Fangruida2021） The mechanism of mutual mutagenesis...; vdcr_direct_answer; concept_zh=飞火传播; concept_type=自然动态机制; priority=B,data/vdcr_candidate_videos_combined_v1.csv
vdcr_archive_b07_000022,https://archive.org/details/new-coronavirusresearch,internet_archive,http://creativecommons.org/publicdomain/mark/1.0/,12.2,0.0,12.2,earth_environmental_systems,Spot Fire Propagation,earth_environmental_systems,earth_family_06,"Candidate must show the temporal sequence that instantiates Spot Fire Propagation, not merely an object, scene, or static result.",archive_search_collected; search_term=Spot Fire Propagation; archive_identifier=new-coronavirusresearch; archive_file=VID20210108113518.ia.mp4; title=The mechanism of mutual mutagenesis and mutation of new coronavirus pneumonia bacteria (Fangruida) Medical virologist Fang Ruida's new coronavirus research) Besque compiles 2020v3.1 online version e-book; description=The mechanism of mutual mutagenesis and mutation of new coronavirus pneumonia bacteria ( Fangruida) Medical scientist virologist Fang Ruida new coronavirus research) Besque compiles 2020v3.1 online version e-book -———————————————————————...; vdcr_direct_answer; concept_zh=飞火传播; concept_type=自然动态机制; priority=B,data/vdcr_candidate_videos_combined_v1.csv
vdcr_archive_b07_000023,https://archive.org/details/the-endless-voyage-01-the-water-planet,internet_archive,http://creativecommons.org/publicdomain/mark/1.0/,1604.3,0.0,30.0,earth_environmental_systems,Storm Surge Propagation,earth_environmental_systems,earth_family_08,"Candidate must show the temporal sequence that instantiates Storm Surge Propagation, not merely an object, scene, or static result.","archive_search_collected; search_term=Storm Surge Propagation; archive_identifier=the-endless-voyage-01-the-water-planet; archive_file=The Endless Voyage 18 Building Blocks.mp4; title=The Endless Voyage ★ ""Lost"" Telecourse on Oceanography; description=The Endless Voyage ★ ""Lost"" Telecourse on Oceanography in 1080 HD "" The Endless Voyage "" - ★ ""Lost"" Telecourse on Oceanography. This series has been discontinued due to rights expiration. ☠️ The People selling this went out of business l...; vdcr_direct_answer; concept_zh=风暴潮推进; concept_type=自然动态机制; priority=B",data/vdcr_candidate_videos_combined_v1.csv
vdcr_archive_b07_000024,https://archive.org/details/viewfromspace,internet_archive,archive_license_verify_on_page,1468.9,0.0,30.0,earth_environmental_systems,Rip Current Formation,earth_environmental_systems,earth_family_08,"Candidate must show the temporal sequence that instantiates Rip Current Formation, not merely an object, scene, or static result.",archive_search_collected; search_term=Rip Current Formation; archive_identifier=viewfromspace; archive_file=viewfromspacereel2.ogv; title=View From Space; description=View From Space A graphic insight into the world of space photography. Includes footage showing the physical aspects of the earth and explains how man has profited from these photographic efforts. Search Educational Film Journals at Medi...; vdcr_direct_answer; concept_zh=近岸裂流形成; concept_type=自然动态机制; priority=B,data/vdcr_candidate_videos_combined_v1.csv
vdcr_archive_b07_000025,https://archive.org/details/MIT8.03F04,internet_archive,http://creativecommons.org/licenses/by-nc-sa/3.0/us/,459.0,0.0,30.0,earth_environmental_systems,Wave Refraction,earth_environmental_systems,earth_family_08,"Candidate must show the temporal sequence that instantiates Wave Refraction, not merely an object, scene, or static result.","archive_search_collected; search_term=Wave Refraction; archive_identifier=MIT8.03F04; archive_file=OCW-8.03-Course-Intro-Lewin-220k.mp4; title=MIT 8.03 Physics III: Vibrations and Waves, Fall 2004; description=In addition to the traditional topics of mechanical vibrations and waves, coupled oscillators, and electro-magnetic radiation, students will also learn about musical instruments, red sunsets, glories, coronae, rainbows, haloes, X-ray bin...; vdcr_direct_answer; concept_zh=波浪折射; concept_type=自然动态机制; priority=B",data/vdcr_candidate_videos_combined_v1.csv
vdcr_archive_b07_000026,https://archive.org/details/MIT8.03SCF16,internet_archive,http://creativecommons.org/licenses/by-nc-sa/3.0/,77.3,0.0,30.0,earth_environmental_systems,Wave Refraction,earth_environmental_systems,earth_family_08,"Candidate must show the temporal sequence that instantiates Wave Refraction, not merely an object, scene, or static result.","archive_search_collected; search_term=Wave Refraction; archive_identifier=MIT8.03SCF16; archive_file=MIT8_03SCF16_Educator02_Taking_Breaks_300k.mp4; title=MIT 8.03SC Physics III: Vibrations and Waves, Fall 2016; description=MIT 8.03 Physics III: Vibrations and Waves, Fall 2016 View the complete course: https://ocw.mit.edu/8-03F16 Instructor: Yen-Jie Lee This is the third course in the core physics curriculum at MIT, following 8.01 Physics I: Classical Mecha...; vdcr_direct_answer; concept_zh=波浪折射; concept_type=自然动态机制; priority=B",data/vdcr_candidate_videos_combined_v1.csv
vdcr_archive_b07_000027,https://archive.org/details/MIT8.03SCF12,internet_archive,http://creativecommons.org/licenses/by-nc-sa/3.0/,2079.6,0.0,30.0,earth_environmental_systems,Wave Refraction,earth_environmental_systems,earth_family_08,"Candidate must show the temporal sequence that instantiates Wave Refraction, not merely an object, scene, or static result.","archive_search_collected; search_term=Wave Refraction; archive_identifier=MIT8.03SCF12; archive_file=MIT8_03SCF12_ses06_300k.ogv; title=MIT 8.03SC Vibrations and Waves Problem Solving Help Videos, Fall 2012; description=This collection includes ten videos to help students learn how to approach and solve problems related to Physics III: Vibrations and Waves. The OCW website also includes sample problems for students to solve and insights for educators on...; vdcr_direct_answer; concept_zh=波浪折射; concept_type=自然动态机制; priority=B",data/vdcr_candidate_videos_combined_v1.csv
vdcr_archive_b07_000028,https://archive.org/details/the-most-beautifull-plasma-of-cosmos,internet_archive,http://creativecommons.org/licenses/by-nc-nd/4.0/,1812.6,0.0,30.0,earth_environmental_systems,Wave Refraction,earth_environmental_systems,earth_family_08,"Candidate must show the temporal sequence that instantiates Wave Refraction, not merely an object, scene, or static result.","archive_search_collected; search_term=Wave Refraction; archive_identifier=the-most-beautifull-plasma-of-cosmos; archive_file=The Most Beautifull Plasma of Cosmos.ia.mp4; title=Most Beautiful Plasma of the Cosmos; description=The Moon is not a physical object. It's a type of live feed X-ray of the level Earth refracting off the Upper Firmament (Dome), or Toroidal EMF. It's a real time Earth Selfie. The Moon is focused electromagnetic plasma phenomenon and hap...; vdcr_direct_answer; concept_zh=波浪折射; concept_type=自然动态机制; priority=B",data/vdcr_candidate_videos_combined_v1.csv
vdcr_archive_b08_000001,https://archive.org/details/CIL-10110,internet_archive,archive_license_verify_on_page,44.3,0.0,30.0,physics_physical_systems,Magnetic Reconnection,physics_physical_systems,physics_family_07,"Candidate must show the temporal sequence that instantiates Magnetic Reconnection, not merely an object, scene, or static result.",archive_search_collected; search_term=Magnetic Reconnection; archive_identifier=CIL-10110; archive_file=reconnectionAng.ogv; title=Magnetic Reconnection 2; description=This is an update to an older magnetic reconnection animation (10072). The ionized wind from the Sun generates reconnection in the Earth's magnetic field. Particles leak in from the rediation belts producing the auroras. Note: 3-D Anagly...; vdcr_direct_answer; concept_zh=磁场重联; concept_type=自然动态机制; priority=C,data/vdcr_candidate_videos_combined_v1.csv
vdcr_archive_b08_000002,https://archive.org/details/CIL-10072,internet_archive,archive_license_verify_on_page,15.6,0.0,15.6,physics_physical_systems,Magnetic Reconnection,physics_physical_systems,physics_family_07,"Candidate must show the temporal sequence that instantiates Magnetic Reconnection, not merely an object, scene, or static result.",archive_search_collected; search_term=Magnetic Reconnection; archive_identifier=CIL-10072; archive_file=reconnection.ogv; title=Magnetic Reconnection; description=The ionized wind from the Sun generates reconnection in the Earth's magnetic field. Particles leak in from the radiation belts producing the aurora. Note: The wind from the Sun impacts the Earth's magnetic field. Animator: Walt Feimer (H...; vdcr_direct_answer; concept_zh=磁场重联; concept_type=自然动态机制; priority=C,data/vdcr_candidate_videos_combined_v1.csv
vdcr_archive_b08_000003,https://archive.org/details/CIL-10059,internet_archive,archive_license_verify_on_page,30.9,0.0,30.0,physics_physical_systems,Magnetic Reconnection,physics_physical_systems,physics_family_07,"Candidate must show the temporal sequence that instantiates Magnetic Reconnection, not merely an object, scene, or static result.",archive_search_collected; search_term=Magnetic Reconnection; archive_identifier=CIL-10059; archive_file=what_is_a_cme1.ogv; title=A CME Generates Reconnection in Earth's Magnetic Field; description=A burst of fast material from the Sun generates magnetic reconnection events in the Earth's magnetic field. This eventually sends high-speed electrons and protons into the Earth's upper atmosphere to form aurora. Note: View the impact of...; vdcr_direct_answer; concept_zh=磁场重联; concept_type=自然动态机制; priority=C,data/vdcr_candidate_videos_combined_v1.csv
vdcr_archive_b08_000004,https://archive.org/details/CIL-10267,internet_archive,archive_license_verify_on_page,41.7,0.0,30.0,physics_physical_systems,Magnetic Reconnection,physics_physical_systems,physics_family_07,"Candidate must show the temporal sequence that instantiates Magnetic Reconnection, not merely an object, scene, or static result.",archive_search_collected; search_term=Magnetic Reconnection; archive_identifier=CIL-10267; archive_file=themisRecon_720p.ogv; title=THEMIS Sees Magnetic Reconnection; description=THEMIS observations confirm for the first time that magnetic reconnection in the magnetotail triggers the onset of substorms. Substorms are the sudden violent eruptions of space weather that release solar energy trapped in the Earth's ma...; vdcr_direct_answer; concept_zh=磁场重联; concept_type=自然动态机制; priority=C,data/vdcr_candidate_videos_combined_v1.csv
vdcr_archive_b08_000005,https://archive.org/details/CIL-10105,internet_archive,archive_license_verify_on_page,75.0,0.0,30.0,physics_physical_systems,Magnetic Reconnection,physics_physical_systems,physics_family_07,"Candidate must show the temporal sequence that instantiates Magnetic Reconnection, not merely an object, scene, or static result.","archive_search_collected; search_term=Magnetic Reconnection; archive_identifier=CIL-10105; archive_file=MMSOrbit.ogv; title=MMS orbit animation; description=This animation shows the orbits of Magnetospheric Multiscale (MMS) mission, a Solar-Terrestrial Probe mission comprising of four identically instrumented spacecraft that will study the Earth's magnetosphere. Note: Animation of MMS missio...; vdcr_direct_answer; concept_zh=磁场重联; concept_type=自然动态机制; priority=C",data/vdcr_candidate_videos_combined_v1.csv
vdcr_archive_b08_000006,https://archive.org/details/youtube-L1X8oEbuCUA,internet_archive,archive_license_verify_on_page,67.0,0.0,30.0,physics_physical_systems,Solar Prominence Eruption,physics_physical_systems,physics_family_07,"Candidate must show the temporal sequence that instantiates Solar Prominence Eruption, not merely an object, scene, or static result.","archive_search_collected; search_term=Solar Prominence Eruption; archive_identifier=youtube-L1X8oEbuCUA; archive_file=L1X8oEbuCUA.mp4; title=Sol; description=http://eternallyalone.co.cc A prominence eruption observed by Solar Dynamics Observatory (SDO - AIA) [30 March, 2010] http://sdo.gsfc.nasa.gov/multimedia/movies.php MESSENGER spacecraft flyby [2 August, 2005] http://messenger.jhuapl.edu/...; vdcr_direct_answer; concept_zh=太阳日珥喷发; concept_type=自然动态机制; priority=C",data/vdcr_candidate_videos_combined_v1.csv
vdcr_archive_b08_000007,https://archive.org/details/youtube-XVINKRi-eUo,internet_archive,archive_license_verify_on_page,53.9,0.0,30.0,physics_physical_systems,Solar Prominence Eruption,physics_physical_systems,physics_family_07,"Candidate must show the temporal sequence that instantiates Solar Prominence Eruption, not merely an object, scene, or static result.",archive_search_collected; search_term=Solar Prominence Eruption; archive_identifier=youtube-XVINKRi-eUo; archive_file=XVINKRi-eUo.mp4; title=Amazing video of massive solar flare erupting from surface of Sun; description=http://www.youtube.com/user/RussiaToday NASA's Solar Dynamic Observatory filmed images of a large solar flare on February 24 2011. The (M3.6 rating) event is not the strongest solar flare ever recorded but was still big enough to kick up...; vdcr_direct_answer; concept_zh=太阳日珥喷发; concept_type=自然动态机制; priority=C,data/vdcr_candidate_videos_combined_v1.csv
vdcr_archive_b08_000008,https://archive.org/details/NasaConnect-DancingInTheNightSky,internet_archive,archive_license_verify_on_page,1710.1,0.0,30.0,physics_physical_systems,Coronal Mass Ejection,physics_physical_systems,physics_family_07,"Candidate must show the temporal sequence that instantiates Coronal Mass Ejection, not merely an object, scene, or static result.",archive_search_collected; search_term=Coronal Mass Ejection; archive_identifier=NasaConnect-DancingInTheNightSky; archive_file=NASAConnect-DancingInTheNightSky.ogv; title=NASA Connect - Dancing In The Night Sky; description=NASA Connect Video containing five segments as described below. NASA Connect Segment exploring the Aurora Borealis or Northern Lights. This segment exlains this natural phenomena and its history. NASA Connect Segment involving students i...; vdcr_direct_answer; concept_zh=日冕物质抛射; concept_type=自然动态机制; priority=C,data/vdcr_candidate_videos_combined_v1.csv
vdcr_archive_b08_000009,https://archive.org/details/VE-VID-16618,internet_archive,archive_license_verify_on_page,5.2,0.0,5.2,physics_physical_systems,Coronal Mass Ejection,physics_physical_systems,physics_family_07,"Candidate must show the temporal sequence that instantiates Coronal Mass Ejection, not merely an object, scene, or static result.","archive_search_collected; search_term=Coronal Mass Ejection; archive_identifier=VE-VID-16618; archive_file=flare_soh_2003301_512kb.mp4; title=Massive Solar Flare; description=A massive solar flare erupted from the surface of the Sun at 9:51 UTC on October 28, 2003. The solar flare persisted for more than an hour, peaking at 11:10 UTC. Associated with the flare was an ejection of a billion tons or more of gas...; vdcr_direct_answer; concept_zh=日冕物质抛射; concept_type=自然动态机制; priority=C",data/vdcr_candidate_videos_combined_v1.csv
vdcr_archive_b08_000010,https://archive.org/details/NasaConnect-Ditns-Sun-earthConnection,internet_archive,archive_license_verify_on_page,387.0,0.0,30.0,physics_physical_systems,Coronal Mass Ejection,physics_physical_systems,physics_family_07,"Candidate must show the temporal sequence that instantiates Coronal Mass Ejection, not merely an object, scene, or static result.",archive_search_collected; search_term=Coronal Mass Ejection; archive_identifier=NasaConnect-Ditns-Sun-earthConnection; archive_file=NASADITNS-SunEarthConnection.ogv; title=NASA Connect - DITNS - Sun-Earth Connection; description=NASA Connect Segment explaining what NASA is doing to explore auroras. The segment also answers questions like what are the phases of the Aurora and how scientists use satellite images to monitor auroras.; vdcr_direct_answer; concept_zh=日冕物质抛射; concept_type=自然动态机制; priority=C,data/vdcr_candidate_videos_combined_v1.csv
vdcr_archive_b08_000011,https://archive.org/details/CIL-10076,internet_archive,archive_license_verify_on_page,27.7,0.0,27.7,physics_physical_systems,Coronal Mass Ejection,physics_physical_systems,physics_family_07,"Candidate must show the temporal sequence that instantiates Coronal Mass Ejection, not merely an object, scene, or static result.","archive_search_collected; search_term=Coronal Mass Ejection; archive_identifier=CIL-10076; archive_file=Magfields_512kb.mp4; title=Magnetic Fields; description=This computer animation illustrates the Earth's space storm shield in action. The solar wind, a thin, high-velocity electrified gas, or plasma, blows constantly from the Sun at an average speed of 250 miles per second (400 kilometers/sec...; vdcr_direct_answer; concept_zh=日冕物质抛射; concept_type=自然动态机制; priority=C",data/vdcr_candidate_videos_combined_v1.csv
vdcr_archive_b08_000012,https://archive.org/details/MediaMonarchyEpisode218b,internet_archive,http://creativecommons.org/publicdomain/zero/1.0/,2816.6,0.0,30.0,physics_physical_systems,Coronal Mass Ejection,physics_physical_systems,physics_family_07,"Candidate must show the temporal sequence that instantiates Coronal Mass Ejection, not merely an object, scene, or static result.","archive_search_collected; search_term=Coronal Mass Ejection; archive_identifier=MediaMonarchyEpisode218b; archive_file=20110514_mediamonarchy_episode218b-56kbps.ogg; title=media monarchy episode218b (multimedia); description=multimedia episode218b on youtube / archive "" make a sacrifice for society's sake "" on the multimedia b-side of episode218 from media monarchy w/ cme's & a trip to the moon on cyber/space\war - habemus papam & a prophet of god on holy he...; vdcr_direct_answer; concept_zh=日冕物质抛射; concept_type=自然动态机制; priority=C",data/vdcr_candidate_videos_combined_v1.csv
vdcr_archive_b08_000013,https://archive.org/details/YouniverseMoblogMovies,internet_archive,archive_license_verify_on_page,15.3,0.0,15.3,biology_living_systems,Convergent Extension,biology_living_systems,biology_family_08,"Candidate must show the temporal sequence that instantiates Convergent Extension, not merely an object, scene, or static result.","archive_search_collected; search_term=Convergent Extension; archive_identifier=YouniverseMoblogMovies; archive_file=YOUmoblogGirlfriends420.ogv; title=YOuniverse Moblog Movies; description=YOU email to a specific address a picture, or in ZKM YOU_ser installation Bluetooth one. YOUr picture 'looks' poetically at other YOUser pictures from around web2.0 and compiles a 'fabula' Moblog Movie, in the ZKM, as a 6-screen sculptur...; vdcr_direct_answer; concept_zh=汇聚延伸运动; concept_type=自然动态机制; priority=C",data/vdcr_candidate_videos_combined_v1.csv
vdcr_archive_b08_000014,https://archive.org/details/fronto-nasal-encephalocele-encephalocele-of-the-anterior-cranial-base,internet_archive,archive_license_verify_on_page,315.0,0.0,30.0,biology_living_systems,Neural Tube Closure,biology_living_systems,biology_family_08,"Candidate must show the temporal sequence that instantiates Neural Tube Closure, not merely an object, scene, or static result.","archive_search_collected; search_term=Neural Tube Closure; archive_identifier=fronto-nasal-encephalocele-encephalocele-of-the-anterior-cranial-base; archive_file=Fronto-Nasal Encephalocele (Encephalocele of the Anterior Cranial Base).mp4; title=Fronto Nasal Encephalocele ( Encephalocele Of The Anterior Cranial Base); description=Fronto-nasal encephalocele is a type of encephalocele that occurs at the anterior cranial base, typically involving a protrusion of brain tissue through an opening in the skull. This condition is a congenital defect resulting from improp...; vdcr_direct_answer; concept_zh=神经管闭合; concept_type=自然动态机制; priority=C",data/vdcr_candidate_videos_combined_v1.csv
vdcr_archive_b08_000015,https://archive.org/details/yt_zgLovgnDA6A,internet_archive,archive_license_verify_on_page,300.1,0.0,30.0,biology_living_systems,Epithelial-Mesenchymal Transition,biology_living_systems,biology_family_08,"Candidate must show the temporal sequence that instantiates Epithelial-Mesenchymal Transition, not merely an object, scene, or static result.",archive_search_collected; search_term=Epithelial-Mesenchymal Transition; archive_identifier=yt_zgLovgnDA6A; archive_file=zgLovgnDA6A.ia.mp4; title=U.S. Food and Drug Administration - FDA D.I.S.C.O. Burst Edition: Tepmetko (tepotinib) and Ukoniq (umbralisib) (YouTube); description=Downloaded from U.S. Food and Drug Administration Youtube channel on 2025-02-05 01:15:04 https://youtube.com/watch?v=zgLovgnDA6A -------- Tepmetko (tepotinib): metastatic NSCLC harboring mesenchymal-epithelial transition exon 14 skipping...; vdcr_direct_answer; concept_zh=上皮-间质转化; concept_type=自然动态机制; priority=C,data/vdcr_candidate_videos_combined_v1.csv
vdcr_archive_b08_000016,https://archive.org/details/Remarque88-olQAuFtFPRsT,internet_archive,https://creativecommons.org/licenses/by-nc-nd/4.0/,701.7,0.0,30.0,biology_living_systems,Epithelial-Mesenchymal Transition,biology_living_systems,biology_family_08,"Candidate must show the temporal sequence that instantiates Epithelial-Mesenchymal Transition, not merely an object, scene, or static result.","archive_search_collected; search_term=Epithelial-Mesenchymal Transition; archive_identifier=Remarque88-olQAuFtFPRsT; archive_file=Remarque88-olQAuFtFPRsT.ia.mp4; title=""TURBO CANCER"" AND GRAPHENE OXIDE POISONATION - REBOOT (SHARE) CENSORED BY YOUR GOVERNMENT; description=THE UGLY TRUTH ISN'T SCI-FI FOLKS....... First posted Nov/22 EPITHELIAL-TO-MESENCHYMAL TRANSITION https://tinyurl.com/yw338kmu EMT AND CANCER - https://pubmed.ncbi.nlm.nih.gov/30043221/ TGF-β Signalling in Cancer - https://pubmed.ncbi.nl...; vdcr_direct_answer; concept_zh=上皮-间质转化; concept_type=自然动态机制; priority=C",data/vdcr_candidate_videos_combined_v1.csv
vdcr_archive_b08_000017,https://archive.org/details/Remarque88-FjRDANQQj4wT,internet_archive,https://creativecommons.org/licenses/by-nc-nd/4.0/,701.7,0.0,30.0,biology_living_systems,Epithelial-Mesenchymal Transition,biology_living_systems,biology_family_08,"Candidate must show the temporal sequence that instantiates Epithelial-Mesenchymal Transition, not merely an object, scene, or static result.",archive_search_collected; search_term=Epithelial-Mesenchymal Transition; archive_identifier=Remarque88-FjRDANQQj4wT; archive_file=Remarque88-FjRDANQQj4wT.ia.mp4; title=GRAPHENE OXIDE POISONATION REAPER - EMT (SHARE); description=EPITHELIAL-TO-MESENCHYMAL TRANSITION https://tinyurl.com/yw338kmu EMT AND CANCER - https://pubmed.ncbi.nlm.nih.gov/30043221/ TGF-β Signaling in Cancer - https://pubmed.ncbi.nlm.nih.gov/26774024/ 2018 STUDY - https://www.ncbi.nlm.nih.gov/...; vdcr_direct_answer; concept_zh=上皮-间质转化; concept_type=自然动态机制; priority=C,data/vdcr_candidate_videos_combined_v1.csv
vdcr_archive_b08_000018,https://archive.org/details/youtube-dbEYe65eDdw,internet_archive,archive_license_verify_on_page,192.3,0.0,30.0,earth_environmental_systems,Fault Rupture Propagation,earth_environmental_systems,earth_family_03,"Candidate must show the temporal sequence that instantiates Fault Rupture Propagation, not merely an object, scene, or static result.","archive_search_collected; search_term=Fault Rupture Propagation; archive_identifier=youtube-dbEYe65eDdw; archive_file=dbEYe65eDdw.ia.mp4; title=Pulse-like rupture and curved slip - Analysis of Myanmar earthquake rupture; description=Kearse, J., Kaneko, Y. (2025) Curved fault slip captured by CCTV video during the 2025 Mw 7.7 Myanmar earthquake. The Seismic Record. https://doi.org/10.1785/0320250024 Lead author Jesse Kearse can be contacted at jesse@kearse.co.nz Rupt...; vdcr_direct_answer; concept_zh=断层破裂传播; concept_type=自然动态机制; priority=C",data/vdcr_candidate_videos_combined_v1.csv
vdcr_archive_b08_000019,https://archive.org/details/tributeskyking_202204,internet_archive,archive_license_verify_on_page,116.7,0.0,30.0,earth_environmental_systems,Glacier Creep,earth_environmental_systems,earth_family_05,"Candidate must show the temporal sequence that instantiates Glacier Creep, not merely an object, scene, or static result.","archive_search_collected; search_term=Glacier Creep; archive_identifier=tributeskyking_202204; archive_file=Stepbrother of Richard _Beebo_ Russell talks about stolen plane incident_360p.ia.mp4; title=tributeskyking; description=His name was Richard Russel 29-year-old Richard “Beeboo” Russell, who stole and flew an empty Horizon Air Bombardier Q400. The FBI noted that Russell wrote about then-President Donald Trump and the effects his immigration policies were h...; vdcr_direct_answer; concept_zh=冰川塑性蠕变; concept_type=自然动态机制; priority=C",data/vdcr_candidate_videos_combined_v1.csv
vdcr_archive_b08_000020,https://archive.org/details/45984-castle-films-glacier-national-park_202103,internet_archive,archive_license_verify_on_page,585.0,0.0,30.0,earth_environmental_systems,Glacier Creep,earth_environmental_systems,earth_family_05,"Candidate must show the temporal sequence that instantiates Glacier Creep, not merely an object, scene, or static result.","archive_search_collected; search_term=Glacier Creep; archive_identifier=45984-castle-films-glacier-national-park_202103; archive_file=45984 Castle Films Glacier National Park.mp4; title=1945 CASTLE FILMS TRAVELOGUE “ GLACIER NATIONAL PARK ” MONTANA ROCKY MOUNTAINS 45984; description=This travelogue film, presented by Castle Films was one of a series sold for the home market called ""The World Parade"". They were commonly sold in department stores and camera shops. This film shows Glacier National Park, a 1,583 square...; vdcr_direct_answer; concept_zh=冰川塑性蠕变; concept_type=自然动态机制; priority=C",data/vdcr_candidate_videos_combined_v1.csv
vdcr_archive_b08_000021,https://archive.org/details/planet_earth_2_bbc,internet_archive,archive_license_verify_on_page,3669.8,0.0,30.0,earth_environmental_systems,Sea-Cliff Retreat,earth_environmental_systems,earth_family_08,"Candidate must show the temporal sequence that instantiates Sea-Cliff Retreat, not merely an object, scene, or static result.","archive_search_collected; search_term=Sea-Cliff Retreat; archive_identifier=planet_earth_2_bbc; archive_file=planet_earth_ii_06_cities.mp4; title=Planet Earth II BBC ★ Nature Series with Subtitles and MKV; description=Planet Earth II ★ Nature Series with English subtitles - and MKV ""Master"" Versions . _ . I found the original DVD source materials here: https://archive.org/details/green-planet-isos I am grateful to RatterFat Video for posting this! Tha...; vdcr_direct_answer; concept_zh=海蚀崖后退; concept_type=自然动态机制; priority=C",data/vdcr_candidate_videos_combined_v1.csv
vdcr_archive_b08_000022,https://archive.org/details/america13themoreabundantlifereel2,internet_archive,archive_license_verify_on_page,1433.8,0.0,30.0,earth_environmental_systems,Sea-Cliff Retreat,earth_environmental_systems,earth_family_08,"Candidate must show the temporal sequence that instantiates Sea-Cliff Retreat, not merely an object, scene, or static result.",archive_search_collected; search_term=Sea-Cliff Retreat; archive_identifier=america13themoreabundantlifereel2; archive_file=america13themoreabundantlifereel1.ogv; title=America:13 the More Abundant Life; description=; vdcr_direct_answer; concept_zh=海蚀崖后退; concept_type=自然动态机制; priority=C,data/vdcr_candidate_videos_combined_v1.csv
vdcr_archive_b08_000023,https://archive.org/details/gullivers-travels-1939,internet_archive,http://creativecommons.org/publicdomain/mark/1.0/,4581.2,0.0,30.0,earth_environmental_systems,Sea-Cliff Retreat,earth_environmental_systems,earth_family_08,"Candidate must show the temporal sequence that instantiates Sea-Cliff Retreat, not merely an object, scene, or static result.","archive_search_collected; search_term=Sea-Cliff Retreat; archive_identifier=gullivers-travels-1939; archive_file=Gulliver's Travels (1939).ia.mp4; title=Gulliver's Travels (1939); description=On November 5, 1699, Lemuel Gulliver washes onto the beach of Lilliput after a storm at sea and ultimate shipwreck. Following the calm of the storm, the town crier Gabby stumbles across Gulliver in terror (""All's Well"") and rushes back t...; vdcr_direct_answer; concept_zh=海蚀崖后退; concept_type=自然动态机制; priority=C",data/vdcr_candidate_videos_combined_v1.csv
vdcr_archive_b08_000024,https://archive.org/details/scm-191974-c4iforjan78am-newyear-oldyear,internet_archive,http://creativecommons.org/licenses/by-nc-nd/3.0/,3499.6,0.0,30.0,earth_environmental_systems,Sea-Cliff Retreat,earth_environmental_systems,earth_family_08,"Candidate must show the temporal sequence that instantiates Sea-Cliff Retreat, not merely an object, scene, or static result.","archive_search_collected; search_term=Sea-Cliff Retreat; archive_identifier=scm-191974-c4iforjan78am-newyear-oldyear; archive_file=c4i_13-_01-07_newyear.ogv; title=C4I for Jan 7 8 AM - New Year - Stew Webb; description=Jan 8. UPDATE NOTE: Show did not air as scheduled at Midnight Sunday night - some unknown technical glitch, according to staff. Just got word that it will be repeated on Thurs at 4 PM and Friday at 5 PM. OR - watch it here: Join Patricia...; vdcr_direct_answer; concept_zh=海蚀崖后退; concept_type=自然动态机制; priority=C",data/vdcr_candidate_videos_combined_v1.csv
vdcr_archive_earth_r3_000001,https://archive.org/details/CNNW_20130531_090000_EarlyStart,internet_archive,archive_license_verify_on_page,7260.7,0.0,60.0,earth_environmental_systems,Supercell Mesocyclone Rotation,earth_environmental_systems,earth_family_01,"Candidate must show organized supercell cloud rotation over time, not a still storm cloud.","archive_search_collected; search_term=mesocyclone timelapse; archive_identifier=CNNW_20130531_090000_EarlyStart; archive_file=CNNW_20130531_090000_EarlyStart.mp4; title=EarlyStart : CNNW : May 31, 2013 2:00am-4:01am PDT; description=News/Business. John Berman, Zoraida Sambolin. The latest breaking news and trending stories. New.; round3_earth_targeted_search",data/vdcr_candidate_videos_combined_v1.csv
vdcr_archive_earth_r3_000002,https://archive.org/details/SVS-3377,internet_archive,archive_license_verify_on_page,71.7,0.0,60.0,earth_environmental_systems,Supercell Mesocyclone Rotation,earth_environmental_systems,earth_family_01,"Candidate must show organized supercell cloud rotation over time, not a still storm cloud.",archive_search_collected; search_term=mesocyclone timelapse; archive_identifier=SVS-3377; archive_file=Bonnie1998_mm5model.ogv; title=A Hurricane Model; description=NASA scientists use the computer modeling field including the NCAR Mesoscale Model Version 5 (MM5) model to study the winds and updrafts near the hurricane's eye. An updraft is the vertical upward movement of air inside of a storm. This...; round3_earth_targeted_search,data/vdcr_candidate_videos_combined_v1.csv
vdcr_archive_earth_r3_000003,https://archive.org/details/animal-numbers-1999_202511,internet_archive,archive_license_verify_on_page,1461.0,0.0,60.0,earth_environmental_systems,Barchan Dune Migration,earth_environmental_systems,earth_family_07,Candidate must show barchan dune form migrating over time.,archive_search_collected; search_term=dune migration timelapse; archive_identifier=animal-numbers-1999_202511; archive_file=Animal Flight.mp4; title=Animal Numbers (1999); description=Today Explain the following text primarily based on the surrounding page content: Season Four (1999) Season Four (1999) of Amazing Animals is the final season of the British-American educational series produced by Dorling Kindersley Visi...; round3_earth_targeted_search,data/vdcr_candidate_videos_combined_v1.csv
vdcr_archive_earth_r3_000004,https://archive.org/details/sulla-questione-delle-razze-e-su-molto-altro-ancora-joe-fallisi,internet_archive,archive_license_verify_on_page,17219.3,0.0,60.0,earth_environmental_systems,Barchan Dune Migration,earth_environmental_systems,earth_family_07,Candidate must show barchan dune form migrating over time.,"archive_search_collected; search_term=dune migration timelapse; archive_identifier=sulla-questione-delle-razze-e-su-molto-altro-ancora-joe-fallisi; archive_file=SULLA QUESTIONE DELLE RAZZE E SU MOLTO ALTRO ANCORA - Joe Fallisi.ia.mp4; title=SULLA QUESTIONE DELLE RAZZE E SU MOLTO ALTRO ANCORA - Joe Fallisi (2013-2015); description=Sulla questione delle razze e su molto altro ancora - Joe Fallisi, 2013-2015 Conversazioni di Ubaldo Croce con Joe Fallisi Qui riuniti cinque video di Ubaldo Croce (censurati-eliminati da GiudeoTube) ------- RESISTENZA Joe Fallisi (27 di...; round3_earth_targeted_search",data/vdcr_candidate_videos_combined_v1.csv
vdcr_archive_earth_000001,https://archive.org/details/the-last-day-of-pompeii,internet_archive,archive_license_verify_on_page,6299.4,0.0,60.0,earth_environmental_systems,Pyroclastic Density Current,earth_environmental_systems,earth_family_04,"Candidate must show a hot volcanic density current advancing downslope over time, not merely ash or a static volcano.",archive_search_collected; search_term=pyroclastic flow; archive_identifier=the-last-day-of-pompeii; archive_file=The Last Day of Pompeii.mp4; title=The Last Day of Pompeii; description=The Last Day of Pompeii; targeted_commons_earth_search,data/vdcr_candidate_videos_combined_v1.csv
vdcr_archive_earth_000002,https://archive.org/details/youtube-2LsqbgtgeHY,internet_archive,archive_license_verify_on_page,933.3,0.0,60.0,earth_environmental_systems,Pyroclastic Density Current,earth_environmental_systems,earth_family_04,"Candidate must show a hot volcanic density current advancing downslope over time, not merely ash or a static volcano.",archive_search_collected; search_term=pyroclastic flow; archive_identifier=youtube-2LsqbgtgeHY; archive_file=2LsqbgtgeHY.mp4; title=The Krakatoa Volcanic Eruption of 1883 - The Loudest Sound Ever Heard?; description=; targeted_commons_earth_search,data/vdcr_candidate_videos_combined_v1.csv
vdcr_archive_earth_000003,https://archive.org/details/TheVistaGroup-TheHiddenDangersofMountRainier1996,internet_archive,archive_license_verify_on_page,1769.0,0.0,60.0,earth_environmental_systems,Pyroclastic Density Current,earth_environmental_systems,earth_family_04,"Candidate must show a hot volcanic density current advancing downslope over time, not merely ash or a static volcano.","archive_search_collected; search_term=pyroclastic flow; archive_identifier=TheVistaGroup-TheHiddenDangersofMountRainier1996; archive_file=The Hidden Dangers of Mount Rainier VHS • 60 FPS 1996.ia.mp4; title=1996 VHS • The Hidden Dangers of Mount Rainier 60 FPS; description=Produced by the U.S. Geological Survey, this documentary examines the volcanic and mudflow hazards posed by Mount Rainier to the densely populated valleys of Western Washington. The film traces the work of geologist Rocky Crandall, who i...; targeted_commons_earth_search",data/vdcr_candidate_videos_combined_v1.csv
vdcr_archive_earth_000004,https://archive.org/details/LaChambreArdente,internet_archive,archive_license_verify_on_page,6396.5,0.0,60.0,earth_environmental_systems,Pyroclastic Density Current,earth_environmental_systems,earth_family_04,"Candidate must show a hot volcanic density current advancing downslope over time, not merely ash or a static volcano.",archive_search_collected; search_term=nuée ardente; archive_identifier=LaChambreArdente; archive_file=La chambre ardente.ogv; title=La Chambre Ardente; description=Yaju; targeted_commons_earth_search,data/vdcr_candidate_videos_combined_v1.csv
vdcr_archive_earth_000005,https://archive.org/details/fogo.-ardente.-s-01-e-01.-mp-4.-dub.-baixar-series-mp-4.-top,internet_archive,archive_license_verify_on_page,2032.4,0.0,60.0,earth_environmental_systems,Pyroclastic Density Current,earth_environmental_systems,earth_family_04,"Candidate must show a hot volcanic density current advancing downslope over time, not merely ash or a static volcano.",archive_search_collected; search_term=nuée ardente; archive_identifier=fogo.-ardente.-s-01-e-01.-mp-4.-dub.-baixar-series-mp-4.-top; archive_file=Fogo.Ardente.S01E04.MP4.DUB.BaixarSeriesMP4.Top.mp4; title=Fogo. Ardente. S 01 E 01. MP 4. DUB. Baixar Series MP 4. Top; description=dsf; targeted_commons_earth_search,data/vdcr_candidate_videos_combined_v1.csv
vdcr_archive_earth_000006,https://archive.org/details/TheVistaGroup-HawaiiIslandsoftheFireGoddess1988,internet_archive,archive_license_verify_on_page,3530.1,0.0,60.0,earth_environmental_systems,Pahoehoe Lava Roping,earth_environmental_systems,earth_family_04,Candidate must show ropy pahoehoe surface forming or advancing over time.,"archive_search_collected; search_term=pahoehoe lava flow; archive_identifier=TheVistaGroup-HawaiiIslandsoftheFireGoddess1988; archive_file=Hawaii Islands of the Fire Goddess 1988.mp4; title=1988 VHS • Hawaii Islands of the Fire Goddess 60 FPS; description=Hawaii: Islands of the Fire Goddess is an episode of the PBS series Nature, hosted by George Page and underwritten by Siemens and the American gas industry. The program focuses on the geology, endemic wildlife, and ecological threats of...; targeted_commons_earth_search",data/vdcr_candidate_videos_combined_v1.csv
vdcr_archive_earth_000007,https://archive.org/details/9pgrQNjuBRvk6a1bL003HT44F4M7SN,internet_archive,archive_license_verify_on_page,1332.8,0.0,60.0,earth_environmental_systems,Pahoehoe Lava Roping,earth_environmental_systems,earth_family_04,Candidate must show ropy pahoehoe surface forming or advancing over time.,"archive_search_collected; search_term=pahoehoe lava flow; archive_identifier=9pgrQNjuBRvk6a1bL003HT44F4M7SN; archive_file=tmpx_z3xzu0.mp4; title=DISCOVERY ‘67: HAWAII, LAND OF VOLCANOES” NATIONAL PARK, KILAUEA ERUPTIONS XD3092; description=This 1967 color installment of a news magazine program for young people hosted by Bill Owen and Virginia Gibson offers an educational look at volcanoes, featuring a visit to Hawai'i Volcanoes National Park (TRT: 22:12).Red hot molten lav...; targeted_commons_earth_search",data/vdcr_candidate_videos_combined_v1.csv
vdcr_archive_earth_000008,https://archive.org/details/erputive-phenomea,internet_archive,archive_license_verify_on_page,2596.1,0.0,60.0,earth_environmental_systems,Pahoehoe Lava Roping,earth_environmental_systems,earth_family_04,Candidate must show ropy pahoehoe surface forming or advancing over time.,"archive_search_collected; search_term=pahoehoe lava flow; archive_identifier=erputive-phenomea; archive_file=erputive-phenomea.mp4; title=Eruptive Phenomena of Kilauea's East Rift Zone; description=A 1987 VHS tape titled Eruptive Phenomena of Kilauea's East Rift Zone. This features visuals of lava flows at the Kilauea Caldera on the big island of Hawai'i. This is credited to Ka 'Io Productions, and is hosted by Dr. Richard W. Hazle...; targeted_commons_earth_search",data/vdcr_candidate_videos_combined_v1.csv
vdcr_archive_earth_000009,https://archive.org/details/Zontar_Thing_From_Venus,internet_archive,http://creativecommons.org/licenses/publicdomain/,4818.0,0.0,60.0,earth_environmental_systems,Aa Lava Front Advance,earth_environmental_systems,earth_family_04,Candidate must show blocky aa lava front advancing over time.,archive_search_collected; search_term=aa lava flow; archive_identifier=Zontar_Thing_From_Venus; archive_file=Zontar_the_Thing_From_Venus.ogv; title=Zontar the Thing From Venus; description=An alien tries to take over the Earth by cutting off all power and seizing the minds of various scientists and military leaders. This is a remake of the 1956 Roger Corman film It Conquered the World . You can find out more about this fil...; targeted_commons_earth_search,data/vdcr_candidate_videos_combined_v1.csv
vdcr_archive_earth_000010,https://archive.org/details/volcanoes,internet_archive,http://creativecommons.org/licenses/publicdomain/,1007.4,0.0,60.0,earth_environmental_systems,Aa Lava Front Advance,earth_environmental_systems,earth_family_04,Candidate must show blocky aa lava front advancing over time.,archive_search_collected; search_term=aa lava flow; archive_identifier=volcanoes; archive_file=volcanoes.ogv; title=Volcanoes; description=; targeted_commons_earth_search,data/vdcr_candidate_videos_combined_v1.csv
vdcr_archive_earth_000011,https://archive.org/details/thelivingplanetaportraitoftheearth12newworlds,internet_archive,archive_license_verify_on_page,1721.8,0.0,60.0,earth_environmental_systems,Aa Lava Front Advance,earth_environmental_systems,earth_family_04,Candidate must show blocky aa lava front advancing over time.,"archive_search_collected; search_term=aa lava flow; archive_identifier=thelivingplanetaportraitoftheearth12newworlds; archive_file=thelivingplanetaportraitoftheearth12newworldsreel2.ogv; title=The Living Planet a Portrait of the Earth 12 New Worlds; description=['Title from data sheet', 'Intended audience: Ages 16 through adult', 'Issued also as videorecording', ""Host David Attenborough looks at the mixed fortunes of a wide variety of animals that have been affected by man's damage or changes t...; targeted_commons_earth_search",data/vdcr_candidate_videos_combined_v1.csv
vdcr_archive_earth_000012,https://archive.org/details/frozen-planet-ii,internet_archive,archive_license_verify_on_page,3629.4,0.0,60.0,earth_environmental_systems,Ice Cliff Calving,earth_environmental_systems,earth_family_05,Candidate must show ice fracture/detachment and falling into water over time.,"archive_search_collected; search_term=glacier calving; archive_identifier=frozen-planet-ii; archive_file=06 Our Frozen Planet.mp4; title=Frozen Planet II ★ Sequel to BBC Earth Frozen Planet - with MKV; description=Frozen Planet II ★ is the sequel to BBC Earth's Frozen Planet - with MKV, subtitles, an online course, and a large printable poster! . _ . I found the source DVD images here https://archive.org/details/frozen_planet_ii_iso and I'm gratef...; targeted_commons_earth_search",data/vdcr_candidate_videos_combined_v1.csv
vdcr_archive_earth_000013,https://archive.org/details/SVS-3619,internet_archive,archive_license_verify_on_page,312.0,0.0,60.0,earth_environmental_systems,Ice Cliff Calving,earth_environmental_systems,earth_family_05,Candidate must show ice fracture/detachment and falling into water over time.,"archive_search_collected; search_term=glacier calving; archive_identifier=SVS-3619; archive_file=hdtour720p60_041a_512kb.mp4; title=A Tour of the Cryosphere 2009; description=The cryosphere consists of those parts of the Earth's surface where water is found in solid form, including areas of snow, sea ice, glaciers, permafrost, ice sheets, and icebergs. In these regions, surface temperatures remain below freez...; targeted_commons_earth_search",data/vdcr_candidate_videos_combined_v1.csv
vdcr_archive_earth_000014,https://archive.org/details/vimeo-303438254,internet_archive,archive_license_verify_on_page,732.0,0.0,60.0,earth_environmental_systems,Ice Cliff Calving,earth_environmental_systems,earth_family_05,Candidate must show ice fracture/detachment and falling into water over time.,"archive_search_collected; search_term=glacier calving; archive_identifier=vimeo-303438254; archive_file=GREENLAND_-_THE_MELTING_ISLAND_4K-303438254.mp4; title=GREENLAND - THE MELTING ISLAND 4K; description=Personal notice to the movie As a professional photographer, filmmaker and guide I'm a big part of the problem which I appeal in this short movie. Some people advisably think that I'm not the right person mentioning the problems of globa...; targeted_commons_earth_search",data/vdcr_candidate_videos_combined_v1.csv
vdcr_archive_earth_000015,https://archive.org/details/deadly-mantis-1957-colorized,internet_archive,archive_license_verify_on_page,4716.3,0.0,60.0,earth_environmental_systems,Ice Cliff Calving,earth_environmental_systems,earth_family_05,Candidate must show ice fracture/detachment and falling into water over time.,"archive_search_collected; search_term=iceberg calving; archive_identifier=deadly-mantis-1957-colorized; archive_file=Deadly Mantis 1957 colorized.mp4; title=The Deadly Mantis 1957 colorized (Craig Stevens); description=Attacks on an Arctic outpost and a military transport plane reveal the existence of a giant prehistoric praying mantis, released from suspended animation by the calving of an iceberg and now flying over Greenland on its way to New York C...; targeted_commons_earth_search",data/vdcr_candidate_videos_combined_v1.csv
vdcr_archive_earth_000016,https://archive.org/details/FranklynMonkPodcast38,internet_archive,http://creativecommons.org/licenses/by-nc-sa/3.0/,1000.0,0.0,60.0,earth_environmental_systems,Ice Cliff Calving,earth_environmental_systems,earth_family_05,Candidate must show ice fracture/detachment and falling into water over time.,archive_search_collected; search_term=iceberg calving; archive_identifier=FranklynMonkPodcast38; archive_file=LesserPump.unprocessed_wav.ogg; title=The Lesser Pump; description=The beginning and the end are worn. Virtual instruments controlled by samples. A G-man posing as a number station. A preachy New Year’s reveler. Ice calving from an iceberg. A hammer strike. Dronecast #38 Show Notes: http://fmonk.quasige...; targeted_commons_earth_search,data/vdcr_candidate_videos_combined_v1.csv
vdcr_archive_earth_000017,https://archive.org/details/more_dangerous_then_dynamite,internet_archive,http://creativecommons.org/licenses/publicdomain/,589.2,0.0,60.0,earth_environmental_systems,Crown Fire Transition,earth_environmental_systems,earth_family_06,Candidate must show surface fire transitioning into tree crown fire over time.,archive_search_collected; search_term=crown fire; archive_identifier=more_dangerous_then_dynamite; archive_file=more_dangerous_then_dynamite.ogv; title=More Dangerous Than Dynamite; description=Warns housewives about the effects of cleaning clothes with Gasoline.; targeted_commons_earth_search,data/vdcr_candidate_videos_combined_v1.csv
vdcr_archive_earth_000018,https://archive.org/details/Queen_For_A_Day,internet_archive,http://creativecommons.org/licenses/publicdomain/,1726.0,0.0,60.0,earth_environmental_systems,Crown Fire Transition,earth_environmental_systems,earth_family_06,Candidate must show surface fire transitioning into tree crown fire over time.,"archive_search_collected; search_term=crown fire; archive_identifier=Queen_For_A_Day; archive_file=Queen-For-A-Day.ogv; title=1960 episode of 'Queen for a Day'; description=One of the few surviving episodes of ""Queen for a Day"", from 1960. One of the strangest shows ever to air on TV. Please note that most shows of the 60's were MUCH BETTER than this.; targeted_commons_earth_search",data/vdcr_candidate_videos_combined_v1.csv
vdcr_archive_earth_000019,https://archive.org/details/Thief3_100p_13115,internet_archive,archive_license_verify_on_page,26.6,0.0,26.6,earth_environmental_systems,Crown Fire Transition,earth_environmental_systems,earth_family_06,Candidate must show surface fire transitioning into tree crown fire over time.,"archive_search_collected; search_term=crown fire; archive_identifier=Thief3_100p_13115; archive_file=Thief3_100p_13115_LQ_part05.ogv; title=Thief: Deadly Shadows (PC) - 1:31:15 - Daniel Burns; description=Speed run of Thief: Deadly Shadows for PC in 19 segments completed on February 25 2006. Collects ""100% loot"". Available in four versions: normal/low (320x240) and high/insane (512x384) quality. Author's comments: Thank you as always to R...; targeted_commons_earth_search",data/vdcr_candidate_videos_combined_v1.csv
vdcr_archive_earth_000020,https://archive.org/details/Mars_Dune_Avalanche_,internet_archive,http://creativecommons.org/publicdomain/zero/1.0/,157.3,0.0,60.0,earth_environmental_systems,Dune Slip-Face Avalanche,earth_environmental_systems,earth_family_07,Candidate must show granular sand sliding down a dune slip face over time.,"archive_search_collected; search_term=dune avalanche; archive_identifier=Mars_Dune_Avalanche_; archive_file=Mars_Dune_Avalanche_.ogv; title=Mars_Dune_Avalanche_; description=This is an educational video ""Mars: Dune Avalanche"", produced by the JPL and NASA. Uploaded for an introductory course on Astronomy. ASTR110 section 01, Ancilla College, Donaldson Indiana. Published under the Creative Commons License and...; targeted_commons_earth_search",data/vdcr_candidate_videos_combined_v1.csv
vdcr_archive_earth_000021,https://archive.org/details/youtube-78-YFytlyEU,internet_archive,archive_license_verify_on_page,454.5,0.0,60.0,earth_environmental_systems,Dune Slip-Face Avalanche,earth_environmental_systems,earth_family_07,Candidate must show granular sand sliding down a dune slip face over time.,"archive_search_collected; search_term=dune avalanche; archive_identifier=youtube-78-YFytlyEU; archive_file=78-YFytlyEU.mp4; title=Danger chez les jeunes, #ObamaGate, contaminé en parlant... 5 actus de la semaine; description=ObamaGate, contamination des jeunes, Brésil et Corée du Sud face au coronavirus… les 5 actus de la semaine ! 🤗 Sur Instagram, votre résumé de l’actu d’1 minute chaque soir ! @HugoDecrypte http://instagram.com/hugodecrypte/ 🍿 La même chos...; targeted_commons_earth_search",data/vdcr_candidate_videos_combined_v1.csv
vdcr_archive_earth_000022,https://archive.org/details/Norm_Macdonald_Live,internet_archive,archive_license_verify_on_page,2633.2,0.0,60.0,earth_environmental_systems,Rip Current Formation,earth_environmental_systems,earth_family_08,"Candidate must show seaward current/channel formation, not beach interviews or warning signs.",archive_search_collected; search_term=rip current; archive_identifier=Norm_Macdonald_Live; archive_file=Norm Macdonald Live - S02E06 - Norm Macdonald with Guest Todd Glass (Pt 1).ogv; title=Norm Macdonald Live; description=Norm Macdonald Live A free video podcast which was freely available until it was removed without warning. Now it's freely available here. RIP Norm. You were one of the best. I've made the rest of this shit in the description more difficu...; targeted_commons_earth_search,data/vdcr_candidate_videos_combined_v1.csv
vdcr_archive_earth_000023,https://archive.org/details/DuckandC1951,internet_archive,http://creativecommons.org/licenses/publicdomain/,555.4,0.0,60.0,earth_environmental_systems,Rip Current Formation,earth_environmental_systems,earth_family_08,"Candidate must show seaward current/channel formation, not beach interviews or warning signs.","archive_search_collected; search_term=rip current; archive_identifier=DuckandC1951; archive_file=DuckandC1951_512kb.mp4; title=Duck and Cover; description=Selected for the 2004 National Film Registry of ""culturally, historically and aesthetically significant"" motion pictures. Famous Civil Defense film for children in which Bert the Turtle shows what to do in case of atomic attack.; targeted_commons_earth_search",data/vdcr_candidate_videos_combined_v1.csv
vdcr_archive_earth_000024,https://archive.org/details/Quake4_20954,internet_archive,archive_license_verify_on_page,101.6,0.0,60.0,earth_environmental_systems,Rip Current Formation,earth_environmental_systems,earth_family_08,"Candidate must show seaward current/channel formation, not beach interviews or warning signs.",archive_search_collected; search_term=rip current; archive_identifier=Quake4_20954; archive_file=Quake4_20954_part15.ogv; title=Quake 4 (PC) - Private skill 2:09:54 - Peter Knutsson; description=Speed run of Quake 4 on private skill in 26 segments completed on December 29 2005. Available in 320x240 DivX and 640x480 h.264 versions. Author's comments: This game is extremely linear. Not only have they removed just about everything...; targeted_commons_earth_search,data/vdcr_candidate_videos_combined_v1.csv
vdcr_archive_earth_000025,https://archive.org/details/JournalOfRegardless,internet_archive,http://creativecommons.org/licenses/by/3.0/us/,69.8,0.0,60.0,earth_environmental_systems,Debris-Flow Surge Propagation,earth_environmental_systems,earth_family_03,Candidate must show a debris-flow surge propagating through a channel or slope.,archive_search_collected; search_term=debris flow; archive_identifier=JournalOfRegardless; archive_file=6.FoundLand.ogg; title=Journal of regardless; description=Please use earphones when on mobile devices. Make sure you got the right file software for certain files in the download section. If you don't have the file viewer software your screen will start blinking. For example file extension xps....; targeted_commons_earth_search,data/vdcr_candidate_videos_combined_v1.csv
vdcr_archive_earth_000026,https://archive.org/details/thenavigators,internet_archive,archive_license_verify_on_page,1661.0,0.0,60.0,earth_environmental_systems,Debris-Flow Surge Propagation,earth_environmental_systems,earth_family_03,Candidate must show a debris-flow surge propagating through a channel or slope.,"archive_search_collected; search_term=debris flow; archive_identifier=thenavigators; archive_file=thenavigatorsreel2.ogv; title=The Navigators: pathfinders of the Pacific; description=From WorldCat: Follows archaeologists as they seek clues to the origins and achievements of ancient Polynesian seafarers. Shows the excavation of a powerful voyaging canoe on the Tahitian island of Huahine, early sailing routes in Fiji,...; targeted_commons_earth_search",data/vdcr_candidate_videos_combined_v1.csv
vdcr_archive_earth_000027,https://archive.org/details/colorado_flooding_13-sept-2013,internet_archive,archive_license_verify_on_page,50.1,0.0,50.1,earth_environmental_systems,Debris-Flow Surge Propagation,earth_environmental_systems,earth_family_03,Candidate must show a debris-flow surge propagating through a channel or slope.,"archive_search_collected; search_term=debris flow; archive_identifier=colorado_flooding_13-sept-2013; archive_file=2013-09-13_poudre-flood_marinez-park.ogv; title=Colorado Flooding News Conferences for Larimer and Boulder County - Sept 13 / 14, 2013; description=— presents — Colorado Flooding News Conference audio excerpts • September 13 and 14, 2013 • — Audio Stream (tracks 1 - 3), 52:01 — Audio Track 1 , 21:12 excerpt: Listen to Boulder County sheriff and officials with city of Boulder, Sept 1...; targeted_commons_earth_search",data/vdcr_candidate_videos_combined_v1.csv
vdcr_archive_earth_000028,https://archive.org/details/youtube-aZ8JT4PG-aw,internet_archive,archive_license_verify_on_page,181.0,0.0,60.0,earth_environmental_systems,Debris-Flow Surge Propagation,earth_environmental_systems,earth_family_03,Candidate must show a muddy debris-flow surge propagating through a channel or slope.,archive_search_collected; search_term=mudflow; archive_identifier=youtube-aZ8JT4PG-aw; archive_file=aZ8JT4PG-aw.mp4; title=Japan is completely paralyzed: The height of snowdrifts exceeds 4 meters; description=; targeted_commons_earth_search,data/vdcr_candidate_videos_combined_v1.csv
vdcr_archive_earth_000029,https://archive.org/details/MudflowAtTunnelConstructionSiteLeaves4Dead4MissingInSouthwestChina,internet_archive,archive_license_verify_on_page,65.1,0.0,60.0,earth_environmental_systems,Debris-Flow Surge Propagation,earth_environmental_systems,earth_family_03,Candidate must show a muddy debris-flow surge propagating through a channel or slope.,"archive_search_collected; search_term=mudflow; archive_identifier=MudflowAtTunnelConstructionSiteLeaves4Dead4MissingInSouthwestChina; archive_file=Mudflow at tunnel construction site leaves 4 dead, 4 missing in southwest China.ogv; title=Mudflow At Tunnel Construction Site Leaves 4 Dead, 4 Missing In Southwest China; description=Mudflow At Tunnel Construction Site Leaves 4 Dead, 4 Missing In Southwest China; targeted_commons_earth_search",data/vdcr_candidate_videos_combined_v1.csv
vdcr_archive_earth_000030,https://archive.org/details/Mt._Rainier_still_poses_threat_County_unveils_new_active_volcano_website,internet_archive,archive_license_verify_on_page,173.6,0.0,60.0,earth_environmental_systems,Debris-Flow Surge Propagation,earth_environmental_systems,earth_family_03,Candidate must show a muddy debris-flow surge propagating through a channel or slope.,"archive_search_collected; search_term=mudflow; archive_identifier=Mt._Rainier_still_poses_threat_County_unveils_new_active_volcano_website; archive_file=Mt._Rainier_still_poses_threat_County_unveils_new_active_volcano_website.ogv; title=Mt. Rainier still poses threat, County unveils new active volcano website; description=Mt. Rainier is an active volcano and Pierce County encourages people to always be prepared.; targeted_commons_earth_search",data/vdcr_candidate_videos_combined_v1.csv
vdcr_archive_earth_000031,https://archive.org/details/SupercellMyDearest,internet_archive,archive_license_verify_on_page,347.3,0.0,60.0,earth_environmental_systems,Supercell Mesocyclone Rotation,earth_environmental_systems,earth_family_01,Candidate must show supercell cloud rotation or organized mesocyclone structure evolving over time.,archive_search_collected; search_term=supercell timelapse; archive_identifier=SupercellMyDearest; archive_file=SupercellMyDearest.ogv; title=supercell My Dearest; description=supercell My Dearest; targeted_commons_earth_search,data/vdcr_candidate_videos_combined_v1.csv
vdcr_archive_earth_000032,https://archive.org/details/Supercell_854,internet_archive,archive_license_verify_on_page,325.3,0.0,60.0,earth_environmental_systems,Supercell Mesocyclone Rotation,earth_environmental_systems,earth_family_01,Candidate must show supercell cloud rotation or organized mesocyclone structure evolving over time.,archive_search_collected; search_term=supercell timelapse; archive_identifier=Supercell_854; archive_file=Supercell.ogv; title=supercell ãåç½ã; description=supercell ãåç½ã; targeted_commons_earth_search,data/vdcr_candidate_videos_combined_v1.csv
vdcr_archive_earth_000033,https://archive.org/details/ybprlhwj-4t-0bg-09q,internet_archive,archive_license_verify_on_page,99.1,0.0,60.0,earth_environmental_systems,Supercell Mesocyclone Rotation,earth_environmental_systems,earth_family_01,Candidate must show supercell cloud rotation or organized mesocyclone structure evolving over time.,archive_search_collected; search_term=supercell timelapse; archive_identifier=ybprlhwj-4t-0bg-09q; archive_file=ぬえちゃんが男湯でオーイェ～！（能力あり） [aeprxhbdwc79r7lm].mp4; title=ぬえちゃんが男湯でオーイェ～！; description=======Iwara Metadata====== Title: ぬえちゃんが男湯でオーイェ～！（能力あり） Iwara ID: aeprxhbdwc79r7lm Description: ぬえちゃんが男湯で自分の能力を駆使しながら踊ってくれました。 能力なし版はプライベートで。 Tags: No Tags ======Iwara Metadata====== Title: ぬえちゃんが男湯でオーイェ～！（能力なし） Iwara ID: ybprlhwj4t0bg09...; targeted_commons_earth_search,data/vdcr_candidate_videos_combined_v1.csv
vdcr_archive_earth_000034,https://archive.org/details/NASA_Aeronautics_Design_Tech_Clip30_HD,internet_archive,archive_license_verify_on_page,278.9,0.0,60.0,earth_environmental_systems,Downburst / Microburst Outflow,earth_environmental_systems,earth_family_01,Candidate must show downburst or microburst outflow spreading at the surface over time.,"archive_search_collected; search_term=microburst; archive_identifier=NASA_Aeronautics_Design_Tech_Clip30_HD; archive_file=NASA_Aeronautics_Design_Tech_Clip30_HD.ogv; title=Invention of Doppler Radar; description=This NASA video segment gives an inside look at another useful NASA technology, Doppler radar. Between mid-1960 and mid-1980 airplane fatalities were often due to the effects of hazardous wind shears during a plane's landing and take off...; targeted_commons_earth_search",data/vdcr_candidate_videos_combined_v1.csv
vdcr_archive_earth_000035,https://archive.org/details/Special_Report_-_Laurel_Storm_Damage_-_September_30_2015,internet_archive,archive_license_verify_on_page,150.6,0.0,60.0,earth_environmental_systems,Downburst / Microburst Outflow,earth_environmental_systems,earth_family_01,Candidate must show downburst or microburst outflow spreading at the surface over time.,"archive_search_collected; search_term=microburst; archive_identifier=Special_Report_-_Laurel_Storm_Damage_-_September_30_2015; archive_file=Special_Report_-_Laurel_Storm_Damage_-_September_30_2015.ogv; title=Special Report: Laurel Storm Damage - September 30, 2015; description=The City of Laurel received some damage from last night's storm and Audrey Barnes, Communications Director, was able to get out and get you all the information you needed to know if your property or business was one of the unfortunate bu...; targeted_commons_earth_search",data/vdcr_candidate_videos_combined_v1.csv
vdcr_archive_earth_000036,https://archive.org/details/colvnv-The_Dangers_of_Monsoon_Season_and_Flash_Flooding_in_Las_Vegas,internet_archive,archive_license_verify_on_page,373.0,0.0,60.0,earth_environmental_systems,Downburst / Microburst Outflow,earth_environmental_systems,earth_family_01,Candidate must show downburst or microburst outflow spreading at the surface over time.,"archive_search_collected; search_term=microburst; archive_identifier=colvnv-The_Dangers_of_Monsoon_Season_and_Flash_Flooding_in_Las_Vegas; archive_file=The_Dangers_of_Monsoon_Season_and_Flash_Flooding_in_Las_Vegas.mp4; title=The Dangers of Monsoon Season and Flash Flooding in Las Vegas; description=Flash floods, extreme heat and powerful winds—Las Vegas monsoon season is no joke. We visit the National Weather Service to break down the science behind monsoon storms, flash flooding and other severe weather threats that hit Southern N...; targeted_commons_earth_search",data/vdcr_candidate_videos_combined_v1.csv
vdcr_archive_earth_000037,https://archive.org/details/thehorrorofitallreel2,internet_archive,archive_license_verify_on_page,1767.6,0.0,60.0,earth_environmental_systems,Gust Front Propagation,earth_environmental_systems,earth_family_01,Candidate must show a gust front or shelf-cloud boundary advancing over time.,"archive_search_collected; search_term=gust front; archive_identifier=thehorrorofitallreel2; archive_file=thehorrorofitallreel1.ogv; title=The Horror of it all; description=Combines rare film clips, stills, and interviews in a chronicle of the fifty years of horror film production. Covers the early days of Nosferatu to today's so-called spatter movies. The Horror of it all Search Educational Film Journals a...; targeted_commons_earth_search",data/vdcr_candidate_videos_combined_v1.csv
vdcr_archive_earth_000038,https://archive.org/details/0707_Atomic_Bomb_Blast_Effects,internet_archive,archive_license_verify_on_page,510.9,0.0,60.0,earth_environmental_systems,Gust Front Propagation,earth_environmental_systems,earth_family_01,Candidate must show a gust front or shelf-cloud boundary advancing over time.,"archive_search_collected; search_term=gust front; archive_identifier=0707_Atomic_Bomb_Blast_Effects; archive_file=0707_Atomic_Bomb_Blast_Effects_00_00_51_00_dv50.ogv; title=Atomic Bomb Blast Effects; description=Color footage of atomic bomb tests with active duty military personnel at Camp Desert Rock, Nevada Test Site, Nevada. Shows soldiers in foxholes as nuclear detonation occurs nearby, light and shockwaves, blowing dust, soldiers climbing o...; targeted_commons_earth_search",data/vdcr_candidate_videos_combined_v1.csv
vdcr_archive_only_000001,https://archive.org/details/SVS-97,internet_archive,archive_license_verify_on_page,1059.5,0.0,30.0,physics_physical_systems,Rayleigh-Taylor Instability,physics_physical_systems,physics_family_01,"Candidate must show the temporal sequence that instantiates Rayleigh-Taylor Instability, not merely an object, scene, or static result.","archive_search_collected; search_term=Rayleigh-Taylor Instability; archive_identifier=SVS-97; archive_file=a000097_512kb.mp4; title=Images of Earth and Space: The Role of Visualization in NASA Science; description=This compilation video contains visualizations of Earth and Space Sciences resulting from supercomputer models. The excerpted visualizations include: Ocean Planet, El Nino, Ozone 1991, Clouds, Changes in Glacier Bay, Alaska, Biosphere, L...; vdcr_direct_answer; concept_zh=瑞利-泰勒不稳定性; concept_type=自然动态机制; priority=A",data/vdcr_candidate_videos_combined_v1.csv
vdcr_archive_only_000002,https://archive.org/details/SVS-44,internet_archive,archive_license_verify_on_page,15.8,0.0,15.8,physics_physical_systems,Rayleigh-Taylor Instability,physics_physical_systems,physics_family_01,"Candidate must show the temporal sequence that instantiates Rayleigh-Taylor Instability, not merely an object, scene, or static result.",archive_search_collected; search_term=Rayleigh-Taylor Instability; archive_identifier=SVS-44; archive_file=a000044.ogv; title=Rayleigh-Taylor Instabilities in Supernovae Explosions: Oxygen Mass Fraction; description=The following calculation shows the development and evolution of Rayleigh-Taylor instabilities which develop behind the supernova blast wave on a time scale of a few hours. The initial model was chosen to provide a good representation fo...; vdcr_direct_answer; concept_zh=瑞利-泰勒不稳定性; concept_type=自然动态机制; priority=A,data/vdcr_candidate_videos_combined_v1.csv
vdcr_archive_only_000003,https://archive.org/details/SVS-39,internet_archive,archive_license_verify_on_page,15.0,0.0,15.0,physics_physical_systems,Rayleigh-Taylor Instability,physics_physical_systems,physics_family_01,"Candidate must show the temporal sequence that instantiates Rayleigh-Taylor Instability, not merely an object, scene, or static result.",archive_search_collected; search_term=Rayleigh-Taylor Instability; archive_identifier=SVS-39; archive_file=a000039.ogv; title=Rayleigh-Taylor Instabilities in Supernovae Explosions: Density; description=The following calculation shows the development and evolution of Rayleigh-Taylor instabilities which develop behind the supernova blast wave on a time scale of a few hours. The initial model was chosen to provide a good representation fo...; vdcr_direct_answer; concept_zh=瑞利-泰勒不稳定性; concept_type=自然动态机制; priority=A,data/vdcr_candidate_videos_combined_v1.csv
vdcr_archive_only_000004,https://archive.org/details/SVS-40,internet_archive,archive_license_verify_on_page,17.3,0.0,17.3,physics_physical_systems,Rayleigh-Taylor Instability,physics_physical_systems,physics_family_01,"Candidate must show the temporal sequence that instantiates Rayleigh-Taylor Instability, not merely an object, scene, or static result.",archive_search_collected; search_term=Rayleigh-Taylor Instability; archive_identifier=SVS-40; archive_file=a000040.ogv; title=Rayleigh-Taylor Instabilities in Supernovae Explosions: Hydrogen Mass Fraction; description=The following calculation shows the development and evolution of Rayleigh-Taylor instabilities which develop behind the supernova blast wave on a time scale of a few hours. The initial model was chosen to provide a good representation fo...; vdcr_direct_answer; concept_zh=瑞利-泰勒不稳定性; concept_type=自然动态机制; priority=A,data/vdcr_candidate_videos_combined_v1.csv
vdcr_archive_only_000005,https://archive.org/details/SVS-42,internet_archive,archive_license_verify_on_page,15.2,0.0,15.2,physics_physical_systems,Rayleigh-Taylor Instability,physics_physical_systems,physics_family_01,"Candidate must show the temporal sequence that instantiates Rayleigh-Taylor Instability, not merely an object, scene, or static result.",archive_search_collected; search_term=Rayleigh-Taylor Instability; archive_identifier=SVS-42; archive_file=a000042.ogv; title=Rayleigh-Taylor Instabilities in Supernovae Explosions: Helium Mass Fraction; description=The following calculation shows the development and evolution of Rayleigh-Taylor instabilities which develop behind the supernova blast wave on a time scale of a few hours. The initial model was chosen to provide a good representation fo...; vdcr_direct_answer; concept_zh=瑞利-泰勒不稳定性; concept_type=自然动态机制; priority=A,data/vdcr_candidate_videos_combined_v1.csv
vdcr_archive_only_000006,https://archive.org/details/sharware,internet_archive,archive_license_verify_on_page,16.6,0.0,16.6,physics_physical_systems,Hydraulic Jump,physics_physical_systems,physics_family_01,"Candidate must show the temporal sequence that instantiates Hydraulic Jump, not merely an object, scene, or static result.","archive_search_collected; search_term=Hydraulic Jump; archive_identifier=sharware; archive_file=chestnut/movies/post.mp4; title=chestnut-multimedia; description=This is some stuff from the 1990s. I'm not supposed to share it. On BBS, or use it to make money. But libraries for free are licensed/ok. GOOD THING! Or else I couldn't post this here, the repercussions would be far more than I could han...; vdcr_direct_answer; concept_zh=水跃; concept_type=自然动态机制; priority=A",data/vdcr_candidate_videos_combined_v1.csv
vdcr_archive_only_000007,https://archive.org/details/C64GVA246-RockNBolt,internet_archive,http://creativecommons.org/licenses/by-nc-nd/3.0/,871.9,0.0,30.0,physics_physical_systems,Hydraulic Jump,physics_physical_systems,physics_family_01,"Candidate must show the temporal sequence that instantiates Hydraulic Jump, not merely an object, scene, or static result.","archive_search_collected; search_term=Hydraulic Jump; archive_identifier=C64GVA246-RockNBolt; archive_file=C64GVA246-RockNBolt.ogv; title=C64-Gamevideoarchive 246 - Rock`n`Bolt; description=Video from the C64 game ""Rock`n`Bolt"" For the best video quality I advise the Cinepack version Manual [ 1.0 ] General Description You presented your bid. Dazzled the board. And clinched the big contract. Now comes panic time. It's an ama...; vdcr_direct_answer; concept_zh=水跃; concept_type=自然动态机制; priority=A",data/vdcr_candidate_videos_combined_v1.csv
vdcr_archive_only_000008,https://archive.org/details/the-ongoing-war-in-the-persian-gulf,internet_archive,archive_license_verify_on_page,4730.2,0.0,30.0,physics_physical_systems,Hydraulic Jump,physics_physical_systems,physics_family_01,"Candidate must show the temporal sequence that instantiates Hydraulic Jump, not merely an object, scene, or static result.","archive_search_collected; search_term=Hydraulic Jump; archive_identifier=the-ongoing-war-in-the-persian-gulf; archive_file=The Ongoing War in the Persian Gulf Why Does It Matter to the US.mp4; title=The Ongoing War In The Persian Gulf: Why Does It Matter To The US?; description=The Ongoing War in the Persian Gulf: Why Does it Matter to the US? (David Des Roches, August 28, 2019) Transcript available below About the speaker David Des Roches is Associate Professor at the Near East South Asia Center for Security S...; vdcr_direct_answer; concept_zh=水跃; concept_type=自然动态机制; priority=A",data/vdcr_candidate_videos_combined_v1.csv
vdcr_archive_only_000009,https://archive.org/details/23294WingsForTheGroundCommanderA,internet_archive,archive_license_verify_on_page,838.8,0.0,30.0,physics_physical_systems,Hydraulic Jump,physics_physical_systems,physics_family_01,"Candidate must show the temporal sequence that instantiates Hydraulic Jump, not merely an object, scene, or static result.","archive_search_collected; search_term=Hydraulic Jump; archive_identifier=23294WingsForTheGroundCommanderA; archive_file=23294 Wings For The Ground Commander_b_vwr.mp4; title="" WINGS FOR THE GROUND COMMANDER "" CH-46 SEA KNIGHT HELICOPTER IN VIETNAM WAR PROMO FILM 23294; description=This film ""Wings for the Ground Commander"" promotes the Boeing Vertol CH-46 Sea Knight, a medium-lift tandem-rotor transport helicopter powered by twin turboshaft engines. It was designed by Vertol and manufactured by Boeing Vertol follo...; vdcr_direct_answer; concept_zh=水跃; concept_type=自然动态机制; priority=A",data/vdcr_candidate_videos_combined_v1.csv
vdcr_archive_only_000010,https://archive.org/details/33024flightcharacteristicsofthea20vwr,internet_archive,https://creativecommons.org/licenses/by-nc-nd/4.0/,1164.7,0.0,30.0,physics_physical_systems,Hydraulic Jump,physics_physical_systems,physics_family_01,"Candidate must show the temporal sequence that instantiates Hydraulic Jump, not merely an object, scene, or static result.","archive_search_collected; search_term=Hydraulic Jump; archive_identifier=33024flightcharacteristicsofthea20vwr; archive_file=33024 Flight Characteristics Of The A 20_vwr.mp4; title=FLIGHT CHARACTERISTICS OF THE DOUGLAS A-20 HAVOC LIGHT BOMBER 33024; description=This “restricted” United States War Department Film, a black-and-white production of the First Motion Picture Unit Army Air Forces, dramatically introduces the viewer to “Flight Characteristics of the A-20.” (The Douglas A-20 Havoc was a...; vdcr_direct_answer; concept_zh=水跃; concept_type=自然动态机制; priority=A",data/vdcr_candidate_videos_combined_v1.csv
vdcr_archive_only_000011,https://archive.org/details/0559_Threads_of_Technology,internet_archive,archive_license_verify_on_page,1047.1,0.0,30.0,physics_physical_systems,Standing Wave Formation,physics_physical_systems,physics_family_03,"Candidate must show the temporal sequence that instantiates Standing Wave Formation, not merely an object, scene, or static result.","archive_search_collected; search_term=Standing Wave Formation; archive_identifier=0559_Threads_of_Technology; archive_file=0559_Threads_of_Technology_09_12_29_01_3mb.ogv; title=Threads of Technology; description=09:12:30:04 CU parabolic lines morphing in and out of each other on an oscilloscope screen, lines begin to accelerate and morph into a sine-wave-like pattern, dissolves to CU laser passing through a prism. 09:12:55:13 CU automated machin...; vdcr_direct_answer; concept_zh=驻波形成; concept_type=自然动态机制; priority=A",data/vdcr_candidate_videos_combined_v1.csv
vdcr_archive_only_000012,https://archive.org/details/SkyBillb1935,internet_archive,http://creativecommons.org/licenses/publicdomain/,454.8,0.0,30.0,physics_physical_systems,Standing Wave Formation,physics_physical_systems,physics_family_03,"Candidate must show the temporal sequence that instantiates Standing Wave Formation, not merely an object, scene, or static result.",archive_search_collected; search_term=Standing Wave Formation; archive_identifier=SkyBillb1935; archive_file=SkyBillb1935.ogv; title=Sky Billboards; description=How skywriting works -- and the making of an aerial Chevrolet advertisement.; vdcr_direct_answer; concept_zh=驻波形成; concept_type=自然动态机制; priority=A,data/vdcr_candidate_videos_combined_v1.csv
vdcr_archive_only_000013,https://archive.org/details/theworldatwar24thebombfebruarysept1945reel2,internet_archive,archive_license_verify_on_page,1648.8,0.0,30.0,physics_physical_systems,Standing Wave Formation,physics_physical_systems,physics_family_03,"Candidate must show the temporal sequence that instantiates Standing Wave Formation, not merely an object, scene, or static result.","archive_search_collected; search_term=Standing Wave Formation; archive_identifier=theworldatwar24thebombfebruarysept1945reel2; archive_file=theworldatwar24thebombfebruarysept1945reel1.ogv; title=The World at War 24 - The Bomb, February - Sept 1945; description=The World at War 24 - The Bomb, February - Sept 1945 Summary Discusses the first atomic bomb, used by President Truman in August, 1945, dropped on the city of Hiroshima. After a second bomb was dropped on Nagasaki, Japan surrendered. Inc...; vdcr_direct_answer; concept_zh=驻波形成; concept_type=自然动态机制; priority=A",data/vdcr_candidate_videos_combined_v1.csv
vdcr_archive_only_000014,https://archive.org/details/StarFox64_SS_Expert_100p_12452,internet_archive,archive_license_verify_on_page,5505.9,0.0,30.0,physics_physical_systems,Standing Wave Formation,physics_physical_systems,physics_family_03,"Candidate must show the temporal sequence that instantiates Standing Wave Formation, not merely an object, scene, or static result.","archive_search_collected; search_term=Standing Wave Formation; archive_identifier=StarFox64_SS_Expert_100p_12452; archive_file=StarFox64_SS_Expert_100p_12452_LQ.mp4; title=Star Fox 64 (N64) - Single-segment Expert mode 100% 1:24:52 - Brett Ables; description=Single-segment speed run of Star Fox 64 on Expert mode with 100% of medals collected, done on September 21 2006. Available in five versions: low/normal quality DivX, and normal/high/low quality H.264 MPEG-4. Author's comments: Acknowledg...; vdcr_direct_answer; concept_zh=驻波形成; concept_type=自然动态机制; priority=A",data/vdcr_candidate_videos_combined_v1.csv
vdcr_archive_only_000015,https://archive.org/details/0819_Oklahoma_Heartland_USA_02_00_56_00,internet_archive,archive_license_verify_on_page,1760.0,0.0,30.0,physics_physical_systems,Standing Wave Formation,physics_physical_systems,physics_family_03,"Candidate must show the temporal sequence that instantiates Standing Wave Formation, not merely an object, scene, or static result.","archive_search_collected; search_term=Standing Wave Formation; archive_identifier=0819_Oklahoma_Heartland_USA_02_00_56_00; archive_file=0819_Oklahoma_Heartland_USA_02_00_56_00.ogv; title=Oklahoma: Heartland USA; description=""Script: Dwight V. Swain. Producer/director: D.N. Hockman. A-roll pix and sound have been shotlisted. B-roll pix not shotlisted but contains similar images.02:00:57:09The Oklahoma Planning and Resources Board PresentsA University of Okla...; vdcr_direct_answer; concept_zh=驻波形成; concept_type=自然动态机制; priority=A",data/vdcr_candidate_videos_combined_v1.csv
vdcr_archive_only_000016,https://archive.org/details/Karl_Westerberg_Physics_Lectures_PHYC4C_Lectures,internet_archive,http://creativecommons.org/licenses/by-nc-sa/3.0/,496.4,0.0,30.0,physics_physical_systems,Faraday Waves,physics_physical_systems,physics_family_03,"Candidate must show the temporal sequence that instantiates Faraday Waves, not merely an object, scene, or static result.","archive_search_collected; search_term=Faraday Waves; archive_identifier=Karl_Westerberg_Physics_Lectures_PHYC4C_Lectures; archive_file=05emwaves/emwaves-A.ogv; title=Karl Westerberg Physics Lectures -- PHYC 4C Lectures; description=These videos include some lectures related to PHYC 4C (third semester calc-based physics class taught at City College of San Francisco, covering the topics of waves and thermodynamics). Corrections, clarifications, and additional informa...; vdcr_direct_answer; concept_zh=法拉第波; concept_type=自然动态机制; priority=A",data/vdcr_candidate_videos_combined_v1.csv
vdcr_archive_only_000017,https://archive.org/details/scm-340906-c4iforjuly16stewisbaaack,internet_archive,http://creativecommons.org/licenses/by-nc-nd/3.0/,3499.0,0.0,30.0,physics_physical_systems,Faraday Waves,physics_physical_systems,physics_family_03,"Candidate must show the temporal sequence that instantiates Faraday Waves, not merely an object, scene, or static result.","archive_search_collected; search_term=Faraday Waves; archive_identifier=scm-340906-c4iforjuly16stewisbaaack; archive_file=c4i_13_07_16.ogv; title=C4I for July 16 Stew is baaack!; description=Go Stew on this - Lotsa hot happenin's Here is Patricia's research of the week's news - to investigate: Go for it: 30,000 California Prisoners Launch The Largest Hunger Strike In State History - Judge: I can’t stop Guantanamo force-feedi...; vdcr_direct_answer; concept_zh=法拉第波; concept_type=自然动态机制; priority=A",data/vdcr_candidate_videos_combined_v1.csv
vdcr_archive_only_000018,https://archive.org/details/md-46164-the-voice-beneath-the-sea-vwr,internet_archive,archive_license_verify_on_page,1629.0,0.0,30.0,physics_physical_systems,Faraday Waves,physics_physical_systems,physics_family_03,"Candidate must show the temporal sequence that instantiates Faraday Waves, not merely an object, scene, or static result.","archive_search_collected; search_term=Faraday Waves; archive_identifier=md-46164-the-voice-beneath-the-sea-vwr; archive_file=MD46164 The Voice Beneath The Sea_vwr.mp4; title=BUILDING THE FIRST TRANSATLANTIC TELEPHONE CABLE MD46164; description=“The Voice Beneath the Sea” is a color film produced by John Sutherland and presented by the American Telephone and Telegraph Company’s Long Lines Department. Produced in the late 1950s, it details the joint communication venture between...; vdcr_direct_answer; concept_zh=法拉第波; concept_type=自然动态机制; priority=A",data/vdcr_candidate_videos_combined_v1.csv
vdcr_archive_only_000019,https://archive.org/details/youtube-K62d1yxXUsE,internet_archive,archive_license_verify_on_page,567.4,0.0,30.0,physics_physical_systems,Faraday Waves,physics_physical_systems,physics_family_03,"Candidate must show the temporal sequence that instantiates Faraday Waves, not merely an object, scene, or static result.","archive_search_collected; search_term=Faraday Waves; archive_identifier=youtube-K62d1yxXUsE; archive_file=K62d1yxXUsE.webm; title=Ancient jets and Mayan fears, are we the decendants of MU? Chemtrails vs solar warming?; description=The man on the soapbox screamed...Pick an apocalypse any apocalypse we have them in all shapes and sizes but never mind that sun up there look down at your books! . Intro clip from KLF ancients of MU: http://www.youtube.com/watch?v=1gzkl...; vdcr_direct_answer; concept_zh=法拉第波; concept_type=自然动态机制; priority=A",data/vdcr_candidate_videos_combined_v1.csv
vdcr_archive_only_000020,https://archive.org/details/youtube-PPnFJ8PeSsY,internet_archive,archive_license_verify_on_page,870.5,0.0,30.0,physics_physical_systems,Faraday Waves,physics_physical_systems,physics_family_03,"Candidate must show the temporal sequence that instantiates Faraday Waves, not merely an object, scene, or static result.","archive_search_collected; search_term=Faraday Waves; archive_identifier=youtube-PPnFJ8PeSsY; archive_file=PPnFJ8PeSsY.mp4; title=Block Phone Tracking; description=Our phones and laptops are like personal tracking devices, constantly emitting signals that map our every move. But what if you could take back control of your privacy without ditching your tech? Enter Faraday bags—a simple yet powerful...; vdcr_direct_answer; concept_zh=法拉第波; concept_type=自然动态机制; priority=A",data/vdcr_candidate_videos_combined_v1.csv
vdcr_archive_only_000021,https://archive.org/details/58834AsTheEarthSpins,internet_archive,archive_license_verify_on_page,1030.0,0.0,30.0,physics_physical_systems,Gyroscopic Precession,physics_physical_systems,physics_family_04,"Candidate must show the temporal sequence that instantiates Gyroscopic Precession, not merely an object, scene, or static result.","archive_search_collected; search_term=Gyroscopic Precession; archive_identifier=58834AsTheEarthSpins; archive_file=58834 As The Earth Spins.ogv; title=PRODUCTION OF SPERRY GYRO-COMPASSES BY DODGE BROTHERS IN WWII 58834; description=Made during WWII, AS THE WORLD SPINS details the work of Dodge Brothers, a division of Chrysler, in WWII war production. The film focuses on electric gyro-compasses designed by Sperry, which needed to be mass produced for the wartime Lib...; vdcr_direct_answer; concept_zh=陀螺进动; concept_type=自然动态机制; priority=A",data/vdcr_candidate_videos_combined_v1.csv
vdcr_archive_only_000022,https://archive.org/details/youtube-cZfpWD00Hoc,internet_archive,archive_license_verify_on_page,359.1,0.0,30.0,physics_physical_systems,Gyroscopic Precession,physics_physical_systems,physics_family_04,"Candidate must show the temporal sequence that instantiates Gyroscopic Precession, not merely an object, scene, or static result.",archive_search_collected; search_term=Gyroscopic Precession; archive_identifier=youtube-cZfpWD00Hoc; archive_file=cZfpWD00Hoc.mp4; title=How does the Gyro-X Car work?; description=; vdcr_direct_answer; concept_zh=陀螺进动; concept_type=自然动态机制; priority=A,data/vdcr_candidate_videos_combined_v1.csv
vdcr_archive_only_000023,https://archive.org/details/gyroscopic-precession-hq,internet_archive,https://creativecommons.org/licenses/by-nc-nd/4.0/,675.7,0.0,30.0,physics_physical_systems,Gyroscopic Precession,physics_physical_systems,physics_family_04,"Candidate must show the temporal sequence that instantiates Gyroscopic Precession, not merely an object, scene, or static result.","archive_search_collected; search_term=Gyroscopic Precession; archive_identifier=gyroscopic-precession-hq; archive_file=Gyroscopic_precession_HQ.ia.mp4; title=Gyroscopic Precession and Gyroscopes; description=How the angular momentum vector is affected by torque, and why this results in gyroscopic precession and for the operation of gyroscopes used for navigation. I originally made this video for my YouTube channel at https://www.youtube.com/...; vdcr_direct_answer; concept_zh=陀螺进动; concept_type=自然动态机制; priority=A",data/vdcr_candidate_videos_combined_v1.csv
vdcr_archive_only_000024,https://archive.org/details/intermediate-axis-theorem,internet_archive,https://creativecommons.org/licenses/by-nc-nd/4.0/,804.2,0.0,30.0,physics_physical_systems,Dzhanibekov Effect / Tennis Racket Theorem,physics_physical_systems,physics_family_04,"Candidate must show the temporal sequence that instantiates Dzhanibekov Effect / Tennis Racket Theorem, not merely an object, scene, or static result.",archive_search_collected; search_term=Dzhanibekov Effect; archive_identifier=intermediate-axis-theorem; archive_file=Intermediate_Axis_Theorem.ia.mp4; title=Intuitive Explanation for Intermediate Axis Theorem; description=Also known as the Dzhanibekov Effect or Tennis Racket Theorem. I originally made this video for my YouTube channel at https://www.youtube.com/user/EugeneKhutoryansky I uploaded it to Internet Archive to preserve it for future generations...; vdcr_direct_answer; concept_zh=贾尼别科夫效应/网球拍定理; concept_type=自然动态机制; priority=A,data/vdcr_candidate_videos_combined_v1.csv
vdcr_archive_only_000025,https://archive.org/details/youtube-vklY1bHIi1I,internet_archive,archive_license_verify_on_page,34.0,0.0,30.0,physics_physical_systems,Dzhanibekov Effect / Tennis Racket Theorem,physics_physical_systems,physics_family_04,"Candidate must show the temporal sequence that instantiates Dzhanibekov Effect / Tennis Racket Theorem, not merely an object, scene, or static result.","archive_search_collected; search_term=Dzhanibekov Effect; archive_identifier=youtube-vklY1bHIi1I; archive_file=vklY1bHIi1I.mp4; title=Dzhanibekov Effect not only works in space but also on Earth! Slow Motion; description=Subscribe: https://www.youtube.com/subscription_center?add_user=ViralVideoLab The Butterfly Nut Effect is also known as the ""The Dzhanibekov Effect"" which was discovered in space in the year 1985 and it was long kept as a secret. Now we...; vdcr_direct_answer; concept_zh=贾尼别科夫效应/网球拍定理; concept_type=自然动态机制; priority=A",data/vdcr_candidate_videos_combined_v1.csv
vdcr_archive_only_000026,https://archive.org/details/youtube-Vl07inMRIq8,internet_archive,archive_license_verify_on_page,38.8,0.0,30.0,physics_physical_systems,Dzhanibekov Effect / Tennis Racket Theorem,physics_physical_systems,physics_family_04,"Candidate must show the temporal sequence that instantiates Dzhanibekov Effect / Tennis Racket Theorem, not merely an object, scene, or static result.",archive_search_collected; search_term=Dzhanibekov Effect; archive_identifier=youtube-Vl07inMRIq8; archive_file=Vl07inMRIq8.mp4; title=slinky seems to levitate slow motion; description=Subscribe: https://www.youtube.com/subscription_center?add_user=ViralVideoLab slinky seems to levitate in slow motion; vdcr_direct_answer; concept_zh=贾尼别科夫效应/网球拍定理; concept_type=自然动态机制; priority=A,data/vdcr_candidate_videos_combined_v1.csv
vdcr_archive_only_000027,https://archive.org/details/youtube-_RK-emtrfNs,internet_archive,archive_license_verify_on_page,59.0,0.0,30.0,physics_physical_systems,Dzhanibekov Effect / Tennis Racket Theorem,physics_physical_systems,physics_family_04,"Candidate must show the temporal sequence that instantiates Dzhanibekov Effect / Tennis Racket Theorem, not merely an object, scene, or static result.","archive_search_collected; search_term=Dzhanibekov Effect; archive_identifier=youtube-_RK-emtrfNs; archive_file=_RK-emtrfNs.mp4; title=The Dzhanibekov Effect doesn´t work in space but also on Earth! Slow Motion; description=Subscribe: https://www.youtube.com/subscription_center?add_user=ViralVideoLab The Butterfly Nut Effect is also known as the ""The Dzhanibekov Effect"" which was discovered in space in the year 1985 and it was long kept as a secret. Now we...; vdcr_direct_answer; concept_zh=贾尼别科夫效应/网球拍定理; concept_type=自然动态机制; priority=A",data/vdcr_candidate_videos_combined_v1.csv
vdcr_archive_only_000028,https://archive.org/details/blues-behind-the-hellraising-black-doors-body-horror-by-daniel-fx-staal-ode-to-c_202511,internet_archive,https://creativecommons.org/licenses/by/4.0/,0.0,0.0,0.0,physics_physical_systems,Crown Splash,physics_physical_systems,physics_family_05,"Candidate must show the temporal sequence that instantiates Crown Splash, not merely an object, scene, or static result.","archive_search_collected; search_term=Crown Splash; archive_identifier=blues-behind-the-hellraising-black-doors-body-horror-by-daniel-fx-staal-ode-to-c_202511; archive_file=panoramas/meaning-of-life-360-by-rudihermannsanddanielfxstaal.mp4; title=Black Doors - Blues Behind the Hellraising Black Doors Body-Horror Videodrome Transmission — By Daniel FX Staal (Ode to Clive Barker, Lloyd Kaufman, and David Cronenberg) (2026) (4K 18+ Contains Nudity & Gore); description=really fast spoken,grim reaper vocals, calm and fast, speed rap, doom surf beat, blues punk, ice-t vocals, rage against the machine Foreword for Wood Cock, Spocks Rocks Wood Cock, Spocks Rocks is not based on real events, nor should any...; vdcr_direct_answer; concept_zh=冠状飞溅; concept_type=自然动态机制; priority=A",data/vdcr_candidate_videos_combined_v1.csv
vdcr_archive_only_000029,https://archive.org/details/kdamore,internet_archive,archive_license_verify_on_page,198.7,0.0,30.0,physics_physical_systems,Crown Splash,physics_physical_systems,physics_family_05,"Candidate must show the temporal sequence that instantiates Crown Splash, not merely an object, scene, or static result.","archive_search_collected; search_term=Crown Splash; archive_identifier=kdamore; archive_file=KDA  ILL SHOW YOU ft TWICE Bekuh BOOM Annika Wells.ia.mp4; title=KDA All OUT Album with lyrics And POP Stars; description=DRUM GO DUM (feat. Wolftyla, Bekuh Boom, Aluna & League of Legends) Love to do just what I want Do it when you say I won't Now come and watch me move it I promise I'ma make you lose it Looking at me Naw, come get it Like what you see The...; vdcr_direct_answer; concept_zh=冠状飞溅; concept_type=自然动态机制; priority=A",data/vdcr_candidate_videos_combined_v1.csv
vdcr_archive_only_000030,https://archive.org/details/images-6_202110,internet_archive,http://creativecommons.org/publicdomain/mark/1.0/,16.7,0.0,16.7,physics_physical_systems,Crown Splash,physics_physical_systems,physics_family_05,"Candidate must show the temporal sequence that instantiates Crown Splash, not merely an object, scene, or static result.","archive_search_collected; search_term=Crown Splash; archive_identifier=images-6_202110; archive_file=VID20211017131349.ia.mp4; title=World leader, international leader, great scientist, philosopher, thinker, religious scientist, sociologist, medical scientist, anthropologist, physicist, and cosmologist Fang Ruida (Costa); description=World Leader International Leader Fangruida 2022 Welcome Message (Preview) costa compilation 2021v1.3 Spanish English French Arabic Chinese Russian Italian2021 modified version 2021v.2.2 ……………………………………………………………………………………………… …………… ……… Thi...; vdcr_direct_answer; concept_zh=冠状飞溅; concept_type=自然动态机制; priority=A",data/vdcr_candidate_videos_combined_v1.csv
vdcr_archive_only_000031,https://archive.org/details/australian-trash-tv-brynne-my-bedazzled-life-full-episode-channel-7-tv-broadcast-ca.2012-vhs-rip,internet_archive,archive_license_verify_on_page,1333.9,0.0,30.0,physics_physical_systems,Crown Splash,physics_physical_systems,physics_family_05,"Candidate must show the temporal sequence that instantiates Crown Splash, not merely an object, scene, or static result.","archive_search_collected; search_term=Crown Splash; archive_identifier=australian-trash-tv-brynne-my-bedazzled-life-full-episode-channel-7-tv-broadcast-ca.2012-vhs-rip; archive_file=brynne_edit.mp4; title=AUSTRALIAN TRASH TV ""BRYNNE - MY BEDAZZLED LIFE"" FULL EPISODE CHANNEL 7 TV BROADCAST ca.2012 VHS RIP; description=This is a compressed version, I did a lossless rip but it had copyright issues on youtube. Archive.org takes too long to uplaod, and doesn't resume if interrupted so i cannot upload teh lossless rips. IF enough people hassle me i can per...; vdcr_direct_answer; concept_zh=冠状飞溅; concept_type=自然动态机制; priority=A",data/vdcr_candidate_videos_combined_v1.csv
vdcr_archive_only_000032,https://archive.org/details/Armenian_Genocide_Memorial_Dedicated_at_Sunset_Park,internet_archive,archive_license_verify_on_page,192.2,0.0,30.0,physics_physical_systems,Crown Splash,physics_physical_systems,physics_family_05,"Candidate must show the temporal sequence that instantiates Crown Splash, not merely an object, scene, or static result.","archive_search_collected; search_term=Crown Splash; archive_identifier=Armenian_Genocide_Memorial_Dedicated_at_Sunset_Park; archive_file=Armenian_Genocide_Memorial_Dedicated_at_Sunset_Park.ogv; title=Armenian Genocide Memorial Dedicated at Sunset Park; description=An Armenian Genocide Memorial Monument was dedicated at Clark County’s Sunset Park, the largest and most popular in the Las Vegas Valley. The monument project is the initiative of the Armenian-American Cultural Society (AACS) of Las Vega...; vdcr_direct_answer; concept_zh=冠状飞溅; concept_type=自然动态机制; priority=A",data/vdcr_candidate_videos_combined_v1.csv
vdcr_commons_mr10_000001,https://commons.wikimedia.org/wiki/File:CH3NH3PbI3_crystal_growth.webm,wikimedia_commons,CC-BY-SA-4.0 Commons time-lapse,24.0,0.0,24.0,chemistry_materials_change,Crystallization Front Propagation,chemistry_materials_change,materials_family_02,"Candidate must show a crystal boundary/front advancing through solution over time, not merely a static crystal shape.",commons_manual_round10; newly_retrieved=true; source_page=File:CH3NH3PbI3_crystal_growth.webm; concept_zh=结晶前沿推进; pool_tier=strict_gate,data/vdcr_candidate_videos_combined_v1.csv
vdcr_commons_mr10_000002,https://commons.wikimedia.org/wiki/File:Dendrite_formation.gif,wikimedia_commons,Public domain Commons animation,10.0,0.0,10.0,chemistry_materials_change,Dendritic Crystal Growth,chemistry_materials_change,materials_family_02,"Candidate must show branching dendrite arms growing outward over time, not just a final dendrite morphology.",commons_manual_round10; newly_retrieved=true; source_page=File:Dendrite_formation.gif; concept_zh=树枝状晶体生长; pool_tier=main_pool; source_type=animation,data/vdcr_candidate_videos_combined_v1.csv
vdcr_commons_mr10_000003,https://commons.wikimedia.org/wiki/File:Marangoni_effect_experimental_demonstration.ogv,wikimedia_commons,CC-BY-3.0 Commons own work,29.0,0.0,29.0,chemistry_materials_change,Marangoni-Driven Flow,chemistry_materials_change,materials_family_04,"Candidate must show surface-tension-gradient-driven liquid motion after surfactant/alcohol perturbation, not ordinary spreading or stirring.",commons_manual_round10; newly_retrieved=true; source_page=File:Marangoni_effect_experimental_demonstration.ogv; concept_zh=马兰戈尼驱动流; pool_tier=main_pool,data/vdcr_candidate_videos_combined_v1.csv
vdcr_commons_mr10_000004,https://commons.wikimedia.org/wiki/File:A-general-patterning-approach-by-manipulating-the-evolution-of-two-dimensional-liquid-foams-ncomms14110-s2.ogv,wikimedia_commons,CC-BY-4.0 Commons/Nature Communications supplementary movie,46.0,0.0,46.0,chemistry_materials_change,Ostwald Ripening,chemistry_materials_change,materials_family_05,"Candidate must show smaller bubbles/domains shrinking while larger ones grow over time, not merely a static foam texture.",commons_manual_round10; newly_retrieved=true; source_page=File:A-general-patterning-approach...ncomms14110-s2.ogv; concept_zh=奥斯特瓦尔德熟化; pool_tier=strict_gate,data/vdcr_candidate_videos_combined_v1.csv
vdcr_commons_mr10_000005,https://commons.wikimedia.org/wiki/File:The-dynamic-nature-of-crystal-growth-in-pores-srep33086-s3.ogv,wikimedia_commons,CC-BY-4.0 Commons/Scientific Reports supplementary movie,15.0,0.0,15.0,chemistry_materials_change,Crystal Nucleation,chemistry_materials_change,materials_family_02,"Candidate must show new crystal nuclei appearing and then growing in a confined pore, not merely already existing grains.",commons_manual_round10; newly_retrieved=true; source_page=File:The-dynamic-nature-of-crystal-growth-in-pores-srep33086-s3.ogv; concept_zh=晶核形成; pool_tier=strict_gate,data/vdcr_candidate_videos_combined_v1.csv
vdcr_commons_mr11_000001,https://commons.wikimedia.org/wiki/File:Downburst_Piracicaba_2025.webm,wikimedia_commons,CC BY 4.0,30,0,30,earth_environmental_systems,Downburst / Microburst Outflow,earth_environmental_systems,earth_family_01,"Candidate must show the temporal sequence that instantiates Downburst / Microburst Outflow, not merely an object, scene, or static result.","commons_manual_round11; Need visible divergent wind/rain outflow or near-surface burst structure, not just generic storm intensity.",data/vdcr_candidate_videos_combined_v1.csv
vdcr_commons_mr11_000002,https://commons.wikimedia.org/wiki/File:Tornado_time_lapse.webm,wikimedia_commons,CC BY-SA 4.0,36,0,36,earth_environmental_systems,Tornadogenesis,earth_environmental_systems,earth_family_01,"Candidate must show the temporal sequence that instantiates Tornadogenesis, not merely an object, scene, or static result.",commons_manual_round11; Need full funnel birth/life/decay sequence; reject if answer is simply tornado object recognition from a static funnel.,data/vdcr_candidate_videos_combined_v1.csv
vdcr_commons_mr11_000003,https://commons.wikimedia.org/wiki/File:Rabies-Virus-Hijacks-and-Accelerates-the-p75NTR-Retrograde-Axonal-Transport-Machinery-ppat.1004348.s005.ogv,wikimedia_commons,CC BY 4.0,20,0,20,biology_living_systems,Axonal Transport,biology_living_systems,biology_family_03,"Candidate must show the temporal sequence that instantiates Axonal Transport, not merely an object, scene, or static result.",commons_manual_round11; Need visible directional puncta transport along axonal processes; reject if source title is the only evidence.,data/vdcr_candidate_videos_combined_v1.csv
vdcr_commons_mr11_000004,https://commons.wikimedia.org/wiki/File:%D0%9D%D0%B5%D0%B9%D1%82%D1%80%D0%BE%D1%84%D0%B8%D0%BB_%D0%BA%D1%80%D0%BE%D0%B2%D0%B8_%D1%87%D0%B5%D0%BB%D0%BE%D0%B2%D0%B5%D0%BA%D0%B0_%D1%84%D0%B0%D0%B3%D0%BE%D1%86%D0%B8%D1%82%D0%B8%D1%80%D1%83%D0%B5%D1%82_%D0%B1%D0%B0%D0%BA%D1%82%D0%B5%D1%80%D0%B8%D1%8E.webm,wikimedia_commons,CC BY 4.0,58,0,58,biology_living_systems,Phagocytosis,biology_living_systems,biology_family_04,"Candidate must show the temporal sequence that instantiates Phagocytosis, not merely an object, scene, or static result.",commons_manual_round11; Need visible cell search/contact/engulfment sequence; reject if only post-engulfment or generic cell motion.,data/vdcr_candidate_videos_combined_v1.csv
vdcr_commons_mr12_000001,https://commons.wikimedia.org/wiki/File:Debris_flow_-_22_juillet_2013_-_Crue_torrentielle_a_Saint_Julien_Montdenis.webm,wikimedia_commons,CC BY-SA 3.0,1737.9,0,1737.9,earth_environmental_systems,Debris-Flow Surge Propagation,earth_environmental_systems,earth_family_03,"Candidate must show the temporal sequence that instantiates Debris-Flow Surge Propagation, not merely an object, scene, or static result.","commons_manual_round12; Need visible debris-laden surge/front propagation, not aftermath or generic muddy water.",data/vdcr_candidate_videos_combined_v1.csv
vdcr_commons_mr12_000002,https://commons.wikimedia.org/wiki/File:Bondo_Aug_2017.webm,wikimedia_commons,CC0,83,0,83,earth_environmental_systems,Debris-Flow Surge Propagation,earth_environmental_systems,earth_family_03,"Candidate must show the temporal sequence that instantiates Debris-Flow Surge Propagation, not merely an object, scene, or static result.","commons_manual_round12; Need visible debris-laden surge/front propagation, not aftermath or generic muddy water.",data/vdcr_candidate_videos_combined_v1.csv
vdcr_commons_mr12_000003,https://commons.wikimedia.org/wiki/File:Plunging_breaker_single.gif,wikimedia_commons,CC BY-SA 2.0 DE,8.8,0,8.8,earth_environmental_systems,Plunging Breaker,earth_environmental_systems,earth_family_07,"Candidate must show the temporal sequence that instantiates Plunging Breaker, not merely an object, scene, or static result.","commons_manual_round12; Need visible wave crest pitching forward and breaking as a plunging breaker, not static surf.",data/vdcr_candidate_videos_combined_v1.csv
vdcr_commons_mr12_000004,https://commons.wikimedia.org/wiki/File:Brandungsr%C3%BCckstrom_(Wangerooge).webm,wikimedia_commons,CC BY-SA 4.0,33,0,33,earth_environmental_systems,Rip Current Formation,earth_environmental_systems,earth_family_07,"Candidate must show the temporal sequence that instantiates Rip Current Formation, not merely an object, scene, or static result.",commons_manual_round12; Need visible narrow offshore-directed return channel cutting through incoming breakers.,data/vdcr_candidate_videos_combined_v1.csv
vdcr_commons_mr12_000005,https://commons.wikimedia.org/wiki/File:Pyrocumulonimbus_Billow_From_Alberta_Wildfires_(CIRA_2025-05-30_-_nolabels).webm,wikimedia_commons,Public domain NOAA,5.3,0,5.3,earth_environmental_systems,Pyrocumulus Development,earth_environmental_systems,earth_family_06,"Candidate must show the temporal sequence that instantiates Pyrocumulus Development, not merely an object, scene, or static result.","commons_manual_round12; Need visible fire/smoke-driven convective cloud growth, not a static smoke plume.",data/vdcr_candidate_videos_combined_v1.csv
vdcr_commons_mr12_000006,https://commons.wikimedia.org/wiki/File:Liquefaction.gif,wikimedia_commons,verify_on_source_page,0,0,0,earth_environmental_systems,Seismic Soil Liquefaction,earth_environmental_systems,earth_family_03,"Candidate must show the temporal sequence that instantiates Seismic Soil Liquefaction, not merely an object, scene, or static result.",commons_manual_round12; Need visible granular soil losing strength/fluidizing under vibration or coseismic forcing.,data/vdcr_candidate_videos_combined_v1.csv
vdcr_commons_mr12_000007,https://commons.wikimedia.org/wiki/File:Barchan_Dunes_on_Mars_(48488695711).webm,wikimedia_commons,NASA/USGS public-source verify,60,0,60,earth_environmental_systems,Barchan Dune Migration,earth_environmental_systems,earth_family_06,"Candidate must show the temporal sequence that instantiates Barchan Dune Migration, not merely an object, scene, or static result.","commons_manual_round12; Need actual dune migration or time-lapse displacement, not flyover of static dunes.",data/vdcr_candidate_videos_combined_v1.csv
vdcr_commons_mr13_000001,https://commons.wikimedia.org/wiki/File:Cavitation_in_a_gear_pump.ogv,wikimedia_commons,CC0,56,0,56,physics_physical_systems,Cavitation Bubble Growth and Collapse,physics_physical_systems,physics_family_01,"Candidate must show the temporal sequence that instantiates Cavitation Bubble Growth and Collapse, not merely an object, scene, or static result.",commons_manual_round13; Need visible bubble/cloud growth-collapse or vapor-cavity dynamics rather than generic pump motion.,data/vdcr_candidate_videos_combined_v1.csv
vdcr_commons_mr13_000002,https://commons.wikimedia.org/wiki/File:Assembly_of_microscale_beads_on_Faraday_waves.gif,wikimedia_commons,CC BY-SA 3.0,0,0,0,physics_physical_systems,Faraday Waves,physics_physical_systems,physics_family_03,"Candidate must show the temporal sequence that instantiates Faraday Waves, not merely an object, scene, or static result.",commons_manual_round13; Need time-varying standing-wave template/nodal assembly rather than a static pattern.,data/vdcr_candidate_videos_combined_v1.csv
vdcr_commons_mr13_000003,https://commons.wikimedia.org/wiki/File:Chemical_traffic_light_reaction_time-lapse.webm,wikimedia_commons,CC BY-SA 4.0/GFDL,56.6,0,56.6,chemistry_materials_change,Chemical Traffic Light Reaction,chemistry_materials_change,materials_family_03,"Candidate must show the temporal sequence that instantiates Chemical Traffic Light Reaction, not merely an object, scene, or static result.","commons_manual_round13; Need repeated redox-driven color-state cycling, not a single static color.",data/vdcr_candidate_videos_combined_v1.csv
vdcr_commons_mr13_000004,https://commons.wikimedia.org/wiki/File:A-reversible-dendrite-free-high-areal-capacity-lithium-metal-electrode-ncomms15106-s5.ogv,wikimedia_commons,CC BY 4.0,91,0,91,chemistry_materials_change,Electrodeposition Dendrite Growth,chemistry_materials_change,materials_family_07,"Candidate must show the temporal sequence that instantiates Electrodeposition Dendrite Growth, not merely an object, scene, or static result.","commons_manual_round13; Need visible dendritic/filamentary electrodeposits growing over time, not a static electrode surface.",data/vdcr_candidate_videos_combined_v1.csv
vdcr_commons_mr13_000005,https://commons.wikimedia.org/wiki/File:HD-Rayleigh-Taylor.gif,wikimedia_commons,Public domain USGov,0.1,0,0.1,physics_physical_systems,Rayleigh-Taylor Instability,physics_physical_systems,physics_family_01,"Candidate must show the temporal sequence that instantiates Rayleigh-Taylor Instability, not merely an object, scene, or static result.","commons_manual_round13; Need mushroom/plume growth due to heavy-over-light instability, not a static final texture.",data/vdcr_candidate_videos_combined_v1.csv
vdcr_commons_mr13_000006,https://commons.wikimedia.org/wiki/File:Compactification.ogg,wikimedia_commons,CC0,26,0,26,physics_physical_systems,Cavitation Bubble Growth and Collapse,physics_physical_systems,physics_family_01,"Candidate must show the temporal sequence that instantiates Cavitation Bubble Growth and Collapse, not merely an object, scene, or static result.",commons_manual_round13; Need bubble collapse sequence; reject if source is explanatory animation with text/audio leakage or not visually specific.,data/vdcr_candidate_videos_combined_v1.csv
vdcr_commons_mr14_000001,https://commons.wikimedia.org/wiki/File:Separating-hydrogen-and-oxygen-evolution-in-alkaline-water-electrolysis-using-nickel-hydroxide-ncomms11741-s4.ogv,wikimedia_commons,CC BY 4.0 Commons/Nature Communications supplementary movie,31.27,0,31.27,chemistry_materials_change,Electrolysis Bubble Nucleation and Detachment,chemistry_materials_change,materials_family_08,"Candidate must show repeated gas-bubble nucleation, growth, and detachment from an electrode during electrolysis, not merely a static electrode or generic bubbling liquid.",commons_manual_round14; newly_retrieved=true; source_page=File:Separating-hydrogen-and-oxygen-evolution...s4.ogv; concept_zh=电解气泡成核与脱离; pool_tier=strict_gate,data/vdcr_candidate_videos_combined_v1.csv
vdcr_commons_mr14_000002,https://commons.wikimedia.org/wiki/File:Role-of-the-Number-of-Microtubules-in-Chromosome-Segregation-during-Cell-Division-pone.0141305.s007.ogv,wikimedia_commons,CC BY 4.0 Commons/PLOS ONE supplementary movie,3.2,0,3.2,biology_living_systems,Mitotic Chromosome Segregation,biology_living_systems,biology_family_05,"Candidate must show chromosome congression or separation trajectory during cell division, not only a static fluorescent cell or source-title cue.",commons_manual_round14; newly_retrieved=true; source_page=File:Role-of-the-Number-of-Microtubules...s007.ogv; concept_zh=有丝分裂染色体分离; pool_tier=main_pool,data/vdcr_candidate_videos_combined_v1.csv
vdcr_commons_mr14_000003,https://commons.wikimedia.org/wiki/File:Mitotic-Spindle-Disruption-by-Alternating-Electric-Fields-Leads-to-Improper-Chromosome-Segregation-srep18046-s3.ogv,wikimedia_commons,CC BY 4.0 Commons/Scientific Reports supplementary movie,35.6,0,35.6,biology_living_systems,Mitotic Chromosome Segregation,biology_living_systems,biology_family_05,Candidate must show a clear time-resolved chromosome separation or mis-segregation sequence; reject if the answer would rely mainly on paper title or abstract.,commons_manual_round14; newly_retrieved=true; source_page=File:Mitotic-Spindle-Disruption...s3.ogv; concept_zh=有丝分裂染色体分离; pool_tier=main_pool; duplicate_concept_candidate=true,data/vdcr_candidate_videos_combined_v1.csv
vdcr_commons_mr14_000004,https://commons.wikimedia.org/wiki/File:Mutation-of-Growth-Arrest-Specific-8-Reveals-a-Role-in-Motile-Cilia-Function-and-Human-Disease-pgen.1006220.s002.ogv,wikimedia_commons,CC BY 4.0 Commons/PLOS Genetics supplementary movie,13.3,0,13.3,biology_living_systems,Ciliary Beating,biology_living_systems,biology_family_05,"Candidate must show repeated motile-cilia beat cycles or waveform changes, not just visible cilia morphology or source-title cue.",commons_manual_round14; newly_retrieved=true; source_page=File:Mutation-of-Growth-Arrest-Specific-8...s002.ogv; concept_zh=纤毛节律摆动; pool_tier=main_pool,data/vdcr_candidate_videos_combined_v1.csv
vdcr_commons_mr15_000001,https://commons.wikimedia.org/wiki/File:Gyroscope_precession.gif,wikimedia_commons,Public domain Commons animation,2.1,0,2.1,physics_physical_systems,Gyroscopic Precession,physics_physical_systems,physics_family_04,"Candidate must show a spinning body's rotation axis sweeping around under torque, not merely a static gyroscope diagram.",commons_manual_round15; newly_retrieved=true; concept_zh=陀螺进动; pool_tier=main_pool,data/vdcr_candidate_videos_combined_v1.csv
vdcr_commons_mr15_000002,https://commons.wikimedia.org/wiki/File:Altering-the-coffee-ring-effect-by-adding-a-surfactant-like-viscous-polymer-solution-41598_2017_497_MOESM3_ESM.ogv,wikimedia_commons,CC BY 4.0 Commons/Scientific Reports supplementary movie,26.727,0,26.727,chemistry_materials_change,Coffee-Ring Formation,chemistry_materials_change,materials_family_05,"Candidate must show evaporation-driven particle/deposit migration toward a ring-like edge, not only a final static stain.",commons_manual_round15; newly_retrieved=true; concept_zh=咖啡环形成; pool_tier=strict_gate,data/vdcr_candidate_videos_combined_v1.csv
vdcr_commons_mr15_000003,https://commons.wikimedia.org/wiki/File:Synucleins-Antagonize-Endoplasmic-Reticulum-Function-to-Modulate-Dopamine-Transporter-Trafficking-pone.0070872.s008.ogv,wikimedia_commons,CC BY 2.5 Commons/PLOS ONE supplementary movie,7.1,0,7.1,biology_living_systems,FRAP Recovery,biology_living_systems,biology_family_05,"Candidate must show a fluorescent region being photobleached and then recovering signal over time, not just a static fluorescence image or source-title cue.",commons_manual_round15; newly_retrieved=true; concept_zh=光漂白后荧光恢复; pool_tier=main_pool,data/vdcr_candidate_videos_combined_v1.csv
vdcr_commons_mr15_000004,https://serc.carleton.edu/details/files/31382.html,serc_carleton,CC BY-NC-SA 3.0 noncommercial educational media; final release audit required,130,36,79,earth_environmental_systems,Turbidity Current Propagation,earth_environmental_systems,earth_family_02,"Candidate must show a dense sediment-laden current propagating as a gravity current with a visible head/body, not generic colored water mixing.",serc_manual_round15; newly_retrieved=true; source_page=Turbidity Currents; concept_zh=浊流推进; pool_tier=strict_gate,data/vdcr_candidate_videos_combined_v1.csv
vdcr_commons_mr15_000005,https://commons.wikimedia.org/wiki/File:Nachtkerze02-50p.ogv,wikimedia_commons,CC BY-SA 3.0 Commons own-work video,51,0,51,biology_living_systems,Nyctinasty,biology_living_systems,biology_family_04,"Candidate must show a plant organ opening/closing as a time-dependent nastic movement associated with day-night rhythm, not merely a static flower.",commons_manual_round15; newly_retrieved=true; concept_zh=昼夜感性运动; pool_tier=main_pool,data/vdcr_candidate_videos_combined_v1.csv
vdcr_commons_mr16_000001,https://commons.wikimedia.org/wiki/File:Slow-motion_video_of_flame_front_extending_along_a_channel.webm,wikimedia_commons,CC BY-SA 4.0 Commons own-work video; clean derivative required,15,0,15,chemistry_materials_change,Flame Front Propagation,chemistry_materials_change,materials_family_07,"Candidate must show a flame/reaction front extending through space over time, not merely a static flame.",commons_manual_round16; newly_retrieved=true; concept_zh=火焰前沿传播; pool_tier=strict_gate,data/vdcr_candidate_videos_combined_v1.csv
vdcr_commons_mr16_000002,https://commons.wikimedia.org/wiki/File:Natriumsulfat_(F%C3%A4llung).webm,wikimedia_commons,Commons source page/license audit required,66,0,66,chemistry_materials_change,Precipitation Front Propagation,chemistry_materials_change,materials_family_04,"Candidate must show a visible precipitation front propagating through liquid, not only final cloudy precipitate or generic mixing.",commons_manual_round16; newly_retrieved=true; concept_zh=沉淀前沿推进; pool_tier=strict_gate,data/vdcr_candidate_videos_combined_v1.csv
vdcr_commons_mr17_000001,https://commons.wikimedia.org/wiki/File:Valspar_The_Future_of_Paint.webm,wikimedia_commons,CC BY 3.0 Commons/Vimeo import; clean derivative required,30,0,30,physics_physical_systems,Crown Splash,physics_physical_systems,physics_family_05,"Candidate must show a liquid impact forming a crown-shaped rim and upward ligaments over time, not merely a final splash still.",commons_manual_round17; newly_retrieved=true; concept_zh=冠状飞溅; pool_tier=strict_gate,data/vdcr_candidate_videos_combined_v1.csv
vdcr_commons_mr17_000002,https://commons.wikimedia.org/wiki/File:Silver.webm,wikimedia_commons,CC BY 4.0 Commons own-work microscopy video; clean derivative required,31,0,31,chemistry_materials_change,Metal Displacement Dendrite Growth,chemistry_materials_change,materials_family_08,"Candidate must show branching silver crystals growing on copper through a displacement reaction, not a static crystal image.",commons_manual_round17; newly_retrieved=true; concept_zh=金属置换枝晶生长; pool_tier=strict_gate,data/vdcr_candidate_videos_combined_v1.csv
vdcr_commons_mr17_000003,https://commons.wikimedia.org/wiki/File:Kinetochore-independent-chromosome-segregation-driven-by-lateral-microtubule-bundles-elife06462v001.ogv,wikimedia_commons,Commons/open-access microscopy movie; final license audit required,15,0,15,biology_living_systems,Mitotic Chromosome Segregation,biology_living_systems,biology_family_04,"Candidate must show chromosomes separating into daughter groups during mitosis, not only generic fluorescent cell motion.",commons_manual_round17; newly_retrieved=true; concept_zh=有丝分裂染色体分离; pool_tier=main_pool,data/vdcr_candidate_videos_combined_v1.csv
vdcr_commons_mr17_000004,https://commons.wikimedia.org/wiki/File:Gravitropism_in_Roots.gif,wikimedia_commons,CC BY-SA 4.0 Commons own-work animation,1.6,0,1.6,biology_living_systems,Gravitropism,biology_living_systems,biology_family_02,"Candidate must show root curvature responding to gravity direction, not just a static root diagram.",commons_manual_round17; newly_retrieved=true; concept_zh=向重性; pool_tier=main_pool,data/vdcr_candidate_videos_combined_v1.csv
vdcr_commons_mr17_000007,https://commons.wikimedia.org/wiki/File:Water_drop_animation_enhanced.ogv,wikimedia_commons,CC BY-SA 3.0 Commons slow-motion animation; no-audio derivative if admitted,5,0,5,physics_physical_systems,Rayleigh-Plateau Breakup,physics_physical_systems,physics_family_02,"Candidate must show a liquid neck thinning and breaking into a droplet under capillary instability, not merely a static hanging drop.",commons_manual_round17; newly_retrieved=true; concept_zh=瑞利-普拉托断裂; pool_tier=main_pool,data/vdcr_candidate_videos_combined_v1.csv
vdcr_commons_mr18_000001,https://commons.wikimedia.org/wiki/File:Marangoni-effect-visualized-in-two-dimensions-Optical-tweezers-for-gas-bubbles-srep34787-s6.ogv,wikimedia_commons,CC BY 4.0 Commons/Scientific Reports supplementary video,5.6,0,5.6,physics_physical_systems,Marangoni-Driven Flow,physics_physical_systems,physics_family_02,"Candidate must show interfacial flow driven by surface-tension gradients, not merely a static bubble or droplet.",commons_manual_round18; newly_retrieved=true; concept_zh=马兰戈尼驱动流; pool_tier=main_pool,data/vdcr_candidate_videos_combined_v1.csv
vdcr_commons_mr18_000002,"https://commons.wikimedia.org/wiki/File:A_freezing_soap_bubble_in_McGregor,_Minnesota.webm",wikimedia_commons,CC BY 2.0 Commons/Flickr freezing soap-bubble video; clean derivative required if admitted,24,0,24,physics_physical_systems,Marangoni-Driven Flow,physics_physical_systems,physics_family_02,"Backup candidate must show visible particle/crystal transport along the bubble film caused by surface-tension-gradient flow, not only freezing or crystallization.",commons_manual_round18; newly_retrieved=true; concept_zh=马兰戈尼驱动流; pool_tier=main_pool,data/vdcr_candidate_videos_combined_v1.csv
vdcr_commons_mr18_000003,https://web.mit.edu/nnf/research/phenomena/rodclimbing.html,mit_non_newtonian_fluid_dynamics_group,MIT educational source; final release license/permission audit required,0,0,0,chemistry_materials_change,Weissenberg Rod-Climbing Effect,chemistry_materials_change,materials_family_01,"Candidate must show a viscoelastic fluid climbing a rotating rod, not merely stirring or vortex formation.",commons_manual_round18; newly_retrieved=true; concept_zh=魏森贝格爬杆效应; pool_tier=main_pool,data/vdcr_candidate_videos_combined_v1.csv
vdcr_commons_mr18_000004,https://commons.wikimedia.org/wiki/File:Plazmoliz_and_deplazmoliz.ogv,wikimedia_commons,CC BY-SA 4.0 Commons onion epidermal timelapse,59,0,59,biology_living_systems,Plasmolysis and Deplasmolysis,biology_living_systems,biology_family_08,"Candidate must show plant cell protoplasts shrinking away from cell walls and then recovering, not only a static onion-cell micrograph.",commons_manual_round18; newly_retrieved=true; concept_zh=质壁分离与复原; pool_tier=strict_gate,data/vdcr_candidate_videos_combined_v1.csv
vdcr_commons_mr18_000005,https://developers.google.com/earth-engine/timelapse/videos#kosi-river-bihar-india,google_earth_timelapse,CC BY 4.0 no-label Earth Timelapse video; attribution required,0,0,0,earth_environmental_systems,River Avulsion,earth_environmental_systems,earth_family_02,"Candidate must show a river abandoning or shifting from an established channel into a new course over time, not just ordinary river meandering.",commons_manual_round18; newly_retrieved=true; concept_zh=河流决口改道; pool_tier=strict_gate,data/vdcr_candidate_videos_combined_v1.csv
vdcr_commons_mr19_000002,https://commons.wikimedia.org/wiki/File:Electrodeposition_of_copper_crystals.webm,wikimedia_commons,CC BY 2.0 Commons/Flickr video by Francois Nguyen; download may be rate-limited,11.74,0,11.74,chemistry_materials_change,Electrodeposition Dendrite Growth,chemistry_materials_change,materials_family_07,"Candidate must show dendritic copper crystal growth caused by electrodeposition, not just pre-existing crystals being rotated or handled.",commons_manual_round19; newly_retrieved=true; concept_zh=电沉积枝晶生长; pool_tier=main_pool,data/vdcr_candidate_videos_combined_v1.csv
vdcr_commons_mr19_000003,https://commons.wikimedia.org/wiki/File:NMDA-Receptor-Stimulation-Induces-Reversible-Fission-of-the-Neuronal-Endoplasmic-Reticulum-pone.0005250.s006.ogv,wikimedia_commons,CC BY 2.5 Commons/PLOS ONE microscopy movie; download may be rate-limited,3.0,0,3.0,biology_living_systems,FRAP Recovery,biology_living_systems,biology_family_05,"Candidate must show a photobleached fluorescent region followed by recovery dynamics, not a static fluorescence microscopy panel.",commons_manual_round19; newly_retrieved=true; concept_zh=光漂白后荧光恢复; pool_tier=main_pool,data/vdcr_candidate_videos_combined_v1.csv
vdcr_commons_mr19_000004,https://www.nps.gov/media/video/view.htm?id=3891AE87-2739-4586-BA36-E57FCE285B37,national_park_service,Public domain NPS video credited to NPS without copyright symbol,30,0,30,earth_environmental_systems,Glacier Surge,earth_environmental_systems,earth_family_05,"Candidate must show rapid surge-phase glacier toe advance and surface thickening/uplift over time, not ordinary slow glacier retreat or static ice morphology.",commons_manual_round19; newly_retrieved=true; concept_zh=冰川跃动; pool_tier=strict_gate,data/vdcr_candidate_videos_combined_v1.csv
vdcr_commons_mr19_000005,https://commons.wikimedia.org/wiki/File:Magnetic-field-induced-flow-pattern-reversal-in-a-ferrofluidic-Taylor-Couette-system-srep18589-s8.ogv,wikimedia_commons,CC BY 4.0 Commons/Scientific Reports supplementary movie,0,0,0,physics_physical_systems,Taylor-Couette Vortices,physics_physical_systems,physics_family_01,"Candidate must show annular Taylor-Couette vortex/flow-pattern dynamics in a rotating-cylinder system, not generic stirring or static bands.",commons_manual_round19; newly_retrieved=true; concept_zh=泰勒-库埃特涡; pool_tier=strict_gate,data/vdcr_candidate_videos_combined_v1.csv
vdcr_commons_mr19_000006,https://commons.wikimedia.org/wiki/File:Potassium_permanganate_-_KMnO4_-_crystallization_of_aqueous_solution.webm,wikimedia_commons,CC BY-SA 4.0 Commons crystallization video,26,0,26,chemistry_materials_change,Crystallization Front Propagation,chemistry_materials_change,materials_family_02,"Candidate must show a crystallization front growing through solution over time, not merely finished crystals or static solute color.",commons_manual_round19; newly_retrieved=true; concept_zh=结晶前沿推进; pool_tier=strict_gate,data/vdcr_candidate_videos_combined_v1.csv
vdcr_commons_mr19_000007,https://commons.wikimedia.org/wiki/File:Reed-Sternberg-Cells-Form-by-Abscission-Failure-in-the-Presence-of-Functional-Aurora-B-Kinase-pone.0124629.s006.ogv,wikimedia_commons,CC BY 4.0 Commons/PLOS ONE DIC time-lapse,36,0,36,biology_living_systems,Cytokinetic Furrow Ingression,biology_living_systems,biology_family_05,"Candidate must show the cleavage furrow constricting between daughter cells over time, not merely a static dividing-cell morphology.",commons_manual_round19; newly_retrieved=true; concept_zh=胞质分裂沟收缩; pool_tier=strict_gate,data/vdcr_candidate_videos_combined_v1.csv
vdcr_commons_mr1_000001,https://commons.wikimedia.org/wiki/File:Chemical_garden_growing.webm,wikimedia_commons,CC-BY-3.0 reviewed YouTube source on Commons,59.0,0.0,30.0,chemistry_materials_change,Chemical Garden Growth,chemistry_materials_change,materials_family_03,"Candidate must show temporal mineral tube growth and precipitation-front development, not merely a static chemical garden structure.",commons_manual_round1; newly_retrieved=true; source_page=File:Chemical_garden_growing.webm; concept_zh=化学花园生长; pool_tier=main_pool,data/vdcr_candidate_videos_combined_v1.csv
vdcr_commons_mr1_000002,https://commons.wikimedia.org/wiki/File:Blue_bottle_(chemical_reaction).webm,wikimedia_commons,CC-BY-3.0 reviewed YouTube source on Commons,152.2,0.0,30.0,chemistry_materials_change,Blue Bottle Reaction,chemistry_materials_change,materials_family_03,"Candidate must show the repeated oxidation-reduction color cycling of the blue bottle reaction, not just a blue liquid in a flask.",commons_manual_round1; newly_retrieved=true; source_page=File:Blue_bottle_(chemical_reaction).webm; concept_zh=蓝瓶反应; pool_tier=strict_gate,data/vdcr_candidate_videos_combined_v1.csv
vdcr_commons_mr1_000003,https://commons.wikimedia.org/wiki/File:Phototropism_in_Solanum_lycopersicum.webm,wikimedia_commons,CC-BY reviewed YouTube source on Commons,18.0,0.0,18.0,biology_living_systems,Phototropism,biology_living_systems,biology_family_04,"Candidate must show directional plant curvature over time in response to light, not merely a seedling or plant pose.",commons_manual_round1; newly_retrieved=true; source_page=File:Phototropism_in_Solanum_lycopersicum.webm; concept_zh=向光性; pool_tier=main_pool,data/vdcr_candidate_videos_combined_v1.csv
vdcr_commons_mr1_000004,https://commons.wikimedia.org/wiki/File:Arnside_bore.ogv,wikimedia_commons,CC-BY-SA-3.0,146.0,0.0,30.0,earth_environmental_systems,Tidal Bore,earth_environmental_systems,earth_family_08,"Candidate must show a tide-driven bore wave propagating upstream, not merely a river or coastal water scene.",commons_manual_round1; newly_retrieved=true; source_page=File:Arnside_bore.ogv; concept_zh=潮汐涌浪; pool_tier=main_pool,data/vdcr_candidate_videos_combined_v1.csv
vdcr_commons_mr1_000005,https://commons.wikimedia.org/wiki/File:Ciliary-Beating-Recovery-in-Deficient-Human-Airway-Epithelial-Cells-after-Lentivirus-Ex-Vivo-Gene-pgen.1000422.s004.ogv,wikimedia_commons,CC-BY PLOS open-access media on Commons,0.0,0.0,30.0,biology_living_systems,Ciliary Beating,biology_living_systems,biology_family_05,"Candidate must show rhythmic ciliary motion over time, not merely a microscopy still of epithelial cells.",commons_manual_round1; newly_retrieved=true; source_page=PLOS ciliary beating supplementary movie; concept_zh=纤毛节律摆动; pool_tier=main_pool,data/vdcr_candidate_videos_combined_v1.csv
vdcr_commons_mr1_000006,https://commons.wikimedia.org/wiki/File:%D0%93%D0%B8%D0%B4%D1%80%D0%B0%D0%B2%D0%BB%D0%B8%D1%87%D0%B5%D1%81%D0%BA%D0%B8%D0%B9_%D0%BF%D1%80%D1%8B%D0%B6%D0%BE%D0%BA.webm,wikimedia_commons,CC-BY-3.0 GetAClass/Wikimedia RU project,239.0,0.0,30.0,physics_physical_systems,Hydraulic Jump,physics_physical_systems,physics_family_01,"Candidate must show the abrupt transition from supercritical to subcritical open-channel flow, not merely water flowing in a channel.",commons_manual_round1; newly_retrieved=true; source_page=File:Гидравлический_прыжок.webm; concept_zh=水跃; pool_tier=main_pool; review_for_title_or_lecture_overlay=true,data/vdcr_candidate_videos_combined_v1.csv
vdcr_commons_mr20_000001,https://commons.wikimedia.org/wiki/File:Magnus_effect.gif,Wikimedia Commons,CC BY-SA 4.0 Commons GIF,10.0,0,10,vdcr_round20_manual,Magnus Effect,physics_physical_systems,流体不稳定性与涡动力学,"Requires seeing a spinning body deflect through/with surrounding flow, not a static disk.",New strict candidate from Commons Magnus-effect GIF; simulation may be acceptable if temporal deflection/flow is clear.,data/vdcr_candidate_videos_combined_v1.csv
vdcr_commons_mr20_000002,https://commons.wikimedia.org/wiki/File:Hydrogel_micropump.webm,Wikimedia Commons,CC BY 4.0 Commons scientific video,5.8,0,5.8,vdcr_round20_manual,Gel Swelling,chemistry_materials_change,凝胶、聚合物与软物质,Requires seeing a hydrogel element deform or expand/contract over time under stimulus.,Potential strict soft-matter candidate; may reject if the mechanism is micropump actuation rather than clear gel swelling.,data/vdcr_candidate_videos_combined_v1.csv
vdcr_commons_mr20_000003,https://commons.wikimedia.org/wiki/File:Crystal_growth.webm,Wikimedia Commons,CC BY 4.0 Commons microscopy video,54.7,0,54.7,vdcr_round20_manual,Crystal Nucleation,chemistry_materials_change,晶体生长与相变前沿,"Requires seeing new crystal domains appear and grow over time, not a static crystal field.",Potential strict candidate; may be renamed/rejected if it only shows growth without nucleation onset.,data/vdcr_candidate_videos_combined_v1.csv
vdcr_commons_mr20_000004,https://commons.wikimedia.org/wiki/File:Natural-Variation-in-Arabidopsis-Cvi-0-Accession-Reveals-an-Important-Role-of-MPK12-in-Guard-Cell-pbio.2000322.s012.ogv,Wikimedia Commons,CC BY 4.0 Commons/PLOS biology video,17.0,0,17.0,vdcr_round20_manual,Stomatal Opening and Closing,biology_living_systems,植物细胞与器官动态响应,"Requires seeing guard-cell aperture changing over time, not merely recognizing a stoma micrograph.",Potential strict microscopy candidate from guard-cell category; must reject if labels/panels leak condition or if motion is too subtle.,data/vdcr_candidate_videos_combined_v1.csv
vdcr_commons_mr20_000005,https://commons.wikimedia.org/wiki/File:Timelapse_of_Slime_Mould.webm,Wikimedia Commons,Commons license verify on page,64.0,0,64.0,vdcr_round20_manual,Slime Mold Aggregation,biology_living_systems,微生物与群体动力学,Requires seeing slime-mold mass aggregate or reorganize through time rather than recognizing a static slime mold.,Potential strict biology candidate; must verify whether aggregation dynamics are visible and no text/audio leakage.,data/vdcr_candidate_videos_combined_v1.csv
vdcr_commons_mr20_000006,https://commons.wikimedia.org/wiki/File:Onset-of-sediment-transport-is-a-continuous-transition-driven-by-fluid-shear-and-granular-creep-ncomms7527-s2.ogv,Wikimedia Commons,CC BY 4.0 Commons/Nature Communications video,30.0,0,30.0,vdcr_round20_manual,Sediment Saltation,earth_environmental_systems,水文、河流与海岸动力学,"Requires seeing grains transported by hopping or intermittent motion under flow, not a static sediment bed.",Potential strict sediment-transport candidate; may reject if it is granular creep rather than saltation.,data/vdcr_candidate_videos_combined_v1.csv
vdcr_commons_mr20_000007,https://commons.wikimedia.org/wiki/File:Onset-of-sediment-transport-is-a-continuous-transition-driven-by-fluid-shear-and-granular-creep-ncomms7527-s3.ogv,Wikimedia Commons,CC BY 4.0 Commons/Nature Communications video,22.0,0,22.0,vdcr_round20_manual,Sediment Saltation,earth_environmental_systems,水文、河流与海岸动力学,"Requires seeing grains transported by hopping or intermittent motion under flow, not a static sediment bed.",Backup sediment-transport candidate with different stress condition; may reject if not saltation-like.,data/vdcr_candidate_videos_combined_v1.csv
vdcr_commons_mr20_000008,https://commons.wikimedia.org/wiki/File:Hydraulic-hydrogel-actuators-and-robots-optically-and-sonically-camouflaged-in-water-ncomms14230-s6.ogv,Wikimedia Commons,CC BY 4.0 Commons/Nature Communications video,18.0,0,18.0,vdcr_round20_manual,Gel Swelling,chemistry_materials_change,凝胶、聚合物与软物质,Requires seeing swelling-driven hydrogel actuation over time rather than a static polymer sample.,Better chemistry strict candidate than the micropump clip because the source describes swelling-driven osmotic actuation.,data/vdcr_candidate_videos_combined_v1.csv
vdcr_commons_mr20_000009,https://commons.wikimedia.org/wiki/File:Membrane-Blebbing-Is-Required-for-Mesenchymal-Precursor-Migration-pone.0150004.s007.ogv,Wikimedia Commons,CC BY 4.0 Commons/PLOS ONE video,40.0,0,40.0,vdcr_round20_manual,Membrane Blebbing,biology_living_systems,细胞骨架与细胞形变,Requires observing transient rounded membrane protrusions forming and retracting at a cell edge.,New strict microscopy candidate; must verify bleb dynamics are visible without relying on the title.,data/vdcr_candidate_videos_combined_v1.csv
vdcr_commons_mr20_000010,https://commons.wikimedia.org/wiki/File:Upward-erosion.ogv,Wikimedia Commons,CC BY-SA 2.5 Commons video,16.0,0,16.0,vdcr_round20_manual,Headward Erosion,earth_environmental_systems,坡面侵蚀与地貌演化,Requires seeing an erosion head retreat or propagate upstream/backward through a sandy slope.,New strict earth candidate from Commons; likely cleaner than sediment saltation candidates if the retreating erosion head is visible.,data/vdcr_candidate_videos_combined_v1.csv
vdcr_commons_mr21_000001,https://commons.wikimedia.org/wiki/File:Dynamics-and-universal-scaling-law-in-geometrically-controlled-sessile-drop-evaporation-ncomms14783-s5.ogv,Wikimedia Commons,CC BY 4.0 Commons/Nature Communications video,0,0,0,vdcr_round21_manual,Thermocapillary Convection,physics_physical_systems,热过程与浮力驱动流,"Requires observing temperature- or surface-tension-driven flow/pattern evolution in an evaporating droplet, not a static droplet image.",Strict physics candidate; reject if visual evidence is source-dependent or dominated by labels.,data/vdcr_candidate_videos_combined_v1.csv
vdcr_commons_mr21_000002,https://commons.wikimedia.org/wiki/File:Electrical_arc_flash.webm,Wikimedia Commons,Commons license verify on page,0,0,0,vdcr_round21_manual,Electric Arc Formation and Bending,physics_physical_systems,电磁与等离子体动态,"Requires seeing an electric arc initiate and deform over time, not merely a static spark.",Backup strict physics candidate; reject if too generic or static shortcut is strong.,data/vdcr_candidate_videos_combined_v1.csv
vdcr_commons_mr21_000003,https://commons.wikimedia.org/wiki/File:Taming-contact-line-instability-for-pattern-formation-ncomms12458-s2.ogv,Wikimedia Commons,CC BY 4.0 Commons/Nature Communications video,0,0,0,vdcr_round21_manual,Evaporation-Induced Deposition Front,chemistry_materials_change,界面输运与沉积,"Requires seeing a moving deposition/contact-line front during evaporation, not a final dried pattern.",Strict chemistry candidate; reject if text labels or apparatus/source context dominate.,data/vdcr_candidate_videos_combined_v1.csv
vdcr_commons_mr21_000004,https://commons.wikimedia.org/wiki/File:Taming-contact-line-instability-for-pattern-formation-ncomms12458-s4.ogv,Wikimedia Commons,CC BY 4.0 Commons/Nature Communications video,0,0,0,vdcr_round21_manual,Evaporation-Induced Deposition Front,chemistry_materials_change,界面输运与沉积,"Requires seeing a moving deposition/contact-line front during evaporation, not a final dried pattern.",Backup chemistry candidate; use only one pass per concept.,data/vdcr_candidate_videos_combined_v1.csv
vdcr_commons_mr21_000005,https://commons.wikimedia.org/wiki/File:An-Actin-Based-Wave-Generator-Organizes-Cell-Motility-pbio.0050221.sv013.ogv,Wikimedia Commons,CC BY 2.5 Commons/PLOS Biology video,0,0,0,vdcr_round21_manual,Actin Wave,biology_living_systems,细胞骨架与细胞形变,"Requires seeing wave-like actin signal/structure propagate over a cell, not a static fluorescent cell image.",Strict biology candidate; likely pass if waves visible and labels absent.,data/vdcr_candidate_videos_combined_v1.csv
vdcr_commons_mr21_000006,https://commons.wikimedia.org/wiki/File:An-Actin-Based-Wave-Generator-Organizes-Cell-Motility-pbio.0050221.sv007.ogv,Wikimedia Commons,CC BY 2.5 Commons/PLOS Biology video,0,0,0,vdcr_round21_manual,Actin Wave,biology_living_systems,细胞骨架与细胞形变,"Requires seeing wave-like actin signal/structure propagate over a cell, not a static fluorescent cell image.",Backup actin-wave candidate; use only one pass per concept.,data/vdcr_candidate_videos_combined_v1.csv
vdcr_commons_mr21_000007,https://commons.wikimedia.org/wiki/File:Multi-Patterned-Dynamics-of-Mitochondrial-Fission-and-Fusion-in-a-Living-Cell-pone.0019879.s011.ogv,Wikimedia Commons,CC BY 2.5 Commons/PLOS ONE video,0,0,0,vdcr_round21_manual,Mitochondrial Fission-Fusion Dynamics,biology_living_systems,细胞运动与显微动态,"Requires seeing mitochondrial tubules divide or merge over time, not a static mitochondrial network.",Backup biology candidate; reject if source context is required to identify the fission/fusion process.,data/vdcr_candidate_videos_combined_v1.csv
vdcr_commons_mr21_000008,https://commons.wikimedia.org/wiki/File:Braided_River_in_Tibet_Redraws_Its_Channels_(154747).webm,Wikimedia Commons,PD-USGov/NASA and USGS source,0,0,0,vdcr_round21_manual,Braided Channel Migration,earth_environmental_systems,水文、河流与海岸动力学,"Requires seeing braided channels shift, abandon paths, or redraw bars over time, not a static river planform.",Strict earth candidate; admit only if no text labels and channel migration is visible.,data/vdcr_candidate_videos_combined_v1.csv
vdcr_commons_mr22_000001,https://commons.wikimedia.org/wiki/File:Watching_Tibetan_bowls_sing.webm,Wikimedia Commons,CC BY 3.0 Commons video,0,0,0,vdcr_round22_manual,Faraday Waves,physics_physical_systems,波动、振动与非线性动力学,"Requires observing standing surface-wave patterns forming in liquid during bowl vibration, not a static bowl or liquid surface.",Main-pool physics candidate; strip audio and metadata before any pass.,data/vdcr_candidate_videos_combined_v1.csv
vdcr_commons_mr22_000003,https://commons.wikimedia.org/wiki/File:Standing_wave.gif,Wikimedia Commons,PD-self Commons GIF,0,0,0,vdcr_round22_manual,Standing Wave Formation,physics_physical_systems,波动、振动与非线性动力学,"Requires observing opposing waves combine into a stationary node/antinode pattern, not a still waveform.",Strict backup if Faraday candidates fail; schematic and lower priority.,data/vdcr_candidate_videos_combined_v1.csv
vdcr_commons_mr22_000006,https://commons.wikimedia.org/wiki/File:Born-Knowing-Tentacled-Snakes-Innately-Predict-Future-Prey-Behavior-pone.0010953.s002.ogv,Wikimedia Commons,CC BY 3.0 Commons/PLOS ONE video,0,0,0,vdcr_round22_manual,C-Start Escape Response,biology_living_systems,动物运动机制与生态策略,"Requires seeing fish rapidly bend into a C-shaped escape posture and accelerate away after stimulus, not just fish/snake presence.",Main-pool biology candidate; needs clean segment and metadata stripping.,data/vdcr_candidate_videos_combined_v1.csv
vdcr_commons_mr22_000007,https://commons.wikimedia.org/wiki/File:Saltation-mechanics.gif,Wikimedia Commons,PD-NASA Commons GIF,0,0,0,vdcr_round22_manual,Sediment Saltation,earth_environmental_systems,风沙与沙丘动力学,"Requires seeing grains move by repeated hopping trajectories, not static sediment or dune appearance.",Strict earth backup; schematic but directly encodes the dynamic hopping mechanism.,data/vdcr_candidate_videos_combined_v1.csv
vdcr_commons_mr22_000009,https://commons.wikimedia.org/wiki/File:Thunder_and_wind_during_a_thunderstorm.webm,Wikimedia Commons,Commons license verify on page,0,0,0,vdcr_round22_manual,Downburst / Microburst Outflow,earth_environmental_systems,大气动力学与风暴结构,"Requires seeing sudden downdraft-driven wind/dust outflow, not generic thunderstorm rain or aftermath.",Main-pool earth candidate but large and high-risk; reject if only generic storm wind is visible.,data/vdcr_candidate_videos_combined_v1.csv
vdcr_commons_mr23_000002,https://commons.wikimedia.org/wiki/File:Nanoscale-size-effects-in-crystallization-of-metallic-glass-nanorods-ncomms9157-s4.ogv,Wikimedia Commons,Commons/Nature Communications supplementary movie; verify source page license,0,0,0,vdcr_round23_manual,Crystal Nucleation,chemistry_materials_change,晶体生长与相变前沿,Requires observing crystallization onset and growth in a nanorod rather than relying on the paper title.,Backup microscopy candidate; likely strict due instrumentation and possible source dependence.,data/vdcr_candidate_videos_combined_v1.csv
vdcr_commons_mr23_000003,https://commons.wikimedia.org/wiki/File:Internal_wave_motion_at_the_Coriolis_Platform_(M%C3%A9diHAL_1153168_-_CAO).webm,Wikimedia Commons,Commons video; verify source page license,0,0,0,vdcr_round23_manual,Internal Wave Propagation,earth_environmental_systems,水文、河流与海岸动力学,"Requires observing particle motion driven by an internal wave in stratified fluid, not an ordinary surface wave or static tank setup.",Promising strict-gate earth candidate; strip audio/metadata if pass.,data/vdcr_candidate_videos_combined_v1.csv
vdcr_commons_mr23_000004,https://commons.wikimedia.org/wiki/File:A-swarm-of-autonomous-miniature-underwater-robot-drifters-for-exploring-submesoscale-ocean-dynamics-ncomms14189-s5.ogv,Wikimedia Commons,CC BY 4.0 Commons/Nature Communications supplementary movie,0,0,0,vdcr_round23_manual,Internal Wave Propagation,earth_environmental_systems,水文、河流与海岸动力学,"Requires observing internal-wave anomaly propagation through an ocean-drifter field over time, not a single ocean map.",Backup; likely source-dependent if labels dominate.,data/vdcr_candidate_videos_combined_v1.csv
vdcr_commons_mr23_000005,https://commons.wikimedia.org/wiki/File:Brandungsr%C3%BCckstrom_(Rip_current%2C_Wangerooge).webm,Wikimedia Commons,CC0 Commons own-work video,0,0,0,vdcr_round23_manual,Rip Current Formation,earth_environmental_systems,海洋波浪与海岸过程,"Requires observing a narrow offshore-directed current cutting through incoming surf over time, not a static beach or wave scene.",Promising strict-gate earth candidate; reject if current direction is not visually decisive.,data/vdcr_candidate_videos_combined_v1.csv
vdcr_commons_mr23_000006,https://commons.wikimedia.org/wiki/File:Brandungsr%C3%BCckstrom_(Entstehung).webm,Wikimedia Commons,CC0 Commons own-work video,0,0,0,vdcr_round23_manual,Rip Current Formation,earth_environmental_systems,海洋波浪与海岸过程,"Requires observing formation or persistence of a surf-zone return current channel, not just ordinary breaking waves.",Backup; may contain commentary/audio or didactic framing,data/vdcr_candidate_videos_combined_v1.csv
vdcr_commons_mr24_000001,https://commons.wikimedia.org/wiki/File:Euler%E2%80%99s_disk.webm,Wikimedia Commons,CC BY-SA 4.0 Commons own-work video,0,0,0,vdcr_round24_manual,Euler's Disk Motion,physics_physical_systems,刚体与颗粒动力学,"Requires observing the spinning disk's coupled rolling, precession, wobble acceleration, and final collapse rather than a static disk.",Strict-gate physics candidate; trim to clean motion window and strip audio/metadata if pass.,data/vdcr_candidate_videos_combined_v1.csv
vdcr_commons_mr24_000002,https://commons.wikimedia.org/wiki/File:Enhancing-droplet-deposition-through-in-situ-precipitation-ncomms12560-s6.ogv,Wikimedia Commons,Commons/Nature Communications supplementary movie; verify source page license,0,0,0,vdcr_round24_manual,Precipitation Front Propagation,chemistry_materials_change,沉淀、自组织与扩散前沿,"Requires observing precipitate formation and propagation after droplet coalescence, not a static cloudy droplet.",Strict chemistry candidate; reject if multi-panel labels dominate or if precipitation front is not visually clear.,data/vdcr_candidate_videos_combined_v1.csv
vdcr_commons_mr24_000003,https://commons.wikimedia.org/wiki/File:Drosophila-Xpd-Regulates-Cdk7-Localization-Mitotic-Kinase-Activity-Spindle-Dynamics-and-Chromosome-pgen.1000876.s003.ogv,Wikimedia Commons,CC BY 2.5 Commons/PLOS Genetics supplementary movie,0,0,0,vdcr_round24_manual,Mitotic Chromosome Segregation,biology_living_systems,细胞运动与显微动态,Requires observing mitotic spindle/chromosome dynamics over time rather than static fluorescent cell morphology.,Main-pool biology candidate; admit only if chromosome/spindle separation is visually decisive without source title.,data/vdcr_candidate_videos_combined_v1.csv
vdcr_commons_mr24_000004,https://commons.wikimedia.org/wiki/File:Confocal_microscopy_of_normal_mitosis_and_anaphase_bridging_in_Caenorhabditis_elegans_-_1747-1028-3-6-S2.ogv,Wikimedia Commons,Commons open-access supplementary movie; verify source page license,0,0,0,vdcr_round24_manual,Mitotic Chromosome Segregation,biology_living_systems,细胞运动与显微动态,Requires observing chromosome separation or anaphase bridge dynamics in live-cell imaging.,Backup biology candidate; reject if abnormal bridge label/scope dominates or if dynamics are too source-dependent.,data/vdcr_candidate_videos_combined_v1.csv
vdcr_commons_mr25_000001,https://commons.wikimedia.org/wiki/File:Cannonball_jellyfish_(Stomolophus_meleagris).webm,Wikimedia Commons,Commons/Flickr-reviewed free-license video; verify source page license,0,0,0,vdcr_round25_manual,Medusan Bell-Contraction Jet Propulsion,biology_living_systems,动物运动机制与生态策略,"Requires observing repeated bell contraction and relaxation driving forward motion, not merely identifying a jellyfish in a single frame.",Strict-gate biology candidate; reject if the animal is mostly drifting or propulsion is not visually clear.,data/vdcr_candidate_videos_combined_v1.csv
vdcr_commons_mr25_000002,https://commons.wikimedia.org/wiki/File:A-Customized-Light-Sheet-Microscope-to-Measure-Spatio-Temporal-Protein-Dynamics-in-Small-Model-pone.0127869.s010.ogv,Wikimedia Commons,Commons/PLOS supplementary movie; verify source page license,0,0,0,vdcr_round25_manual,FRAP Recovery,biology_living_systems,细胞运动与显微动态,"Requires observing a bleached fluorescent region recover intensity over time, not a static fluorescent specimen.",Main-pool biology candidate; reject if the recovery is not visually interpretable without source metadata.,data/vdcr_candidate_videos_combined_v1.csv
vdcr_commons_mr25_000003,https://commons.wikimedia.org/wiki/File:GmSAL1-Hydrolyzes-Inositol-145-Trisphosphate-and-Regulates-Stomatal-Closure-in-Detached-Leaves-and-pone.0078181.s002.ogv,Wikimedia Commons,Commons/PLOS supplementary movie; verify source page license,0,0,0,vdcr_round25_manual,Stomatal Opening and Closing,biology_living_systems,植物细胞与器官动态响应,"Requires observing guard-cell aperture change through time, not a static microscope image of stomata.",Strict-gate plant physiology candidate; reject if labels,data/vdcr_candidate_videos_combined_v1.csv
vdcr_commons_mr25_000005,https://commons.wikimedia.org/wiki/File:Soufriere_Hills_Volcano_dome_collapse.gif,Wikimedia Commons,Commons/NASA public-domain satellite GIF; verify source page license,0,0,0,vdcr_round25_manual,Lava Dome Collapse,earth_environmental_systems,火山与熔岩动力学,"Requires observing volcanic dome collapse or collapse-driven flow/deposit change through time, not a static before/after image.",Strict-gate earth candidate; likely reject if only two-frame before/after imagery lacks continuous dynamic evidence.,data/vdcr_candidate_videos_combined_v1.csv
vdcr_commons_mr25_000006,https://commons.wikimedia.org/wiki/File:An_explosive_eruption_occurred_at_Kanlaon_Volcano_on_December_9%2C_2024.webm,Wikimedia Commons,Commons volcanic eruption video; verify source page license,0,0,0,vdcr_round25_manual,Eruption Column Collapse,earth_environmental_systems,火山与熔岩动力学,"Requires observing an eruption column losing buoyant support and collapsing into ground-hugging density currents, not generic eruption plume growth.",Strict-gate earth candidate; reject unless collapse sequence is visually decisive without the title.,data/vdcr_candidate_videos_combined_v1.csv
vdcr_commons_mr25_000007,https://commons.wikimedia.org/wiki/File:Photoswitching-Free-FRAP-Analysis-with-a-Genetically-Encoded-Fluorescent-Tag-pone.0107730.s001.ogv,Wikimedia Commons,Commons/PLOS supplementary movie; verify source page license,0,0,0,vdcr_round25_manual,FRAP Recovery,biology_living_systems,细胞运动与显微动态,"Requires observing fluorescence loss in a bleached region followed by recovery or non-recovery time course, not a static fluorescent cell image.",Main-pool biology backup; reject if the process is not visually interpretable without figure text or source title.,data/vdcr_candidate_videos_combined_v1.csv
vdcr_commons_mr25_000008,https://commons.wikimedia.org/wiki/File:Local-3D-matrix-microenvironment-regulates-cell-migration-through-spatiotemporal-dynamics-of-ncomms9720-s8.ogv,Wikimedia Commons,Commons/Nature Communications supplementary movie; verify source page license,0,0,0,vdcr_round25_manual,FRAP Recovery,biology_living_systems,细胞运动与显微动态,Requires observing a photobleached region regain fluorescence intensity through time.,Main-pool biology backup; reject if fluorescence recovery is not visually decisive or if overlays leak the answer.,data/vdcr_candidate_videos_combined_v1.csv
vdcr_commons_mr26_000001,https://commons.wikimedia.org/wiki/File:Overflowing_%28steady_overtopping%29_simulator_for_river_dikes_to_quantify_the_external_soil_erosion_resistance_%28M%C3%A9diHAL_3263522%29.webm,Wikimedia Commons,Commons/MediHAL public-domain note; final source/license audit required,0,0,0,vdcr_round26_manual,Rill Network Expansion,earth_environmental_systems,坡面侵蚀与地貌演化,"Requires observing runoff carve and extend a network of small erosional channels over time, not a static eroded surface.",Strict-gate earth candidate; accept only if rill initiation/extension is visible without source title.,data/vdcr_candidate_videos_combined_v1.csv
vdcr_commons_mr26_000002,https://commons.wikimedia.org/wiki/File:Barchan_Dunes_on_Mars_%2848488695711%29.webm,Wikimedia Commons,Commons/NASA/JPL/University of Arizona; verify source page license,0,0,0,vdcr_round26_manual,Barchan Dune Migration,earth_environmental_systems,风沙与沙丘动力学,"Requires observing crescent dune migration or shape displacement through time, not camera flyover over static dunes.",Strict-gate earth candidate; likely reject if it is a rendered flyover rather than time-lapse migration.,data/vdcr_candidate_videos_combined_v1.csv
vdcr_commons_mr26_000003,https://commons.wikimedia.org/wiki/File:First_US_tornado_in_2025.webm,Wikimedia Commons,Commons tornado video; verify source page license,0,0,0,vdcr_round26_manual,Landspout Development,earth_environmental_systems,大气风暴动力学,"Requires observing a landspout/tornado vortex developing from ground/cloud interaction, not merely a mature funnel or damage scene.",Strict-gate earth candidate; reject if mature tornado shortcut dominates or if concept type is not landspout.,data/vdcr_candidate_videos_combined_v1.csv
vdcr_commons_mr26_000004,https://commons.wikimedia.org/wiki/File:Brandungsr%C3%BCckstrom_%28Entstehung%29.webm,Wikimedia Commons,Commons CC0 own-work rip-current formation video,0,0,0,vdcr_round26_manual,Rip Current Formation,earth_environmental_systems,海洋波浪与海岸过程,"Requires observing a rip current forming as water returns offshore through a localized channel against incoming waves, not a generic surf scene.",Strict-gate earth candidate; retry a formation-specific CC0 Commons source after rejecting less decisive surf views.,data/vdcr_candidate_videos_combined_v1.csv
vdcr_commons_mr27_000001,https://commons.wikimedia.org/wiki/File:Rayleigh%E2%80%93B%C3%A9nard_convection.webm,wikimedia_commons,verify_on_source_page,16,0,16,strict_gate_physics,Rayleigh-Benard Convection,physics_physical_systems,热过程与浮力驱动流,Convection-cell pattern must evolve over time; a single thermal texture is insufficient.,Commons file page reports a 16s WebM of Rayleigh-Benard convection; inspect for text leakage and whether motion is visible enough.,data/vdcr_candidate_videos_combined_v1.csv
vdcr_commons_mr27_000002,https://commons.wikimedia.org/wiki/File:B%C3%A9nard_cells_convection.ogv,wikimedia_commons,verify_on_source_page,27,0,27,strict_gate_physics,Rayleigh-Benard Convection,physics_physical_systems,热过程与浮力驱动流,Convection-cell circulation/emergence must be visible over time.,Second Commons Rayleigh-Benard video lead from the category; lower priority if duplicate.,data/vdcr_candidate_videos_combined_v1.csv
vdcr_commons_mr27_000003,https://commons.wikimedia.org/wiki/File:XKMcIqtw7dw-Rayleigh%E2%80%93B%C3%A9nard_convection_-_4x_speed_up_II.webm,wikimedia_commons,verify_on_source_page,184,0,184,strict_gate_physics,Rayleigh-Benard Convection,physics_physical_systems,热过程与浮力驱动流,Convection cells must develop/reorganize over time; reject if title/text is visible or the clip is only apparatus/context.,Longer Commons Rayleigh-Benard candidate; likely needs trimming.,data/vdcr_candidate_videos_combined_v1.csv
vdcr_commons_mr27_000004,https://commons.wikimedia.org/wiki/File:Reaction-Diffusion.gif,wikimedia_commons,verify_on_source_page,18,0,18,strict_gate_chemistry,Reaction-Diffusion Wave,chemistry_materials_change,沉淀、自组织与扩散前沿,Reaction-diffusion pattern must propagate/reorganize through time.,Simulation GIF; accept only if no text and dynamic wave behavior is visually self-contained.,data/vdcr_candidate_videos_combined_v1.csv
vdcr_commons_mr27_000005,https://commons.wikimedia.org/wiki/File:Improved-Tracking-and-Resolution-of-Bacteria-in-Holographic-Microscopy-Using-Dye-and-Fluorescent-Video7.ogv,wikimedia_commons,verify_on_source_page,6.7,0,6.7,strict_gate_biology,Bacterial Chemotaxis,biology_living_systems,微生物与群体动力学,"Bacterial trajectories must show directed run/tumble-like motion over time, not just a static microscopy field.",Commons bacterial motility category video; inspect whether chemotaxis is visually justified or too broad/source-dependent.,data/vdcr_candidate_videos_combined_v1.csv
vdcr_commons_mr27_000006,https://commons.wikimedia.org/wiki/File:Regulation-of-multiple-tip-formation-by-caffeine-in-cellular-slime-molds-1471-213X-12-26-S1.ogv,wikimedia_commons,verify_on_source_page,1.3,0,1.3,strict_gate_biology,Slime Mold Aggregation,biology_living_systems,微生物与群体动力学,Slime mold cells/structures must aggregate or form collective tips over time.,Very short Commons/PLOS slime-mold video; likely reject if too brief but worth checking.,data/vdcr_candidate_videos_combined_v1.csv
vdcr_commons_mr28_000001,https://commons.wikimedia.org/wiki/File:Monomeric-and-Dimeric-CXCL8-Are-Both-Essential-for-In-Vivo-Neutrophil-Recruitment-pone.0011754.s003.ogv,wikimedia_commons,verify_on_source_page,12,0,12,strict_gate_biology,Neutrophil Chemotaxis,biology_living_systems,细胞运动与显微动态,Cells must move directionally in response to a chemotactic cue over time; a single fluorescent frame is insufficient.,Commons/PLOS neutrophil chemotaxis video lead; inspect whether directed cell migration is visually decisive without relying only on source title.,data/vdcr_candidate_videos_combined_v1.csv
vdcr_commons_mr28_000002,https://commons.wikimedia.org/wiki/File:A-Worldwide-Competition-to-Compare-the-Speed-and-Chemotactic-Accuracy-of-Neutrophil-Like-Cells-pone.0154491.s004.ogv,wikimedia_commons,verify_on_source_page,11,0,11,strict_gate_biology,Neutrophil Chemotaxis,biology_living_systems,细胞运动与显微动态,Chemotactic racecourse traversal should show cells moving through a maze-like gradient field over time.,Potentially stronger chemotaxis visualization; reject if visible time labels or maze context makes the answer source-dependent.,data/vdcr_candidate_videos_combined_v1.csv
vdcr_commons_mr28_000003,https://commons.wikimedia.org/wiki/File:Geometry-Driven-Polarity-in-Motile-Amoeboid-Cells-pone.0113382.s008.ogv,wikimedia_commons,verify_on_source_page,36,0,36,strict_gate_biology,Amoeboid Chemotactic Crawling,biology_living_systems,细胞运动与显微动态,Amoeboid crawling should show shape-polarity changes and persistent cell displacement over time.,Candidate may be general amoeboid motility rather than chemotactic crawling; inspect before admission.,data/vdcr_candidate_videos_combined_v1.csv
vdcr_commons_mr28_000004,https://commons.wikimedia.org/wiki/File:An-apicobasal-gradient-of-Rac-activity-determines-protrusion-form-and-position-ncomms15385-s6.ogv,wikimedia_commons,verify_on_source_page,3.3,0,3.3,strict_gate_biology,Filopodium Protrusion,biology_living_systems,细胞骨架与细胞形变,Thin actin-based protrusions should extend from a cell edge over time; a single frame only shows cellular texture.,Very short Nature Communications microscopy clip; accept only if protrusion extension is visually decisive.,data/vdcr_candidate_videos_combined_v1.csv
vdcr_commons_mr28_000005,https://commons.wikimedia.org/wiki/File:Spread_of_the_Dixie_Fire_-_2021_%28SVS4993_-_Dixie_fire_2021_p30_1080p30%29.webm,wikimedia_commons,verify_on_source_page,102,0,102,strict_gate_earth,Wind-Driven Fire-Front Propagation,earth_environmental_systems,野火与烟羽动力学,The active fire perimeter/front must propagate across terrain over time; a single map frame is insufficient.,NASA/Commons wildfire-spread visualization. Use only if the front propagation is visually clear and not merely a labeled map/graph task.,data/vdcr_candidate_videos_combined_v1.csv
vdcr_commons_mr29_000002,https://commons.wikimedia.org/wiki/File:Microexplos%C3%A3o_Piracicaba_12-08-2023.webm,wikimedia_commons,verify_on_source_page,52,0,52,strict_gate_earth,Downburst / Microburst Outflow,earth_environmental_systems,大气风暴动力学,A microburst must show localized downdraft/outflow behavior over time; a static storm frame is insufficient.,"Commons microburst video lead from the Microbursts category. Accept only if visual evidence shows downburst/microburst dynamics, not just rain blown across a street.",data/vdcr_candidate_videos_combined_v1.csv
vdcr_commons_mr2_000001,https://commons.wikimedia.org/wiki/File:K-V_Street_Video1.ogv,wikimedia_commons,Public domain on Commons,5.2,0.0,5.2,physics_physical_systems,Vortex Shedding / Karman Vortex Street,physics_physical_systems,physics_family_01,"Candidate must show alternating vortex shedding downstream of a cylinder, not merely a static wake image.",commons_manual_round2; newly_retrieved=true; source_page=File:K-V_Street_Video1.ogv; concept_zh=周期涡脱落/卡门涡街; pool_tier=main_pool; source_summary_confirms water-channel Von Karman vortex shedding,data/vdcr_candidate_videos_combined_v1.csv
vdcr_commons_mr2_000002,https://commons.wikimedia.org/wiki/File:Effet_Leidenfrost.webm,wikimedia_commons,CC-BY-SA-4.0 on Commons,18.0,0.0,18.0,physics_physical_systems,Leidenfrost Droplet Motion,physics_physical_systems,physics_family_02,"Candidate must show droplets levitating and moving on a vapor layer over a hot surface, not generic boiling or splashing.",commons_manual_round2; newly_retrieved=true; source_page=File:Effet_Leidenfrost.webm; concept_zh=莱顿弗罗斯特液滴运动; pool_tier=main_pool,data/vdcr_candidate_videos_combined_v1.csv
vdcr_commons_mr2_000003,https://commons.wikimedia.org/wiki/File:Capillary_breakup.webm,wikimedia_commons,CC-BY-SA-4.0 on Commons,9.4,0.0,9.4,physics_physical_systems,Capillary Breakup,physics_physical_systems,physics_family_02,"Candidate must show necking and breakup driven by capillarity over time, not a single still of separated droplets.",commons_manual_round2; newly_retrieved=true; source_page=File:Capillary_breakup.webm; concept_zh=毛细断裂; pool_tier=strict_gate,data/vdcr_candidate_videos_combined_v1.csv
vdcr_commons_mr2_000004,https://commons.wikimedia.org/wiki/File:A_supercell_with_rotating_updraft_in_SE_Colorado_and_SW_Kansas_(CIRA_2019-05-03).webm,wikimedia_commons,Public domain NOAA/CSU-CIRA material on Commons,10.0,0.0,10.0,earth_environmental_systems,Supercell Mesocyclone Rotation,earth_environmental_systems,earth_family_01,"Candidate must show coherent rotation of the storm updraft over time, not simply a cloud mass in satellite imagery.",commons_manual_round2; newly_retrieved=true; source_page=File:A_supercell_with_rotating_updraft_in_SE_Colorado_and_SW_Kansas_(CIRA_2019-05-03).webm; concept_zh=超级单体中气旋旋转; pool_tier=main_pool,data/vdcr_candidate_videos_combined_v1.csv
vdcr_commons_mr2_000006,https://commons.wikimedia.org/wiki/File:Slow-moving-and-far-travelled-dense-pyroclastic-flows-during-the-Peach-Spring-super-eruption-ncomms10890-s4.ogv,wikimedia_commons,CC-BY-4.0 on Commons from Nature Communications supplementary movie,4.6,0.0,4.6,earth_environmental_systems,Pyroclastic Density Current,earth_environmental_systems,earth_family_03,"Candidate must show dense particle-laden gravity current propagation as a pyroclastic-flow analogue, not generic dust or smoke movement.",commons_manual_round2; newly_retrieved=true; source_page=File:Slow-moving-and-far-travelled-dense-pyroclastic-flows-during-the-Peach-Spring-super-eruption-ncomms10890-s4.ogv; concept_zh=火山碎屑密度流; pool_tier=main_pool; lab_analogue=true,data/vdcr_candidate_videos_combined_v1.csv
vdcr_commons_mr30_000001,https://commons.wikimedia.org/wiki/File:Plein_de_bulles_entier_grand.gif,wikimedia_commons,verify_on_source_page,8,0,8,strict_gate_physics,Saffman-Taylor Viscous Fingering,physics_physical_systems,流体不稳定性与涡动力学,Finger-like air/liquid invasion must evolve through a viscous medium over time; a single frame only shows a branched pattern.,Commons viscous-fluid cavitation/fingering GIF. Accept only if the invasion/fingering sequence is visually decisive rather than a static pattern shortcut.,data/vdcr_candidate_videos_combined_v1.csv
vdcr_commons_mr30_000003,https://commons.wikimedia.org/wiki/File:A-reversible-dendrite-free-high-areal-capacity-lithium-metal-electrode-ncomms15106-s2.ogv,wikimedia_commons,verify_on_source_page,18,0,18,main_pool_chemistry,Electrodeposition Dendrite Growth,chemistry_materials_change,电化学与腐蚀动态,"Electrodeposition dendrite growth must show branching electrodeposits forming over time, not just an already formed texture.",Nature Communications lithium electrodeposition movie. High risk because the paper title says dendrite-free; reject if dendritic branching is not visually present.,data/vdcr_candidate_videos_combined_v1.csv
vdcr_commons_mr30_000005,https://commons.wikimedia.org/wiki/File:Wildfire_spread_abruptly_changes_after_front_passage_(CIRA_2022-04-06).webm,wikimedia_commons,verify_on_source_page,7.1,0,7.1,strict_gate_earth,Wind-Driven Fire-Front Propagation,earth_environmental_systems,野火与烟羽动力学,The fire-front or active fire perimeter must propagate/change over time under wind/front forcing; a single satellite image is insufficient.,CIRA/NOAA satellite wildfire-spread loop. Accept only if active fire-front propagation is visible without map labels or source-page dependence.,data/vdcr_candidate_videos_combined_v1.csv
vdcr_commons_mr31_000001,https://commons.wikimedia.org/wiki/File:127._%D0%91%D0%B5%D0%BD%D0%B5%D0%B4%D0%B8%D0%BA%D1%82%D0%BE%D0%B2%D0%B0_%D1%80%D0%B5%D0%B0%D0%BA%D1%86%D0%B8%D1%98%D0%B0_(%D1%81%D0%BE_%D1%80%D0%B0%D0%B7%D0%BB%D0%B8%D1%87%D0%BD%D0%B8_%D0%BA%D0%BE%D0%BD%D1%86%D0%B5%D0%BD%D1%82%D1%80%D0%B0%D1%86%D0%B8%D0%B8).webm,wikimedia_commons,verify_on_source_page,90,0,90,strict_gate_chemistry,Benedict Positive Reducing-Sugar Reaction,chemistry_materials_change,反应动力学与振荡反应,Benedict's reaction should show heated reagent/sample color and precipitate changes over time; a single final color frame is insufficient.,Commons chemical-test video lead. Accept only if the dynamic heating/color/precipitate sequence is visible without relying on title text or source metadata.,data/vdcr_candidate_videos_combined_v1.csv
vdcr_commons_mr31_000002,https://commons.wikimedia.org/wiki/File:126._%D0%91%D0%B5%D0%BD%D0%B5%D0%B4%D0%B8%D0%BA%D1%82%D0%BE%D0%B2%D0%B0_%D1%80%D0%B5%D0%B0%D0%BA%D1%86%D0%B8%D1%98%D0%B0_(%D1%81%D0%BE_%D1%80%D0%B0%D0%B7%D0%BB%D0%B8%D1%87%D0%BD%D0%B8_%D0%BA%D0%BE%D0%BD%D1%86%D0%B5%D0%BD%D1%82%D1%80%D0%B0%D1%86%D0%B8%D0%B8).webm,wikimedia_commons,verify_on_source_page,90,0,90,strict_gate_chemistry,Benedict Positive Reducing-Sugar Reaction,chemistry_materials_change,反应动力学与振荡反应,Benedict's reaction should show heated reagent/sample color and precipitate changes over time; a single final color frame is insufficient.,Backup Benedict candidate from the same Commons category; use only if cleaner than 127 and avoid duplicate pass.,data/vdcr_candidate_videos_combined_v1.csv
vdcr_commons_mr31_000005,https://commons.wikimedia.org/wiki/File:Visualization-data-on-the-freezing-process-of-micrometer-scaled-aqueous-citric-acid-drops-mmc6.ogv,wikimedia_commons,CC BY 4.0,21,0,21,strict_gate_chemistry,Freeze-Induced Phase Separation,chemistry_materials_change,相分离与粗化动力学,Freeze-induced phase separation should show a cooling/freezing front or branched ice/FCS morphology emerging over time; a single frozen droplet frame is insufficient.,"Open-access microscopy video. Accept only if the visible sequence itself shows evolving freeze-separated morphology, not a static bright/dark droplet.",data/vdcr_candidate_videos_combined_v1.csv
vdcr_commons_mr3_000001,https://commons.wikimedia.org/wiki/File:32._%D0%9A%D1%80%D0%B8%D1%81%D1%82%D0%B0%D0%BB%D0%B8%D0%B7%D0%B0%D1%86%D0%B8%D1%98%D0%B0_%D0%BD%D0%B0_%D0%BD%D0%B0%D1%82%D1%80%D0%B8%D1%83%D0%BC_%D0%B0%D1%86%D0%B5%D1%82%D0%B0%D1%82.ogv,wikimedia_commons,CC-BY-SA-4.0 on Commons own work,45.0,0.0,45.0,chemistry_materials_change,Supercooled Liquid Rapid Crystallization,chemistry_materials_change,materials_family_02,"Candidate must show seeded rapid crystallization propagating through a supersaturated sodium acetate solution, not a static finished crystal mass.",commons_manual_round3; newly_retrieved=true; source_page=File:32. Кристализација на натриум ацетат.ogv; concept_zh=过冷液体瞬时结晶; pool_tier=main_pool,data/vdcr_candidate_videos_combined_v1.csv
vdcr_commons_mr3_000002,https://commons.wikimedia.org/wiki/File:Liesegang_band_experiment.webm,wikimedia_commons,CC-BY-3.0 YouTube source reviewed on Commons,31.0,0.0,31.0,chemistry_materials_change,Liesegang Ring Formation,chemistry_materials_change,materials_family_03,"Candidate must show discontinuous precipitation bands appearing through diffusion over time, not a static banded gel.",commons_manual_round3; newly_retrieved=true; source_page=File:Liesegang_band_experiment.webm; concept_zh=利塞冈环形成; pool_tier=main_pool,data/vdcr_candidate_videos_combined_v1.csv
vdcr_commons_mr3_000004,https://commons.wikimedia.org/wiki/File:Multiplex-lithography-for-multilevel-multiscale-architectures-and-its-application-to-polymer-ncomms9484-s3.ogv,wikimedia_commons,CC-BY-4.0 on Commons from Nature Communications supplementary movie,18.0,0.0,18.0,chemistry_materials_change,Thin-Film Dewetting,chemistry_materials_change,materials_family_05,"Candidate must show rupture/retraction of a thin polymer/liquid layer into droplets or exposed areas, not generic droplet motion.",commons_manual_round3; newly_retrieved=true; source_page=File:Multiplex-lithography...ncomms9484-s3.ogv; concept_zh=液膜退润湿; pool_tier=main_pool,data/vdcr_candidate_videos_combined_v1.csv
vdcr_commons_mr3_000005,https://commons.wikimedia.org/wiki/File:Venus_Flytrap_(time_lapse).webm,wikimedia_commons,CC-BY-3.0 YouTube source reviewed on Commons,88.0,0.0,88.0,biology_living_systems,Bistable Snap-Trap Closure,biology_living_systems,biology_family_02,"Candidate must show trap-lobe closure dynamics after prey contact/capture, not merely a still of a Venus flytrap.",commons_manual_round3; newly_retrieved=true; source_page=File:Venus_Flytrap_(time_lapse).webm; concept_zh=双稳态捕虫夹闭合; pool_tier=main_pool,data/vdcr_candidate_videos_combined_v1.csv
vdcr_commons_mr3_000006,https://commons.wikimedia.org/wiki/File:Bubble_net_feeding.webm,wikimedia_commons,CC-BY-4.0 claimed but external-source license review needed on Commons,43.0,0.0,43.0,biology_living_systems,Bubble-Net Feeding,biology_living_systems,biology_family_01,"Candidate must show a bubble wall/ring and coordinated whale feeding sequence, not just a whale surfacing.",commons_manual_round3; newly_retrieved=true; source_page=File:Bubble_net_feeding.webm; concept_zh=泡泡网捕食; pool_tier=main_pool; license_review_pending=true,data/vdcr_candidate_videos_combined_v1.csv
vdcr_commons_mr3_000007,https://commons.wikimedia.org/wiki/File:Gust_Front_Expands_From_Storms_Over_the_Gulf_of_Mexico_(CIRA_2024-04-29_-_nolabels_portrait).webm,wikimedia_commons,Public domain NOAA/CSU-CIRA material on Commons,5.1,0.0,5.1,earth_environmental_systems,Gust Front Propagation,earth_environmental_systems,earth_family_01,"Candidate must show an expanding storm outflow boundary/gust front over time, not a static satellite cloud field.",commons_manual_round3; newly_retrieved=true; source_page=File:Gust_Front_Expands_From_Storms_Over_the_Gulf_of_Mexico_(CIRA_2024-04-29_-_nolabels_portrait).webm; concept_zh=阵风锋推进; pool_tier=strict_gate,data/vdcr_candidate_videos_combined_v1.csv
vdcr_commons_mr4_000001,https://commons.wikimedia.org/wiki/File:Vorticella_vortex_DSC_1703.webm,wikimedia_commons,Commons page/license review needed,0.0,0.0,0.0,biology_living_systems,Ciliary Beating,biology_living_systems,biology_family_03,"Candidate must show rhythmic coordinated ciliary beating or cilia-driven flow, not merely a microorganism in view.",commons_manual_round4; newly_retrieved=true; source_page=File:Vorticella_vortex_DSC_1703.webm; concept_zh=纤毛节律摆动; pool_tier=main_pool,data/vdcr_candidate_videos_combined_v1.csv
vdcr_commons_mr4_000002,https://commons.wikimedia.org/wiki/File:MicrotubuleDynamicInstability.ogv,wikimedia_commons,Commons page/license review needed,0.0,0.0,0.0,biology_living_systems,Microtubule Dynamic Instability,biology_living_systems,biology_family_05,"Candidate must show alternating microtubule growth and shrinkage phases, not a static cytoskeletal diagram.",commons_manual_round4; newly_retrieved=true; source_page=File:MicrotubuleDynamicInstability.ogv; concept_zh=微管动态不稳定性; pool_tier=main_pool,data/vdcr_candidate_videos_combined_v1.csv
vdcr_commons_mr4_000003,https://commons.wikimedia.org/wiki/File:Calcium-Wave-Propagation-in-Networks-of-Endothelial-Cells-Model-based-Theoretical-and-Experimental-pcbi.1002847.s006.ogv,wikimedia_commons,Commons/PLOS supplementary license review needed,0.0,0.0,0.0,biology_living_systems,Calcium Wave Propagation,biology_living_systems,biology_family_03,"Candidate must show a fluorescence signal propagating cell-to-cell as a wave, not isolated blinking.",commons_manual_round4; newly_retrieved=true; source_page=File:Calcium-Wave-Propagation...s006.ogv; concept_zh=钙波传播; pool_tier=main_pool,data/vdcr_candidate_videos_combined_v1.csv
vdcr_commons_mr4_000004,https://commons.wikimedia.org/wiki/File:Calcium-spikes-waves-and-oscillations-in-a-large-patterned-epithelial-tissue-srep42786-s2.ogv,wikimedia_commons,Commons/Scientific Reports supplementary license review needed,0.0,0.0,0.0,biology_living_systems,Calcium Wave Propagation,biology_living_systems,biology_family_03,"Candidate must show a spatial calcium wave or oscillatory propagation, not a figure panel with unreadable labels.",commons_manual_round4; newly_retrieved=true; source_page=File:Calcium-spikes-waves...s2.ogv; concept_zh=钙波传播; pool_tier=main_pool; duplicate_concept_candidate=true,data/vdcr_candidate_videos_combined_v1.csv
vdcr_commons_mr4_000005,https://commons.wikimedia.org/wiki/File:PIAS%CE%B3-Is-Required-for-Faithful-Chromosome-Segregation-in-Human-Cells-pone.0000053.s006.ogv,wikimedia_commons,Commons/PLOS supplementary license review needed,0.0,0.0,0.0,biology_living_systems,Mitotic Chromosome Segregation,biology_living_systems,biology_family_03,"Candidate must show chromosomes aligning and separating during mitosis, not just a cell culture field.",commons_manual_round4; newly_retrieved=true; source_page=File:PIASγ-Is-Required...s006.ogv; concept_zh=有丝分裂染色体分离; pool_tier=main_pool,data/vdcr_candidate_videos_combined_v1.csv
vdcr_commons_mr4_000006,https://commons.wikimedia.org/wiki/File:Cell_in_mitosis_(real_time).ogv,wikimedia_commons,Commons page/license review needed,0.0,0.0,0.0,biology_living_systems,Mitotic Chromosome Segregation,biology_living_systems,biology_family_03,Candidate must show mitotic chromosome movement across time; use only if clearer than the PLOS candidate and no text leakage.,commons_manual_round4; newly_retrieved=true; source_page=File:Cell_in_mitosis_(real_time).ogv; concept_zh=有丝分裂染色体分离; pool_tier=main_pool; duplicate_concept_candidate=true,data/vdcr_candidate_videos_combined_v1.csv
vdcr_commons_mr4_000007,https://commons.wikimedia.org/wiki/File:Phoenix_DustStorm.webm,wikimedia_commons,Commons page/license review needed,0.0,0.0,0.0,earth_environmental_systems,Dust Storm Front Propagation,earth_environmental_systems,earth_family_07,"Candidate must show an advancing dust front boundary over time, not just a dusty skyline.",commons_manual_round4; newly_retrieved=true; source_page=File:Phoenix_DustStorm.webm; concept_zh=尘暴锋面推进; pool_tier=strict_gate,data/vdcr_candidate_videos_combined_v1.csv
vdcr_commons_mr4_000009,https://commons.wikimedia.org/wiki/File:A_%22bomb_cyclone%22_creates_a_dust_storm_in_New_Mexico_and_Texas_(CIRA_2019-04-11).webm,wikimedia_commons,NOAA/CIRA public-domain likely; Commons page/license review needed,0.0,0.0,0.0,earth_environmental_systems,Dust Storm Front Propagation,earth_environmental_systems,earth_family_07,"Candidate must show a coherent dust front propagating across satellite frames, not just regional haze.",commons_manual_round4; newly_retrieved=true; source_page=File:A_bomb_cyclone_creates_a_dust_storm...webm; concept_zh=尘暴锋面推进; pool_tier=strict_gate; duplicate_concept_candidate=true,data/vdcr_candidate_videos_combined_v1.csv
vdcr_commons_mr4_000010,https://commons.wikimedia.org/wiki/File:Fires_Billow_Smoke_Across_the_Pacific_Northwest_(CIRA_2024-09-05_-_nolabels).webm,wikimedia_commons,NOAA/CIRA public-domain likely; Commons page/license review needed,0.0,0.0,0.0,earth_environmental_systems,Convective Smoke Plume Rise,earth_environmental_systems,earth_family_06,"Candidate must show buoyancy-driven smoke plumes rising and spreading over time, not a static smoke map.",commons_manual_round4; newly_retrieved=true; source_page=File:Fires_Billow_Smoke...nolabels.webm; concept_zh=烟羽对流上升; pool_tier=strict_gate,data/vdcr_candidate_videos_combined_v1.csv
vdcr_commons_mr5_000001,https://commons.wikimedia.org/wiki/File:Paranuss-Effekt_Brazil_Nut_Effect_Granular_Convection.webm,wikimedia_commons,CC-BY-SA-4.0 Commons own work,18.0,0.0,18.0,physics_physical_systems,Brazil Nut Effect,physics_physical_systems,physics_family_04,"Candidate must show large particles rising through a vibrated granular mixture, not merely a package containing large nuts.",commons_manual_round5; newly_retrieved=true; source_page=File:Paranuss-Effekt_Brazil_Nut_Effect_Granular_Convection.webm; concept_zh=巴西坚果效应; pool_tier=main_pool,data/vdcr_candidate_videos_combined_v1.csv
vdcr_commons_mr5_000003,https://commons.wikimedia.org/wiki/File:Pinch-off_in_two-fluid_systems.webm,wikimedia_commons,CC-BY-3.0 YouTube source reviewed on Commons,7.5,0.0,7.5,physics_physical_systems,Liquid Bridge Pinch-Off,physics_physical_systems,physics_family_02,"Candidate must show a thinning liquid neck connecting drop and nozzle followed by topological breakup, not merely a finished droplet.",commons_manual_round5; newly_retrieved=true; source_page=File:Pinch-off_in_two-fluid_systems.webm; concept_zh=液桥颈缩断裂; pool_tier=main_pool,data/vdcr_candidate_videos_combined_v1.csv
vdcr_commons_mr6_000001,https://commons.wikimedia.org/wiki/File:Entropy-driven-formation-of-chiral-nematic-phases-by-computer-simulations-ncomms11175-s4.ogv,wikimedia_commons,CC-BY-4.0 Commons/Nature Communications supplementary movie,23.8,0.0,23.8,chemistry_materials_change,Spinodal Decomposition,chemistry_materials_change,materials_family_05,"Candidate must show spontaneous demixing into interpenetrating domains from an initially uniform phase, not just a static two-color pattern.",commons_manual_round6; newly_retrieved=true; source_page=File:Entropy-driven-formation...ncomms11175-s4.ogv; concept_zh=旋节线分解; pool_tier=main_pool,data/vdcr_candidate_videos_combined_v1.csv
vdcr_commons_mr6_000003,https://commons.wikimedia.org/wiki/File:Growth_of_mung_bean_seedlings.webm,wikimedia_commons,CC-BY-SA-4.0 Commons own work,32.0,0.0,32.0,biology_living_systems,Gravitropism,biology_living_systems,biology_family_02,Candidate must show directional plant growth curvature relative to gravity; reject if the visible process is inseparable from phototropism.,commons_manual_round6; newly_retrieved=true; source_page=File:Growth_of_mung_bean_seedlings.webm; concept_zh=向重性; pool_tier=main_pool; possible_competing_concept=Phototropism,data/vdcr_candidate_videos_combined_v1.csv
vdcr_commons_mr7_000001,https://commons.wikimedia.org/wiki/File:The-Behaviour-of-Both-Listeria-monocytogenes-and-Rat-Ciliated-Ependymal-Cells-Is-Altered-during-pone.0010450.s001.ogv,wikimedia_commons,CC-BY-2.5 Commons/PLOS supplementary movie,13.0,0.0,13.0,biology_living_systems,Ciliary Beating,biology_living_systems,biology_family_03,"Candidate must show rhythmic ciliary strokes over time, not just a cell edge or static cilia morphology.",commons_manual_round7; newly_retrieved=true; source_page=File:The-Behaviour-of-Both-Listeria...s001.ogv; concept_zh=纤毛节律摆动; pool_tier=main_pool,data/vdcr_candidate_videos_combined_v1.csv
vdcr_commons_mr7_000002,https://commons.wikimedia.org/wiki/File:Animation_of_swimming_ciliate.webm,wikimedia_commons,CC-BY-SA-4.0 Commons reviewed scientific animation,14.0,0.0,14.0,biology_living_systems,Metachronal Wave Locomotion,biology_living_systems,biology_family_01,"Candidate must show coordinated phase-shifted ciliary beating that generates locomotion, not merely a ciliate object label.",commons_manual_round7; newly_retrieved=true; source_page=File:Animation_of_swimming_ciliate.webm; concept_zh=节律相位波推进; pool_tier=main_pool,data/vdcr_candidate_videos_combined_v1.csv
vdcr_commons_mr7_000003,https://commons.wikimedia.org/wiki/File:OxbowAnimation.gif,wikimedia_commons,CC-BY-SA-3.0/GFDL Commons animated GIF,13.0,0.0,13.0,earth_environmental_systems,Meander Neck Cutoff,earth_environmental_systems,earth_family_02,"Candidate must show a meander neck narrowing, cutoff formation, and abandoned loop/oxbow development over time, not a static river shape.",commons_manual_round7; newly_retrieved=true; source_page=File:OxbowAnimation.gif; concept_zh=曲流河裁弯取直; pool_tier=main_pool; source_type=animation,data/vdcr_candidate_videos_combined_v1.csv
vdcr_commons_mr8_000001,"https://commons.wikimedia.org/wiki/File:An_explosive_eruption_occurred_at_Kanlaon_Volcano_on_December_9,_2024.webm",wikimedia_commons,Public domain Commons/PHIVOLCS-DOST,25.0,0.0,25.0,earth_environmental_systems,Pyroclastic Density Current,earth_environmental_systems,earth_family_04,"Candidate must show a ground-hugging particle/gas current spreading from the eruption source or collapsing column, not merely a vertical ash plume.",commons_manual_round8; newly_retrieved=true; source_page=File:An_explosive_eruption_occurred_at_Kanlaon_Volcano_on_December_9_2024.webm; concept_zh=火山碎屑密度流; pool_tier=main_pool; original_candidate=Eruption Column Collapse,data/vdcr_candidate_videos_combined_v1.csv
vdcr_commons_mr8_000003,https://commons.wikimedia.org/wiki/File:Meandering_on_Ucayali_River.gif,wikimedia_commons,CC-BY-SA-4.0 Commons own work,5.6,0.0,5.6,earth_environmental_systems,Meander Neck Cutoff,earth_environmental_systems,earth_family_02,"Candidate must show a meander bend narrowing and being abandoned after a cutoff, not merely a static river map or generic lateral migration.",commons_manual_round8; newly_retrieved=true; source_page=File:Meandering_on_Ucayali_River.gif; concept_zh=曲流河裁弯取直; pool_tier=main_pool; revised_from=Braided Channel Migration,data/vdcr_candidate_videos_combined_v1.csv
vdcr_commons_mr9_000001,https://commons.wikimedia.org/wiki/File:Kelvin-Helmholtz_Instability.ogv,wikimedia_commons,Public domain Commons simulation,8.3,0.0,8.3,physics_physical_systems,Kelvin-Helmholtz Instability,physics_physical_systems,physics_family_01,"Candidate must show rolling billows developing from a shear interface between two fluids, not a static wavy boundary.",commons_manual_round9; newly_retrieved=true; source_page=File:Kelvin-Helmholtz_Instability.ogv; concept_zh=开尔文-亥姆霍兹不稳定性; pool_tier=main_pool; source_type=simulation,data/vdcr_candidate_videos_combined_v1.csv
vdcr_commons_mr9_000002,https://commons.wikimedia.org/wiki/File:Origin-and-dynamics-of-vortex-rings-in-drop-splashing-ncomms9187-s3.ogv,wikimedia_commons,CC-BY-4.0 Commons/Nature Communications supplementary movie,36.0,0.0,36.0,physics_physical_systems,Vortex Ring Formation,physics_physical_systems,physics_family_05,"Candidate must show toroidal vortex ring generation and propagation during the impact/jet sequence, not merely a splash frame.",commons_manual_round9; newly_retrieved=true; source_page=File:Origin-and-dynamics-of-vortex-rings...s3.ogv; concept_zh=涡环形成; pool_tier=main_pool,data/vdcr_candidate_videos_combined_v1.csv
vdcr_commons_mr9_000006,https://commons.wikimedia.org/wiki/File:Swarming-bacteria-migrate-by-L%C3%A9vy-Walk-ncomms9396-s2.ogv,wikimedia_commons,CC-BY-4.0 Commons/Nature Communications supplementary movie,13.0,0.0,13.0,biology_living_systems,Bacterial Swarming Motility,biology_living_systems,biology_family_07,"Candidate must show collective dense bacterial surface motility with coordinated swirling/swarming, not isolated flagellar swimming.",commons_manual_round9; newly_retrieved=true; source_page=File:Swarming-bacteria-migrate-by-Lévy-Walk...s2.ogv; concept_zh=细菌集群运动; pool_tier=strict_gate,data/vdcr_candidate_videos_combined_v1.csv
vdcr_commons_mr32_000001,https://commons.wikimedia.org/wiki/File:Bubble0g.ogv,wikimedia_commons,PD NASA,14,0,14,strict_gate_physics,Boiling Bubble Nucleation and Departure,physics_physical_systems,热过程与浮力驱动流,"Nucleate boiling should show vapor bubbles appearing, growing, merging, or departing over time; a single bubble frame is insufficient.",NASA/Commons microgravity boiling water video. Accept only if the bubble growth/departure dynamics are visually clear and no explanatory text is required.,data/vdcr_candidate_videos_combined_v1.csv
vdcr_commons_mr32_000002,https://commons.wikimedia.org/wiki/File:Functionalized-core-shell-hydrogel-microsprings-by-anisotropic-gelation-with-bevel-tip-capillary-srep45987-s2.ogv,wikimedia_commons,CC BY 4.0,14,0,14,strict_gate_chemistry,Gelation Front Propagation,chemistry_materials_change,凝胶、聚合物与软物质,Gelation front propagation should show a visible gel/solidification front moving through material over time; a static formed structure is insufficient.,OA Scientific Reports hydrogel microspring movie. Accept only if a propagating gelation/solidification front is visible without relying on the paper title.,data/vdcr_candidate_videos_combined_v1.csv
vdcr_commons_mr32_000003,https://commons.wikimedia.org/wiki/File:Functionalized-core-shell-hydrogel-microsprings-by-anisotropic-gelation-with-bevel-tip-capillary-srep45987-s3.ogv,wikimedia_commons,CC BY 4.0,6.2,0,6.2,strict_gate_chemistry,Gelation Front Propagation,chemistry_materials_change,凝胶、聚合物与软物质,Gelation front propagation should show a visible gel/solidification front moving through material over time; a static formed structure is insufficient.,Backup OA hydrogel microspring movie from the same study; avoid duplicate pass if the s2 candidate is cleaner.,data/vdcr_candidate_videos_combined_v1.csv
vdcr_commons_mr32_000004,https://commons.wikimedia.org/wiki/File:Highly-Asynchronous-and-Asymmetric-Cleavage-Divisions-Accompany-Early-Transcriptional-Activity-in-pone.0021741.s019.ogv,wikimedia_commons,CC BY 2.5,12,0,12,strict_gate_biology,Embryonic Cleavage Division Sequence,biology_living_systems,发育与形态发生动态,Embryonic cleavage should show repeated early embryo cell divisions over time; a single embryo frame is insufficient.,OA PLOS medaka embryo time-lapse. Accept only if progressive cleavage divisions are visible in the video itself.,data/vdcr_candidate_videos_combined_v1.csv
vdcr_public_mr32_000001,https://science.nasa.gov/resource/mars-dry-ice-and-dunes/,nasa_science,NASA media source; final release requires standard NASA usage audit,0,0,0,strict_gate_earth,Dune Slip-Face Grain Avalanche,earth_environmental_systems,风沙与沙丘动力学,The target requires observing grains or surface material moving downslope along a dune slip face; a static dune morphology or camera flyover is insufficient.,"NASA Mars dry ice and dunes video. Accept only if a clean textless segment shows slip-face avalanche or granular movement; reject if it is mostly an explainer, static flyover, or title/label-heavy visualization.",data/vdcr_candidate_videos_combined_v1.csv
vdcr_commons_mr33_000001,https://commons.wikimedia.org/wiki/File:A-general-patterning-approach-by-manipulating-the-evolution-of-two-dimensional-liquid-foams-ncomms14110-s3.ogv,wikimedia_commons,CC BY 4.0,76.7,0,76.7,strict_gate_chemistry,Coalescence-Driven Coarsening,chemistry_materials_change,相分离与粗化动力学,Candidate must show small domains/bubbles disappearing while larger ones grow or merge over time; a single foam frame is insufficient.,OA Nature Communications 2D foam evolution video. Accept only if visible coarsening is driven by bubble/domain coalescence rather than only source-described Ostwald ripening; reject duplicate or wrong-mechanism footage.,data/vdcr_candidate_videos_combined_v1.csv
vdcr_commons_mr33_000002,https://commons.wikimedia.org/wiki/File:A-Viscoelastic-Deadly-Fluid-in-Carnivorous-Pitcher-Plants-pone.0001185.s003.ogv,wikimedia_commons,CC BY 2.5,32,0,32,strict_gate_chemistry,Viscoelastic Recoil,chemistry_materials_change,流变与非牛顿响应,Candidate must show elastic stretching and recoil/restoring behavior of a viscoelastic fluid over time; a static strand or trapped object is insufficient.,OA PLOS high-speed pitcher-plant fluid video. Accept only if the viscoelastic fluid deformation/recovery is visually decisive; reject if it is mainly animal/object behavior or source-dependent.,data/vdcr_candidate_videos_combined_v1.csv
vdcr_commons_mr33_000003,https://commons.wikimedia.org/wiki/File:Chemical-control-of-the-viscoelastic-properties-of-vinylogous-urethane-vitrimers-ncomms14857-s2.ogv,wikimedia_commons,CC BY 4.0,56,0,56,strict_gate_chemistry,Viscoelastic Recoil,chemistry_materials_change,流变与非牛顿响应,Candidate must show time-dependent viscoelastic deformation and recovery/recoil; a static bending sample is insufficient.,OA Nature Communications vitrimer heating video. Accept only if material recovery/recoil is visible without relying on the source title.,data/vdcr_candidate_videos_combined_v1.csv
vdcr_commons_mr33_000004,https://commons.wikimedia.org/wiki/File:Hurricane_Harvey-_Storm_Surge_Watches_and_Warnings.webm,wikimedia_commons,PD NWS/NOAA,29,0,29,strict_gate_earth,Storm Surge Propagation,earth_environmental_systems,海洋波浪与海岸过程,Candidate must show storm-surge water/front propagation or inundation evolution over time; warning-map changes alone are insufficient.,NWS/NHC public-domain storm-surge watch/warning animation. Likely reject if it is only an advisory map rather than video-native surge propagation.,data/vdcr_candidate_videos_combined_v1.csv
vdcr_commons_mr33_000005,https://commons.wikimedia.org/wiki/File:Refraction-animation.gif,wikimedia_commons,CC BY-SA 4.0,5.5,0,5.5,extension_earth,Wave Refraction,earth_environmental_systems,海洋波浪与海岸过程,Candidate must show wavefronts bending as they enter a region with different propagation speed; a static wave pattern is insufficient.,Commons ripple-tank-style simulated wave-refraction GIF. This is extension-tier only; do not use to fill main benchmark quota unless explicitly accepted as an educational simulation slice.,data/vdcr_candidate_videos_combined_v1.csv
vdcr_commons_mr34_000001,https://commons.wikimedia.org/wiki/File:Wesphysdemo_-_Synchronized_Metronomes.webm,wikimedia_commons,commons_license_verify_on_page,126,0,126,strict_gate_physics,Coupled Pendulum Synchronization,physics_physical_systems,波动、振动与非线性动力学,Candidate must show initially out-of-phase coupled oscillators converging into synchronized motion; a single frame of metronomes is insufficient.,Commons video of weakly coupled metronomes. Accept only after removing audio/metadata and confirming no answer-bearing title or overlay in the usable segment.,data/vdcr_candidate_videos_combined_v1.csv
vdcr_commons_mr34_000002,https://commons.wikimedia.org/wiki/File:Experimental-multistable-states-for-small-network-of-coupled-pendula-srep29833-s1.ogv,wikimedia_commons,CC BY 4.0,67,0,67,strict_gate_physics,Coupled Pendulum Synchronization,physics_physical_systems,波动、振动与非线性动力学,Candidate must show coupled pendula changing relative phase or synchronizing over time; a static pendulum array is insufficient.,"OA Scientific Reports coupled-pendula supplementary video. Review as backup; reject if title cards, diagrams, or multi-state context make the answer source-dependent.",data/vdcr_candidate_videos_combined_v1.csv
vdcr_commons_mr34_000003,https://commons.wikimedia.org/wiki/File:Torsion-pendulum.ogv,wikimedia_commons,GFDL / CC BY-SA variants,13,0,13,strict_gate_physics,Damped Oscillation,physics_physical_systems,波动、振动与非线性动力学,Candidate must show oscillation amplitude decaying over time; a single still of a pendulum is insufficient.,Short Commons torsion-pendulum video. Accept only if damping is visually clear across the sequence; otherwise reject as generic pendulum motion.,data/vdcr_candidate_videos_combined_v1.csv
vdcr_commons_mr34_000004,https://commons.wikimedia.org/wiki/File:Chemotaxis-and-Binding-of-Pseudomonas-aeruginosa-to-Scratch-Wounded-Human-Cystic-Fibrosis-Airway-pone.0150109.s003.ogv,wikimedia_commons,CC license verify on page,0,0,0,strict_gate_biology,Bacterial Chemotaxis,biology_living_systems,微生物与群体动力学,Candidate must show bacteria moving directionally toward a chemical/source gradient or wound target over time; random motility is insufficient.,OA PLOS microscopy video. Accept only if directional chemotactic migration is visually decisive without relying on title text.,data/vdcr_candidate_videos_combined_v1.csv
vdcr_commons_mr34_000005,https://commons.wikimedia.org/wiki/File:Genome-sequence-of-the-pattern-forming-Paenibacillus-vortex-bacterium-reveals-potential-for-1471-2164-11-710-S2.ogv,wikimedia_commons,CC BY 2.0 verify on page,0,0,0,strict_gate_biology,Bacterial Swarming Motility,biology_living_systems,微生物与群体动力学,Candidate must show collective bacterial colony/swarm expansion or coordinated motility over time; a static colony pattern is insufficient.,OA BMC/Commons video candidate for bacterial swarming. Reject if the clip is mostly static colony morphology or source-dependent labeling.,data/vdcr_candidate_videos_combined_v1.csv
vdcr_commons_mr34_000007,https://commons.wikimedia.org/wiki/File:Cloud_timelapse.webm,wikimedia_commons,CC BY 2.0,29,0,29,strict_gate_earth,Wall Cloud Rotation,earth_environmental_systems,大气风暴动力学,Candidate must show a localized wall cloud rotating under a storm base; generic cloud timelapse is insufficient.,Commons cloud timelapse negative-control candidate. Expected reject unless rotation/wall-cloud structure is decisive.,data/vdcr_candidate_videos_combined_v1.csv
vdcr_commons_mr35_000001,https://commons.wikimedia.org/wiki/File:Explosive_Growth_of_the_Ranger_Road_Fire_(CIRA_2026-02-18_-_nolabels).webm,wikimedia_commons,PD NOAA,20,0,20,strict_gate_earth,Wind-Driven Fire-Front Propagation,earth_environmental_systems,野火与烟羽动力学,Candidate must show a wildfire front rapidly expanding or changing direction over time under wind/front forcing; a static hotspot map is insufficient.,Commons/NOAA no-label GOES imagery. Source caption states strong winds and an east-moving cold front; accept only if the no-label video visually shows fire-front expansion rather than just a static burn scar.,data/vdcr_candidate_videos_commons_manual_round35_v1.csv
vdcr_commons_mr35_000002,https://commons.wikimedia.org/wiki/File:High-Resolution_Rapid_Expansion_of_Texas%E2%80%99s_Largest_Wildfire_(CIRA_2024-02-28_-_nolabels).webm,wikimedia_commons,PD NOAA,3,0,3,strict_gate_earth,Wind-Driven Fire-Front Propagation,earth_environmental_systems,野火与烟羽动力学,Candidate must show rapid wildfire-front expansion over time; a single satellite frame is insufficient.,Commons/NOAA no-label VIIRS/GeoColor/fire-temperature imagery backup. Accept only if the front propagation is visible despite the short 3s duration; otherwise reject as too brief/source-dependent.,data/vdcr_candidate_videos_commons_manual_round35_v1.csv
vdcr_commons_mr36_000001,https://commons.wikimedia.org/wiki/File:Superhydrophobic-like-tunable-droplet-bouncing-on-slippery-liquid-interfaces-ncomms8986-s5.ogv,wikimedia_commons,CC BY 4.0 / Nature Communications OA,10,0,10,strict_gate_physics,Droplet Rebound,physics_physical_systems,physics_family_05,"Candidate must show impact, deformation, capillary retraction, and liftoff/bouncing response; a single droplet frame is insufficient.",Commons supplementary movie for droplet impact on slippery liquid interfaces. Accept only if the video itself shows the rebound sequence and no text leakage.,data/vdcr_candidate_videos_commons_manual_round36_v1.csv
vdcr_commons_mr36_000002,https://commons.wikimedia.org/wiki/File:Distinct-short-range-ovule-signals-attract-or-repel-Arabidopsis-thaliana-pollen-tubes-in-vitro-1471-2229-6-7-S2.ogv,wikimedia_commons,CC BY 2.0 / BMC Plant Biology OA,6.8,0,6.8,strict_gate_biology,Pollen Tube Chemotropic Growth,biology_living_systems,biology_family_05,Candidate must show directional pollen-tube tip growth/navigation over time; a still fluorescence image is insufficient.,Source page describes pollen tube migration within an ovule and short-range ovule signals. Accept only if video shows directional growth/navigation rather than a static labeled microscopy frame.,data/vdcr_candidate_videos_commons_manual_round36_v1.csv
vdcr_commons_mr36_000003,https://commons.wikimedia.org/wiki/File:Overlapping-and-divergent-signaling-pathways-for-ARK1-and-AGD1-in-the-control-of-root-hair-polarity-Movie1.ogv,wikimedia_commons,CC BY 4.0 / PLOS Genetics OA,15,0,15,strict_gate_biology,Root Hair Tip Growth,biology_living_systems,biology_family_05,Candidate must show polarized root-hair tip extension over time; a still image of root hairs is insufficient.,Commons root-hair polarity movie. Accept only if the tip-growth process is visible without relying on source title.,data/vdcr_candidate_videos_commons_manual_round36_v1.csv
vdcr_commons_mr36_000004,https://commons.wikimedia.org/wiki/File:Standing_Waves_and_Resonance.webm,wikimedia_commons,CC BY 3.0 YouTubeReviewBot,195,0,60,strict_gate_physics,Standing Wave Formation,physics_physical_systems,physics_family_03,"Candidate must show a standing-wave/resonance mode being established or selected over time, not just a static standing-wave diagram.",Long teaching animation with likely explanatory labels/audio. Accept only if a clean segment can be cut where dynamic resonance scanning is visible without title/text leakage; otherwise reject.,data/vdcr_candidate_videos_commons_manual_round36_v1.csv
vdcr_commons_mr37_000001,https://commons.wikimedia.org/wiki/File:Lp1989plan_hires.webm,wikimedia_commons,USGS/public-domain source; verify on Commons page,75.1,0,75.1,strict_gate_earth,Seismic Wave Propagation,earth_environmental_systems,earth_family_10,Candidate must show seismic wave or ground-motion fronts propagating outward over time; a single map frame or epicenter marker is insufficient.,Commons/USGS earthquake ground-motion animation candidate. Accept only if the video itself shows progressive propagation without relying on page text or metadata.,data/vdcr_candidate_videos_commons_manual_round37_v1.csv
vdcr_commons_mr38_000001,https://commons.wikimedia.org/wiki/File:Laminar_Flow_2.webm,wikimedia_commons,CC BY 3.0; UNM Physics and Astronomy attribution; verify on Commons page,88.2,0,88.2,strict_gate_physics,Stokes Flow Kinematic Reversibility,physics_physical_systems,physics_family_09,Candidate must show a low-Reynolds-number laminar flow pattern being deformed by forward rotation and then approximately restored by reverse rotation; a single frame of colored fluid is insufficient.,Commons/UNM laminar-flow apparatus candidate. Source page states Re<1 and reversal of previous laminar flow; accept only if video itself shows forward deformation and reverse recovery without answer text leakage.,data/vdcr_candidate_videos_commons_manual_round38_v1.csv
vdcr_commons_mr40_000001,https://commons.wikimedia.org/wiki/File:117._%D0%91%D0%B5%D0%BD%D0%B5%D0%B4%D0%B8%D0%BA%D1%82%D0%BE%D0%B2%D0%B0_%D1%80%D0%B5%D0%B0%D0%BA%D1%86%D0%B8%D1%98%D0%B0.webm,wikimedia_commons,CC BY-SA 4.0 Commons Wikiexperiments chemistry video; verify before release,57.56,0,57.56,strict_gate_chemistry,Benedict Positive Reducing-Sugar Reaction,chemistry_materials_change,chemistry_family_04,Candidate must show reagent heating and progressive color or precipitate evolution; source text may only double-check the red copper(I) oxide precipitate mechanism.,New Commons Benedict test candidate distinct from previous concentration-series candidates. Accept only if crop removes title/label leakage and the video itself shows color/precipitate transition.,data/vdcr_candidate_videos_commons_manual_round40_v1.csv
vdcr_commons_mr41_000001,https://commons.wikimedia.org/wiki/File:Padma_River_Time_Series_(1988-2018).webm,wikimedia_commons,NASA/Landsat natural-color time series; public-domain/source license verify on Commons before release,56,0,56,strict_gate_earth,Cutbank Erosion / Point-Bar Deposition,earth_environmental_systems,earth_family_02,Candidate must show river-bank retreat and opposite bar/accretion or channel-boundary migration over time; a single satellite frame of a river planform is insufficient.,New Commons/NASA Padma River 1988-2018 time-series candidate. Accept only if the video itself shows bank erosion/accretion dynamics without relying on the source caption.,data/vdcr_candidate_videos_commons_manual_round41_v1.csv
vdcr_commons_mr42_000001,https://commons.wikimedia.org/wiki/File:MakingASplash.webm,wikimedia_commons,CC BY-SA 4.0 on Commons; attribution/share-alike audit required before release,152.560,36.000,45.000,core_gate_physics,Worthington Jet,physics_physical_systems,physics_family_05,Candidate must show impact-driven cavity/splash evolution followed by a vertical liquid jet and droplet formation; a single frame of a liquid column is insufficient because it can be confused with generic splashing or pouring.,New Commons slow-motion splash source. Use only the cropped metadata-clean 36-45 s segment; reject raw opening title card and unrelated later impacts.,data/vdcr_candidate_videos_commons_manual_round42_v1.csv
vdcr_public_mr43_000002,https://nigms.nih.gov/image-gallery/3446,nigms_image_gallery,NIGMS/NIH gallery source; source and reuse terms require final release audit,8.266,0.000,8.250,strict_gate_biology,Biofilm Colony Expansion Dynamics,biology_living_systems,biology_family_10,Candidate must show biofilm or colony front expanding over time and changing channel occupancy; a single frame of red material in a channel is insufficient.,New NIGMS image-gallery source. Accepted only after metadata-clean video-only derivative removes audio and container creation metadata. A separate NIGMS lamellipodium candidate downloaded in this round was not merged because the visible actin-driven mechanism was not sufficiently verifiable from the video alone.,data/vdcr_candidate_videos_public_manual_round43_v1.csv
vdcr_public_mr44_000003,https://pmc.ncbi.nlm.nih.gov/articles/PMC9013362/,pmc_scientific_reports_supplementary_video,CC BY 4.0 Scientific Reports supplementary material; final release should preserve article/video attribution,30.800,0.000,30.800,strict_gate_chemistry,Electrodeposition Dendrite Growth,chemistry_materials_change,materials_family_07,Candidate must show electrode-driven dendritic or fractal deposit morphology growing over time from electrode tips; a single frame of a dark deposit is insufficient.,New round44 Scientific Reports/PMC source. Accepted experimental video S2 only after clean mp4 conversion removed container metadata and kept video-only evidence. Reject nearby modeling videos and the wire-like high-frequency experimental clip for main sample use.,data/vdcr_candidate_videos_public_manual_round44_v1.csv
vdcr_public_mr45_000001,https://home.nps.gov/media/video/view.htm?id=899DBB31-8EC7-42BA-A719-A880E58D823B,nps_public_video,NPS credited public-domain source; final release should preserve NPS attribution and source URL,19.186,7.500,14.600,strict_gate_earth,Dune Slip-Face Grain Avalanche,earth_environmental_systems,earth_family_07,Candidate must show sand grains losing stability and flowing down a dune slip face over time; a single sand-slope frame is insufficient.,"New round45 NPS source. Accepted only as a cropped mid-video derivative; the raw video has opening park text, title text, subtitles, audio, and end logo that are excluded from the sample.",data/vdcr_candidate_videos_public_manual_round45_v1.csv
vdcr_public_mr46_000001,https://www.usgs.gov/media/videos/capillary-action-and-water,usgs_public_video,USGS public domain video; final release should preserve USGS attribution and source URL,116.146,78.500,97.500,strict_gate_physics,Capillary Rise / Wicking,physics_physical_systems,physics_family_02,Candidate must show a wetting/dye front rising through paper or porous material over time; a single wet filter frame is insufficient.,"New round46 USGS public-domain source. Accepted only as a center-cropped experiment segment; the raw explainer has narration, setup text, web-page screenshots, USGS logo overlays, and end card that are excluded from the sample.",data/vdcr_candidate_videos_public_manual_round46_v1.csv
vdcr_public_mr47_000001,https://journals.plos.org/plosone/article?id=10.1371/journal.pone.0000053,plos_one_supplementary,CC BY 2.5 PLOS ONE supplementary movie; final release should preserve article/video attribution,76.667,0.000,76.667,main_pool_biology,Mitotic Chromosome Segregation,biology_living_systems,biology_family_05,"Candidate must show chromosomes condensing, aligning, and separating into daughter nuclei over time; a single fluorescent cell frame is insufficient.",New round47 PLOS ONE/PMC open-access source. Accepted only as a cropped metadata-clean derivative removing the embedded bottom timestamp band; the pass decision relies on visible H2B-GFP chromosome movement rather than source text.,data/vdcr_candidate_videos_public_manual_round47_v1.csv
vdcr_public_mr48_000001,https://commons.wikimedia.org/wiki/File:Water-droplet-impact-on-elastic-superhydrophobic-surfaces-srep30328-s6.ogv,wikimedia_commons_scientific_reports,CC BY 4.0 Scientific Reports supplementary movie on Wikimedia Commons; final release should preserve article/video attribution,4.420,0.000,2.800,strict_gate_physics,Droplet Spreading and Retraction,physics_physical_systems,physics_family_05,"Candidate must show a droplet impacting a surface, spreading laterally into a lamella/film, and retracting over time; a single spread droplet frame is insufficient.",New round48 Commons/Scientific Reports source. Accepted only as a short metadata-clean derivative ending before clear rebound to avoid ambiguity with the already-covered droplet rebound concept.,data/vdcr_candidate_videos_public_manual_round48_v1.csv
vdcr_public_mr49_000001,https://commons.wikimedia.org/wiki/File:Webp.net-gifmaker_(1).gif,wikimedia_commons_self_published,CC BY-SA 4.0 Wikimedia Commons self-published GIF by Estebandgj; final release should preserve source attribution and share-alike terms,3.500,0.000,3.500,strict_gate_chemistry,Flame Blowoff,chemistry_materials_change,materials_family_07,"Candidate must show a flame changing shape, becoming unstable, and losing its stable anchored flame structure over time; a single flame frame is insufficient.",New round49 Wikimedia Commons source. Coffee-ring source from the same round was inspected but not merged because clean crops did not show a decisive deposition-front formation sequence. This flame source was accepted as a metadata-clean GIF-to-MP4 derivative with no in-frame text.,data/vdcr_candidate_videos_public_manual_round49_v1.csv
curated_002001,https://commons.wikimedia.org/wiki/File:Iodine_Clock_Reaction.ogv,wikimedia_commons,wikimedia_commons_license_verify_on_page,126.0,0.0,30.0,chemistry_materials_change,Iodine Clock Reaction,chemistry_materials_change,chemistry_family_02,"Candidate should show the delayed rapid color change of an iodine clock reaction, not merely a static flask or explanatory setup.",vdcr_v2_curated_chemistry; source_found_by=web_search; title=Iodine Clock Reaction.ogv,data/vdcr_candidate_videos_curated_chemistry_v2.csv
curated_002002,https://commons.wikimedia.org/wiki/File:Iodine_clock_-_persulphate.ogv,wikimedia_commons,CC BY-SA 3.0 verify_on_page,0.0,0.0,30.0,chemistry_materials_change,Iodine Clock Reaction,chemistry_materials_change,chemistry_family_02,"Candidate should show the delayed rapid color change of an iodine clock reaction, not merely a static flask or explanatory setup.",vdcr_v2_curated_chemistry; source_found_by=web_search; title=Iodine clock - persulphate.ogv,data/vdcr_candidate_videos_curated_chemistry_v2.csv
curated_002003,https://commons.wikimedia.org/wiki/File:Growth_of_a_chemical_garden.ogv,wikimedia_commons,wikimedia_commons_license_verify_on_page,32.0,0.0,32.0,chemistry_materials_change,Chemical Garden Growth,chemistry_materials_change,chemistry_family_02,"Candidate should show mineral tube growth over time in a chemical garden, not merely the final grown structure.",vdcr_v2_curated_chemistry; source_found_by=web_search; title=Growth of a chemical garden.ogv,data/vdcr_candidate_videos_curated_chemistry_v2.csv
curated_002004,https://commons.wikimedia.org/wiki/File:Blue-bottle_reaction_(Oscillating_reaction).webm,wikimedia_commons,wikimedia_commons_license_verify_on_page,152.0,0.0,45.0,chemistry_materials_change,Blue Bottle Reaction,chemistry_materials_change,chemistry_family_02,"Candidate should show repeated blue/colorless redox cycling in the blue bottle reaction, not merely a static colored solution.",vdcr_v2_curated_chemistry; source_found_by=web_search; title=Blue-bottle reaction (Oscillating reaction).webm,data/vdcr_candidate_videos_curated_chemistry_v2.csv
curated_002005,https://commons.wikimedia.org/wiki/File:Pattern_Formation_from_Blue_Bottle_Experiment_in_Ice_Water_Bath.webm,wikimedia_commons,CC BY-SA 4.0 verify_on_page,22.0,0.0,22.0,chemistry_materials_change,Blue Bottle Reaction,chemistry_materials_change,chemistry_family_02,"Candidate should show visible pattern or color evolution from the blue bottle experiment over time, not merely a static color pattern.",vdcr_v2_curated_chemistry; source_found_by=web_search; title=Pattern Formation from Blue Bottle Experiment in Ice Water Bath.webm,data/vdcr_candidate_videos_curated_chemistry_v2.csv
curated_002006,https://commons.wikimedia.org/wiki/File:Briggs%E2%80%93Rauscher_reaction.webm,wikimedia_commons,CC BY-SA 4.0 verify_on_page,32.0,0.0,32.0,chemistry_materials_change,Briggs-Rauscher Reaction,chemistry_materials_change,chemistry_family_02,"Candidate should show oscillating color changes characteristic of the Briggs-Rauscher reaction, not merely a static reaction vessel.",vdcr_v2_curated_chemistry; source_found_by=web_search; title=Briggs-Rauscher reaction.webm,data/vdcr_candidate_videos_curated_chemistry_v2.csv
curated_005001,https://commons.wikimedia.org/wiki/File:040_Eqi_glacier_calving_filmed_in_slow_motion_(Greenland)_Video_by_Giles_Laurent.webm,wikimedia_commons,CC BY-SA 4.0 verify_on_page,38.0,0.0,38.0,earth_environmental_systems,Ice Cliff Calving,earth_environmental_systems,earth_family_05,"Candidate should show an ice cliff destabilizing and detaching into the water, not merely a static glacier face.",vdcr_v2_curated_earth; source_found_by=web_search; title=040 Eqi glacier calving filmed in slow motion (Greenland) Video by Giles Laurent.webm,data/vdcr_candidate_videos_curated_earth_v2.csv
curated_005002,"https://commons.wikimedia.org/wiki/File:An_moderately_explosive_eruption_occurred_at_Kanlaon_Volcano_on_May_13,_2025.webm",wikimedia_commons,wikimedia_commons_license_verify_on_page,82.0,0.0,82.0,earth_environmental_systems,Pyroclastic Density Current,earth_environmental_systems,earth_family_04,"Candidate should show eruption-column collapse or ground-hugging pyroclastic density currents traveling down volcano slopes over time, not merely a static eruption plume.",vdcr_v2_curated_earth; source_found_by=web_search; title=An moderately explosive eruption occurred at Kanlaon Volcano on May 13,data/vdcr_candidate_videos_curated_earth_v2.csv
curated_003001,https://commons.wikimedia.org/wiki/File:Cucumber_Climb.webm,wikimedia_commons,CC BY 3.0 verify_on_page,17.0,0.0,17.0,biology_living_systems,Tendril Circumnutation,biology_living_systems,biology_family_04,"Candidate should show a cucumber tendril moving/searching for support over time, not merely a static vine or plant image.",vdcr_v2_curated_expansion; source_found_by=web_search; title=Cucumber Climb.webm,data/vdcr_candidate_videos_curated_expansion_v2.csv
curated_003002,https://commons.wikimedia.org/wiki/File:Azuki_Bean_phototropism.ogv,wikimedia_commons,public_domain_verify_on_page,34.0,0.0,34.0,biology_living_systems,Phototropism,biology_living_systems,biology_family_04,"Candidate should show plant bending/growth direction change in response to light over time, not merely a static plant orientation.",vdcr_v2_curated_expansion; source_found_by=web_search; title=Azuki Bean phototropism.ogv,data/vdcr_candidate_videos_curated_expansion_v2.csv
curated_003003,https://commons.wikimedia.org/wiki/File:Dipole_xmting_antenna_animation_2_pulses_HD_1080_12_fps.webm,wikimedia_commons,wikimedia_commons_license_verify_on_page,9.3,0.0,9.3,physics_physical_systems,Standing-Wave Mode Formation,physics_physical_systems,physics_family_03,"Candidate should show oscillatory standing-wave current or field mode structure forming over time, not merely a static wave diagram.",vdcr_v2_curated_expansion; source_found_by=web_search; title=Dipole xmting antenna animation 2 pulses HD 1080 12 fps.webm,data/vdcr_candidate_videos_curated_expansion_v2.csv
curated_003004,https://commons.wikimedia.org/wiki/File:Spontaneous-assembly-of-chemically-encoded-two-dimensional-coacervate-droplet-arrays-by-acoustic-ncomms13068-s2.ogv,wikimedia_commons,CC BY 4.0 verify_on_page,34.0,0.0,34.0,physics_physical_systems,Capillary-Driven Droplet Coalescence,physics_physical_systems,physics_family_02,Candidate should show primary droplets merging into larger droplets over time; reviewer must check whether capillary coalescence is visually grounded rather than only source-described.,vdcr_v2_curated_expansion; source_found_by=web_search; title=Spontaneous assembly coacervate droplet arrays supplementary movie 1,data/vdcr_candidate_videos_curated_expansion_v2.csv
curated_004001,https://commons.wikimedia.org/wiki/File:Hydraulic_jump.webm,wikimedia_commons,CC BY-SA 4.0 verify_on_page,11.0,0.0,11.0,physics_physical_systems,Hydraulic Jump,physics_physical_systems,physics_family_01,"Candidate should show a transition from fast shallow flow to slower turbulent deeper flow, not merely a static water surface.",vdcr_v2_curated_physics; source_found_by=web_search; title=Hydraulic jump.webm,data/vdcr_candidate_videos_curated_physics_v2.csv
curated_002004_seg_020000_145000,"https://commons.wikimedia.org/wiki/File:Blue-bottle_reaction_(Oscillating_reaction).webm#t=20,145",wikimedia_commons,CC BY-SA 4.0 verify_on_page,125.0,0.0,125.0,chemistry_materials_change,Blue Bottle Reaction,chemistry_materials_change,chemistry_family_02,Segment removes the opening handwritten answer card and preserves repeated blue/colorless oscillation during the blue bottle reaction.,vdcr_v2_revise_segment; source_id=curated_002004; original_page=https://commons.wikimedia.org/wiki/File:Blue-bottle_reaction_(Oscillating_reaction).webm; segment_start_sec=20.0; segment_end_sec=145.0; source_found_by=revision_triage,data/vdcr_candidate_videos_revise_segments_v2.csv
v2_archive_240_000001,https://archive.org/details/KI_U_PressKit,internet_archive,http://creativecommons.org/publicdomain/zero/1.0/,53.9,0.0,30.0,physics_physical_systems,Magnus Effect,physics_physical_systems,physics_family_01,"Candidate must show the temporal sequence that instantiates Magnus Effect, not merely an object, scene, or static result.","archive_search_collected; search_term=Magnus Effect; archive_identifier=KI_U_PressKit; archive_file=AddedSeptember2023/videos/3DS_3DClassicsKidIcarus_Trailer_2D_B-H264.mp4; title=Kid Icarus Uprising Press Kit Assets; description=6 GB of Kid Icarus: Uprising Press Kit goodies! Contains PSDs, PNGs, JPGs... you name it. Tons of official art in super high resolution. A few videos, too! File listing: \Arte \Artwork \Box art and pack shot \Caja y logo \Chaudron Malefi...; vdcr_direct_answer; concept_zh=马格努斯效应; concept_type=自然动态机制; priority=B",runs/v2_retrieval/20260620T043310Z/archive_candidates.csv
v2_archive_240_000002,https://archive.org/details/patient-zero_202603,internet_archive,archive_license_verify_on_page,1993.5,0.0,30.0,physics_physical_systems,Magnus Effect,physics_physical_systems,physics_family_01,"Candidate must show the temporal sequence that instantiates Magnus Effect, not merely an object, scene, or static result.","archive_search_collected; search_term=Magnus Effect; archive_identifier=patient-zero_202603; archive_file=Patient Zero.mp4; title=Patient Zero; description=Dr. Magnus has recently developed Regeneron, a powerful drug that makes ordinary men stronger than superheroines. Impressive, but the Regeneron effect only lasts for 20 min. In order to make Regeneron's strength enhancement permanent, Dr...; vdcr_direct_answer; concept_zh=马格努斯效应; concept_type=自然动态机制; priority=B",runs/v2_retrieval/20260620T043310Z/archive_candidates.csv
v2_archive_240_000003,https://archive.org/details/reason-faith-and-the-struggle-for-western-civilization,internet_archive,archive_license_verify_on_page,4292.9,0.0,30.0,physics_physical_systems,Magnus Effect,physics_physical_systems,physics_family_01,"Candidate must show the temporal sequence that instantiates Magnus Effect, not merely an object, scene, or static result.","archive_search_collected; search_term=Magnus Effect; archive_identifier=reason-faith-and-the-struggle-for-western-civilization; archive_file=Reason, Faith, and the Struggle for Western Civilization.mp4; title=Reason, Faith, And The Struggle For Western Civilization; description=Reason, Faith, and the Struggle for Western Civilization (Dr. Samuel Gregg, October 17, 2019) Transcript available below About the speaker Dr. Samuel Gregg is director of research at the Acton Institute. He has written and spoken extensi...; vdcr_direct_answer; concept_zh=马格努斯效应; concept_type=自然动态机制; priority=B",runs/v2_retrieval/20260620T043310Z/archive_candidates.csv
v2_archive_240_000004,https://archive.org/details/the-false-evolution-of-execution-methods,internet_archive,archive_license_verify_on_page,3221.0,0.0,30.0,physics_physical_systems,Magnus Effect,physics_physical_systems,physics_family_01,"Candidate must show the temporal sequence that instantiates Magnus Effect, not merely an object, scene, or static result.","archive_search_collected; search_term=Magnus Effect; archive_identifier=the-false-evolution-of-execution-methods; archive_file=The False Evolution of Execution Methods.mp4; title=The False Evolution of Execution Methods; description=Since you have been condemned to die at dawn, you must yourself attempt to stop the sun. | Support me on Nebula and watch all of my exclusive videos: https://go.nebula.tv/jacob-geller Nebula Exclusive- Revisiting My College Paper on Leth...; vdcr_direct_answer; concept_zh=马格努斯效应; concept_type=自然动态机制; priority=B",runs/v2_retrieval/20260620T043310Z/archive_candidates.csv
v2_archive_120_000001,https://archive.org/details/WBFF_20120127_140000_Fox_45_Good_Day_Baltimore,internet_archive,archive_license_verify_on_page,3600.4,0.0,30.0,biology_living_systems,Murmuration,biology_living_systems,biology_family_01,"Candidate must show the temporal sequence that instantiates Murmuration, not merely an object, scene, or static result.","archive_search_collected; search_term=Murmuration; archive_identifier=WBFF_20120127_140000_Fox_45_Good_Day_Baltimore; archive_file=WBFF_20120127_140000_Fox_45_Good_Day_Baltimore.mp4; title=Fox 45 Good Day Baltimore : WBFF : January 27, 2012 9:00am-10:00am EST; description=News News/Business. (CC); vdcr_direct_answer; concept_zh=鸟群群舞; concept_type=生态行为策略; priority=A",runs/v2_retrieval/v2_archive_shard_120_240_20260620T041144Z/archive_candidates.csv
v2_archive_120_000002,https://archive.org/details/InKlassenWeTrust10TrueTerroristsAreWithinAmericaTheStruggleTo,internet_archive,archive_license_verify_on_page,2820.7,0.0,30.0,biology_living_systems,Spain Action,biology_living_systems,biology_family_03,"Candidate must show the temporal sequence that instantiates Spain Action, not merely an object, scene, or static result.","archive_search_collected; search_term=Spain Action basketball play; archive_identifier=InKlassenWeTrust10TrueTerroristsAreWithinAmericaTheStruggleTo; archive_file=In_Klassen_We_Trust_10.ogg; title=In Klassen We Trust 10: True Terrorists Are Within America | The Struggle To Turn The Tables On Our Enemies; description=http://www.kreativistenskyrka.org http://www.creativityreligion.info My brothers, my sisters. Welcome to another episode of In Klassen We Trust: The White Power Hour with Reverend Matt Hale. I'm very pleased to be with you once again, on...; vdcr_direct_answer; concept_zh=西班牙战术; concept_type=专有动态动作概念; priority=A",runs/v2_retrieval/v2_archive_shard_120_240_20260620T041144Z/archive_candidates.csv
v2_archive_120_000003,https://archive.org/details/the-russo-chinese-alliance,internet_archive,archive_license_verify_on_page,4110.3,0.0,30.0,biology_living_systems,Spain Action,biology_living_systems,biology_family_03,"Candidate must show the temporal sequence that instantiates Spain Action, not merely an object, scene, or static result.","archive_search_collected; search_term=Spain Action basketball play; archive_identifier=the-russo-chinese-alliance; archive_file=How does the Russo-Chinese Alliance Threaten U.S. Interests and Allies.mp4; title=How Does The Russo Chinese Alliance Threaten U.S. Interests And Allies?; description=How Does the Russo-Chinese Alliance Threaten U.S. Interests and Allies? (October 30, 2019) Transcript available below About the speaker Stephen Blank is an internationally recognized expert on Russian foreign and defense policies and int...; vdcr_direct_answer; concept_zh=西班牙战术; concept_type=专有动态动作概念; priority=A",runs/v2_retrieval/v2_archive_shard_120_240_20260620T041144Z/archive_candidates.csv
v2_archive_120_000004,https://archive.org/details/youtube-tQp8ulkbflY,internet_archive,https://creativecommons.org/licenses/by-nc/4.0/,5377.1,0.0,30.0,biology_living_systems,Spain Action,biology_living_systems,biology_family_03,"Candidate must show the temporal sequence that instantiates Spain Action, not merely an object, scene, or static result.",archive_search_collected; search_term=Spain Action basketball video; archive_identifier=youtube-tQp8ulkbflY; archive_file=tQp8ulkbflY.ia.mp4; title=USA's Dream Team vs. Puerto Rico - Basketball Replays | Throwback Thursday; description=📺 Re-live ALL the incredible #Paris2024​ action ➡️ https://go.olympics.com/watch 📲 Subscribe to @olympics: http://oly.ch/Subscribe​ Enjoy this throwback to the Olympic Basketball game of the USA's Dream Team against Puerto Rico from the...; vdcr_direct_answer; concept_zh=西班牙战术; concept_type=专有动态动作概念; priority=A,runs/v2_retrieval/v2_archive_shard_120_240_20260620T041144Z/archive_candidates.csv
v2_archive_120_000005,https://archive.org/details/youtube-xlmE7jNX3O0,internet_archive,https://creativecommons.org/licenses/by-nc/4.0/,5132.1,0.0,30.0,biology_living_systems,Spain Action,biology_living_systems,biology_family_03,"Candidate must show the temporal sequence that instantiates Spain Action, not merely an object, scene, or static result.",archive_search_collected; search_term=Spain Action basketball video; archive_identifier=youtube-xlmE7jNX3O0; archive_file=xlmE7jNX3O0.ia.mp4; title=The USA's Dream Team vs. Spain - Basketball Replays | Throwback Thursday; description=📺 Re-live ALL the incredible #Paris2024​ action ➡️ https://go.olympics.com/watch​ 📲 Subscribe to @olympics: http://oly.ch/Subscribe​ Enjoy this throwback to this Olympic Basketball game of the USA's Dream Team against Spain from the Summ...; vdcr_direct_answer; concept_zh=西班牙战术; concept_type=专有动态动作概念; priority=A,runs/v2_retrieval/v2_archive_shard_120_240_20260620T041144Z/archive_candidates.csv
v2_archive_120_000006,https://archive.org/details/youtube-K7I3PvJk8_Y,internet_archive,https://creativecommons.org/licenses/by-nc/4.0/,5050.6,0.0,30.0,biology_living_systems,Spain Action,biology_living_systems,biology_family_03,"Candidate must show the temporal sequence that instantiates Spain Action, not merely an object, scene, or static result.",archive_search_collected; search_term=Spain Action basketball video; archive_identifier=youtube-K7I3PvJk8_Y; archive_file=K7I3PvJk8_Y.ia.mp4; title=Lithuania vs. USA's Dream Team - Full Basketball Replay | Throwback Thursday; description=📺 Re-live ALL the incredible #Paris2024​ action ➡️ https://go.olympics.com/watch 📲 Subscribe to @olympics: http://oly.ch/Subscribe​ Enjoy this throwback to the Olympic Basketball game of the USA's Dream Team against Lithuania from the 19...; vdcr_direct_answer; concept_zh=西班牙战术; concept_type=专有动态动作概念; priority=A,runs/v2_retrieval/v2_archive_shard_120_240_20260620T041144Z/archive_candidates.csv
v2_archive_120_000007,https://archive.org/details/youtube-SMEZdy_iU6M,internet_archive,https://creativecommons.org/licenses/by-nc/4.0/,5009.6,0.0,30.0,biology_living_systems,Spain Action,biology_living_systems,biology_family_03,"Candidate must show the temporal sequence that instantiates Spain Action, not merely an object, scene, or static result.",archive_search_collected; search_term=Spain Action basketball video; archive_identifier=youtube-SMEZdy_iU6M; archive_file=SMEZdy_iU6M.ia.mp4; title=The USA's Dream Team v Germany - Men's Basketball | Barcelona 1992 Replays; description=📺 Re-live ALL the incredible #Paris2024​ action ➡️ https://go.olympics.com/watch 📲 Subscribe to @olympics: http://oly.ch/Subscribe​ Can't wait? Watch it now: https://oly.ch/DreamTeamvsGermanyBarcelona92 Relive the full Men's Basketball G...; vdcr_direct_answer; concept_zh=西班牙战术; concept_type=专有动态动作概念; priority=A,runs/v2_retrieval/v2_archive_shard_120_240_20260620T041144Z/archive_candidates.csv
v2_archive_120_000008,https://archive.org/details/Condemned_15625,internet_archive,archive_license_verify_on_page,178.2,0.0,30.0,biology_living_systems,Elevator Screen,biology_living_systems,biology_family_03,"Candidate must show the temporal sequence that instantiates Elevator Screen, not merely an object, scene, or static result.","archive_search_collected; search_term=Elevator Screen basketball video; archive_identifier=Condemned_15625; archive_file=Condemned_ending_LQ.mp4; title=Condemned: Criminal Origins (360) - 1:56:25 - Adrian Feiertag; description=Speed run of Condemned: Criminal Origins in 10 segments, completed on April 20 2006. Available in five versions: low/normal quality DivX, and normal/high/low quality H.264 MPEG-4. Author's comments: I wish I could thank Radix and Nate en...; vdcr_direct_answer; concept_zh=电梯门掩护; concept_type=专有动态动作概念; priority=A",runs/v2_retrieval/v2_archive_shard_120_240_20260620T041144Z/archive_candidates.csv
v2_archive_120_000009,https://archive.org/details/mtv-movie-awards-2002-two,internet_archive,archive_license_verify_on_page,7472.3,0.0,30.0,biology_living_systems,Elevator Screen,biology_living_systems,biology_family_03,"Candidate must show the temporal sequence that instantiates Elevator Screen, not merely an object, scene, or static result.","archive_search_collected; search_term=Elevator Screen basketball video; archive_identifier=mtv-movie-awards-2002-two; archive_file=MTV Movie Awards 2002 - 02 Ceremony [With Commercials].mp4; title=MTV Movie Awards 2002; description=Disclaimer: Any and all rights belong to MTV and each film's respective creators. Presented on June 6, 2002 (taped on June 1) at the Shrine Auditorium in Los Angeles, CA. Hosted by Jack Black and Sarah Michelle Gellar. The first video wa...; vdcr_direct_answer; concept_zh=电梯门掩护; concept_type=专有动态动作概念; priority=A",runs/v2_retrieval/v2_archive_shard_120_240_20260620T041144Z/archive_candidates.csv
v2_archive_120_000010,https://archive.org/details/dvd-transfer-123,internet_archive,archive_license_verify_on_page,1682.1,0.0,30.0,biology_living_systems,Hammer Action,biology_living_systems,biology_family_03,"Candidate must show the temporal sequence that instantiates Hammer Action, not merely an object, scene, or static result.","archive_search_collected; search_term=Hammer Action basketball play; archive_identifier=dvd-transfer-123; archive_file=VTS_01_5.ia.mp4; title=DVD Transfer 123 (Fall 1999 TBN Kids Recordings and Something to Sing About Movie); description=DVD Transfer 123 consists primarily of fall 1999 {mostly around Thanksgiving} TBN kids' show recordings but has the premiere of the Billy Graham Evangelistic Association-produced film ""Something to Sing About"" CONTENTS 1. Colby's Clubhou...; vdcr_direct_answer; concept_zh=锤子战术; concept_type=专有动态动作概念; priority=A",runs/v2_retrieval/v2_archive_shard_120_240_20260620T041144Z/archive_candidates.csv
v2_archive_120_000011,https://archive.org/details/youtube-6wlic7aSgfA,internet_archive,archive_license_verify_on_page,1028.8,0.0,30.0,biology_living_systems,Hammer Action,biology_living_systems,biology_family_03,"Candidate must show the temporal sequence that instantiates Hammer Action, not merely an object, scene, or static result.",archive_search_collected; search_term=Hammer Action basketball play; archive_identifier=youtube-6wlic7aSgfA; archive_file=6wlic7aSgfA.mp4; title=CrossCode Pt. 2 — Racists breaking Boxes; description=Let's play of CrossCode. I talk about the existence of race while breaking boxes.; vdcr_direct_answer; concept_zh=锤子战术; concept_type=专有动态动作概念; priority=A,runs/v2_retrieval/v2_archive_shard_120_240_20260620T041144Z/archive_candidates.csv
v2_archive_120_000012,https://archive.org/details/tccca-The_SportsDesk_20.19_HD_-_Torrance_CitiCABLE_-_May_20_-_27._2019,internet_archive,archive_license_verify_on_page,1526.0,0.0,30.0,biology_living_systems,Hammer Action,biology_living_systems,biology_family_03,"Candidate must show the temporal sequence that instantiates Hammer Action, not merely an object, scene, or static result.","archive_search_collected; search_term=Hammer Action basketball video; archive_identifier=tccca-The_SportsDesk_20.19_HD_-_Torrance_CitiCABLE_-_May_20_-_27._2019; archive_file=The_SportsDesk_20.19_HD_-_Torrance_CitiCABLE_-_May_20_-_27._2019.ogv; title=The SportsDesk 20.19 HD - Torrance CitiCABLE - May 20 - 27. 2019; description=Join Lesley Robins for all the sports action from Torrance, California! Check out the highlights, interviews, scores and more from North, South West, Torrance & Bishop Montgomery, plus El Camino College. “The SportsDesk” May 20th-27th, 2...; vdcr_direct_answer; concept_zh=锤子战术; concept_type=专有动态动作概念; priority=A",runs/v2_retrieval/v2_archive_shard_120_240_20260620T041144Z/archive_candidates.csv
v2_archive_120_000013,https://archive.org/details/ctv11co-Csu_Women_s_Basketball_Falls_in_March_Madness_-_CTV_Sports_Full_Show,internet_archive,archive_license_verify_on_page,1089.6,0.0,30.0,biology_living_systems,Hammer Action,biology_living_systems,biology_family_03,"Candidate must show the temporal sequence that instantiates Hammer Action, not merely an object, scene, or static result.","archive_search_collected; search_term=Hammer Action basketball video; archive_identifier=ctv11co-Csu_Women_s_Basketball_Falls_in_March_Madness_-_CTV_Sports_Full_Show; archive_file=Csu_Women_s_Basketball_Falls_in_March_Madness_-_CTV_Sports_Full_Show.mp4; title=Csu Women’s Basketball Falls in March Madness - CTV Sports Full Show; description=Tonight on CTV Sports, we feature a packed spring break, highlighted by strong performances across multiple programs. Softball went 3–4 on the week, opening with a series against the San Diego State Aztecs. The Rams took game one 2–0 beh...; vdcr_direct_answer; concept_zh=锤子战术; concept_type=专有动态动作概念; priority=A",runs/v2_retrieval/v2_archive_shard_120_240_20260620T041144Z/archive_candidates.csv
v2_archive_0_000001,https://archive.org/details/the-complete-history-of-the-super-mario-64-a-button-challenge,internet_archive,archive_license_verify_on_page,871.0,0.0,30.0,physics_physical_systems,Standing-Wave Mode Formation,physics_physical_systems,physics_family_03,"Candidate must show the temporal sequence that instantiates Standing-Wave Mode Formation, not merely an object, scene, or static result.",archive_search_collected; search_term=Standing-Wave Mode Formation; archive_identifier=the-complete-history-of-the-super-mario-64-a-button-challenge; archive_file=How Gaming's Most Iconic Challenge Was Invented - The History of the SM64 A Button Challenge Part 1-(1080p60).ia.mp4; title=The Complete History of the Super Mario 64 A Button Challenge; description=The Complete History of the Super Mario 64 A Button Challenge 5 vídeos - 34.966 views Playlist: https://www.youtube.com/playlist?list=PL94lfiY18_CgWGQzweD_aVjsFXiRi6kn5 Patreon: https://www.patreon.com/bismuth9 Twitch: https://www.twitch...; vdcr_v2_expansion_backlog; concept_zh=驻波模态形成; needed_candidates=3; production_gate=video_must_show_named_dynamic_mechanism_sequence_without_title_or_source_leakage,runs/v2_retrieval/v2_expansion_archive_smoke_20260620T000000Z/archive_candidates.csv
